{
   "worker_count": 13,
   "expertise_scores": [
      [
         0.6007591079460582,
         0.2715223566567897,
         0.7800734625591624,
         0.6830336950916839,
         0.22039196980913978,
         0.5877561229567105,
         0.4159440467329417,
         0.6260309013471463,
         0.6016516562074585,
         0.19751843653298595,
         0.33363003492549065,
         0.7787884884174521,
         0.48192608058493724
      ],
      [
         0.3630526179152198,
         0.3511257543391364,
         0.3370371457065392,
         0.24425213556792552,
         0.3461658146313677,
         0.34122487563385273,
         0.7185435922958382,
         0.23308358418657293,
         0.2634172676391022,
         0.44645545465104447,
         0.5092524036766908,
         0.4994286129269528,
         0.30466983938370457
      ],
      [
         0.4027941151950253,
         0.41401791178390135,
         0.3665206878853079,
         0.14628144197416387,
         0.19521806421889615,
         0.20040377018405375,
         0.6213064161066044,
         0.23886187338514503,
         0.7853129704616968,
         0.5271806785059544,
         0.20372473204542263,
         0.6252403325621654,
         0.47478653707002805
      ],
      [
         0.554673460037357,
         0.5078874086238945,
         0.7966675550495933,
         0.603422114127955,
         0.49949372817363097,
         0.23742836260907618,
         0.7821335887936272,
         0.3042339273577202,
         0.5713015850979996,
         0.22818428121940237,
         0.7419530915394945,
         0.11740101265315174,
         0.24312112484445253
      ],
      [
         0.4559696468832661,
         0.7054915971558473,
         0.33793016535626275,
         0.6917577930682741,
         0.19692016640136495,
         0.21803860573295797,
         0.2796623654134035,
         0.27646361598003755,
         0.33272339146100544,
         0.6996153425689888,
         0.0645769708044197,
         0.7112108630018068,
         0.3807476444671816
      ],
      [
         0.4795331531333813,
         0.6717837663000583,
         0.7109222538713705,
         0.5845921748023932,
         0.08739947701159187,
         0.4100684082428717,
         0.4587511659072435,
         0.6931212337744408,
         0.3533590171206503,
         0.5575256007128822,
         0.6274651072953359,
         0.3878215439694425,
         0.6453908935310667
      ],
      [
         0.11551487195718864,
         0.18035273273575464,
         0.5796250561274691,
         0.444587551589055,
         0.7684588072509783,
         0.5933357784248813,
         0.13607540310750743,
         0.5620804078717011,
         0.706656433417902,
         0.5256228565298086,
         0.6402753152535823,
         0.7150225547205538,
         0.31842020177180497
      ],
      [
         0.4456242735100957,
         0.386738894002466,
         0.6705490379038079,
         0.14406330690618024,
         0.7100355878695991,
         0.4453233645885328,
         0.15167032108684408,
         0.3337699592786595,
         0.5152428715790363,
         0.5865769866617654,
         0.47695648851046085,
         0.6824957035707779,
         0.14976998295186547
      ],
      [
         0.7609723407179525,
         0.18056799984048744,
         0.20137377200136442,
         0.7456616770822165,
         0.22723616719329737,
         0.43982604168691525,
         0.7141629592531157,
         0.10101677129687633,
         0.22000354042361892,
         0.24071983280090725,
         0.5912721649716611,
         0.7233678092873455,
         0.23208976142700805
      ],
      [
         0.6181987126401615,
         0.39382786435432504,
         0.19797262003134258,
         0.7979207534951881,
         0.38263321483000556,
         0.20000892237862106,
         0.21976820640959904,
         0.31141296489918596,
         0.6729219204112412,
         0.6405850195264449,
         0.15807033981688262,
         0.5655027345179677,
         0.41824326994879635
      ]
   ],
   "mv_f1_micro": [
      0.9879032258064516,
      0.9435483870967742,
      0.9556451612903226,
      0.9879032258064516,
      0.9596774193548389,
      0.9959677419354839,
      0.9959677419354839,
      0.9758064516129032,
      0.9717741935483871,
      0.9798387096774194
   ],
   "mv_f1_macro": [
      0.9878952770257117,
      0.9436989969842304,
      0.9524975933888976,
      0.9885767195767196,
      0.9591379731379732,
      0.9959742351046698,
      0.9961481481481481,
      0.9754259259259259,
      0.9725008140008141,
      0.9793366013071896
   ],
   "mv_f1_weighted": [
      0.9878689047693255,
      0.9433087225564668,
      0.9553408450024861,
      0.9880239802013996,
      0.9593381976446493,
      0.9959547555971119,
      0.9959617682198327,
      0.9757825567502988,
      0.9717462450930193,
      0.9796840080118069
   ],
   "ct_f1_micro": [
      0.9879032258064516,
      0.9314516129032258,
      0.9596774193548389,
      0.9838709677419355,
      0.9758064516129032,
      1.0,
      0.9919354838709677,
      0.967741935483871,
      0.9798387096774194,
      0.9758064516129032
   ],
   "ct_f1_macro": [
      0.9878895790200138,
      0.9300634976939325,
      0.9566458356458357,
      0.9845925925925926,
      0.9758945868945869,
      1.0,
      0.9919742351046699,
      0.968096742227177,
      0.9798000449842554,
      0.9753479973185856
   ],
   "ct_f1_weighted": [
      0.9878629310536744,
      0.9313467128035852,
      0.9589468804791386,
      0.983847072879331,
      0.9759378733572283,
      1.0,
      0.9919365227780376,
      0.9676884132178663,
      0.9796205904546312,
      0.9756636973785932
   ],