{
   "worker_count": 40,
   "expertise_scores": [
      [
         0.33279368334749143,
         0.5203501042704247,
         0.10964072285232332,
         0.07256910109663142,
         0.5554281993599923,
         0.5697059617549701,
         0.14748507211136652,
         0.405368128863562,
         0.07676196484692718,
         0.4242159245473673,
         0.4854764275636646,
         0.5471302954981141,
         0.7730056914769539,
         0.4701655433700256,
         0.3064726798354452,
         0.6421390476497895,
         0.5948326935943801,
         0.3030217096242157,
         0.6833501451953654,
         0.6057151064137591,
         0.5874750611469579,
         0.5950966494436594,
         0.7144349230046034,
         0.5718127674809905,
         0.20880994040900114,
         0.3804751737028786,
         0.44487946568202424,
         0.20938131122658254,
         0.5908439483359016,
         0.49315644069486736,
         0.7275731588717199,
         0.48244328126313507,
         0.25976168866818294,
         0.5680079267690874,
         0.551345482259577,
         0.12890522685936617,
         0.4344596675926773,
         0.6351478359622483,
         0.6285055773908454,
         0.139523717965953
      ],
      [
         0.500220140395435,
         0.49107422186062233,
         0.5113101969937824,
         0.5184346721165859,
         0.6653557042075463,
         0.7826142664195856,
         0.634706369761716,
         0.5629194596801825,
         0.7740841304703826,
         0.3865902169312526,
         0.458479794611018,
         0.5112868691215678,
         0.17829347875505325,
         0.7377397056676844,
         0.7376993895285696,
         0.5550189793527,
         0.16309439631146033,
         0.6495813478982677,
         0.3426114292859383,
         0.7495089805921691,
         0.24051839438936784,
         0.46441693295795095,
         0.2387976044591758,
         0.5193620006152558,
         0.4191621427870693,
         0.3312326942943814,
         0.47582626380442844,
         0.38119428801543725,
         0.676456107827317,
         0.25127349085098316,
         0.21347172669052955,
         0.7200368766550443,
         0.7207433053413875,
         0.7629314499152261,
         0.19375833490715977,
         0.6523692540168969,
         0.46042144453157446,
         0.3700116545694868,
         0.049315908965580184,
         0.5369791483926872
      ],
      [
         0.7452068937739484,
         0.6504679943079517,
         0.3803340217970945,
         0.24301469130675424,
         0.45357044708815875,
         0.5589785240296922,
         0.5807793583775192,
         0.2846857870989243,
         0.6797653808679477,
         0.29215844152838355,
         0.7917342351070316,
         0.09058186658404602,
         0.16190986569074547,
         0.6593539220217732,
         0.4560382546342218,
         0.48535086041920544,
         0.4872851641964332,
         0.6023714349237042,
         0.17615591472924647,
         0.31208226599800915,
         0.2996173501592524,
         0.5751157810514207,
         0.17108223766525615,
         0.5932879654669403,
         0.08897525709274501,
         0.7961037979066833,
         0.4438719476381807,
         0.647793070044479,
         0.31208195742073586,
         0.10229767993037604,
         0.38286627675397794,
         0.3126897908886084,
         0.37246018735048286,
         0.48100246420965376,
         0.6921199619156394,
         0.7601648149192728,
         0.20768828869719758,
         0.7064753557146448,
         0.533840771436661,
         0.3073662466911224
      ],
      [
         0.47210557816683296,
         0.4893521214430175,
         0.4829316796669165,
         0.24834727636391513,
         0.22103682703856903,
         0.6189179860696931,
         0.631720301163944,
         0.4951489665830044,
         0.5953353193526302,
         0.14636596346123998,
         0.22088759716426937,
         0.47910956864853144,
         0.679484955287444,
         0.34431629661270935,
         0.12852870086058374,
         0.07270430672430535,
         0.7379964765421742,
         0.16855103082490194,
         0.22321399317318547,
         0.12875522386602323,
         0.6129481395935705,
         0.1663738910299506,
         0.47457730496685324,
         0.5557510103092772,
         0.271464825159731,
         0.6953696912912067,
         0.2680762277652872,
         0.7449705906499736,
         0.502759278532497,
         0.2281593489918522,
         0.36484011895748214,
         0.39053475597398746,
         0.15587352664834053,
         0.7931727561040783,
         0.08084981478898662,
         0.6514102369178101,
         0.717377120896567,
         0.7496641174077654,
         0.13067437526347442,
         0.36695021030602126
      ],
      [
         0.379285112525309,
         0.7824322585852547,
         0.37606101641547307,
         0.2073954944256876,
         0.5527612657712697,
         0.7299654096544052,
         0.4426519048506017,
         0.3012860392329714,
         0.7542973215706682,
         0.4441187543096104,
         0.581334739903189,
         0.24066099261051327,
         0.7046856562611487,
         0.20145757822421118,
         0.5462019815569309,
         0.7330559785600967,
         0.7962761934220736,
         0.49023130131609477,
         0.17518735408574526,
         0.6025175786361991,
         0.20037898333734305,
         0.050822660371715574,
         0.7833859117602368,
         0.5045919150385945,
         0.24690328402977207,
         0.30748304073736027,
         0.5231418249901331,
         0.3625699568147461,
         0.6324581313533133,
         0.5462241883578808,
         0.7806886124973431,
         0.4120162740152507,
         0.2887067504703246,
         0.34597677053806214,
         0.6857754996258726,
         0.7703993252781688,
         0.6248076671638604,
         0.7326272644951088,
         0.616056060917942,
         0.34080210731256
      ],
      [
         0.18795630516448653,
         0.4960160347755294,
         0.531628615073134,
         0.7601835048357078,
         0.22648856124209266,
         0.4400705998042017,
         0.755907265655483,
         0.0962771936841483,
         0.31183832836418995,
         0.36071607628197666,
         0.6063825868531706,
         0.13690344613107402,
         0.21575949275214612,
         0.45754478158922574,
         0.22437672007099219,
         0.21802366310866034,
         0.5002875121682364,
         0.3041814671127355,
         0.05381013344284041,
         0.6991565254961527,
         0.35033351233811133,
         0.7979846250807395,
         0.6735934599664509,
         0.6810708292303415,
         0.3134488330564797,
         0.5325088826656094,
         0.2774858432349422,
         0.2009145143653588,
         0.22440049039721466,
         0.631294369130544,
         0.6330893040175255,
         0.4226861659633594,
         0.44743590973393477,
         0.6891727325964242,
         0.3751852524481935,
         0.6055806392920162,
         0.1504522371671929,
         0.2432761392109719,
         0.5937222018098319,
         0.5383562486938723
      ],
      [
         0.08322030967604702,
         0.3862425974089025,
         0.7073667047925124,
         0.1962105917886668,
         0.44559194645501704,
         0.6510656439185619,
         0.5162789276209129,
         0.5885699309894294,
         0.7506400859322119,
         0.5621421565687729,
         0.5903060430728704,
         0.17685109349770012,
         0.6986112705178705,
         0.732080356081326,
         0.07290939939692864,
         0.7480553777606718,
         0.3641438714548242,
         0.5951507930296094,
         0.5347259615348281,
         0.31359342319006683,
         0.5862404114404101,
         0.5608046881691606,
         0.17114585065316462,
         0.7086959061894195,
         0.6834089528636974,
         0.760592783018891,
         0.11897453003376308,
         0.3610413472724958,
