{
   "worker_count": 5,
   "expertise_scores": [
      [
         0.2817377303358968,
         0.7359442017139992,
         0.3163621820392603,
         0.6612334466216553,
         0.46719676161129153
      ],
      [
         0.30965927348903344,
         0.4408718701733912,
         0.5582227481665446,
         0.27471966473671966,
         0.533836115269881
      ],
      [
         0.22009150981410325,
         0.36962751413981404,
         0.3092546121937735,
         0.31790988967886336,
         0.24401225328815124
      ],
      [
         0.2141967682755781,
         0.17359434152699105,
         0.7595451985678096,
         0.7850656027160878,
         0.4632922962452036
      ],
      [
         0.3067789051274717,
         0.2588703132884565,
         0.5494876243589416,
         0.09889489582610217,
         0.5204267619248647
      ],
      [
         0.39203995446379636,
         0.7946977890150129,
         0.6053590216798971,
         0.6761050363162421,
         0.7480681403946126
      ],
      [
         0.5079753471807577,
         0.364840375110797,
         0.41541000373817893,
         0.08005752588089118,
         0.49179315996545364
      ],
      [
         0.14735281108856324,
         0.49704529733209163,
         0.7214244124024808,
         0.7164769543492041,
         0.36327388269467537
      ],
      [
         0.5668652305407643,
         0.05369068734739139,
         0.5545115525960771,
         0.596909071274427,
         0.23775621006081094
      ],
      [
         0.7525258412256249,
         0.7560971142416859,
         0.5894464965383386,
         0.3723312613488861,
         0.7821632801689471
      ]
   ],
   "mv_f1_micro": [
      0.8145161290322581,
      0.7379032258064516,
      0.46774193548387094,
      0.8346774193548387,
      0.5846774193548387,
      0.9475806451612904,
      0.6048387096774194,
      0.8185483870967742,
      0.6895161290322581,
      0.9798387096774194
   ],
   "mv_f1_macro": [
      0.8107117765903373,
      0.7350748005469142,
      0.4558940724747177,
      0.8341050229963274,
      0.5823922018888367,
      0.944576884468189,
      0.6033676599047443,
      0.8181156701591485,
      0.6931635369403064,
      0.979946608946609
   ],
   "mv_f1_weighted": [
      0.816038929460001,
      0.7376349571018278,
      0.46265845342848466,
      0.8351545003228035,
      0.5809258305871566,
      0.9467306750441392,
      0.6050352312713091,
      0.8186112985762356,
      0.6915968440920144,
      0.9797268770655868
   ],
   "ct_f1_micro": [
      0.8508064516129031,
      0.7540322580645161,
      0.41935483870967744,
      0.8548387096774194,
      0.6653225806451613,
      0.9475806451612904,
      0.6693548387096774,
      0.8266129032258065,
      0.7620967741935484,
      0.9838709677419355
   ],
   "ct_f1_macro": [
      0.8519349423901854,
      0.7491327933500669,
      0.4082787436781306,
      0.8547689318982423,
      0.6666685733057547,
      0.9441703650616695,
      0.6668630164188636,
      0.8247578492450571,
      0.7571401308757777,
      0.9828002544012774
   ],
   "ct_f1_weighted": [
      0.8517269963930717,
      0.7527873222868817,
      0.41732139682057884,
      0.8543935387831383,
      0.6655304757952626,
      0.9469327146413401,
      0.6681688164610615,
      0.8276839202914772,
      0.7612245704396298,
      0.9839053193351518
   ],
   "gt": [
      7,
      7,
      7,
      7,
      7,
      7,
      7,
      7,
      7,
      7,
      7,
      7,
      7,
      5,
      5,
      5,
      5,
      5,
      5,
      5,
      5,
      5,
      5,
      5,
      5,
      5,
      0,
      0,
      0,
      0,
      0,
      0,
      0,
      0,
      0,
      0,
      0,
      17,
      17,
      17,
      17,
      17,
      17,
      17,
      17,
      17,
      17,
      17,
      17,
      19,
      19,
      19,
      19,
      19,
      19,
      19,
      19,
      13,
      13,
      13,
      13,
      13,
      13,
      13,
      13,
      13,
      13,
      13,
      13,
      13,
      15,
      15,
      15,
      15,
      15,
      15,
      15,
      15,
      15,
      15,
      15,
      15,
      15,
      1,
      1,
      1,
      1,
      1,
      1,
      1,
      1,
      1,
      1,
      1,
      1,
      1,
      2,
      2,
      2,
      2,
      2,
      2,
      2,
      2,
      2,
      2,
      2,
      2,
      2,
      8,
      8,
      8,
      8,
      8,
      8,
      8,
      8,
      8,
      8,
      8,
      8,
      8,
      4,
      4,
      4,
      4,
      4,
      4,
      4,
      4,
      4,
      4,
      4,
      4,
      4,
      6,
      6,
      6,
      6,
      6,
      6,
      6,
      6,
      6,
      6,
      6,
      6,
      6,
      16,
      16,
      16,
      16,
      16,
      16,
      16,
      16,
      16,
      16,
      16,
      16,
      14,
      14,
      14,
      14,
      14,
      14,
      14,
      14,
      14,
      14,
      14,
      14,
      14,
      3,
      3,
      3,
      3,
      3,
      3,
      3,
      3,
      3,
      3,
      3,
      3,
      3,
      11,
      11,
      11,
      11,
      11,
      11,
      11,
      11,
      11,
      11,
      11,
      11,
      11,
      9,
      9,
      9,
      9,
      9,
      9,
      9,
      9,
      9,
      9,
      9,
      9,
      9,
      10,
      10,
      10,
      10,
      10,
      10,
      10,
      10,
      10,
      10,
      10,
      10,
      10,
      18,
      18,
      18,
      18,
      18,
      18,
      18,
      18,
      18,
      18,
      12,
      12,
      12,
      12,
      12,
      12,
      12,
      12,
      12,
      12,
      12,
      12,
      12
   ],
   "em_f1_micro": [
      0.8024193548387095,
      0.7056451612903226,
      0.4838709677419355,
      0.8306451612903226,
      0.5887096774193549,
      0.9556451612903226,
      0.625,
      0.8467741935483871,
      0.75,
      0.9798387096774194
   ],
   "em_f1_macro": [
      0.8013302584778558,
      0.7052008482660657,
      0.4794239675589001,
      0.8304285578962451,
      0.5887799118108056,
      0.9536823639323639,
      0.626866228917953,
      0.8467463087779024,
      0.7498062718915122,
      0.9782016066721949
   ],
   "em_f1_weighted": [
      0.8014991442536287,
      0.7090906873112344,
      0.4848678287575371,
      0.832658539151477,
      0.5903329748318505,
      0.9555806976774718,
      0.6256416635570405,
      0.8475983206922684,
      0.7502696644162468,
      0.9796594343178783
   ]
}