{
   "worker_count": 15,
   "expertise_scores": [
      [
         0.32635490081934104,
         0.7810300448017514,
         0.3859015496118915,
         0.48563984000320476,
         0.39583097035495396,
         0.4747239323964831,
         0.41299660724654946,
         0.13924536391549408,
         0.48595025000006054,
         0.06909436827378033,
         0.4913199903904558,
         0.2984142889012186,
         0.20931929739769,
         0.35318340435971535,
         0.5063959354840627
      ],
      [
         0.10602348128197099,
         0.41830929911708464,
         0.46030652687646256,
         0.2280585559375055,
         0.30281755670554644,
         0.4817888489955444,
         0.08057292182437097,
         0.183780094401294,
         0.5927141101188153,
         0.06732552128560951,
         0.5840105457972843,
         0.36308311334485316,
         0.32488773415824646,
         0.20443408423239867,
         0.3551422792104359
      ],
      [
         0.5113817435939475,
         0.36571731630830706,
         0.7264799664044789,
         0.6871888281757456,
         0.6657296132252584,
         0.6362715769800932,
         0.5989118885470696,
         0.752926002630478,
         0.3390245421044325,
         0.7016908023630908,
         0.5462617686726327,
         0.321235838746665,
         0.7236649240177228,
         0.45498617204568714,
         0.2228977665756448
      ],
      [
         0.42347245293121355,
         0.4065973308799949,
         0.12017762313805638,
         0.43175695980833106,
         0.5387766517344582,
         0.5821871642191914,
         0.11633541794253162,
         0.7565370209850164,
         0.6851975915173966,
         0.1545194830744192,
         0.10158045246336131,
         0.28958502620581555,
         0.30917010332163103,
         0.6655637128344257,
         0.13701568779513784
      ],
      [
         0.12055608233279522,
         0.68177300807016,
         0.5225697503779212,
         0.7165973142402826,
         0.7537333434350687,
         0.177243118442599,
         0.18644541661842817,
         0.09952671677851169,
         0.20798884567290926,
         0.4293573139017297,
         0.29960436015283326,
         0.11301324026768389,
         0.6635207857287234,
         0.6060314765729353,
         0.7705217688883268
      ],
      [
         0.7899715297449786,
         0.680591524298245,
         0.3572157788770068,
         0.6474910721057567,
         0.11796203930939977,
         0.15757434707058776,
         0.06269545588726734,
         0.42084011904152435,
         0.40409026490402344,
         0.7557738055699841,
         0.5610655007841686,
         0.1448020775439512,
         0.43216935186080313,
         0.6512062423002207,
         0.33543284593592815
      ],
      [
         0.27882064479035756,
         0.1287812440723985,
         0.058927037306642706,
         0.7380063723063921,
         0.061810826403513916,
         0.08992947590266792,
         0.7867666154890106,
         0.07491420527064896,
         0.30276501674474343,
         0.687822140896278,
         0.631499368677275,
         0.554721780329458,
         0.4131920268144494,
         0.48038623430432864,
         0.19553469817290225
      ],
      [
         0.3637512400100146,
         0.45201802083028,
         0.18593469854962846,
         0.23272231721725922,
         0.4425502693921147,
         0.4633242650725106,
         0.36467822812406514,
         0.5087369583862865,
         0.056471765336430474,
         0.0816368265614345,
         0.4666453443149574,
         0.053809688480430544,
         0.27886065424515666,
         0.24075699052762428,
         0.28093644390401545
      ],
      [
         0.646234025547872,
         0.10876975560106988,
         0.6704630152531803,
         0.7801219670883456,
         0.1472904542495358,
         0.26331381426043887,
         0.7771329610489469,
         0.46474410863839455,
         0.5023089021275148,
         0.4870197479719335,
         0.06383409886121565,
         0.671255494819144,
         0.5967247500316369,
         0.14298894513974786,
         0.7263426541636893
      ],
      [
         0.10630863240985361,
         0.07312467889186929,
         0.11619768051941434,
         0.38687126808943817,
         0.2694451201460828,
         0.10658495546512911,
         0.12687786843868296,
         0.421938535545871,
         0.7249925260803579,
         0.535458711062817,
         0.6331865860779935,
         0.50431326188498,
         0.13753645554011057,
         0.2611782263274817,
         0.3712588087576968
      ]
   ],
   "mv_f1_micro": [
      0.967741935483871,
      0.9193548387096774,
      1.0,
      0.9637096774193549,
      0.9879032258064516,
      0.9838709677419355,
      0.9354838709677419,
      0.8669354838709677,
      1.0,
      0.9112903225806451
   ],
   "mv_f1_macro": [
      0.9688156288156289,
      0.9162209594029014,
      1.0,
      0.9636698341915734,
      0.9868002544012773,
      0.9845982905982906,
      0.9364027388733271,
      0.8665158711852865,
      1.0,
      0.9091927424084372
   ],
   "mv_f1_weighted": [
      0.9678520225294419,
      0.9185831795517266,
      1.0,
      0.9640491032005759,
      0.9879068554334621,
      0.9838530465949821,
      0.9357153273495779,
      0.8683065331773436,
      1.0,
      0.9101129345283702
   ],
   "ct_f1_micro": [
      0.9516129032258065,
      0.9314516129032258,
      0.9959677419354839,
      0.9838709677419355,
      0.9798387096774194,
      0.9838709677419355,
      0.9717741935483871,
      0.875,
      1.0,
      0.9435483870967742
   ],
   "ct_f1_macro": [
      0.950967808782454,
      0.9315654039447143,
      0.9961481481481481,
      0.9844243775548123,
      0.9800033356337703,
      0.9844444444444445,
      0.972224699616004,
      0.8740459400114572,
      1.0,
      0.9443382229686579
   ],
   "ct_f1_weighted": [
      0.951808704986715,
      0.9315104063838769,
      0.9959617682198327,
      0.9838460339722613,
      0.9797563855680967,
      0.9838530465949822,
      0.9715679704950394,
      0.8731444483502324,
      1.0,
      0.9436399795726584
   ],