{
   "worker_count": 8,
   "expertise_scores": [
      [
         0.3091318425810046,
         0.5979117074373329,
         0.6577493288535137,
         0.08998328412596512,
         0.6568173048944159,
         0.3842396042059879,
         0.17187199559936694,
         0.5709436369879477
      ],
      [
         0.754941595879865,
         0.653486734490021,
         0.5965919749290981,
         0.7524921255025198,
         0.34217286543300107,
         0.5246388160293688,
         0.32344152842732893,
         0.40809189915127764
      ],
      [
         0.1668885919622211,
         0.10372449613263426,
         0.06886777871439775,
         0.5981488473241852,
         0.36373499916903385,
         0.24584474668759027,
         0.6875151889713127,
         0.5616843044911143
      ],
      [
         0.3084536527690457,
         0.30954835344561293,
         0.4482894668710954,
         0.6002877402357829,
         0.6772662049441374,
         0.2349212632489503,
         0.05516249657401504,
         0.6297049125169073
      ],
      [
         0.7793386531846138,
         0.46040470984973514,
         0.22739170260409963,
         0.2846462580458837,
         0.7093194263937259,
         0.5499464445924553,
         0.07266829058124155,
         0.5699965085313113
      ],
      [
         0.3642163703833313,
         0.6270601896336321,
         0.6861007104869126,
         0.31024320493348173,
         0.07000760635728323,
         0.2771603193021254,
         0.5470943499977106,
         0.23365605432634362
      ],
      [
         0.4901756314853868,
         0.1000584295720191,
         0.2978719397690458,
         0.7264235425971993,
         0.7291744825526827,
         0.3693371121936665,
         0.4424019160522434,
         0.5398285004530192
      ],
      [
         0.12215374322623299,
         0.5999123820355975,
         0.305896895923076,
         0.5544157281530576,
         0.3578867617953652,
         0.6171012751654182,
         0.7749502971430572,
         0.06462349229255672
      ],
      [
         0.25036320253224004,
         0.1466179604645374,
         0.6093417927366352,
         0.5984390554215907,
         0.6393435850925084,
         0.7781001280606517,
         0.43833214573336793,
         0.2261350348149817
      ],
      [
         0.10949442379681394,
         0.7097824351747815,
         0.16426064328465168,
         0.5915835721669533,
         0.5940901014471988,
         0.4991629749784542,
         0.6956795775627808,
         0.5893153076606978
      ]
   ],
   "mv_f1_micro": [
      0.8709677419354839,
      0.9596774193548389,
      0.7822580645161291,
      0.8427419354838711,
      0.907258064516129,
      0.8266129032258065,
      0.907258064516129,
      0.8911290322580645,
      0.9153225806451613,
      0.9233870967741935
   ],
   "mv_f1_macro": [
      0.8715207710413857,
      0.9602908432359232,
      0.7793475026833347,
      0.8418643938936293,
      0.9079919347644247,
      0.8246081596596472,
      0.9048283171313862,
      0.8898412477720455,
      0.9160743579536683,
      0.9228511749924794
   ],
   "mv_f1_weighted": [
      0.8710918954885077,
      0.9595320514548019,
      0.7811912224251418,
      0.8420140721253673,
      0.9068276159515513,
      0.825693072579376,
      0.9065131114000843,
      0.8893432881778756,
      0.9160725527202167,
      0.9230763336969507
   ],
   "ct_f1_micro": [
      0.9032258064516129,
      0.9758064516129032,
      0.8346774193548387,
      0.8669354838709677,
      0.9556451612903226,
      0.875,
      0.9274193548387096,
      0.9274193548387096,
      0.967741935483871,
      0.9395161290322581
   ],
   "ct_f1_macro": [
      0.9029396810918552,
      0.9765725257029605,
      0.8346758012934925,
      0.8694206077749633,
      0.9573183402193897,
      0.8744968903881947,
      0.926093057852803,
      0.925974765974766,
      0.9662503968514198,
      0.9399831947440644
   ],
   "ct_f1_weighted": [
      0.9027255372802357,
      0.9757755441275779,
      0.8341019985399006,
      0.8672317775343067,
      0.9555897045077052,
      0.8741059774597643,
      0.9272896162006041,
      0.926874466632531,
      0.9677336176795793,
      0.9396997819981691
   ],
   "gt": [
      7,
      7,
      7,
      7,
      7,
      7,
      7,
      7,
      7,
      7,
      7,
      7,
      7,
      5,
      5,
      5,
      5,
      5,
      5,
      5,
      5,
      5,
      5,
      5,
      5,
      5,
      0,
      0,
      0,
      0,
      0,
      0,
      0,
      0,
      0,
      0,
      0,
      17,
      17,
      17,
      17,
      17,
      17,
      17,
      17,
      17,
      17,
      17,
      17,
      19,
      19,
      19,
      19,
      19,
      19,
      19,
      19,
      13,
      13,
      13,
      13,
      13,
      13,
      13,
      13,
      13,
      13,
      13,
      13,
      13,
      15,
      15,
      15,
      15,
      15,
      15,
      15,
      15,
      15,
      15,
      15,
      15,
      15,
      1,
      1,
      1,
      1,
      1,
      1,
      1,
      1,
      1,
      1,
      1,
      1,
      1,
      2,
      2,
      2,
      2,
      2,
      2,
      2,
      2,
      2,
      2,
      2,
      2,
      2,
      8,
      8,
      8,
      8,
      8,
      8,
      8,
      8,
      8,
      8,
      8,
      8,
      8,
      4,
      4,
      4,
      4,
      4,
      4,
      4,
      4,
      4,
      4,
      4,
      4,
      4,
      6,
      6,
      6,
      6,
      6,
      6,
      6,
      6,
      6,
      6,
      6,
      6,
      6,
      16,
      16,
      16,
      16,
      16,
      16,
      16,
      16,
      16,
      16,
      16,
      16,
      14,
      14,
      14,
      14,
      14,
      14,
      14,
      14,
      14,
      14,
      14,
      14,
      14,
      3,
      3,
      3,
      3,
      3,
      3,
      3,
      3,
      3,
      3,
      3,
      3,
      3,
      11,
      11,
      11,
      11,
      11,
      11,
      11,
      11,
      11,
      11,
      11,
      11,
      11,
      9,
      9,
      9,
      9,
      9,
      9,
      9,
      9,
      9,
      9,
      9,
      9,
      9,
      10,
      10,
      10,
      10,
      10,
      10,
      10,
      10,
      10,
      10,
      10,
      10,
      10,
      18,
      18,
      18,
      18,
      18,
      18,
      18,
      18,
      18,
      18,
      12,
      12,
      12,
      12,
      12,
      12,
      12,
      12,
      12,
      12,
      12,
      12,
      12
   ],
   "em_f1_micro": [
      0.8629032258064516,
      0.9556451612903226,
      0.8306451612903226,
      0.8669354838709677,
      0.9354838709677419,
      0.8306451612903226,
      0.9112903225806451,
      0.8991935483870968,
      0.9193548387096774,
      0.9274193548387096
   ],
   "em_f1_macro": [
      0.8628828027711085,
      0.9562125455271907,
      0.8290714962753943,
      0.8669998537684401,
      0.9359654965665196,
      0.8313068268701702,
      0.911390035890036,
      0.8986817743448178,
      0.9185604914270582,
      0.9265963042593478
   ],
   "em_f1_weighted": [
      0.8620054452246018,
      0.9554476701070966,
      0.8305195059629334,
      0.8672808397350977,
      0.934900369685041,
      0.830668877845209,
      0.9116292921534856,
      0.8990126579695302,
      0.9194354825915255,
      0.9276538510058847
   ]
}