{
   "worker_count": 20,
   "expertise_scores": [
      [
         0.4674500032056486,
         0.6010310949278631,
         0.516947917499948,
         0.1728511642711597,
         0.5656640014697706,
         0.3202161468748944,
         0.47266098566695036,
         0.33129754692516317,
         0.20321114161520382,
         0.7230438721142252,
         0.6659395793538729,
         0.6018272955195935,
         0.20330204153392933,
         0.053609887092154,
         0.5565689094717388,
         0.6879474905084845,
         0.7694515463197179,
         0.06315279574525669,
         0.3998103370510846,
         0.36631820430528594
      ],
      [
         0.5942598778293962,
         0.05879782772882446,
         0.42364322924180087,
         0.44347554411487333,
         0.453087114831972,
         0.2361368699791196,
         0.240842717543166,
         0.3473564353954819,
         0.23664973232649633,
         0.20406019496049643,
         0.26403088635369243,
         0.39155486800217515,
         0.28775616951225647,
         0.5019648654080912,
         0.16237281546960708,
         0.2109985238195296,
         0.7404044641908982,
         0.6338646672511269,
         0.7800670169432021,
         0.2938807551864791
      ],
      [
         0.5424466682461953,
         0.4211988553277749,
         0.38513014519046657,
         0.7482958452443074,
         0.09369218170829577,
         0.27971739702781123,
         0.07017896078706404,
         0.383268450450298,
         0.4263601785984696,
         0.5123642397691113,
         0.13214050993464593,
         0.49925844737715386,
         0.5291168502236978,
         0.4614361941388908,
         0.27900024026106135,
         0.37407717185768335,
         0.42047640124973984,
         0.7137859615445487,
         0.27416016803469906,
         0.32387112337135515
      ],
      [
         0.5223270856569241,
         0.2755338201358513,
         0.14354995163884066,
         0.3289129664665307,
         0.6879718232778759,
         0.5589113771811172,
         0.5770238296021182,
         0.16072466921507372,
         0.09601403301746377,
         0.490251341271727,
         0.2756628920586161,
         0.15370717092616681,
         0.5503179035817695,
         0.12210329644718933,
         0.328647035868914,
         0.09800408745359354,
         0.5940216421005261,
         0.36464930579987215,
         0.2761200837630952,
         0.589487158829053
      ],
      [
         0.27410008014537107,
         0.6941229869661836,
         0.27785114647841913,
         0.33121121230626305,
         0.5803095163918366,
         0.17227880280122942,
         0.36982138627949696,
         0.14873260354747608,
         0.05246322327010152,
         0.7398466314907913,
         0.08719673403133008,
         0.1148623631723346,
         0.7200012767245615,
         0.1916461780156951,
         0.06826211825269721,
         0.6028255963600669,
         0.4704007762639252,
         0.07532400399699316,
         0.4214518949095103,
         0.6219205012405614
      ],
      [
         0.13510118300206092,
         0.7166915475471433,
         0.2894590836586374,
         0.33642341814218957,
         0.35123432342740557,
         0.12215658146887394,
         0.4134961534074264,
         0.3772634260798077,
         0.06851967889271669,
         0.5385389977105827,
         0.17633247840533162,
         0.7167174531612044,
         0.6862870402387143,
         0.09964564748818208,
         0.09612031214028915,
         0.08395551749999482,
         0.3828187640158907,
         0.28844226250487437,
         0.7731059997376082,
         0.21405747504869393
      ],
      [
         0.1664150293191687,
         0.13305469222238941,
         0.7267529923510498,
         0.6245405572455092,
         0.12772925857641465,
         0.18418212601408623,
         0.5743547156427079,
         0.17239635271456585,
         0.7275435156938711,
         0.7206161090365873,
         0.6435048274171873,
         0.6919419419736983,
         0.19021133379067767,
         0.32358544524009203,
         0.7310501721600456,
         0.44318584649152065,
         0.13279698553807331,
         0.28450571053627877,
         0.5448121084379334,
         0.5073562006727667
      ],
      [
         0.7369550331451907,
         0.5194915650756123,
         0.23906011201287275,
         0.09080628196188592,
         0.0807278723226242,
         0.2848903161480942,
         0.5586369849572257,
         0.7664111247425616,
         0.4351101286192317,
         0.20151959880693687,
         0.21084675021672022,
         0.5196635163030942,
         0.3683136868734302,
         0.6755913335618177,
         0.7680827700128878,
         0.3894867619083293,
         0.7324067111290696,
         0.743579023229651,
         0.33607841550646517,
         0.3397449512181588
      ],
      [
         0.559040543060716,
         0.5071611678621932,
         0.3974042550112974,
         0.4352668846879866,
         0.5896990090765125,
         0.11030056020402115,
         0.21931822703180776,
         0.6794763065361256,
         0.3220961107876211,
         0.5768835368060192,
         0.4916345628084537,
         0.6374774670745553,
         0.7614484105131822,
         0.37032464627235523,
         0.40250401457774243,
         0.6085808843296155,
         0.4125881246805175,
         0.6077665013634287,
         0.5714466879424184,
         0.517161157597817
      ],
      [
         0.5118749598488513,
         0.6197833670628908,
         0.3135979956878231,
         0.31277829297497745,
         0.7805332030764397,
         0.6622842533883676,
         0.2403620034123818,
         0.6073630554038323,
         0.5346914355604234,
         0.07261053808594319,
         0.3582208952988838,
         0.7984569692759221,
         0.7688960537557246,
         0.1262164012886952,
         0.5543720098189397,
         0.1504879981220502,
         0.1506516836058049,
         0.5452326107769103,
         0.12666592148497224,
         0.46539839476330247
      ]
   ],
   "mv_f1_micro": [
      1.0,
      0.9798387096774194,
      0.9758064516129032,
      0.9556451612903226,
      0.9758064516129032,
      0.9596774193548389,
      1.0,
      0.9959677419354839,
      1.0,
      0.9919354838709677
   ],
   "mv_f1_macro": [
      1.0,
      0.9795747642051991,
      0.9756484432494663,
      0.9553634633340515,
      0.9732586266390614,
      0.9589143500691488,
      1.0,
      0.9961481481481481,
      1.0,
      0.9923019943019943
   ],
   "mv_f1_weighted": [
      1.0,
      0.9796744046691452,
      0.9758314159386678,
      0.9555992665883557,
      0.9757815178432289,
      0.9600832761805997,
      1.0,
      0.9959617682198327,
      1.0,
      0.9919295101553166
   ],
   "ct_f1_micro": [
      1.0,
      0.9919354838709677,
      0.9758064516129032,
      0.9758064516129032,
      1.0,
      0.9838709677419355,
      1.0,
      1.0,
      1.0,
      1.0
   ],
   "ct_f1_macro": [
      1.0,
      0.9917671957671959,
      0.9758121693121694,
      0.9758787138787138,
      1.0,
      0.9838989898989899,
      1.0,
      1.0,
      1.0,
      1.0
   ],
   "ct_f1_weighted": [
      1.0,
      0.9919448711384194,
      0.9756018518518519,
      0.9759212322922002,
      1.0,
      0.9836477680026069,
      1.0,
      1.0,
      1.0,
      1.0
   ],