{
   "worker_count": 20,
   "expertise_scores": [
      [
         0.36311693598118133,
         0.5963429386272229,
         0.33693638947901905,
         0.6925763120945614,
         0.5013291951044486,
         0.7564774880224221,
         0.7189905682937089,
         0.6590547130901429,
         0.21949021526533588,
         0.19581395560284692,
         0.3137401266716925,
         0.47236989418283115,
         0.48720606503752184,
         0.7616122301796278,
         0.779473120909816,
         0.37049183742452896,
         0.263780955601151,
         0.29280674036808907,
         0.24700120448815197,
         0.35165267935507427
      ],
      [
         0.3437355977303996,
         0.2004331459077703,
         0.7101674842378136,
         0.6940363232102967,
         0.6727823303291027,
         0.5407812858016146,
         0.2741845379754014,
         0.5494379294165387,
         0.37047537311779244,
         0.36944559295558854,
         0.3150976016674173,
         0.6922499817925015,
         0.27581022989797355,
         0.5795939686427249,
         0.6249543960733667,
         0.4628640932199578,
         0.47891836365855533,
         0.776980014997049,
         0.650000393714665,
         0.5492516425844136
      ],
      [
         0.682689215254456,
         0.41858366288768256,
         0.2771247013510516,
         0.4183371589207767,
         0.5885165363397529,
         0.19121458648788914,
         0.7737195073425074,
         0.30583158462789367,
         0.6875760823238058,
         0.31366421418725715,
         0.44625493117906956,
         0.3624580016085426,
         0.2800489647924558,
         0.4854899064047049,
         0.5167738550279444,
         0.5714786601391646,
         0.2909982138744751,
         0.5672256555911174,
         0.2727628172372077,
         0.7557944486929357
      ],
      [
         0.36703220560913175,
         0.6818397733732231,
         0.5035573329878003,
         0.6796233915579546,
         0.43368731711974684,
         0.3718547817934842,
         0.6203452249034218,
         0.7446760302708213,
         0.2676331115425562,
         0.7709480423624152,
         0.61424604849049,
         0.7281623298748735,
         0.5765830509891838,
         0.3706368895983577,
         0.790731308168034,
         0.4522099227190961,
         0.5719364394567202,
         0.2963648618046014,
         0.45046782243309635,
         0.6584110422185127
      ],
      [
         0.5255022405761001,
         0.6745500049793307,
         0.6784343826693751,
         0.5786638200345872,
         0.7689107257551838,
         0.3758572611195648,
         0.6638070445538128,
         0.21469968556414323,
         0.5160375263846981,
         0.38528066017629936,
         0.5016123552863028,
         0.7506218861101356,
         0.7706469960461453,
         0.7925586282338162,
         0.4724946362878194,
         0.5847528518994459,
         0.3900633480016894,
         0.5765793747209329,
         0.6911046109003417,
         0.5417017208683081
      ],
      [
         0.6488571068056508,
         0.27135350477118286,
         0.29849148917040275,
         0.6480312143891654,
         0.7631311263560059,
         0.761838840718175,
         0.3154433845082346,
         0.3220161823627406,
         0.27212215092809067,
         0.39336090865327455,
         0.4006421645018232,
         0.3243347949271266,
         0.3343052000086364,
         0.3637006067482599,
         0.5876332825514625,
         0.19133618111517864,
         0.20163809651375333,
         0.4769490534800902,
         0.5786435751680263,
         0.5207715746773545
      ],
      [
         0.5915667869996422,
         0.6462029056862527,
         0.6605168758146815,
         0.46687906094623266,
         0.7378938334736308,
         0.38959898585290886,
         0.2776957092227164,
         0.5766522165539649,
         0.6409209859569996,
         0.43388182546900866,
         0.5097739055010484,
         0.6934199075678363,
         0.30661011234211805,
         0.24427626853323708,
         0.2285577451428048,
         0.43743095336317117,
         0.3181249037064229,
         0.22612384971224464,
         0.5219288245458295,
         0.2983547789892186
      ],
      [
         0.7195768248565894,
         0.24885926854243845,
         0.5048763446782526,
         0.6879571711879656,
         0.4797324841147491,
         0.5138297640310064,
         0.6989342183881669,
         0.4442079716892583,
         0.7010355878075729,
         0.5999645764474423,
         0.343126135167075,
         0.22566364965242927,
         0.3041458349721094,
         0.7078826605818703,
         0.27920181103660136,
         0.7950862662732794,
         0.352535865577209,
         0.3731470950420574,
         0.6083105561730621,
         0.6772801087059857
      ],
      [
         0.4712602797724814,
         0.7289259275829497,
         0.24016079789977707,
         0.5399154342866862,
         0.36487641603513254,
         0.2105542459741508,
         0.45908515024057894,
         0.5771073274548185,
         0.7212702922452933,
         0.30824796571757546,
         0.4538607586251534,
         0.28298634985194093,
         0.7746867402872354,
         0.7132534471815378,
         0.7007315058658474,
         0.6021348516420696,
         0.23308935399601463,
         0.7755176560895722,
         0.4915077947830313,
         0.4074326747298862
      ],
      [
         0.20511678161325514,
         0.6446617605164614,
         0.19226759009544178,
         0.7592147847413542,
         0.31903855268540954,
         0.48263543603166237,
         0.6736174053059119,
         0.5095561034664351,
         0.2232600312075297,
         0.734242813758783,
         0.199247653194997,
         0.7978815695912466,
         0.40170660290266624,
         0.687380384586974,
         0.5272444800729664,
         0.39125480511709365,
         0.6233154414447308,
         0.26732269924872787,
         0.271347972163099,
         0.45328049430989814
      ]
   ],
   "mv_f1_micro": [
      0.96,
      0.96,
      0.944,
      0.984,
      0.984,
      0.904,
      0.944,
      0.968,
      0.984,
      0.968
   ],
   "mv_f1_macro": [
      0.9581949147986885,
      0.9595210449927432,
      0.9427647153684889,
      0.9836532127807404,
      0.9837349608895437,
      0.9036973026973026,
      0.9436488338340029,
      0.9662048075274571,
      0.9846096929337772,
      0.9684926375451116
   ],
   "mv_f1_weighted": [
      0.959599634467559,
      0.9599018867924528,
      0.9449197484276729,
      0.9839749510480676,
      0.9840145918832649,
      0.9034815584415585,
      0.9441854848617814,
      0.967779829096848,
      0.9839940806511284,
      0.9681625756050555
   ],
   "ct_f1_micro": [
      0.976,
      0.968,
      0.968,
      1.0,
      0.992,
      0.944,
      0.968,
      0.992,
      0.992,
      0.992
   ],
   "ct_f1_macro": [
      0.9748974390594812,
      0.9674770327711505,
      0.9684083598000385,
      1.0,
      0.9923048464668887,
      0.9449426218929871,
      0.9674928774928775,
      0.9923048464668887,
      0.9923048464668887,
      0.9923048464668887
   ],
   "ct_f1_weighted": [
      0.9758933366218605,
      0.9681761140819964,
      0.9681203039481374,
      1.0,
      0.9919970403255641,
      0.9436705593268462,
      0.9681925925925926,
      0.9919970403255641,
      0.9919970403255641,
      0.9919970403255641
   ],