{
   "worker_count": 15,
   "expertise_scores": [
      [
         0.40523473018221867,
         0.6395648814295248,
         0.734497803144479,
         0.46126437235701157,
         0.716990281391424,
         0.25385934210044897,
         0.5431151464743591,
         0.3229542979985317,
         0.7519741831096881,
         0.40333671135099736,
         0.6968503294929694,
         0.4798039694696792,
         0.5101558226291438,
         0.6408327922559192,
         0.6149645339140463
      ],
      [
         0.7952517693714589,
         0.6878442318230091,
         0.769976350938972,
         0.4890459205069304,
         0.3210925713799516,
         0.34173847010905767,
         0.4615251773085576,
         0.22124140328714803,
         0.20217838815162437,
         0.31751056189907867,
         0.4283716654679438,
         0.3710273857128838,
         0.6879531724537088,
         0.4428255110617043,
         0.45337961434388885
      ],
      [
         0.29169956993487467,
         0.4793177696667552,
         0.4193339365415283,
         0.5311246397100512,
         0.7253780475388245,
         0.3898233499494036,
         0.3837437654633662,
         0.5793036939877243,
         0.47428778788667525,
         0.6955617712638995,
         0.6237662142967149,
         0.28063290905946436,
         0.40018322154468444,
         0.3789717282870695,
         0.4770885887768981
      ],
      [
         0.42020042496463994,
         0.6812189859823538,
         0.684113349289846,
         0.665471194542229,
         0.5699691725380491,
         0.6099777755987456,
         0.520863512485449,
         0.432864407211872,
         0.7237415004851732,
         0.7785437611234354,
         0.4185800453194219,
         0.40780002635211077,
         0.39903405337889786,
         0.5919793337697397,
         0.524403182726855
      ],
      [
         0.5994187353472371,
         0.6984122972321632,
         0.5591812476256866,
         0.7163006802136513,
         0.46798326676524615,
         0.5191237568919204,
         0.357209587290062,
         0.7660134582644313,
         0.36552910499751146,
         0.24629074262681735,
         0.5442718626570305,
         0.28858919239799957,
         0.5864402434136664,
         0.5251473864664652,
         0.19853016117616212
      ],
      [
         0.556567621802784,
         0.6408999921419637,
         0.7283117589291838,
         0.5255464594369497,
         0.41180314430563303,
         0.4125192103489842,
         0.6712989659508276,
         0.5053048316508874,
         0.5951149583501196,
         0.584519241621433,
         0.469486080324906,
         0.336052005685892,
         0.4210860958574687,
         0.4055775797045149,
         0.542760703420449
      ],
      [
         0.7389103625744077,
         0.4451491893981585,
         0.24644083250193327,
         0.26811790001135916,
         0.5885320082603306,
         0.5829668954631952,
         0.6203118354200032,
         0.5489136253968495,
         0.23964146820888685,
         0.31915498141563453,
         0.6807966082359735,
         0.7531281217810146,
         0.6059791971597661,
         0.7242397670998175,
         0.34815847295281854
      ],
      [
         0.6054057989626355,
         0.5543814938981237,
         0.24816893236270615,
         0.4391714756450143,
         0.21006804759527456,
         0.3146804097013065,
         0.705696708925419,
         0.3838965762026749,
         0.4704750645125477,
         0.24980957649267815,
         0.28523816774081145,
         0.7456726101368081,
         0.5393017293678014,
         0.7398752351523161,
         0.5776755020046015
      ],
      [
         0.6559547835596448,
         0.3799213422498822,
         0.647391206345396,
         0.2855410127232008,
         0.5455905267008917,
         0.5394726508103497,
         0.6210295700520165,
         0.4880272681661253,
         0.46191156298268254,
         0.2011553084072658,
         0.7539190286159608,
         0.5524780383600313,
         0.6826795156999881,
         0.23639560707453472,
         0.5816763307986418
      ],
      [
         0.7470373598843848,
         0.732262793574773,
         0.5678196753490138,
         0.48140393098255896,
         0.2781735006477441,
         0.5803553867981347,
         0.3429453578472996,
         0.4429243462271909,
         0.7653649454526664,
         0.35152702192608065,
         0.6404685992415183,
         0.5043389565525433,
         0.2499434423214137,
         0.46400802335415936,
         0.6287815724505607
      ]
   ],
   "mv_f1_micro": [
      0.984,
      0.928,
      0.936,
      0.976,
      0.96,
      0.96,
      0.952,
      0.8960000000000001,
      0.944,
      0.968
   ],
   "mv_f1_macro": [
      0.984612538774581,
      0.9273566433566434,
      0.9371830783595488,
      0.9759409589064443,
      0.9596511305406183,
      0.9595027746947837,
      0.9509273509847398,
      0.8952177609624419,
      0.9421161672216056,
      0.9688818020354407
   ],
   "mv_f1_weighted": [
      0.9839970403255641,
      0.9280872727272726,
      0.9365751633986927,
      0.9759542070187998,
      0.9598553575804248,
      0.9605495523492414,
      0.951891274292422,
      0.8950264714009395,
      0.9438008139104699,
      0.9676370741168585
   ],
   "ct_f1_micro": [
      0.984,
      0.976,
      0.936,
      1.0,
      0.992,
      0.968,
      0.992,
      0.944,
      0.968,
      0.968
   ],
   "ct_f1_macro": [
      0.984612538774581,
      0.975222816399287,
      0.9366804959746136,
      1.0,
      0.9914272685818514,
      0.9680013783096,
      0.9913483663138518,
      0.944473568759283,
      0.9672051313671736,
      0.9681906369190265
   ],
   "ct_f1_weighted": [
      0.9839970403255641,
      0.9760499108734403,
      0.93605247771836,
      1.0,
      0.9920145918832649,
      0.9676516660001234,
      0.9919779107225034,
      0.9442525115096545,
      0.9678933366218605,
      0.9678484949539272
   ],
   "gt": [
      3,
      3,
      3,
      3,
      3,
      3,
      3,
      3,
      3,
      3,
      3,
      3,
      3,
      3,
      3,
      3,
      3,
      3,
      3,
      3,
      3,
      3,
      3,
      3,
      3,
      3,
      2,
      2,
      2,
      2,
      2,
      2,
      2,
      2,
      2,
      2,
      2,
      2,
      2,
      2,
      2,
      2,
      2,
      2,
      2,
      2,
      2,
      2,
      2,
      2,
      2,
      2,
      1,
      1,
      1,
      1,
      1,
      1,
      1,
      1,
      1,
      1,
      1,
      1,
      1,
      1,
      1,
      1,
      1,
      1,
      1,
      1,
      1,
      1,
      1,
      1,
      1,
      1,
      4,
      4,
      4,
      4,
      4,
      4,
      4,
      4,
      4,
      4,
      4,
      4,
      4,
      4,
      4,
      4,
      4,
      4,
      4,
      4,
      4,
      4,
      4,
      4,
      4,
      4,
      0,
      0,
      0,
      0,
      0,
      0,
      0,
      0,
      0,
      0,
      0,
      0,
      0,
      0,
      0,
      0,
      0,
      0,
      0,
      0,
      0
   ],
   "em_f1_micro": [
      0.992,
      0.928,
      0.912,
      0.976,
      0.992,
      0.952,
      0.936,
      0.92,
      0.944,
      0.936
   ],
   "em_f1_macro": [
      0.9923048464668887,
      0.9277884274174111,
      0.9128776491039702,
      0.9761006674923461,
      0.9914272685818514,
      0.9528063630353077,
      0.9348275828789268,
      0.9198570195639704,
      0.9436231257981618,
      0.9363704866562008
   ],
   "em_f1_weighted": [
      0.9919970403255641,
      0.9275666311807743,
      0.913392755068129,
      0.9761203039481374,
      0.9920145918832649,
      0.9518488501148594,
      0.9374380774984318,
      0.9195781296148218,
      0.9442948800983809,
      0.9356434879406307
   ]
}