{
   "worker_count": 3,
   "expertise_scores": [
      [
         0.5794500364292243,
         0.24576931715059727,
         0.5944407842626201
      ],
      [
         0.33906042907566925,
         0.4379554553916394,
         0.6794757584314901
      ],
      [
         0.6540451196909387,
         0.31891355494291507,
         0.7996795888916136
      ],
      [
         0.5540190768519072,
         0.5250901244614233,
         0.31086823408772135
      ],
      [
         0.543630337045766,
         0.5378109777149835,
         0.32132458798258556
      ],
      [
         0.2348307287267885,
         0.6321920417721002,
         0.5287368305277645
      ],
      [
         0.35789823066992943,
         0.3995005071623498,
         0.23456577539141388
      ],
      [
         0.25582134781703353,
         0.2859583862884967,
         0.23369053685739433
      ],
      [
         0.6578742331887321,
         0.5741370141454538,
         0.5634806983395384
      ],
      [
         0.6119829959544044,
         0.42889582867792286,
         0.6696367923211914
      ]
   ],
   "mv_f1_micro": [
      0.52,
      0.56,
      0.688,
      0.568,
      0.576,
      0.576,
      0.384,
      0.288,
      0.696,
      0.672
   ],
   "mv_f1_macro": [
      0.5236338225017471,
      0.5527985117607759,
      0.6871794871794871,
      0.5619422410473623,
      0.5768282376237361,
      0.5764940711462451,
      0.3812161625783917,
      0.2853231844676414,
      0.6904390700577313,
      0.6659539732680687
   ],
   "mv_f1_weighted": [
      0.5268013976240392,
      0.5499104522312069,
      0.688,
      0.5599301347708895,
      0.5757153206170578,
      0.571727747035573,
      0.38446480908152736,
      0.287136111846347,
      0.6934412482446559,
      0.6705921321987915
   ],
   "ct_f1_micro": [
      0.624,
      0.696,
      0.696,
      0.568,
      0.576,
      0.52,
      0.376,
      0.272,
      0.728,
      0.68
   ],
   "ct_f1_macro": [
      0.6209786238606114,
      0.6956718113230826,
      0.6993063973063973,
      0.5675497038318987,
      0.5787832167832168,
      0.5231088326315851,
      0.3760963142319075,
      0.2722804915351499,
      0.7195854498592835,
      0.6774822600909558
   ],
   "ct_f1_weighted": [
      0.6249482035976446,
      0.6961816106052744,
      0.6972786531986531,
      0.5647197770915577,
      0.5752678787878788,
      0.5211760430797057,
      0.37336238902340596,
      0.27664109895165795,
      0.7237534832382703,
      0.6817244076374511
   ],
   "gt": [
      3,
      3,
      3,
      3,
      3,
      3,
      3,
      3,
      3,
      3,
      3,
      3,
      3,
      3,
      3,
      3,
      3,
      3,
      3,
      3,
      3,
      3,
      3,
      3,
      3,
      3,
      2,
      2,
      2,
      2,
      2,
      2,
      2,
      2,
      2,
      2,
      2,
      2,
      2,
      2,
      2,
      2,
      2,
      2,
      2,
      2,
      2,
      2,
      2,
      2,
      2,
      2,
      1,
      1,
      1,
      1,
      1,
      1,
      1,
      1,
      1,
      1,
      1,
      1,
      1,
      1,
      1,
      1,
      1,
      1,
      1,
      1,
      1,
      1,
      1,
      1,
      1,
      1,
      4,
      4,
      4,
      4,
      4,
      4,
      4,
      4,
      4,
      4,
      4,
      4,
      4,
      4,
      4,
      4,
      4,
      4,
      4,
      4,
      4,
      4,
      4,
      4,
      4,
      4,
      0,
      0,
      0,
      0,
      0,
      0,
      0,
      0,
      0,
      0,
      0,
      0,
      0,
      0,
      0,
      0,
      0,
      0,
      0,
      0,
      0
   ],
   "em_f1_micro": [
      0.48,
      0.488,
      0.688,
      0.44,
      0.488,
      0.56,
      0.256,
      0.264,
      0.688,
      0.568
   ],
   "em_f1_macro": [
      0.4888061904518416,
      0.5159266783636531,
      0.6885115800633042,
      0.4318352928044019,
      0.4857381498053767,
      0.5666517635370095,
      0.26111800149535996,
      0.2611948051948052,
      0.6832698412698412,
      0.5556999030501901
   ],
   "em_f1_weighted": [
      0.48835843806991525,
      0.5106813925570228,
      0.6901060973198903,
      0.4265000088644041,
      0.4855758390628978,
      0.5656814704421262,
      0.25911827711072993,
      0.26021402597402593,
      0.6866006349206351,
      0.5645945658388645
   ]
}