{
   "worker_count": 13,
   "expertise_scores": [
      [
         0.2814897729411026,
         0.6645343862195908,
         0.2815601357343033,
         0.713022879213078,
         0.34229769124617915,
         0.7487492047917486,
         0.5263410002195208,
         0.7761118130409046,
         0.4228784477521272,
         0.693833463225168,
         0.4960944242492277,
         0.6092484283617241,
         0.7541717284524309
      ],
      [
         0.3905840623749647,
         0.37874109969889336,
         0.63205484482206,
         0.36158179983323624,
         0.3082055914662761,
         0.6072387120533473,
         0.6410125123224292,
         0.5793832777567852,
         0.3465522880018215,
         0.7328708642872367,
         0.4760444555472704,
         0.6308654227881816,
         0.7477981631763636
      ],
      [
         0.6033386752861811,
         0.506324447783468,
         0.35129692318512884,
         0.2426841183138868,
         0.6486764459521245,
         0.43424971933058026,
         0.34950783428424176,
         0.21703779841096912,
         0.7598615005770701,
         0.3502758404036681,
         0.5528497959310599,
         0.3491709995823174,
         0.6490285925212149
      ],
      [
         0.5055764903321062,
         0.6406077071754742,
         0.6873362360055195,
         0.47705027261068544,
         0.38025659832647724,
         0.7493028493161425,
         0.34715431736154967,
         0.5254382100399478,
         0.38086514700743235,
         0.7771590112333051,
         0.7718807985093202,
         0.6207996764857598,
         0.6098151853639721
      ],
      [
         0.45814839644517324,
         0.7970527117585314,
         0.5703273535787774,
         0.4620201456923455,
         0.32162929466499757,
         0.39584839264354504,
         0.37629590776945865,
         0.4342491048402362,
         0.24499490960483,
         0.7586579527471802,
         0.4299556448509281,
         0.6102251217184509,
         0.25821215766821376
      ],
      [
         0.7120704041468628,
         0.7043010074151209,
         0.6784200617710833,
         0.4316873416637327,
         0.47113502376599914,
         0.6606972683832507,
         0.7832666031826158,
         0.7910889922428538,
         0.36835188402764685,
         0.36848001659528584,
         0.2353833061128179,
         0.3648359553682167,
         0.32951755959957374
      ],
      [
         0.3813789376734762,
         0.28824789116936705,
         0.2433535760447288,
         0.23727029457714252,
         0.49354093011157885,
         0.6543151342323256,
         0.5446488297798805,
         0.6518055444266472,
         0.49883348879970724,
         0.5638214711496501,
         0.2223719179170815,
         0.41012392471435516,
         0.5984676534012212
      ],
      [
         0.5723921423910342,
         0.7183527116615415,
         0.4117745206258815,
         0.6119707885985167,
         0.6406022742305035,
         0.3190954495045919,
         0.3797784379172927,
         0.4117964932358759,
         0.5530408163639855,
         0.7446389155241493,
         0.7209665540642094,
         0.6595825046187048,
         0.1996278398433435
      ],
      [
         0.6781096102858013,
         0.7289091832052749,
         0.44177687819304445,
         0.3806145671662807,
         0.2840911148660695,
         0.519059097012583,
         0.258605545506773,
         0.38622292062316543,
         0.5124685273550968,
         0.4166050132259674,
         0.6757122400848821,
         0.6899196474005046,
         0.3560015335205976
      ],
      [
         0.6420008354077563,
         0.7696271164788842,
         0.7121457960467747,
         0.5904932761283772,
         0.22849342830289196,
         0.589310399665005,
         0.6998115650020724,
         0.4232108668713124,
         0.22431228991890462,
         0.7487318120430979,
         0.2506562823870843,
         0.6760897838428771,
         0.6163392956246612
      ]
   ],
   "mv_f1_micro": [
      1.0,
      0.944,
      0.888,
      0.96,
      0.8960000000000001,
      0.976,
      0.824,
      0.944,
      0.8960000000000001,
      0.968
   ],
   "mv_f1_macro": [
      1.0,
      0.9450671972806036,
      0.886691882680098,
      0.9615071319932585,
      0.895915343915344,
      0.9750887292507715,
      0.8228204486377202,
      0.9446610644257702,
      0.8962686202686202,
      0.9673964215584638
   ],
   "mv_f1_weighted": [
      1.0,
      0.9438001177299673,
      0.8886711858942787,
      0.9599674172729887,
      0.8955614814814814,
      0.9759970403255642,
      0.8250949687108886,
      0.9443522689075631,
      0.8959288888888889,
      0.9679970403255642
   ],
   "ct_f1_micro": [
      1.0,
      0.952,
      0.928,
      0.984,
      0.912,
      0.992,
      0.928,
      0.984,
      0.928,
      0.992
   ],
   "ct_f1_macro": [
      1.0,
      0.9524983292267188,
      0.9266542005602998,
      0.9837349608895437,
      0.9148464738297175,
      0.9913483663138518,
      0.9275740829883509,
      0.9837321150487399,
      0.9281995464852608,
      0.9914272685818514
   ],
   "ct_f1_weighted": [
      1.0,
      0.9515284949539272,
      0.9283715313734093,
      0.9840145918832649,
      0.9124159425390037,
      0.9919779107225034,
      0.928932365456821,
      0.9840116322088291,
      0.9279941950113378,
      0.9920145918832649
   ],
   "gt": [
      3,
      3,
      3,
      3,
      3,
      3,
      3,
      3,
      3,
      3,
      3,
      3,
      3,
      3,
      3,
      3,
      3,
      3,
      3,
      3,
      3,
      3,
      3,
      3,
      3,
      3,
      2,
      2,
      2,
      2,
      2,
      2,
      2,
      2,
      2,
      2,
      2,
      2,
      2,
      2,
      2,
      2,
      2,
      2,
      2,
      2,
      2,
      2,
      2,
      2,
      2,
      2,
      1,
      1,
      1,
      1,
      1,
      1,
      1,
      1,
      1,
      1,
      1,
      1,
      1,
      1,
      1,
      1,
      1,
      1,
      1,
      1,
      1,
      1,
      1,
      1,
      1,
      1,
      4,
      4,
      4,
      4,
      4,
      4,
      4,
      4,
      4,
      4,
      4,
      4,
      4,
      4,
      4,
      4,
      4,
      4,
      4,
      4,
      4,
      4,
      4,
      4,
      4,
      4,
      0,
      0,
      0,
      0,
      0,
      0,
      0,
      0,
      0,
      0,
      0,
      0,
      0,
      0,
      0,
      0,
      0,
      0,
      0,
      0,
      0
   ],
   "em_f1_micro": [
      0.984,
      0.888,
      0.928,
      0.976,
      0.8960000000000001,
      0.968,
      0.7840000000000001,
      0.904,
      0.848,
      0.976
   ],
   "em_f1_macro": [
      0.9845925925925926,
      0.8911914699360898,
      0.926264329037848,
      0.9758829446113342,
      0.899615735602417,
      0.968413735277112,
      0.7821666398148885,
      0.9036395392047565,
      0.8458200100553042,
      0.9747450980392157
   ],
   "em_f1_weighted": [
      0.9839762962962963,
      0.8878147384896308,
      0.9281929509798499,
      0.9758484949539272,
      0.8956003650265137,
      0.9681258944442941,
      0.7799649333144608,
      0.9050025120772947,
      0.8482802614379085,
      0.976401568627451
   ]
}