{
   "worker_count": 5,
   "expertise_scores": [
      [
         0.41910594982739696,
         0.7492599645664861,
         0.6521909662780213,
         0.2516750875729641,
         0.4887983952019622
      ],
      [
         0.259163207441066,
         0.3455922955107017,
         0.42818002723711823,
         0.7396002612409027,
         0.5137012460393476
      ],
      [
         0.19699647921658817,
         0.494079050577227,
         0.2778078277976914,
         0.6575725036909829,
         0.6808565426249817
      ],
      [
         0.4233850297763547,
         0.3218972246109524,
         0.2587964822013129,
         0.6998458548200079,
         0.45368459085853374
      ],
      [
         0.6427225689248706,
         0.4383697402617023,
         0.5119719068030103,
         0.2573104846762224,
         0.7246765328399655
      ],
      [
         0.5048854098062564,
         0.7808183823603437,
         0.44689409101096667,
         0.6457365484980236,
         0.7142076291065867
      ],
      [
         0.28028456511368266,
         0.38834069400304305,
         0.34415445298044267,
         0.38079876216532804,
         0.4118493315502537
      ],
      [
         0.4116850471263859,
         0.7171405155450196,
         0.38096761761010783,
         0.28005019624562555,
         0.3804231711727849
      ],
      [
         0.22807330516910063,
         0.47382828352162487,
         0.22914896197637397,
         0.20266497340724135,
         0.39903031405077694
      ],
      [
         0.6548798077095948,
         0.23689181546845287,
         0.4764391955813856,
         0.4297463479559134,
         0.6510538552432386
      ]
   ],
   "mv_f1_micro": [
      0.752,
      0.68,
      0.656,
      0.576,
      0.704,
      0.848,
      0.48,
      0.616,
      0.39200000000000007,
      0.712
   ],
   "mv_f1_macro": [
      0.7468842184483939,
      0.6766245556467049,
      0.6554301601125477,
      0.5696999253810895,
      0.7112912334745218,
      0.8471929604921933,
      0.4790289199291757,
      0.6106640876853644,
      0.39620066889632105,
      0.7097182948414476
   ],
   "mv_f1_weighted": [
      0.7493310157577581,
      0.6828199726551818,
      0.6556473665170497,
      0.5729323668407775,
      0.7057428828135027,
      0.8462980702162288,
      0.4805900767263427,
      0.6096361057382335,
      0.39974100334448154,
      0.7078848044128833
   ],
   "ct_f1_micro": [
      0.768,
      0.72,
      0.736,
      0.688,
      0.7840000000000001,
      0.888,
      0.504,
      0.68,
      0.424,
      0.776
   ],
   "ct_f1_macro": [
      0.7599327990305433,
      0.7217152625073241,
      0.7367407154249259,
      0.6820390002587757,
      0.7852705640198137,
      0.8907651949668758,
      0.502183983249601,
      0.679484064535647,
      0.41949417448138676,
      0.7758460299764648
   ],
   "ct_f1_weighted": [
      0.7636634443250985,
      0.7286230886938916,
      0.7376389154704944,
      0.6832336037473876,
      0.783510654873289,
      0.8883005646703126,
      0.5059448119673401,
      0.6768959852566077,
      0.4258391588519465,
      0.7752132045088568
   ],
   "gt": [
      3,
      3,
      3,
      3,
      3,
      3,
      3,
      3,
      3,
      3,
      3,
      3,
      3,
      3,
      3,
      3,
      3,
      3,
      3,
      3,
      3,
      3,
      3,
      3,
      3,
      3,
      2,
      2,
      2,
      2,
      2,
      2,
      2,
      2,
      2,
      2,
      2,
      2,
      2,
      2,
      2,
      2,
      2,
      2,
      2,
      2,
      2,
      2,
      2,
      2,
      2,
      2,
      1,
      1,
      1,
      1,
      1,
      1,
      1,
      1,
      1,
      1,
      1,
      1,
      1,
      1,
      1,
      1,
      1,
      1,
      1,
      1,
      1,
      1,
      1,
      1,
      1,
      1,
      4,
      4,
      4,
      4,
      4,
      4,
      4,
      4,
      4,
      4,
      4,
      4,
      4,
      4,
      4,
      4,
      4,
      4,
      4,
      4,
      4,
      4,
      4,
      4,
      4,
      4,
      0,
      0,
      0,
      0,
      0,
      0,
      0,
      0,
      0,
      0,
      0,
      0,
      0,
      0,
      0,
      0,
      0,
      0,
      0,
      0,
      0
   ],
   "em_f1_micro": [
      0.744,
      0.6,
      0.616,
      0.544,
      0.704,
      0.848,
      0.39200000000000007,
      0.368,
      0.39200000000000007,
      0.632
   ],
   "em_f1_macro": [
      0.7358919151024413,
      0.6042172807506012,
      0.6166959435924954,
      0.5375670127106515,
      0.7041626589060245,
      0.8464518339460815,
      0.3859425292248008,
      0.37298725087395057,
      0.38304351315477003,
      0.6310303963781052
   ],
   "em_f1_weighted": [
      0.7407122070911544,
      0.6048565602159194,
      0.6154178353902493,
      0.5386775363563325,
      0.7020588949919954,
      0.8471391755966077,
      0.387467186915532,
      0.3759664424014459,
      0.38080427807120476,
      0.6350471224373111
   ]
}