{
   "worker_count": 18,
   "expertise_scores": [
      [
         0.5199813462583716,
         0.47965612234389,
         0.24850187534299426,
         0.7189035228178976,
         0.4897111984536783,
         0.4910658896947352,
         0.6236594877909517,
         0.5263903569396547,
         0.478196089403799,
         0.5605389627901283,
         0.47709103905447836,
         0.36321488146269765,
         0.4735669345712449,
         0.7292516696018807,
         0.6122888116191902,
         0.32039536819863634,
         0.2214519391837651,
         0.7852302445437156
      ],
      [
         0.5864523011607964,
         0.5591609523659864,
         0.36469065985211224,
         0.48749554417962637,
         0.79012084132743,
         0.2743718471946002,
         0.7975611110573227,
         0.7352715914730636,
         0.5378504812849897,
         0.20635851042262685,
         0.19361502226784974,
         0.2758795158091296,
         0.6655012061005007,
         0.31079150624346413,
         0.6271967146643618,
         0.7782480209191617,
         0.25453734937059463,
         0.4721665787342435
      ],
      [
         0.4907472185246021,
         0.6646876263922995,
         0.3893160342871981,
         0.4626892350337187,
         0.5895431957006837,
         0.5253177825564157,
         0.36031004888091106,
         0.4311014912984827,
         0.5611975271120012,
         0.42580388932043955,
         0.5836935422251986,
         0.7467507479386783,
         0.2517558992282179,
         0.5326171235682112,
         0.5096902650010992,
         0.6853956972328382,
         0.23119745926568094,
         0.40454889433964886
      ],
      [
         0.6363407392725229,
         0.5462971047416665,
         0.6149578408052856,
         0.6126785334704465,
         0.7320721801524757,
         0.4608220634656963,
         0.4508657911906423,
         0.32378606235537416,
         0.659025689352847,
         0.5389998019079271,
         0.5606040179560549,
         0.6035953792407555,
         0.36595277486971134,
         0.7335653125081912,
         0.3813736721167066,
         0.7891996991716217,
         0.4504546930122778,
         0.7567229286786346
      ],
      [
         0.6994945315610656,
         0.7237039464183843,
         0.5157484390693781,
         0.445145572246064,
         0.7203768568674497,
         0.7129878264085242,
         0.2992077068455853,
         0.40725006576770795,
         0.3981064407715654,
         0.2611473486724051,
         0.19223557653630896,
         0.30541486440198523,
         0.20823269357141835,
         0.32864990813735695,
         0.21362844791165184,
         0.5454189631208651,
         0.2564843604172658,
         0.7986903489569812
      ],
      [
         0.3521278206721849,
         0.19434337256755024,
         0.2701355550060033,
         0.22699045896112496,
         0.7892324272009941,
         0.24852635368121978,
         0.5426584382080819,
         0.2681644266556171,
         0.5276650334494091,
         0.3354459656002655,
         0.41197008036236393,
         0.4511674289094788,
         0.21355346709634265,
         0.7385610443303364,
         0.4727462708865766,
         0.5727943846177335,
         0.607147333493676,
         0.237579922199467
      ],
      [
         0.27822389119966606,
         0.35911718319891217,
         0.2546564881854977,
         0.7150736747050653,
         0.4492818844744628,
         0.5309238965468249,
         0.4364242413647075,
         0.49801933583653246,
         0.46354994392574933,
         0.6223759099455716,
         0.47990589505452297,
         0.3062630712406217,
         0.33089546296509137,
         0.5560698606941692,
         0.3467803723501755,
         0.2987435757401977,
         0.7590954333403271,
         0.21701206231252732
      ],
      [
         0.4213213659673446,
         0.25631874950811884,
         0.5022963754135178,
         0.34245581984067575,
         0.19251921797211144,
         0.7118863297839373,
         0.38969389455512193,
         0.2338914511573542,
         0.44657651479550686,
         0.5859081088588166,
         0.5619379954462339,
         0.7874364701169553,
         0.3916181123985413,
         0.47008744649921874,
         0.5721576052124091,
         0.6931439419573121,
         0.5453661384271352,
         0.7668098422211032
      ],
      [
         0.5302625077787699,
         0.3234618595106268,
         0.3024113943156584,
         0.4921814847423369,
         0.5066680633677856,
         0.7017898073311779,
         0.2632064204296616,
         0.6850674402829646,
         0.43879925889872096,
         0.3420215153558607,
         0.5351178953118132,
         0.3781242633403812,
         0.540880053387673,
         0.5049488915835487,
         0.431869701109127,
         0.50425022551178,
         0.5419800314067996,
         0.7163778492427496
      ],
      [
         0.23949168673571702,
         0.2641009495257906,
         0.6731868235557356,
         0.35189559059711584,
         0.7652984374495535,
         0.3040766594838855,
         0.5408862514201237,
         0.7151625323036875,
         0.3409134929292952,
         0.25194725442602595,
         0.24089323528593487,
         0.5028508407663973,
         0.6712121206598727,
         0.6906279635219575,
         0.7588007582528381,
         0.21648474774031598,
         0.3407449788262422,
         0.3337427169554428
      ]
   ],
   "mv_f1_micro": [
      0.96,
      0.96,
      0.96,
      0.992,
      0.904,
      0.848,
      0.8960000000000001,
      0.976,
      0.944,
      0.928
   ],
   "mv_f1_macro": [
      0.9595216296836717,
      0.960176723919542,
      0.9595244755244755,
      0.9923048464668887,
      0.9034053390710378,
      0.845385265217198,
      0.897231629307101,
      0.9748974390594812,
      0.9439833224694489,
      0.9268241087172433
   ],
   "mv_f1_weighted": [
      0.9597206766892006,
      0.9595140254344632,
      0.9597236363636363,
      0.9919970403255641,
      0.9023322503082981,
      0.8472006758258858,
      0.8961978175563081,
      0.9758933366218605,
      0.9436474172729888,
      0.927706596875457
   ],
   "ct_f1_micro": [
      0.976,
      0.968,
      0.984,
      0.976,
      0.952,
      0.904,
      0.912,
      0.992,
      0.952,
      0.984
   ],
   "ct_f1_macro": [
      0.9752139373759794,
      0.9690631808278868,
      0.9846096929337772,
      0.976019861174444,
      0.951969067969068,
      0.9031072869609762,
      0.9110215274921158,
      0.9923048464668887,
      0.9509184719614323,
      0.9836532127807404
   ],
   "ct_f1_weighted": [
      0.9760406766892006,
      0.9678257080610022,
      0.9839940806511284,
      0.9759908881795613,
      0.9519525925925926,
      0.9027098393089804,
      0.9114623885918004,
      0.9919970403255641,
      0.9518820401081823,
      0.9839749510480676
   ],