{
   "worker_count": 18,
   "expertise_scores": [
      [
         0.864049264226766,
         0.8329035433787144,
         0.9245934038376222,
         0.7867145832260576,
         0.5590389036262592,
         0.9128858273705462,
         0.8874490652389073,
         0.8428287163685431,
         0.6221695473279087,
         0.578496330696932,
         0.7359852289556363,
         0.5386600590528553,
         0.5848717810474403,
         0.5724200604543762,
         0.9351575628757322,
         0.6084657280868224,
         0.5644186405551108,
         0.637264268856291
      ],
      [
         0.9837132942443616,
         0.6377016918082072,
         0.9483600395549684,
         0.8697069666243944,
         0.8482999031467333,
         0.9672080383792274,
         0.7580447833462941,
         0.9724321456063598,
         0.98189932768478,
         0.8024584447643097,
         0.9639276083543438,
         0.6278037093757086,
         0.8128038209710367,
         0.7419854356645602,
         0.5264039814043615,
         0.7041166758153353,
         0.6162211443983331,
         0.9567377322167809
      ],
      [
         0.5816882621997141,
         0.9428265709586017,
         0.7615613900042449,
         0.6972525644064389,
         0.8100994162122319,
         0.8655656756397596,
         0.5583660511708883,
         0.8616272300639614,
         0.8794243341503526,
         0.6257647634809778,
         0.7733078595525468,
         0.7296274589319415,
         0.8173817081362362,
         0.7576778961321102,
         0.9296446575335106,
         0.7827551735087418,
         0.7897676469933488,
         0.583468701000716
      ],
      [
         0.6143398969857989,
         0.5877056004601733,
         0.962724049967961,
         0.6955849910047854,
         0.897136296137933,
         0.6323951062219959,
         0.8045721005003899,
         0.9632786407508187,
         0.9480879890776301,
         0.5135001738606441,
         0.7406153747727111,
         0.9833937661583912,
         0.5292478989590428,
         0.5974476806859589,
         0.6613426168766522,
         0.5788366329639828,
         0.736799366067213,
         0.9599165790147118
      ],
      [
         0.5334760696188975,
         0.690987080798048,
         0.9627098271820316,
         0.9879374308082713,
         0.7238580866703093,
         0.7867859844442973,
         0.8026072014319574,
         0.8497155771957497,
         0.8572936333950737,
         0.83206495530909,
         0.9350777081094583,
         0.5927893938355933,
         0.8886484845577087,
         0.655461429606185,
         0.5140890066647571,
         0.5311833824576652,
         0.8592577813838229,
         0.7562062902597532
      ],
      [
         0.714025618634568,
         0.5721726894535019,
         0.9783416992557957,
         0.6005018976027577,
         0.5875968008373167,
         0.8049178219706994,
         0.6279495371975594,
         0.9012926842939382,
         0.707310656506313,
         0.9146351161132761,
         0.602341548835657,
         0.883670188189388,
         0.8601770490535665,
         0.9641613134861452,
         0.5155087344454617,
         0.8335731939833644,
         0.7657481624345818,
         0.7090211386423307
      ],
      [
         0.6874863482724696,
         0.5848284701556039,
         0.8695144590209465,
         0.8226308816162566,
         0.7783759530488508,
         0.836665201844661,
         0.6649651287033074,
         0.8382988664112823,
         0.9805416454610754,
         0.6337548001984262,
         0.7422497047830101,
         0.6925868678622926,
         0.6343570821087098,
         0.5583523962986406,
         0.7742854684893974,
         0.9694002992418689,
         0.7367303240258516,
         0.8359974186036303
      ],
      [
         0.7527784781978398,
         0.5184936951700424,
         0.6570658452227183,
         0.7376457453466435,
         0.5214771210523478,
         0.707660189620207,
         0.6879474137492827,
         0.8735721996673178,
         0.8302640373117528,
         0.834727205281826,
         0.5931819676176987,
         0.8209512233811758,
         0.7196997837468113,
         0.6010847954578602,
         0.6853791122042191,
         0.9652055689990285,
         0.8252611738161819,
         0.6234912973516558
      ],
      [
         0.7341995494872194,
         0.8028646261772239,
         0.9048831614495954,
         0.8872429527516454,
         0.8920715209218683,
         0.556223488029871,
         0.9554638863411379,
         0.8964289848518218,
         0.7462674582195076,
         0.9417138039437597,
         0.6360985383513262,
         0.7003913189014936,
         0.5453918733139737,
         0.9330792543801003,
         0.9354683102101302,
         0.8529333894120754,
         0.9081401054080306,
         0.5591932577357703
      ],
      [
         0.551161399658791,
         0.9332461821704698,
         0.8809755935030095,
         0.7453465968218984,
         0.5559628618670722,
         0.8210446152219513,
         0.6573201185266392,
         0.9724370245556136,
         0.576502072377525,
         0.6317248308529606,
         0.9860267636932474,
         0.8634848460888886,
         0.9594326091741937,
         0.9367360236531495,
         0.8703936704789978,
         0.9412410175506456,
         0.758644676063616,
         0.5669465918946472
      ]
   ],
   "mv_f1_micro": [
      1.0,
      1.0,
      1.0,
      1.0,
      1.0,
      1.0,
      1.0,
      1.0,
      1.0,
      1.0
   ],
   "mv_f1_macro": [
      1.0,
      1.0,
      1.0,
      1.0,
      1.0,
      1.0,
      1.0,
      1.0,
      1.0,
      1.0
   ],
   "mv_f1_weighted": [
      1.0,
      1.0,
      1.0,
      1.0,
      1.0,
      1.0,
      1.0,
      1.0,
      1.0,
      1.0
   ],
   "ct_f1_micro": [
      1.0,
      1.0,
      1.0,
      1.0,
      1.0,
      1.0,
      1.0,
      1.0,
      1.0,
      1.0
   ],
   "ct_f1_macro": [
      1.0,
      1.0,
      1.0,
      1.0,
      1.0,
      1.0,
      1.0,
      1.0,
      1.0,
      1.0
   ],
   "ct_f1_weighted": [
      1.0,
      1.0,
      1.0,
      1.0,
      1.0,
      1.0,
      1.0,
      1.0,
      1.0,
      1.0
   ],
   "em_f1_micro": [
      1.0,
      1.0,
      1.0,
      1.0,
      1.0,
      1.0,
      1.0,
      1.0,
      1.0,
      1.0
   ],
   "em_f1_macro": [
      1.0,
      1.0,
      1.0,
      1.0,
      1.0,
      1.0,
      1.0,
      1.0,
      1.0,
      1.0
   ],
   "em_f1_weighted": [
      1.0,
      1.0,
      1.0,
      1.0,
      1.0,
      1.0,
      1.0,
      1.0,
      1.0,
      1.0
   ]
}