{
   "worker_count": 30,
   "expertise_scores": [
      [
         0.8400435190159978,
         0.6089487056404534,
         0.8180539821617814,
         0.7523030434815035,
         0.6638495670635162,
         0.638710161186061,
         0.6071368619489527,
         0.6393089498990425,
         0.9272747411693443,
         0.9607303734436382,
         0.6481153915118386,
         0.8772146678803112,
         0.8532455445372249,
         0.9443838108355479,
         0.5521386898520585,
         0.5514936341141267,
         0.8341628009589592,
         0.6334166383465474,
         0.8365572753723227,
         0.8144228152426327,
         0.6887033001106594,
         0.7721135878531278,
         0.5229789611465363,
         0.8542385349069417,
         0.5220130448480802,
         0.8729878888814995,
         0.7040866404474202,
         0.9510296266691297,
         0.6832200004204987,
         0.6785084949511978
      ],
      [
         0.6450591612786606,
         0.7348374953625102,
         0.5900117853212435,
         0.6297296589155668,
         0.7292237573992504,
         0.7775812384730454,
         0.6771937423997861,
         0.6602866729222656,
         0.7347811413956291,
         0.6746528552444445,
         0.9197964338996792,
         0.617144941703478,
         0.8770340713540479,
         0.8919584085697165,
         0.5616660214945114,
         0.9043036301477706,
         0.5584646139600141,
         0.5945498936339718,
         0.8428109510019981,
         0.8866809371568647,
         0.7994945816435586,
         0.9339598878874884,
         0.8625163564583226,
         0.6164931778855895,
         0.9274524459546716,
         0.9638947555896651,
         0.5856559213961373,
         0.9240028520387751,
         0.7987099460839158,
         0.9098826006937205
      ],
      [
         0.6258013786997727,
         0.9749328053684665,
         0.7403327154065991,
         0.8815832271383364,
         0.536019384134315,
         0.6020933226614712,
         0.8475832183992544,
         0.6749651122878104,
         0.9450650684743915,
         0.5465092881099824,
         0.7051386702362401,
         0.531231439693814,
         0.5851950376061699,
         0.9322985292276174,
         0.5390670120345756,
         0.9479182170828111,
         0.7415630650843678,
         0.7903646137309004,
         0.8802902453679063,
         0.9192042195295063,
         0.6630499774025502,
         0.5463844064357641,
         0.76354204880445,
         0.9112263873368989,
         0.6877794328595629,
         0.521569547674524,
         0.8875970824151149,
         0.7075091021322155,
         0.890697859281385,
         0.7708210538565314
      ],
      [
         0.5854605499756649,
         0.5103765546698459,
         0.9461014201132891,
         0.7206526658515697,
         0.5658381650106786,
         0.980829179542636,
         0.9787432719162414,
         0.5313430450964974,
         0.9738909698123402,
         0.6098590235273538,
         0.5986899888838912,
         0.6398214655490201,
         0.525542414486648,
         0.5920719899413699,
         0.6729185276202183,
         0.55271033085262,
         0.6629835516430385,
         0.9633818949703205,
         0.9304064855090024,
         0.8379629153407471,
         0.9790000735374154,
         0.6221988434857963,
         0.7226787872930569,
         0.8919061428377003,
         0.5212057503040906,
         0.7116492266083596,
         0.5850038812944691,
         0.912397044217631,
         0.6258403800490377,
         0.6292388853609024
      ],
      [
         0.9319754629908101,
         0.5926337071989762,
         0.5119313464557995,
         0.7642595931055575,
         0.6975008682580814,
         0.9713933122889327,
         0.7672760514227568,
         0.9631005605483068,
         0.8068055137977677,
         0.9802775278952718,
         0.8173386041403836,
         0.8465671000325456,
         0.5785698714332361,
         0.7295321599500918,
         0.7971321316750498,
         0.8369827587077714,
         0.5574790295275703,
         0.9862668770851383,
         0.8524557097693564,
         0.7982354560330169,
         0.5324510247980754,
         0.7482476363648844,
         0.5563170596941942,
         0.6903855197513659,
         0.7978003732687307,
         0.6522075833957365,
         0.7232427819690451,
         0.5302910988976789,
         0.8794762667918612,
         0.8203272169659098
      ],
      [
         0.9025489713545662,
         0.8086331512696039,
         0.86745745333123,
         0.8791456990662467,
         0.9156501715769243,
         0.9597629877995568,
         0.9894140573406682,
         0.6714634305835828,
         0.8102422907522915,
         0.6674613483091273,
         0.9607141296401825,
         0.904364671534979,
         0.524127188908753,
         0.5661761101598424,
         0.9003352535021634,
         0.6248907766971535,
         0.7407896004948351,
         0.541458063791834,
         0.6564773885701519,
         0.9123825267496721,
         0.5430405047767748,
         0.746995248914511,
         0.5315815220738107,
         0.5995999707809438,
         0.9763846013872063,
         0.5275788950624801,
         0.744590949425224,
         0.6793920850749046,
         0.9575524160130828,
         0.7678455792301975
      ],
      [
         0.6720467605155653,
         0.9348508111635634,
         0.8251128389226832,
         0.7323109446641314,
         0.6861073198553158,
         0.5834162922384792,
         0.722128182328507,
         0.8812897180226806,
         0.7492435278213573,
         0.7193858266361737,
         0.8429510640810931,
         0.5432848199260205,
         0.9179447050466405,
         0.8135654148285336,
         0.7944470014991257,
         0.9417146753990143,
         0.87942768097683,
         0.5152444489674239,
         0.6569108950948804,
         0.6475014817437423,
         0.9025011476928129,
         0.9082425517358175,
         0.7312514325235515,
         0.8457517714221814,
         0.8301833238952403,
         0.8196456610870175,
         0.877692679701596,
         0.659668234893171,
         0.9413560078256871,
         0.9702360469784125
      ],
      [
         0.9269749953603785,
         0.8853077245393712,
         0.6598329334648182,
         0.6823403849239996,
         0.7288316942401644,
         0.9819428744664687,
         0.6048280420429977,
         0.574862100624322,
         0.5606663683934565,
         0.9792524779135966,
         0.597315621979979,
         0.8002094275600573,
         0.7912929904129291,
         0.6494798370695007,
         0.6079653980310102,
         0.5305012999716915,
         0.8310095950573161,
         0.6357917792242576,
         0.6641897659518962,
         0.5806180715060599,
         0.7113131180412947,
         0.7391600695618724,
         0.9885552308412904,
         0.6468403530623523,
         0.7008787354923239,
         0.7109568038312601,
         0.6761152349682179,
         0.7944711272236025,
         0.8953495982881953,
         0.9711233564076831
      ],
      [
         0.9280116260842619,
         0.9674204126321267,
         0.5462099005533532,
         0.6508606262081189,
         0.8510853178489359,
         0.7813147826691489,
         0.6311931844719401,
         0.9622932843636813,
         0.7313620105563406,
         0.7928932064730467,
         0.561288391452256,
         0.8709258733569994,
         0.5804938550974539,
         0.840191076149544,
         0.961211059272576,
         0.6066113697098631,
         0.8177422367015375,
         0.8223919250379392,
         0.8850050217735954,
         0.7058242901327629,
         0.8704510310887612,
         0.5664888833181703,
         0.7491923614669932,
         0.8341639653762226,
         0.9868098118714328,
         0.8167053562879039,
         0.9107313698408218,
         0.5362198058802253,
         0.5348500468298059,
         0.7299573657089877
      ],
