{
   "worker_count": 10,
   "expertise_scores": [
      [
         0.80624921904149,
         0.620470452433998,
         0.947577895228228,
         0.5593909746735154,
         0.8970392384960129,
         0.8860602394739446,
         0.837803906873766,
         0.5878307704747583,
         0.9795035219624015,
         0.7072153364986595
      ],
      [
         0.7462383630262156,
         0.5323194119977964,
         0.8973654977758716,
         0.780501578003646,
         0.7394538470563968,
         0.5142856299590164,
         0.984885500732557,
         0.8005787525631712,
         0.6857031116236265,
         0.6154882800079509
      ],
      [
         0.5950942666221215,
         0.8083046157039904,
         0.8945654358244248,
         0.5527063980855049,
         0.6918774113209752,
         0.6700009182680146,
         0.7357478516753626,
         0.6393248026466682,
         0.6270709688767656,
         0.9019776562720199
      ],
      [
         0.6106394939205703,
         0.6239083565924886,
         0.6679698477784753,
         0.8639486718987356,
         0.6773539429534436,
         0.7538858400933175,
         0.531251610860032,
         0.7137046058790636,
         0.8350945706897449,
         0.8746607398452733
      ],
      [
         0.6450373886052747,
         0.8889559908432618,
         0.6012433739875859,
         0.7526285264671666,
         0.5458719137491835,
         0.5379799678097533,
         0.7848501115021839,
         0.910149418129853,
         0.7347806355622158,
         0.9730897614713973
      ],
      [
         0.6955129471616347,
         0.7204386957371505,
         0.9564505841927056,
         0.7375053397373235,
         0.7297938446423885,
         0.7312235884800774,
         0.9596788467293048,
         0.6927401452894006,
         0.9063557740648782,
         0.5800840007525158
      ],
      [
         0.5694254090538096,
         0.8337464486212334,
         0.5287862696299227,
         0.8572247225391554,
         0.9114650657688315,
         0.7610589635034011,
         0.6492547704572997,
         0.5278645087811895,
         0.529966593101017,
         0.7019465198541582
      ],
      [
         0.8397100083017404,
         0.9097330209854873,
         0.9816449501413123,
         0.9776538370268784,
         0.8498384833789774,
         0.7917511585740822,
         0.877421846527147,
         0.9778664763638221,
         0.9236650214006279,
         0.5944304115034231
      ],
      [
         0.9289291589991215,
         0.6106616895400722,
         0.6426250747831384,
         0.8502733148602007,
         0.829581168863056,
         0.5137100121602142,
         0.836965831891181,
         0.5752343144554193,
         0.9850573698876737,
         0.5922827875025872
      ],
      [
         0.774802494246656,
         0.8203384811935079,
         0.8489590796272544,
         0.5152037766228348,
         0.8570431691526182,
         0.6137815784945843,
         0.969101028764032,
         0.6163046840357624,
         0.6582316652535912,
         0.7838255139963851
      ]
   ],
   "mv_f1_micro": [
      1.0,
      0.996,
      0.984,
      0.994,
      0.998,
      0.998,
      0.984,
      1.0,
      0.994,
      1.0
   ],
   "mv_f1_macro": [
      1.0,
      0.995950394634605,
      0.9838950952976688,
      0.9937710992109269,
      0.99805784052608,
      0.9978596302482942,
      0.9842305841910838,
      1.0,
      0.9935854103128332,
      1.0
   ],
   "mv_f1_weighted": [
      1.0,
      0.9959914018729807,
      0.9839856156243377,
      0.9940034076048762,
      0.9979998585806209,
      0.9979988675292318,
      0.9840378626817828,
      1.0,
      0.9940273902233148,
      1.0
   ],
   "ct_f1_micro": [
      1.0,
      0.998,
      0.988,
      0.996,
      0.998,
      0.998,
      0.994,
      1.0,
      1.0,
      1.0
   ],
   "ct_f1_macro": [
      1.0,
      0.997873471557682,
      0.9879357038401503,
      0.9957230133548951,
      0.99805784052608,
      0.9978596302482942,
      0.9937915702998487,
      1.0,
      1.0,
      1.0
   ],
   "ct_f1_weighted": [
      1.0,
      0.9980010632642212,
      0.9879699200650921,
      0.9960134987877047,
      0.9979998585806209,
      0.9979988675292318,
      0.9939902919353719,
      1.0,
      1.0,
      1.0
   ],
   "em_f1_micro": [
      1.0,
      1.0,
      0.984,
      0.994,
      1.0,
      0.998,
      0.992,
      1.0,
      0.998,
      1.0
   ],
   "em_f1_macro": [
      1.0,
      1.0,
      0.9838947904557575,
      0.9937710992109269,
      1.0,
      0.9978596302482942,
      0.9918587455034557,
      1.0,
      0.9980582066690232,
      1.0
   ],
   "em_f1_weighted": [
      1.0,
      1.0,
      0.9839759101888403,
      0.9940034076048762,
      1.0,
      0.9979988675292318,
      0.9919998585806209,
      1.0,
      0.9980000471309061,
      1.0
   ]
}