{
   "worker_count": 5,
   "expertise_scores": [
      [
         0.7884607596819232,
         0.7829317952643297,
         0.8021043432415388,
         0.6849117778015104,
         0.613679892508701
      ],
      [
         0.9578267852555418,
         0.6183743380293569,
         0.9372279694263908,
         0.5497170028857029,
         0.8109839277427529
      ],
      [
         0.9806324941318412,
         0.6959798673725961,
         0.5126933085820539,
         0.9444284250075083,
         0.9651151939657423
      ],
      [
         0.5989868933159762,
         0.6347096807511811,
         0.8214431835129243,
         0.6308767372235973,
         0.6937711348829376
      ],
      [
         0.7598564144290069,
         0.7016809132750049,
         0.5622210991333725,
         0.8430141663201736,
         0.8963466929307486
      ],
      [
         0.524853539731949,
         0.9694615931460223,
         0.8084656871021213,
         0.7387058719876001,
         0.7881071144729263
      ],
      [
         0.9708794108980571,
         0.5681708333603136,
         0.8323913976667145,
         0.8631473344235969,
         0.7015677452097815
      ],
      [
         0.9450370806986912,
         0.6986696101368752,
         0.5639213110309043,
         0.8292263768486251,
         0.8292564922707716
      ],
      [
         0.9744734826006693,
         0.579770435392451,
         0.5460298256023274,
         0.9335905646832521,
         0.9537202769444578
      ],
      [
         0.9890285728411727,
         0.7386943292178548,
         0.8822347096829688,
         0.5806494478548991,
         0.9238737492880751
      ]
   ],
   "mv_f1_micro": [
      0.9500000000000001,
      0.99,
      0.99,
      0.91,
      0.946,
      0.966,
      0.988,
      0.974,
      0.994,
      0.988
   ],
   "mv_f1_macro": [
      0.9492556086458143,
      0.9899352519153254,
      0.9895151952615617,
      0.9086627337168413,
      0.9461407345518069,
      0.9651403950854067,
      0.9878092624580919,
      0.9739146414626795,
      0.9942099326042909,
      0.9877551944995346
   ],
   "mv_f1_weighted": [
      0.9500261033812285,
      0.9900138282731898,
      0.9899804474069586,
      0.9102009921670896,
      0.9460536259263347,
      0.9659458687424124,
      0.9880160649458307,
      0.9739816579608255,
      0.9939990659443303,
      0.9879822917657342
   ],
   "ct_f1_micro": [
      0.952,
      0.994,
      0.994,
      0.934,
      0.966,
      0.978,
      0.992,
      0.992,
      0.996,
      0.998
   ],
   "ct_f1_macro": [
      0.9519020881848583,
      0.99377188671811,
      0.9935602187878281,
      0.9335535578607941,
      0.9662449194215477,
      0.9777881334718007,
      0.9920570706108549,
      0.9923443223443223,
      0.9961437896526226,
      0.9980859491265426
   ],
   "ct_f1_weighted": [
      0.9519035967659951,
      0.9940038383382253,
      0.9939871265694905,
      0.93395150540233,
      0.9660364026391973,
      0.9779339010679194,
      0.99198136298992,
      0.992,
      0.9959997669992392,
      0.9979999084186185
   ],
   "em_f1_micro": [
      0.954,
      0.99,
      0.996,
      0.902,
      0.968,
      0.976,
      0.994,
      0.992,
      0.996,
      0.998
   ],
   "em_f1_macro": [
      0.9539775366302663,
      0.9900864440888423,
      0.9959548683435322,
      0.9013634775365358,
      0.9686490422975945,
      0.9753217832851574,
      0.9940086013036282,
      0.9919049062031572,
      0.9961437896526226,
      0.9980859491265426
   ],
   "em_f1_weighted": [
      0.9540451939930834,
      0.9899617587021251,
      0.996008345770289,
      0.9020335605955974,
      0.9680919110205066,
      0.9758569631626235,
      0.9940011103951273,
      0.9919997252558554,
      0.9959997669992392,
      0.9979999084186185
   ]
}