{
   "worker_count": 13,
   "expertise_scores": [
      [
         0.8976964570473825,
         0.783163255964572,
         0.7094856359156009,
         0.7572842305509966,
         0.5369789924825871,
         0.5802311771091164,
         0.6659625582557608,
         0.7776086072288815,
         0.7419992345642233,
         0.5825352913224379,
         0.5981904512165468,
         0.6658323968943571,
         0.9533344448142953
      ],
      [
         0.7031757519532567,
         0.9107572163643622,
         0.7325079861863047,
         0.8249737628657424,
         0.989191961652875,
         0.9253519885789065,
         0.6309991167227251,
         0.5728633001517808,
         0.9748209706428748,
         0.8750687394013787,
         0.9218926853328848,
         0.9872190900651442,
         0.6151720738637454
      ],
      [
         0.7477193076360648,
         0.5580107250094645,
         0.7142198796290752,
         0.6982602873327284,
         0.7447545339680612,
         0.6725855469984399,
         0.8300242395792159,
         0.9219535598427808,
         0.920672187346742,
         0.7282702773142491,
         0.7848692873388897,
         0.7994297248826348,
         0.592845851338066
      ],
      [
         0.9425783562951204,
         0.8916003657162744,
         0.8300657330503332,
         0.8779799070482219,
         0.820887831352046,
         0.6371636596329249,
         0.8218739146305203,
         0.5641915321207517,
         0.8020503721502084,
         0.8882394341407566,
         0.6175924791043318,
         0.5952029999987936,
         0.7133619146554815
      ],
      [
         0.7355575747481049,
         0.5314704872884024,
         0.7475366632479183,
         0.9067889463722187,
         0.7718254745679258,
         0.8836232180840355,
         0.9476142071539659,
         0.681055658885923,
         0.7842858550072254,
         0.5953146743284032,
         0.7606287338654034,
         0.7845984938500475,
         0.7584217295882102
      ],
      [
         0.6968986159111674,
         0.7245000890988925,
         0.7176270125740146,
         0.517732938247299,
         0.6202202300748219,
         0.7696378317041597,
         0.55917605493781,
         0.8730424991807926,
         0.7135294316341391,
         0.68767106492024,
         0.8230245763597734,
         0.8581992275759391,
         0.6166194565251817
      ],
      [
         0.6461788509304551,
         0.6187206792774813,
         0.8823512207326604,
         0.7649179018194696,
         0.7490982330097333,
         0.5915581614148856,
         0.8408391947153051,
         0.6070133060798247,
         0.7091413823963644,
         0.883727208263638,
         0.9262989982697586,
         0.5737419206241108,
         0.580076802010034
      ],
      [
         0.9209812598607976,
         0.5699955317733827,
         0.5981922832160137,
         0.942714235441301,
         0.9818016082889135,
         0.5301505244254201,
         0.7076228815645326,
         0.6109897075695633,
         0.9505022703173824,
         0.5393455749155526,
         0.6112108076721771,
         0.923601951405334,
         0.9323259763292279
      ],
      [
         0.7068570188644736,
         0.8917670096297527,
         0.8756342303153715,
         0.8668077086240416,
         0.6196744065329071,
         0.5420242420463406,
         0.915776626182752,
         0.9326743974028477,
         0.9022593106061527,
         0.5177653914990719,
         0.6000475476289169,
         0.5801581079080067,
         0.5783569012849188
      ],
      [
         0.641335051501129,
         0.7985675384448617,
         0.6167354970985996,
         0.6631134644669089,
         0.8100780576361198,
         0.8977257855661872,
         0.5844054664941789,
         0.9789027628664184,
         0.7783682120792164,
         0.8314730139677071,
         0.851889251369654,
         0.5649945102263932,
         0.6387216668138185
      ]
   ],
   "mv_f1_micro": [
      0.996,
      1.0,
      1.0,
      1.0,
      1.0,
      0.994,
      1.0,
      1.0,
      1.0,
      1.0
   ],
   "mv_f1_macro": [
      0.9959317239848666,
      1.0,
      1.0,
      1.0,
      1.0,
      0.9935921307972124,
      1.0,
      1.0,
      1.0,
      1.0
   ],
   "mv_f1_weighted": [
      0.9959912151664834,
      1.0,
      1.0,
      1.0,
      1.0,
      0.9940126177512748,
      1.0,
      1.0,
      1.0,
      1.0
   ],
   "ct_f1_micro": [
      0.998,
      1.0,
      1.0,
      1.0,
      1.0,
      0.996,
      1.0,
      1.0,
      1.0,
      1.0
   ],
   "ct_f1_macro": [
      0.9978642257818459,
      1.0,
      1.0,
      1.0,
      1.0,
      0.9957048993496095,
      1.0,
      1.0,
      1.0,
      1.0
   ],
   "ct_f1_weighted": [
      0.9980010170353419,
      1.0,
      1.0,
      1.0,
      1.0,
      0.9959998585806209,
      1.0,
      1.0,
      1.0,
      1.0
   ],
   "em_f1_micro": [
      1.0,
      1.0,
      1.0,
      1.0,
      1.0,
      0.992,
      1.0,
      1.0,
      1.0,
      1.0
   ],
   "em_f1_macro": [
      1.0,
      1.0,
      1.0,
      1.0,
      1.0,
      0.9916503845834846,
      1.0,
      1.0,
      1.0,
      1.0
   ],
   "em_f1_weighted": [
      1.0,
      1.0,
      1.0,
      1.0,
      1.0,
      0.9920127129417747,
      1.0,
      1.0,
      1.0,
      1.0
   ]
}