{
   "worker_count": 3,
   "expertise_scores": [
      [
         0.734080504289276,
         0.5232548693332648,
         0.5947768956729146
      ],
      [
         0.8424931949659171,
         0.728148442704644,
         0.5447614770850828
      ],
      [
         0.9810508058175968,
         0.8459539575548395,
         0.5630268913585962
      ],
      [
         0.7480996922424891,
         0.7257533598996369,
         0.5946205825780665
      ],
      [
         0.6217883365187528,
         0.9814335287254771,
         0.5476452378009757
      ],
      [
         0.7253444825799777,
         0.9696354661019599,
         0.740626945221778
      ],
      [
         0.8825242095122742,
         0.5580772653349518,
         0.6912662807174278
      ],
      [
         0.9154514422260804,
         0.7048688266003569,
         0.7419239027934913
      ],
      [
         0.5619809131442641,
         0.6209403637839358,
         0.6298899818035192
      ],
      [
         0.6500079161419455,
         0.7348262560081766,
         0.6159461481685788
      ]
   ],
   "mv_f1_micro": [
      0.732,
      0.858,
      0.944,
      0.828,
      0.868,
      0.926,
      0.8619999999999999,
      0.912,
      0.726,
      0.8000000000000002
   ],
   "mv_f1_macro": [
      0.7336205808844232,
      0.8579750968776854,
      0.9442079582821108,
      0.8281258701235765,
      0.8681863540683503,
      0.9250974147264838,
      0.8618344646816883,
      0.9113656856417341,
      0.7254130552141262,
      0.7990547905065265
   ],
   "mv_f1_weighted": [
      0.7318405196358283,
      0.8580803237996368,
      0.9440233053376271,
      0.8280202591236262,
      0.8676825176787056,
      0.9257151528493746,
      0.8620624780708533,
      0.9117715993119785,
      0.7250912614587964,
      0.8000081961733817
   ],
   "ct_f1_micro": [
      0.7699999999999999,
      0.874,
      0.968,
      0.842,
      0.946,
      0.97,
      0.904,
      0.928,
      0.714,
      0.816
   ],
   "ct_f1_macro": [
      0.7689601714450262,
      0.8728414073308892,
      0.9677827570216205,
      0.842242336417328,
      0.946049633743535,
      0.9703081671893979,
      0.9036503517293168,
      0.9275081239776324,
      0.7127623554274525,
      0.8168354398289459
   ],
   "ct_f1_weighted": [
      0.7698751653386536,
      0.8738456012585334,
      0.9680465841441144,
      0.8425430347079826,
      0.9459401056316785,
      0.9700704713576735,
      0.9039185155252418,
      0.9283201662401686,
      0.7129721234762549,
      0.8161793868164581
   ],
   "em_f1_micro": [
      0.766,
      0.854,
      0.966,
      0.8399999999999999,
      0.952,
      0.962,
      0.886,
      0.922,
      0.688,
      0.7699999999999999
   ],
   "em_f1_macro": [
      0.7662861280022997,
      0.8528813146102678,
      0.9659111283404759,
      0.8398171845721999,
      0.9510220481273113,
      0.9621238988954517,
      0.88584379586487,
      0.9217247584486955,
      0.6881622196573653,
      0.7721696112080721
   ],
   "em_f1_weighted": [
      0.7661839373192508,
      0.853706112381754,
      0.9660721017759817,
      0.8404696934664565,
      0.9515927169321907,
      0.9620303361829046,
      0.8860822150683977,
      0.9221441150870097,
      0.6871581602432089,
      0.7722730743550527
   ]
}