{
   "worker_count": 15,
   "expertise_scores": [
      [
         0.7603393469761328,
         0.8767773775876677,
         0.8729330883777184,
         0.8984228814626054,
         0.8021117892330711,
         0.7528651868374411,
         0.8568519415756721,
         0.7419940076634217,
         0.5393823881717872,
         0.9681541792908338,
         0.7717848624253858,
         0.6607864982442057,
         0.6508191042393783,
         0.8031116895013788,
         0.6295313915696426
      ],
      [
         0.7717813100148082,
         0.9533694386004274,
         0.8794318929551929,
         0.9359012618063085,
         0.9659619222263605,
         0.641341884706383,
         0.5977776666803896,
         0.9373398555996717,
         0.8982014134262968,
         0.5303852898382956,
         0.8682498501799635,
         0.5370383428339366,
         0.7614937413177588,
         0.5153785592974388,
         0.7962394270495512
      ],
      [
         0.5297002444081139,
         0.6022326763713423,
         0.8378547307069383,
         0.843247990995664,
         0.6185482103635287,
         0.6200999690790097,
         0.6183549068277803,
         0.6154190196580922,
         0.6198871863928087,
         0.5220004743026087,
         0.6755720396113785,
         0.9495054348565681,
         0.5291901760294444,
         0.6853380072175298,
         0.5453047699564825
      ],
      [
         0.8244319938851477,
         0.7198355382620596,
         0.6827943073867583,
         0.6783638513055068,
         0.5785333788348106,
         0.8211989067764076,
         0.570654179301748,
         0.9782864050689839,
         0.8116946288947979,
         0.8276665321059556,
         0.9322359200107595,
         0.8621139842153169,
         0.7744921553268971,
         0.6090981406233968,
         0.6759353283343477
      ],
      [
         0.6184495699352409,
         0.7085322046076982,
         0.6297123105385091,
         0.5339943984499005,
         0.9381367186858502,
         0.8788536388698184,
         0.8507650170070713,
         0.7385259969659259,
         0.6820359278239339,
         0.859632010798473,
         0.5162399637303834,
         0.850385401755512,
         0.5229379959696242,
         0.5705435717986953,
         0.6520953373169633
      ],
      [
         0.7991553887182115,
         0.8740065171408289,
         0.9637067409933342,
         0.735245424714939,
         0.8603295119672925,
         0.9325095857932115,
         0.9482047476611069,
         0.9277567391035313,
         0.5997727696984948,
         0.852921313582508,
         0.8407629767371703,
         0.9459919820528467,
         0.8654598962192042,
         0.6968485349587414,
         0.6361103369215381
      ],
      [
         0.5101647871850405,
         0.7584711949874621,
         0.788406889533378,
         0.6224640118209827,
         0.7555816345239394,
         0.5954166716386725,
         0.6772759220886527,
         0.9494978481495515,
         0.7334522967968515,
         0.8952923675477203,
         0.6781118362219752,
         0.7426563162826398,
         0.75166926413949,
         0.8662096200225055,
         0.8025516628243632
      ],
      [
         0.5550426420113175,
         0.6918220618620863,
         0.6579469078068754,
         0.5869886909283817,
         0.6939217262425186,
         0.6898726207326642,
         0.8658308870301039,
         0.560082661286215,
         0.8753612184338077,
         0.7314829531237764,
         0.6764815366658676,
         0.968124013930878,
         0.781101599290924,
         0.8030681052703617,
         0.8413552854349524
      ],
      [
         0.7887548435756335,
         0.7543798767511812,
         0.8204854799977008,
         0.6814392855875455,
         0.7596451131293226,
         0.7799497735812484,
         0.7105372982523792,
         0.5570532140636012,
         0.735308034366845,
         0.748795795103202,
         0.5909596222251763,
         0.6850548391869218,
         0.5108984906938483,
         0.6931110752001967,
         0.9752814667571209
      ],
      [
         0.9401560372965114,
         0.5529577565834525,
         0.9361911891757749,
         0.8345543614726313,
         0.8936217696150834,
         0.9848622732844441,
         0.7573984709957452,
         0.8677797209546055,
         0.9308543611483509,
         0.7566633094964005,
         0.7018400473920284,
         0.537269325050046,
         0.7658863643315582,
         0.8681454623359601,
         0.926063897458653
      ]
   ],
   "mv_f1_micro": [
      1.0,
      1.0,
      0.996,
      1.0,
      1.0,
      1.0,
      1.0,
      1.0,
      1.0,
      1.0
   ],
   "mv_f1_macro": [
      1.0,
      1.0,
      0.9961441557955657,
      1.0,
      1.0,
      1.0,
      1.0,
      1.0,
      1.0,
      1.0
   ],
   "mv_f1_weighted": [
      1.0,
      1.0,
      0.9959999555495246,
      1.0,
      1.0,
      1.0,
      1.0,
      1.0,
      1.0,
      1.0
   ],
   "ct_f1_micro": [
      1.0,
      1.0,
      0.998,
      1.0,
      1.0,
      1.0,
      1.0,
      1.0,
      1.0,
      1.0
   ],
   "ct_f1_macro": [
      1.0,
      1.0,
      0.9980582066690232,
      1.0,
      1.0,
      1.0,
      1.0,
      1.0,
      1.0,
      1.0
   ],
   "ct_f1_weighted": [
      1.0,
      1.0,
      0.9980000471309061,
      1.0,
      1.0,
      1.0,
      1.0,
      1.0,
      1.0,
      1.0
   ],
   "em_f1_micro": [
      1.0,
      1.0,
      0.998,
      1.0,
      1.0,
      1.0,
      1.0,
      1.0,
      1.0,
      1.0
   ],
   "em_f1_macro": [
      1.0,
      1.0,
      0.9980582066690232,
      1.0,
      1.0,
      1.0,
      1.0,
      1.0,
      1.0,
      1.0
   ],
   "em_f1_weighted": [
      1.0,
      1.0,
      0.9980000471309061,
      1.0,
      1.0,
      1.0,
      1.0,
      1.0,
      1.0,
      1.0
   ]
}