{
   "worker_count": 40,
   "expertise_scores": [
      [
         0.5685808537507892,
         0.6345687713628254,
         0.8092433622457177,
         0.565048272958438,
         0.8344177690757222,
         0.6914618817667854,
         0.6734433739397461,
         0.7962965338114467,
         0.8794305482838707,
         0.8757161586675835,
         0.8139082572466347,
         0.9682143771693318,
         0.9484893540232378,
         0.5219423083922912,
         0.7253693822285608,
         0.9741604999837989,
         0.8080755879922858,
         0.8049741617118592,
         0.8517751008985772,
         0.8213576323347038,
         0.5758478158714719,
         0.7946660867984436,
         0.6998919188471089,
         0.8089597934254564,
         0.9719760554011926,
         0.5606874961568126,
         0.9480891057457663,
         0.7464509399787114,
         0.9750820109355441,
         0.9375436622528319,
         0.5982994008724173,
         0.9727614539781926,
         0.6051243424935756,
         0.833135026023482,
         0.9744724416169681,
         0.6803009100936692,
         0.7567833888747377,
         0.8329014165936455,
         0.6500901835410854,
         0.7168917416659024
      ],
      [
         0.8147553462849295,
         0.9646840701669275,
         0.6423584094630088,
         0.8294184829061668,
         0.8027494704099641,
         0.55445154918296,
         0.7477332165811112,
         0.9897026724088025,
         0.8750972173042516,
         0.9555792853217872,
         0.5649107328042997,
         0.803227027288284,
         0.5607795624677497,
         0.8451680603738789,
         0.7119633114862571,
         0.79180796699188,
         0.896731357787473,
         0.9081509746532659,
         0.8238553781159708,
         0.9304359932240063,
         0.9321888043039221,
         0.7683955203094855,
         0.900786539521194,
         0.5376593186871784,
         0.8205299343571637,
         0.8409669313371368,
         0.5467848711634773,
         0.8545577389202539,
         0.9341253982441383,
         0.7422255047855097,
         0.9464725522257138,
         0.8379027852324614,
         0.9006400043464502,
         0.7996807735404243,
         0.559147976634323,
         0.7309325956666406,
         0.8482067283051331,
         0.8066574577480732,
         0.9159115321247269,
         0.8830636296856789
      ],
      [
         0.5237736917104586,
         0.582182880753874,
         0.9628477567700333,
         0.8394856305974243,
         0.7545574844723684,
         0.7679720138866444,
         0.8366798379869953,
         0.9190573851130333,
         0.8765218537921491,
         0.5852294325452803,
         0.8493385287529354,
         0.6510620780919567,
         0.9845770598398309,
         0.6021957624774007,
         0.9453642245555185,
         0.9715857414800408,
         0.8975962156871541,
         0.9564283491612542,
         0.7216772691258724,
         0.5297198077242398,
         0.9227112795300509,
         0.8304108992991952,
         0.8155064138585206,
         0.6764290609512563,
         0.5347519635276784,
         0.7505053617744963,
         0.802084852885973,
         0.6711368020143672,
         0.5258809189612803,
         0.9096499630706247,
         0.9881190406374247,
         0.7879774201981287,
         0.5143207554453874,
         0.6053774726924583,
         0.9738568428618535,
         0.5989913741762317,
         0.596212553612395,
         0.7691809613433234,
         0.9017508409340931,
         0.8574397513695585
      ],
      [
         0.810397147325278,
         0.9054057508564447,
         0.8174224568444943,
         0.8821905726539994,
         0.850167331506879,
         0.5679135610641192,
         0.6377677931703337,
         0.5648867659091023,
         0.9531812191638924,
         0.6641392198040111,
         0.6304654286211511,
         0.9677212618640827,
         0.5553957753257746,
         0.8409674211900722,
         0.834449371046116,
         0.7976137343463381,
         0.9213695212412424,
         0.904596170235056,
         0.5992608584897269,
         0.9158869841746323,
         0.7674921911119383,
         0.9865575592563862,
         0.6013802373705267,
         0.725335535074793,
         0.6705676475058848,
         0.5760428286642545,
         0.6126061360609718,
         0.6321331919777012,
         0.8940262243886536,
         0.5145522734488055,
         0.7826800858349069,
         0.811379960436014,
         0.6473624682863962,
         0.9629451194468615,
         0.9139618613808238,
         0.8247798917488096,
         0.8022956338411684,
         0.7900264089192219,
         0.7254353609520775,
         0.8693310227975827
      ],
      [
         0.6523103347718804,
         0.902830664573973,
         0.8994192997085981,
         0.54433399360151,
         0.5218019867861626,
         0.5833409524543712,
         0.8937377964798079,
         0.7045141683564338,
         0.7571578715906886,
         0.8169431893700313,
         0.9397314982263085,
         0.6430633623910262,
         0.7692561741482336,
         0.9647336355260434,
         0.9385730672307332,
         0.8412001888700154,
         0.9259430859929632,
         0.7237404239208672,
         0.6365657684686168,
         0.6983382170092054,
         0.9401159135211976,
         0.6348439512427997,
         0.608765850314295,
         0.5192523497917453,
         0.7040759626911539,
         0.6748913227514567,
         0.7313349922276928,
         0.6508390165708896,
         0.8750220299360791,
         0.8082307689195756,
         0.5638212561520626,
         0.7221563294673943,
         0.9395939883725483,
         0.8396338420403238,
         0.7124244665093937,
         0.603354769284102,
         0.5364013885581872,
         0.968291297032204,
         0.5484774109627177,
         0.8557109904150472
      ],
      [
         0.8733553482982906,
         0.8530051154719251,
         0.9834218760045436,
         0.8692474298885824,
         0.6077403542514889,
         0.6659612957272076,
         0.812383010387262,
         0.7131155906853209,
         0.9120018331842688,
         0.7736658526867202,
         0.6461123325621347,
         0.7648444722263092,
         0.5604118834120251,
         0.7981351954162794,
         0.8630442367677633,
         0.8904788541432456,
         0.81251971526104,
         0.8122019965985094,
         0.6995597577541088,
         0.6988700505773471,
         0.7714654428416692,
         0.5630952949146251,
         0.6250695421492732,
         0.5228567614920845,
         0.5923304477167456,
         0.7517979296335437,
         0.9084183930452925,
         0.72342946960887,
         0.7527293694308048,
         0.675215855319444,
         0.6207498931132067,
         0.9526374613321095,
         0.6600170277585296,
         0.7671373880318875,
         0.7068720262947605,
         0.7764307124181773,
         0.5902739756560234,
         0.5500840885897148,
         0.5680850570523133,
         0.7888349001602744
      ],
      [
         0.5564989639502259,
         0.7984690850005294,
         0.8013523785448833,
         0.6147005075106589,
         0.987823967970066,
         0.6564593369507021,
         0.8097408129234487,
         0.6332801059979563,
         0.8691057080426122,
         0.8252749631536271,
         0.794596241023465,
         0.9847535205239009,
         0.8596741194060957,
         0.5777064854139653,
         0.8518994116849369,
         0.7872018468721036,
         0.7481399630515231,
         0.6446840262498974,
         0.5731699220831684,
         0.9700394900028573,
         0.6529525024089262,
         0.5460422408468569,
         0.8958715012081029,
         0.8614185598443078,
         0.8604379375915008,
         0.687146621736203,
         0.8426656755116086,
         0.6483267685885208,
         0.8835914220808576,
         0.9795416072416554,
         0.9679788047942821,
