{
   "worker_count": 20,
   "expertise_scores": [
      [
         0.7339896643394623,
         0.6307662091473748,
         0.9552388255826887,
         0.7646907224904542,
         0.8215969677684515,
         0.5628408201677324,
         0.58849226639339,
         0.6942626288420027,
         0.896844147129777,
         0.6638780299681558,
         0.8897703986564376,
         0.7943141150002118,
         0.7497304392273683,
         0.9231123661292904,
         0.8215680938516461,
         0.690344120912675,
         0.755973074108325,
         0.5381302515585998,
         0.8819009452789326,
         0.8697531688792042
      ],
      [
         0.5284564873814894,
         0.5625605200621445,
         0.6825448110178859,
         0.7632977055787227,
         0.8243543433892988,
         0.957151268747525,
         0.5341358449997765,
         0.795288352161843,
         0.5134243820696229,
         0.7416911599086158,
         0.5505625172703067,
         0.7563574357714641,
         0.7783703124703296,
         0.5614052847455155,
         0.9047904863201024,
         0.8246926081196585,
         0.5919663227870778,
         0.9488663957016082,
         0.9053222565281117,
         0.8872046476818425
      ],
      [
         0.5313201904558895,
         0.650407168523319,
         0.5818438779374442,
         0.9256484289263271,
         0.8872884715022773,
         0.6183632747815748,
         0.8438841288518,
         0.969473213730107,
         0.8157930404475466,
         0.7590602828621708,
         0.6879577768616802,
         0.5244376162489065,
         0.5877011756040263,
         0.8880229819615504,
         0.5515575754805546,
         0.6731175311508976,
         0.940936200823288,
         0.7352988505990755,
         0.5856068156929931,
         0.5882375209517391
      ],
      [
         0.898021446364005,
         0.9374369341470163,
         0.8357349058586133,
         0.5329624958909056,
         0.9811682332800546,
         0.8852501918409013,
         0.7588212885588314,
         0.951952045404785,
         0.8045543240319977,
         0.9852049836788881,
         0.7943360235700907,
         0.8712317615595404,
         0.6424971458024407,
         0.5739013803866386,
         0.6704514894216403,
         0.6506734616836791,
         0.9489512523476404,
         0.5665256135872914,
         0.6254212335519871,
         0.8013623110138406
      ],
      [
         0.638656601207947,
         0.5397196068445418,
         0.879281000903663,
         0.6617192738101848,
         0.5722598918757671,
         0.5700496821544201,
         0.6714665419196651,
         0.8014556542261929,
         0.5763002042097478,
         0.5839242595131636,
         0.9419910012738829,
         0.9533743156503826,
         0.5867792937810086,
         0.628848245619369,
         0.5321570908939482,
         0.7111429859436019,
         0.7310373150443785,
         0.9390731684666732,
         0.5544178285221311,
         0.7689774974384402
      ],
      [
         0.7846315999377795,
         0.5281710341791419,
         0.8434320173974182,
         0.8119106515139414,
         0.8721405244351483,
         0.7647982072364136,
         0.9416792897389457,
         0.8018622554577196,
         0.6246490471705933,
         0.9821994238407801,
         0.5466785122756301,
         0.5863437558995503,
         0.6259215167928392,
         0.5551022305599494,
         0.5212147719078698,
         0.5329868228748671,
         0.9242761111771981,
         0.552815628891674,
         0.5223026145638444,
         0.7933373619747542
      ],
      [
         0.5127243524325127,
         0.7129171454056341,
         0.6788534755034261,
         0.6629269838262053,
         0.6721214104549176,
         0.7370762168463008,
         0.8767830217115438,
         0.9604547599376031,
         0.5335822505892269,
         0.5773720457578871,
         0.5645985285856426,
         0.5941008359963065,
         0.5291047480957981,
         0.5240539238725703,
         0.5249639543018094,
         0.8193856453714643,
         0.5945581927899186,
         0.8397380548785254,
         0.7844963239531728,
         0.586204385360372
      ],
      [
         0.9829629035366332,
         0.7037435327312396,
         0.5321684168983574,
         0.5161422300904451,
         0.8110233160168132,
         0.864788883905924,
         0.9761648491931213,
         0.6668258064900389,
         0.5431234740116381,
         0.9220467017255801,
         0.73224854053136,
         0.8583793217157549,
         0.9664580915466174,
         0.8762433484215606,
         0.5685018118798283,
         0.8465012660117985,
         0.8824986422374175,
         0.6585344907766516,
         0.6488531762703539,
         0.8808020503809819
      ],
      [
         0.8213321216355844,
         0.9575125290547395,
         0.810899760865804,
         0.6005219923576087,
         0.5845722930462611,
         0.852696724287447,
         0.9175552477468176,
         0.6527967430319856,
         0.5627084405888181,
         0.9067974182218597,
         0.579016289486551,
         0.5404590442756918,
         0.9294755506744412,
         0.7624499809751475,
         0.6736848091653262,
         0.5749572913866055,
         0.767929773770887,
         0.5793612034136306,
         0.9542467482509366,
         0.9057702086041209
      ],
      [
         0.5438078216010845,
         0.7321815352100993,
         0.6846067447128807,
         0.7814003926775801,
         0.817166683809289,
         0.7521967081722742,
         0.8133270122022083,
         0.8833684653444691,
         0.5541085053191867,
         0.8421720651266811,
         0.8187849575259976,
         0.746928024607214,
         0.9251270979617715,
         0.9810369382758075,
         0.6779103524119235,
         0.593268347966799,
         0.784006664081293,
         0.9232500170253363,
         0.8880552120855858,
         0.7184569263402386
      ]
   ],
   "mv_f1_micro": [
      1.0,
      1.0,
      1.0,
      1.0,
      1.0,
      1.0,
      1.0,
      1.0,
      1.0,
      1.0
   ],
   "mv_f1_macro": [
      1.0,
      1.0,
      1.0,
      1.0,
      1.0,
      1.0,
      1.0,
      1.0,
      1.0,
      1.0
   ],
   "mv_f1_weighted": [
      1.0,
      1.0,
      1.0,
      1.0,
      1.0,
      1.0,
      1.0,
      1.0,
      1.0,
      1.0
   ],
   "ct_f1_micro": [
      1.0,
      1.0,
      1.0,
      1.0,
      1.0,
      1.0,
      1.0,
      1.0,
      1.0,
      1.0
   ],
   "ct_f1_macro": [
      1.0,
      1.0,
      1.0,
      1.0,
      1.0,
      1.0,
      1.0,
      1.0,
      1.0,
      1.0
   ],
   "ct_f1_weighted": [
      1.0,
      1.0,
      1.0,
      1.0,
      1.0,
      1.0,
      1.0,
      1.0,
      1.0,
      1.0
   ],
   "em_f1_micro": [
      1.0,
      1.0,
      1.0,
      1.0,
      1.0,
      1.0,
      1.0,
      1.0,
      1.0,
      1.0
   ],
   "em_f1_macro": [
      1.0,
      1.0,
      1.0,
      1.0,
      1.0,
      1.0,
      1.0,
      1.0,
      1.0,
      1.0
   ],
   "em_f1_weighted": [
      1.0,
      1.0,
      1.0,
      1.0,
      1.0,
      1.0,
      1.0,
      1.0,
      1.0,
      1.0
   ]
}