{
   "worker_count": 13,
   "expertise_scores": [
      [
         0.5481878192437664,
         0.4186034185752843,
         0.6180507882611853,
         0.34537335242280875,
         0.6852871408781279,
         0.7253328943429972,
         0.5045373726399908,
         0.6695062235384056,
         0.30542439567815427,
         0.5056742460398496,
         0.1030572848898173,
         0.7563538608146225,
         0.08972947486808622
      ],
      [
         0.32495988544577437,
         0.7923917421499505,
         0.6066835577627858,
         0.7473621739624553,
         0.28739438704624887,
         0.37552291040317193,
         0.18639233145184186,
         0.7834090985741344,
         0.23350948615865996,
         0.7337411476257396,
         0.7440885537577291,
         0.2698275821699248,
         0.28882467966589837
      ],
      [
         0.7715731685105025,
         0.13431429132677533,
         0.2979401906789689,
         0.23295387226154146,
         0.7671269695600847,
         0.44656037192605996,
         0.6201920066493699,
         0.6763668109959149,
         0.31152815283762636,
         0.5120877359704774,
         0.7694975306070224,
         0.22283157911652413,
         0.6324422300500423
      ],
      [
         0.7541950166524976,
         0.6819789235274408,
         0.20050589842570704,
         0.751634121419022,
         0.22325275880767553,
         0.4606571771439407,
         0.30661644171907954,
         0.7078158756309945,
         0.41818600259893557,
         0.14770531292792344,
         0.49260813846507945,
         0.31625065681047704,
         0.7009367942978034
      ],
      [
         0.7419656170454678,
         0.33123071186584846,
         0.39519910971670436,
         0.41602032555920065,
         0.5736322739295929,
         0.14012985066078787,
         0.48347070796087765,
         0.2695860993338962,
         0.35194453485857824,
         0.08570129886438639,
         0.4277111707231353,
         0.19294740103935554,
         0.17823887138572891
      ],
      [
         0.5786585748878378,
         0.30575064844658323,
         0.09605282606186868,
         0.2600537037856936,
         0.7883848846627757,
         0.1769139628416855,
         0.7883304118600652,
         0.468858953095971,
         0.5509036865601666,
         0.5329509908122941,
         0.6884165685882939,
         0.22484282591642868,
         0.7116550688534996
      ],
      [
         0.3516189900937821,
         0.5278904128628895,
         0.5788481758075765,
         0.2054075471149065,
         0.15938268634740946,
         0.6212200293999716,
         0.2876470021697774,
         0.34623764777936267,
         0.3642856554483648,
         0.3798554987533548,
         0.35945522553715886,
         0.3147071676047314,
         0.3687977288355561
      ],
      [
         0.18061487124870151,
         0.18980335977369156,
         0.36186947396207003,
         0.21882833449754652,
         0.3867212016034083,
         0.7354600592098515,
         0.5840696837296466,
         0.6487807273016599,
         0.44738727076304735,
         0.7358423619066025,
         0.7464046692438893,
         0.13093681801263032,
         0.31112079095456596
      ],
      [
         0.3337869089075512,
         0.5383251769959697,
         0.38052865780707895,
         0.7845725121555817,
         0.7859867637836322,
         0.47454218380037155,
         0.6008586547223854,
         0.3899823344704574,
         0.06362267528501404,
         0.27340406523191846,
         0.38171917896955,
         0.5982246179617665,
         0.23644672263029892
      ],
      [
         0.6168799770847903,
         0.2203494546895523,
         0.6400336345523586,
         0.15602199020997587,
         0.6734726603445969,
         0.5359970367495988,
         0.23650921521758034,
         0.5961864856557743,
         0.47848454607984636,
         0.338162198352182,
         0.6522593648934837,
         0.3551280962514171,
         0.5988944448901197
      ]
   ],
   "mv_f1_micro": [
      0.989010989010989,
      0.99000999000999,
      0.984015984015984,
      0.98001998001998,
      0.8841158841158842,
      0.9790209790209791,
      0.9050949050949051,
      0.972027972027972,
      0.97002997002997,
      0.975024975024975
   ],
   "mv_f1_macro": [
      0.9891774333144822,
      0.9899041473283864,
      0.9838463549233656,
      0.9793976210098925,
      0.8839181549189409,
      0.9789247751519885,
      0.9055488818959747,
      0.9720213401796923,
      0.9699605267262787,
      0.9750421767795877
   ],
   "mv_f1_weighted": [
      0.9890243739269083,
      0.9900529549641099,
      0.9839951291584378,
      0.9800183471641392,
      0.8843581979916821,
      0.9789890381249796,
      0.9051965569886342,
      0.9720209717771872,
      0.9700032892134881,
      0.9750901773214695
   ],
   "ct_f1_micro": [
      0.99000999000999,
      0.991008991008991,
      0.989010989010989,
      0.995004995004995,
      0.9120879120879121,
      0.989010989010989,
      0.9110889110889111,
      0.983016983016983,
      0.985014985014985,
      0.9760239760239761
   ],
   "ct_f1_macro": [
      0.9901368921066268,
      0.9910179294198631,
      0.9890312273343156,
      0.9948570137420116,
      0.9122453169866097,
      0.9889172436190969,
      0.9115004004183734,
      0.983134393532406,
      0.9849730544134795,
      0.9761502415542443
   ],
   "ct_f1_weighted": [
      0.990002263496108,
      0.9910312774675339,
      0.9890096702810114,
      0.9950149174341435,
      0.9121943853971834,
      0.98899492788722,
      0.9113739188181145,
      0.9830445226799167,
      0.9849834907012835,
      0.9759790124778489
   ],