{
   "worker_count": 18,
   "expertise_scores": [
      [
         0.6953561753401147,
         0.39816043690766717,
         0.2390622527133957,
         0.3589127671740071,
         0.3088575126820538,
         0.41750871140357826,
         0.26164959900661805,
         0.6593094607921518,
         0.7852395177180564,
         0.7181165870180556,
         0.4825752371629592,
         0.7648639231415107,
         0.6491384375405738,
         0.36215761735096164,
         0.715312323770703,
         0.44879742223862923,
         0.18615904140047412,
         0.5686811610640884
      ],
      [
         0.5899520900623714,
         0.15303848252149438,
         0.29684265817142275,
         0.6003001459268695,
         0.12505038002828334,
         0.06655910677079174,
         0.20009137828949675,
         0.4175030830645238,
         0.28442872459806123,
         0.5461569609173907,
         0.6493995100102808,
         0.43606487201607164,
         0.16762595449079115,
         0.48528051528550953,
         0.7561284373751959,
         0.5134746571078184,
         0.532924634057312,
         0.5099287740755812
      ],
      [
         0.09981701500150372,
         0.6293284094136663,
         0.6061460030351644,
         0.3434990081208161,
         0.24045088634168088,
         0.6659756966277368,
         0.278531854950812,
         0.34976501486152384,
         0.22014085757218876,
         0.7843155833715368,
         0.7119415602212,
         0.6603863137560327,
         0.7086254539766119,
         0.06590273579979619,
         0.6869677271384371,
         0.08910783538815349,
         0.14741577211133866,
         0.21907607178356303
      ],
      [
         0.29645964593799223,
         0.23201174931994656,
         0.28396662667354555,
         0.3952769910172736,
         0.4957852429847746,
         0.2131829970214773,
         0.7390982921595027,
         0.4063662572815059,
         0.453382236136391,
         0.18979207930990177,
         0.16037051956471565,
         0.6443707044898778,
         0.23633526044489284,
         0.4543156838594987,
         0.2194044117711509,
         0.4476710282524193,
         0.684010231791338,
         0.3633647986376118
      ],
      [
         0.7892170956614539,
         0.5942910949266286,
         0.27604354815130794,
         0.3407155004724569,
         0.5152831149294272,
         0.5676515025688275,
         0.7923451307170484,
         0.29458587879139414,
         0.3249242029944141,
         0.24544172171504375,
         0.4743310087845757,
         0.33269426358546256,
         0.06511303753597704,
         0.5835289235543869,
         0.27820698004191613,
         0.7164648626153297,
         0.6834568830179439,
         0.14997509753695193
      ],
      [
         0.46150466728824885,
         0.1980285998745237,
         0.2955682184338241,
         0.6088804255621284,
         0.6810870904756297,
         0.7464210071023626,
         0.3012630943727849,
         0.07938977564993045,
         0.38016326134346723,
         0.09255373970565342,
         0.515695249380523,
         0.7521315864172409,
         0.7379983319729948,
         0.24483687691117845,
         0.07613200590880918,
         0.4889755436375639,
         0.3005068017051829,
         0.08281175710999814
      ],
      [
         0.5829281596383653,
         0.386514759061314,
         0.24333864285387652,
         0.272654207932655,
         0.08517144702780852,
         0.2514187230960488,
         0.4937043963899773,
         0.1597107937039165,
         0.6658735000760406,
         0.34000533073006795,
         0.5993032737463694,
         0.7274110193510729,
         0.5838957091321305,
         0.6588029962985441,
         0.16733764360607012,
         0.1830913279445222,
         0.36378048289869497,
         0.29132467730395195
      ],
      [
         0.31899070871659096,
         0.6474875169589775,
         0.21678519515943284,
         0.7243280614481372,
         0.5114194754807747,
         0.2651566457635933,
         0.19899059681825548,
         0.5556447969475843,
         0.07488717505893659,
         0.47969766051116075,
         0.4220191438530477,
         0.20663578638613034,
         0.37321640417282426,
         0.16972307507708545,
         0.6794420057720469,
         0.5976345139968728,
         0.34952582233694474,
         0.21575444922188125
      ],
      [
         0.7932342508374267,
         0.13026006820509203,
         0.6195853819005647,
         0.37859104695338025,
         0.47014429533817226,
         0.5013923432886382,
         0.204001882301448,
         0.6137988674186391,
         0.1016108760728344,
         0.4518012895175559,
         0.3075413192389901,
         0.63191083057357,
         0.7810576019613419,
         0.2287002554441353,
         0.7319091261936856,
         0.3665033988971291,
         0.5052512955905525,
         0.7030145032880095
      ],
      [
         0.7866521971478434,
         0.19818119893248376,
         0.10796909408416705,
         0.18870053873172998,
         0.39561118837828646,
         0.2816530929444711,
         0.15886253487430949,
         0.1022064992148177,
         0.7299911434471521,
         0.5004344338730289,
         0.48548514343670945,
         0.08483151509590958,
         0.4203899190869175,
         0.20068457777041865,
         0.07748795176716199,
         0.7525042368071965,
         0.3908811921138458,
         0.5844684311965088
      ]
   ],
   "mv_f1_micro": [
      0.998001998001998,
      0.9790209790209791,
      0.991008991008991,
      0.9630369630369631,
      0.993006993006993,
      0.985014985014985,
      0.9820179820179821,
      0.968031968031968,
      0.997002997002997,
      0.9600399600399601
   ],
   "mv_f1_macro": [
      0.9980391626777773,
      0.9790242719239161,
      0.9909811321412498,
      0.9625137042878943,
      0.9931001393196366,
      0.9849618010730846,
      0.9821726712803153,
      0.9679972759808121,
      0.997065716938773,
      0.9597424104028032
   ],
   "mv_f1_weighted": [
      0.9980019439873455,
      0.9789649756055548,
      0.9909944361174723,
      0.9629392237672632,
      0.9929991067976167,
      0.9849925454744518,
      0.9820357369944954,
      0.9679048678733567,
      0.9970100212562925,
      0.9600285930289678
   ],
   "ct_f1_micro": [
      0.999000999000999,
      0.981018981018981,
      0.997002997002997,
      0.9820179820179821,
      0.997002997002997,
      0.991008991008991,
      0.9820179820179821,
      0.974025974025974,
      0.999000999000999,
      0.978021978021978
   ],
   "ct_f1_macro": [
      0.9990195548346399,
      0.9812172343133692,
      0.997044029375954,
      0.9820242067555134,
      0.9970440823844513,
      0.991021879491079,
      0.9819018245961755,
      0.9738600836410265,
      0.9990195548346399,
      0.9779799824623513
   ],
   "ct_f1_weighted": [
      0.9990009449863465,
      0.9810632937637082,
      0.9970029446128453,
      0.9819750945349974,
      0.9970101785329529,
      0.9910005463879434,
      0.9820341526163661,
      0.9740309168442413,
      0.9990009449863465,
      0.9780097348265508
   ],