{
   "worker_count": 5,
   "expertise_scores": [
      [
         0.6606167034829462,
         0.17125162483609274,
         0.2253139853559935,
         0.12333905158680922,
         0.25106750869519945
      ],
      [
         0.08799067739823543,
         0.48129349736377247,
         0.11898146744480818,
         0.722589625746622,
         0.7428099997279344
      ],
      [
         0.7395944335702226,
         0.7833266884408598,
         0.37147430950583726,
         0.37297050891547234,
         0.29449545379209624
      ],
      [
         0.6081060409779874,
         0.271097572791761,
         0.133975779139935,
         0.270985780245343,
         0.09733655043028058
      ],
      [
         0.21765488756101714,
         0.1281889620137907,
         0.17997122127220105,
         0.7138990162700817,
         0.542930735170368
      ],
      [
         0.14870091550177544,
         0.5017212294316753,
         0.5785434520233015,
         0.20250073482178682,
         0.2734148767478635
      ],
      [
         0.3589026050963407,
         0.6922216078971164,
         0.4305373311508213,
         0.23600680037806954,
         0.6587933751193767
      ],
      [
         0.12143816962255297,
         0.471995912860348,
         0.27680296548848826,
         0.5900531266338072,
         0.5765042519313501
      ],
      [
         0.27600403412374414,
         0.1669917817366139,
         0.5097937236257919,
         0.7449205670475301,
         0.5300757026340583
      ],
      [
         0.7562513214080909,
         0.5559322098029111,
         0.3713079561767196,
         0.268649410981347,
         0.6571421033504411
      ]
   ],
   "mv_f1_micro": [
      0.4485514485514486,
      0.7632367632367631,
      0.8461538461538461,
      0.44755244755244755,
      0.5994005994005994,
      0.5754245754245755,
      0.7882117882117881,
      0.6803196803196803,
      0.7452547452547452,
      0.847152847152847
   ],
   "mv_f1_macro": [
      0.4479415376613866,
      0.762473805554207,
      0.8455403590923571,
      0.44690219093331407,
      0.5983498802879137,
      0.5747344307222818,
      0.7874335527750045,
      0.6793715382424858,
      0.7441041658210008,
      0.8479836208338281
   ],
   "mv_f1_weighted": [
      0.44785932462875405,
      0.7632763279275047,
      0.845836254150368,
      0.44711069407798754,
      0.5990348693751985,
      0.5756896046413046,
      0.7879467957265532,
      0.679750911312428,
      0.7452817719969245,
      0.8471014814549165
   ],
   "ct_f1_micro": [
      0.6223776223776224,
      0.8171828171828172,
      0.8741258741258742,
      0.6123876123876124,
      0.7402597402597403,
      0.6543456543456544,
      0.8151848151848152,
      0.7222777222777224,
      0.8071928071928073,
      0.8771228771228772
   ],
   "ct_f1_macro": [
      0.6217608957814352,
      0.8170132297426534,
      0.8739379491323775,
      0.6105033056335494,
      0.7396523969338863,
      0.653332058822937,
      0.8145320443750957,
      0.7225096571725249,
      0.8066620663696241,
      0.8772754175096776
   ],
   "ct_f1_weighted": [
      0.622352968755384,
      0.8171599363154533,
      0.8741901924842826,
      0.611023874670714,
      0.7399897517098475,
      0.6540646884109117,
      0.8148580988934432,
      0.7222090033616153,
      0.806216454269655,
      0.876944910917512
   ],
   "gt": [
      7,
      7,
      7,
      7,
      7,
      7,
      7,
      7,
      7,
      7,
      7,
      7,
      7,
      7,
      7,
      7,
      7,
      7,
      7,
      7,
      7,
      7,
      7,
      7,
      7,
      7,
      7,
      7,
      7,
      7,
      7,
      7,
      7,
      7,
      7,
      7,
      7,
      7,
      7,
      7,
      7,
      7,
      7,
      7,
      7,
      7,
      7,
      7,
      7,
      7,
      7,
      7,
      7,
      7,
      7,
      7,
      7,
      7,
      7,
      7,
      7,
      7,
      7,
      7,
      7,
      7,
      7,
      7,
      9,
      9,
      9,
      9,
      9,
      9,
      9,
      9,
      9,
      9,
      9,
      9,
      9,
      9,
      9,
      9,
      9,
      9,
      9,
      9,
      9,
      9,
      9,
      9,
      9,
      9,
      9,
      9,
      9,
      9,
      9,
      9,
      9,
      9,
      9,
      9,
      9,
      9,
      9,
      9,
      9,
      9,
      9,
      9,
      9,
      9,
      9,
      9,
      9,
      9,
      9,
      9,
      9,
      9,
      9,
      9,
      9,
      9,
      9,
      9,
      9,
      9,
      9,
      9,
      9,
      9,
      9,
      9,
      2,
      2,
      2,
      2,
      2,
      2,
      2,
      2,
      2,
      2,
      2,
      2,
      2,
      2,
      2,
      2,
      2,
      2,
      2,
      2,
      2,
      2,
      2,
      2,
      2,
      2,
      2,
      2,
      2,
      2,
      2,
      2,
      2,
      2,
      2,
      2,
      2,
      2,
      2,
      2,
      2,
      2,
      2,
      2,
      2,
      2,
      2,
      2,
      2,
      2,
      2,
      2,
      2,
      2,
      2,
      2,
      2,
      2,
      2,
      2,
      2,
      2,
      2,
      2,
      2,
      2,
      2,
      2,
      6,
      6,
      6,
      6,
      6,
      6,
      6,
      6,
      6,
      6,
      6,
      6,
      6,
      6,
      6,
      6,
      6,
      6,
      6,
      6,
      6,
      6,
      6,
      6,
      6,
      6,
      6,
      6,
      6,
      6,
      6,
      6,
      6,
      6,
      6,
      6,
      6,
      6,
      6,
      6,
      6,
      6,
      6,
      6,
      6,
      6,
      6,
      6,
      6,
      6,
      6,
      6,
      6,
      6,
      6,
      6,
      6,
      6,
      6,
      6,
      6,
      6,
      6,
      6,
      6,
      6,
      6,
      13,
      13,
      13,
      13,
      13,
      13,
      13,
      13,
      13,
      13,
      13,
      13,
      13,
      13,
      13,
      13,
      13,
      13,
      13,
      13,
      13,
      13,
      13,
      13,
      13,
      13,
      13,
      13,
      13,
      13,
      13,
      13,
      13,
      13,
      13,
      13,
      13,
      13,
      13,
      13,
      13,
      13,
      13,
      13,
      13,
      13,
      13,
      13,
      13,
      13,
      13,
      13,
      13,
      13,
      13,
      13,
      13,
      13,
      13,
      13,
      13,
      13,
      13,
      13,
      13,
      13,
      13,
      13,
      8,
      8,
      8,
      8,
      8,
      8,
      8,
      8,
      8,
      8,
      8,
      8,
      8,
      8,
      8,
      8,
      8,
      8,
      8,
      8,
      8,
      8,
      8,
      8,
      8,
      8,
      8,
      8,
      8,
      8,
      8,
      8,
      8,
      8,
      8,
      8,
      8,
      8,
      8,
      8,
      8,
      8,
      8,
      8,
      8,
      8,
      8,
      8,
      8,
      8,
      8,
      8,
      8,
      8,
      8,
      8,
      8,
      8,
      8,
      8,
      8,
      8,
      8,
      8,
      8,
      8,
      8,
      8,
      5,
      5,
      5,
      5,
      5,
      5,
      5,
      5,
      5,
      5,
      5,
      5,
      5,
      5,
      5,
      5,
      5,
      5,
      5,
      5,
      5,
      5,
      5,
      5,
      5,
      5,
      5,
      5,
      5,
      5,
      5,
      5,
      5,
      5,
      5,
      5,
      5,
      5,
      5,
      5,
      5,
      5,
      5,
      5,
      5,
      5,
      5,
      5,
      5,
      5,
      5,
      5,
      5,
      5,
      5,
      5,
      5,
      5,
      5,
      5,
      5,
      5,
      5,
      5,
      5,
      5,
      5,
      5,
      11,
      11,
      11,
      11,
      11,
      11,
      11,
      11,
      11,
      11,
      11,
      11,
      11,
      11,
      11,
      11,
      11,
      11,
      11,
      11,
      11,
      11,
      11,
      11,
      11,
      11,
