{
   "worker_count": 3,
   "expertise_scores": [
      [
         0.074326598155096,
         0.2890779678551775,
         0.3272102914028669
      ],
      [
         0.5241575097390971,
         0.36129243430520613,
         0.4750714443750306
      ],
      [
         0.6548339345418533,
         0.5294020508045139,
         0.439089668324488
      ],
      [
         0.11544260487514756,
         0.10209434780533364,
         0.7000821752138318
      ],
      [
         0.4100810400989058,
         0.5056357166033867,
         0.0761750463326224
      ],
      [
         0.47385103401054907,
         0.3831416419139175,
         0.07359955242021154
      ],
      [
         0.6001361050880392,
         0.38046786253271775,
         0.5798370784884638
      ],
      [
         0.7410581528075788,
         0.37168109872330035,
         0.4116557026535448
      ],
      [
         0.16669658125495634,
         0.17385064993980437,
         0.6997603547291023
      ],
      [
         0.5928592503854148,
         0.0874695222016903,
         0.5201253928795999
      ]
   ],
   "mv_f1_micro": [
      0.26373626373626374,
      0.5714285714285714,
      0.6863136863136863,
      0.33966033966033965,
      0.39260739260739264,
      0.3596403596403597,
      0.6373626373626373,
      0.6183816183816184,
      0.41158841158841153,
      0.48451548451548454
   ],
   "mv_f1_macro": [
      0.26297935298424713,
      0.5707732041173965,
      0.6858096742118771,
      0.340168866682908,
      0.39314116416929246,
      0.35894441730104815,
      0.6372886505225038,
      0.6174670369031382,
      0.41198012605312956,
      0.48363071125580415
   ],
   "mv_f1_weighted": [
      0.2636537418811663,
      0.570558513705805,
      0.686144860599274,
      0.3401822396641489,
      0.3920292189881529,
      0.35919003050284104,
      0.638493913694253,
      0.6167794473417134,
      0.4114757733030629,
      0.48404242723409346
   ],
   "ct_f1_micro": [
      0.3306693306693307,
      0.5984015984015985,
      0.7302697302697303,
      0.6663336663336663,
      0.4205794205794206,
      0.3936063936063936,
      0.6843156843156843,
      0.7642357642357642,
      0.6613386613386614,
      0.5904095904095904
   ],
   "ct_f1_macro": [
      0.3296915797168733,
      0.5974582103126852,
      0.7295643486576009,
      0.6655380831307444,
      0.41975064516914734,
      0.3917440817572846,
      0.6835997272177676,
      0.7636676899426609,
      0.660890136738681,
      0.589357528706867
   ],
   "ct_f1_weighted": [
      0.329929330424418,
      0.5978245506590709,
      0.7301140022184448,
      0.6662863281063651,
      0.4202550025091898,
      0.3916947539618163,
      0.6845606921013793,
      0.7633898002409364,
      0.6605865989260066,
      0.5899867426049147
   ],
   "gt": [
      7,
      7,
      7,
      7,
      7,
      7,
      7,
      7,
      7,
      7,
      7,
      7,
      7,
      7,
      7,
      7,
      7,
      7,
      7,
      7,
      7,
      7,
      7,
      7,
      7,
      7,
      7,
      7,
      7,
      7,
      7,
      7,
      7,
      7,
      7,
      7,
      7,
      7,
      7,
      7,
      7,
      7,
      7,
      7,
      7,
      7,
      7,
      7,
      7,
      7,
      7,
      7,
      7,
      7,
      7,
      7,
      7,
      7,
      7,
      7,
      7,
      7,
      7,
      7,
      7,
      7,
      7,
      7,
      9,
      9,
      9,
      9,
      9,
      9,
      9,
      9,
      9,
      9,
      9,
      9,
      9,
      9,
      9,
      9,
      9,
      9,
      9,
      9,
      9,
      9,
      9,
      9,
      9,
      9,
      9,
      9,
      9,
      9,
      9,
      9,
      9,
      9,
      9,
      9,
      9,
      9,
      9,
      9,
      9,
      9,
      9,
      9,
      9,
      9,
      9,
      9,
      9,
      9,
      9,
      9,
      9,
      9,
      9,
      9,
      9,
      9,
      9,
      9,
      9,
      9,
      9,
      9,
      9,
      9,
      9,
      9,
      2,
      2,
      2,
      2,
      2,
      2,
      2,
      2,
      2,
      2,
      2,
      2,
      2,
      2,
      2,
      2,
      2,
      2,
      2,
      2,
      2,
      2,
      2,
      2,
      2,
      2,
      2,
      2,
      2,
      2,
      2,
      2,
      2,
      2,
      2,
      2,
      2,
      2,
      2,
      2,
      2,
      2,
      2,
      2,
      2,
      2,
      2,
      2,
      2,
      2,
      2,
      2,
      2,
      2,
      2,
      2,
      2,
      2,
      2,
      2,
      2,
      2,
      2,
      2,
      2,
      2,
      2,
      2,
      6,
      6,
      6,
      6,
      6,
      6,
      6,
      6,
      6,
      6,
      6,
      6,
      6,
      6,
      6,
      6,
      6,
      6,
      6,
      6,
      6,
      6,
      6,
      6,
      6,
      6,
      6,
      6,
      6,
      6,
      6,
      6,
      6,
      6,
      6,
      6,
      6,
      6,
      6,
      6,
      6,
      6,
      6,
      6,
      6,
      6,
      6,
      6,
      6,
      6,
      6,
      6,
      6,
      6,
      6,
      6,
      6,
      6,
      6,
      6,
      6,
      6,
      6,
      6,
      6,
      6,
      6,
      13,
      13,
      13,
      13,
      13,
      13,
      13,
      13,
      13,
      13,
      13,
      13,
      13,
      13,
      13,
      13,
      13,
      13,
      13,
      13,
      13,
      13,
      13,
      13,
      13,
      13,
      13,
      13,
      13,
      13,
      13,
      13,
      13,
      13,
      13,
      13,
      13,
      13,
      13,
      13,
      13,
      13,
      13,
      13,
      13,
      13,
      13,
      13,
      13,
      13,
      13,
      13,
      13,
      13,
      13,
      13,
      13,
      13,
      13,
      13,
      13,
      13,
      13,
      13,
      13,
      13,
      13,
      13,
      8,
      8,
      8,
      8,
      8,
      8,
      8,
      8,
      8,
      8,
      8,
      8,
      8,
      8,
      8,
      8,
      8,
      8,
      8,
      8,
      8,
      8,
      8,
      8,
      8,
      8,
      8,
      8,
      8,
      8,
      8,
      8,
      8,
      8,
      8,
      8,
      8,
      8,
      8,
      8,
      8,
      8,
      8,
      8,
      8,
      8,
      8,
      8,
      8,
      8,
      8,
      8,
      8,
      8,
      8,
      8,
      8,
      8,
      8,
      8,
      8,
      8,
      8,
      8,
      8,
      8,
      8,
      8,
      5,
      5,
      5,
      5,
      5,
      5,
      5,
      5,
      5,
      5,
      5,
      5,
      5,
      5,
      5,
      5,
      5,
      5,
      5,
      5,
      5,
      5,
      5,
      5,
      5,
      5,
      5,
      5,
      5,
      5,
      5,
      5,
      5,
      5,
      5,
      5,
      5,
      5,
      5,
      5,
      5,
      5,
      5,
      5,
      5,
      5,
      5,
      5,
      5,
      5,
      5,
      5,
      5,
      5,
      5,
      5,
      5,
      5,
      5,
      5,
      5,
      5,
      5,
      5,
      5,
      5,
      5,
      5,
      11,
      11,
      11,
      11,
      11,
      11,
      11,
      11,
      11,
      11,
      11,
      11,
      11,
      11,
      11,
      11,
      11,
      11,
      11,
      11,
      11,
      11,
      11,
      11,
      11,
      11,
      11,
      11,
      11,
      11,
      11,
      11,
      11,
      11,
      11,
      11,
      11,
      11,
      11,
      11,
      11,
      11,
      11,
      11,
      11,
      11,
      11,
      11,
      11,
      11,
      11,
      11,
      11,
      11,
      11,
      11,
      11,
      11,
      11,
      11,
      11,
      11,
      11,
      11,
      11,
      11,
      11,
      11,
      0,
      0,
      0,
      0,
      0,
      0,
      0,
      0,
      0,
      0,
      0,
      0,
      0,
      0,
      0,
      0,
      0,
