{
   "worker_count": 8,
   "expertise_scores": [
      [
         0.27108799994878197,
         0.7392372539673094,
         0.41173777816990964,
         0.23360506854499963,
         0.6209975748053207,
         0.4396695291502839,
         0.2202975536676986,
         0.5549413904509948
      ],
      [
         0.1920498456786054,
         0.14400014179216739,
         0.5388386236452879,
         0.746205570317075,
         0.09159738928128572,
         0.11397015950995434,
         0.43212707679648976,
         0.15580217442264838
      ],
      [
         0.28341483795222994,
         0.17968471519660817,
         0.10623987975813512,
         0.5939793438151479,
         0.08742552818017643,
         0.6251226616649938,
         0.22118207175111504,
         0.6093020975982654
      ],
      [
         0.6616333067339547,
         0.6042177239385503,
         0.7551911269929388,
         0.5539057305432746,
         0.7758699631996423,
         0.64739484573674,
         0.24290260262189545,
         0.6217756615698421
      ],
      [
         0.32974157657932923,
         0.3364775585803597,
         0.6271605855885947,
         0.40667254080084203,
         0.4597140706839023,
         0.550652934635763,
         0.6548201009868264,
         0.11247808655845096
      ],
      [
         0.2902392924406501,
         0.7770225585047409,
         0.07767926070223366,
         0.46446716600289467,
         0.3003163709139631,
         0.19897430418644557,
         0.4884155333691754,
         0.7456885379414773
      ],
      [
         0.25034143813205617,
         0.2495469118614037,
         0.3247531424670776,
         0.5498662726925895,
         0.7890557133135779,
         0.17505592421895788,
         0.37685190131147783,
         0.6537014909544848
      ],
      [
         0.390399671656922,
         0.6742365797561936,
         0.28375070841277883,
         0.28718405508903877,
         0.5357451502892648,
         0.2828542084434977,
         0.7104982783327893,
         0.2501091917716081
      ],
      [
         0.7752213047710079,
         0.6301797226239262,
         0.12329062213757125,
         0.31384717833741477,
         0.7255009152967885,
         0.5591989116473216,
         0.5237770866873838,
         0.7416701816561165
      ],
      [
         0.7171846106199252,
         0.3370113576993807,
         0.4212803114487337,
         0.7096386859510404,
         0.1341412062576557,
         0.4554012278285297,
         0.15752204971545403,
         0.6911875863858583
      ]
   ],
   "mv_f1_micro": [
      0.881118881118881,
      0.6403596403596403,
      0.7322677322677321,
      0.978021978021978,
      0.8711288711288712,
      0.8621378621378621,
      0.847152847152847,
      0.863136863136863,
      0.968031968031968,
      0.8861138861138861
   ],
   "mv_f1_macro": [
      0.8803242554358521,
      0.6375979221814473,
      0.730024454406876,
      0.9776869491850076,
      0.8710410127326363,
      0.8628618678132891,
      0.8469315399009513,
      0.8634638130767945,
      0.9681824455083005,
      0.8861543202804676
   ],
   "mv_f1_weighted": [
      0.8811102938776076,
      0.6392308101967102,
      0.7310672756300445,
      0.9780008764359898,
      0.871161098500824,
      0.8627088761035003,
      0.8473116275020605,
      0.8634944441584456,
      0.9681020649784032,
      0.8864376100024405
   ],
   "ct_f1_micro": [
      0.903096903096903,
      0.7962037962037963,
      0.8151848151848152,
      0.9790209790209791,
      0.8911088911088911,
      0.9170829170829171,
      0.9000999000999,
      0.8831168831168831,
      0.9790209790209791,
      0.922077922077922
   ],
   "ct_f1_macro": [
      0.9025221599898529,
      0.7949557641572146,
      0.8143653370605013,
      0.9786928595912584,
      0.891140290551975,
      0.9172301139344462,
      0.8994612004977721,
      0.8826383109427595,
      0.9789382734852844,
      0.9220743580134201
   ],
   "ct_f1_weighted": [
      0.902761595205542,
      0.7960403105277607,
      0.8143941855783187,
      0.9790073113991122,
      0.8910134874070474,
      0.9170764249588692,
      0.8997639568817257,
      0.8828572731466386,
      0.9790383192811518,
      0.9221027096073255
   ],