{
   "worker_count": 15,
   "expertise_scores": [
      [
         0.45183800754549125,
         0.23910632635371204,
         0.270290167365111,
         0.21412418409776057,
         0.6055727711116807,
         0.26325096608697024,
         0.25309272917268577,
         0.11554841015764244,
         0.34038510080194245,
         0.22713301318769868,
         0.10221853064463099,
         0.24517839841812944,
         0.5493266245772371,
         0.6663955514991026,
         0.18666309200084757
      ],
      [
         0.5207057776611024,
         0.7166484957988488,
         0.6343759189846184,
         0.08462780282900915,
         0.15224836133259756,
         0.6888003239395177,
         0.5751946639985169,
         0.36245913808166597,
         0.528577609241484,
         0.7082384123230387,
         0.2342994934418023,
         0.19904577009403046,
         0.38660194348761245,
         0.13297521370431586,
         0.24887018835356794
      ],
      [
         0.21611434266195734,
         0.763427953538316,
         0.6543658623101274,
         0.4909800645701445,
         0.2310386929173901,
         0.33172509856097676,
         0.18933079548768517,
         0.08456989730210027,
         0.6103422636234885,
         0.5964712628856511,
         0.30468622829848907,
         0.41073047227491416,
         0.49776867075513664,
         0.6954626793983955,
         0.7423572041100869
      ],
      [
         0.4835376278620025,
         0.6535734074876611,
         0.5895735666177773,
         0.5185505089750122,
         0.1562801050991923,
         0.4280038992608116,
         0.284331650046408,
         0.4070404411804229,
         0.2795235827300819,
         0.6216672874962675,
         0.6220568661340128,
         0.5829835150806538,
         0.226536097251805,
         0.7461996191126294,
         0.1610520431935858
      ],
      [
         0.3781199809629775,
         0.6071761697093888,
         0.2755916877754316,
         0.6046423872666743,
         0.7860962738711569,
         0.3428007301473945,
         0.6058048443490476,
         0.17587783949495084,
         0.4943212547104764,
         0.18411682294997378,
         0.6644390509104674,
         0.18343134920640386,
         0.35395828003164115,
         0.5894309986979605,
         0.24295781263440258
      ],
      [
         0.7022953890889944,
         0.4762483752595256,
         0.14448317558460103,
         0.4927878911690524,
         0.34854316473844393,
         0.4507478450426262,
         0.5015229371699059,
         0.6501363972447652,
         0.1125194725961394,
         0.216378151694734,
         0.5217452446622673,
         0.11837373534852363,
         0.3578682632497295,
         0.4464418477736627,
         0.2123472799343461
      ],
      [
         0.4360433246773457,
         0.5932529294697546,
         0.48744607615576985,
         0.5587620946775345,
         0.11261174695171791,
         0.5784736974154443,
         0.4581149362116233,
         0.7975635865273355,
         0.199646690688759,
         0.5895251052719915,
         0.32824099296184434,
         0.7393584284033761,
         0.7617738715517708,
         0.11701642744271037,
         0.1741354180574438
      ],
      [
         0.6537347234138665,
         0.7781785889198269,
         0.22894529948847275,
         0.14808891828180276,
         0.6159650719054085,
         0.38837174157618026,
         0.7885002944223443,
         0.7537328913996987,
         0.24543482761517804,
         0.12155316426570667,
         0.3835909906626745,
         0.10467629864028641,
         0.7420848858976324,
         0.3266977651962458,
         0.7926865424181003
      ],
      [
         0.6247523916289013,
         0.7729749210679541,
         0.5174176934240551,
         0.4750471288328017,
         0.257891729122475,
         0.28095713313922427,
         0.3400226336417202,
         0.3445251600395355,
         0.6479304273402688,
         0.7146273289636573,
         0.7184976696220126,
         0.08287851826703624,
         0.3130317328864698,
         0.20728346775655893,
         0.505816430505973
      ],
      [
         0.25931327853250913,
         0.5950470716433658,
         0.30336060063383496,
         0.419576489310557,
         0.7061863055923026,
         0.2981728527717086,
         0.736619399348276,
         0.12389206937924059,
         0.5863719281252512,
         0.13972988294814964,
         0.7816609780313606,
         0.6090824139822322,
         0.09883747590234522,
         0.6697948385567482,
         0.41300800699793133
      ]
   ],
   "mv_f1_micro": [
      0.863136863136863,
      0.971028971028971,
      0.981018981018981,
      0.986013986013986,
      0.975024975024975,
      0.954045954045954,
      0.9920079920079921,
      0.99000999000999,
      0.989010989010989,
      0.98001998001998
   ],
   "mv_f1_macro": [
      0.8626976092599922,
      0.9709388699104875,
      0.9809983545830386,
      0.9861921630747205,
      0.9749805381884414,
      0.9535289957712467,
      0.9921270117361054,
      0.9897603813710038,
      0.9890270455135095,
      0.9797768686856806
   ],
   "mv_f1_weighted": [
      0.8628523199851059,
      0.9710368294241135,
      0.981013298106723,
      0.9860198778535157,
      0.9750070603904203,
      0.9540287430386087,
      0.9920071768806997,
      0.9899988272478205,
      0.9890107994857551,
      0.9800563618808829
   ],
   "ct_f1_micro": [
      0.9000999000999,
      0.9820179820179821,
      0.987012987012987,
      0.99000999000999,
      0.989010989010989,
      0.964035964035964,
      0.995004995004995,
      0.997002997002997,
      0.988011988011988,
      0.993006993006993
   ],
   "ct_f1_macro": [
      0.8998131950961852,
      0.9820303470751719,
      0.9869329945885588,
      0.9898896827413165,
      0.9888082810536081,
      0.9640697142520259,
      0.9949356895658797,
      0.9969190265857132,
      0.9879135352659995,
      0.9928679162850594
   ],
   "ct_f1_weighted": [
      0.90048329975173,
      0.9820157759254825,
      0.9870228107648646,
      0.990004584168493,
      0.9890084714014775,
      0.9641241262832191,
      0.9949962696591279,
      0.997002116057808,
      0.9880209983728182,
      0.9929953527792642
   ],