{
   "worker_count": 20,
   "expertise_scores": [
      [
         0.2161757555831524,
         0.5179032253885132,
         0.43398844514971524,
         0.531874921679944,
         0.27299549408304846,
         0.6185014152841996,
         0.5160940069533774,
         0.6076676366743675,
         0.5559327560550839,
         0.29098612221601017,
         0.24363125717125184,
         0.4014384517934206,
         0.2459436221709304,
         0.5568580373375707,
         0.227695945051933,
         0.6004067992499598,
         0.4157846145640975,
         0.4378797377700228,
         0.21317288446002916,
         0.6229661471677663
      ],
      [
         0.7221496450279508,
         0.6804347149000703,
         0.7046339369617981,
         0.6542681549316327,
         0.2672603785793155,
         0.7683839056040187,
         0.4531691809990599,
         0.6897320533538011,
         0.2574095388624424,
         0.46380233450513497,
         0.7215672618224076,
         0.3227409821217988,
         0.46443753563031076,
         0.33232958390152645,
         0.22520737294005583,
         0.5948861025000827,
         0.7228545277488091,
         0.29039856921457424,
         0.7504285549714491,
         0.5941898847346803
      ],
      [
         0.3333238340022416,
         0.22922414769376925,
         0.7561751351401107,
         0.40750672993269255,
         0.6647306875978927,
         0.27637950583348264,
         0.4510746259884302,
         0.7039744223307164,
         0.42189787815897717,
         0.7943711333079024,
         0.7547132039728652,
         0.24338818151721936,
         0.6638095235953184,
         0.34577033457092854,
         0.20109603108367413,
         0.6811066314363794,
         0.30268039155478027,
         0.7868669589416223,
         0.7423947130670135,
         0.22294098198781193
      ],
      [
         0.503122184379866,
         0.7844002355046108,
         0.634350121362856,
         0.24022837773907565,
         0.723730673215684,
         0.5411611104879025,
         0.22645173245712683,
         0.588440864398596,
         0.2122626521722594,
         0.26805779871683005,
         0.2747222607252554,
         0.289630091419839,
         0.613186960126346,
         0.48270310187104326,
         0.5111370610164613,
         0.2595934226846695,
         0.5295685055131039,
         0.30595681150942544,
         0.3965911411322565,
         0.5316718669274277
      ],
      [
         0.745885145150843,
         0.2707052142506193,
         0.7682388574714664,
         0.44960397574712907,
         0.35595465099099766,
         0.4058526493593485,
         0.6719190041384591,
         0.40145025851049443,
         0.6610281333521383,
         0.63754633165107,
         0.449742429042729,
         0.21871052001318997,
         0.7934258302521175,
         0.37391835315011557,
         0.4801634431203299,
         0.5394900888749296,
         0.6736095491633268,
         0.2185940133823419,
         0.4076161172379571,
         0.5368425840939112
      ],
      [
         0.5976208646314166,
         0.21566229460355663,
         0.3812298565267681,
         0.32524108439996297,
         0.420186920892156,
         0.27294658626018076,
         0.43074837240085656,
         0.3951208066316928,
         0.5803943032383664,
         0.7529509095046746,
         0.35510107359813525,
         0.5627649084525322,
         0.4501596030076441,
         0.568255698321533,
         0.6532222828698909,
         0.6053575119048058,
         0.24783161702252474,
         0.6310804953684502,
         0.46168571312975704,
         0.39419124861666066
      ],
      [
         0.3238315359048991,
         0.660522023862717,
         0.3425286314006414,
         0.7616866598390859,
         0.645095454527013,
         0.30606248789406315,
         0.7176484544635806,
         0.4216782537496185,
         0.4977077677990126,
         0.6945092770065883,
         0.7735038391383443,
         0.35017123836369485,
         0.2640350559221136,
         0.4636541869620423,
         0.5512147090697996,
         0.634580109278071,
         0.7569943383483307,
         0.21511210738703354,
         0.4147372450315498,
         0.543677940885889
      ],
      [
         0.20267866611337224,
         0.626058774022428,
         0.4991761933233967,
         0.6780932887517888,
         0.6718776044097384,
         0.23342254854094202,
         0.341631262013376,
         0.6894782137659505,
         0.2899333082643075,
         0.7630730723971071,
         0.4430897619003902,
         0.7250601284375722,
         0.3656670973086047,
         0.7729464803146455,
         0.37792655555884813,
         0.5829208087477359,
         0.23633943143441255,
         0.5678094229636139,
         0.30572055120772346,
         0.638882034403097
      ],
      [
         0.6560923187855224,
         0.6735342546009115,
         0.43034834151930706,
         0.43979048499783646,
         0.445919350293984,
         0.5478384084508697,
         0.6313228356603022,
         0.5028866686497105,
         0.4727826806620393,
         0.6836277758699887,
         0.2933204184505399,
         0.3060640062618861,
         0.6300323137240205,
         0.1916515500414938,
         0.19307163298192132,
         0.6837827878508789,
         0.7910270167851701,
         0.35048695056290174,
         0.40856121924825206,
         0.6689926337046432
      ],
      [
         0.4189002639161927,
         0.7735378227240315,
         0.2524313730532022,
         0.6747076993546288,
         0.32293566896239567,
         0.34649243920153155,
         0.21725143556285942,
         0.4950641450903964,
         0.4690854984895414,
         0.3108966894650894,
         0.6325974752429303,
         0.247442263223219,
         0.4098695876126677,
         0.5867337509895442,
         0.3352610360857289,
         0.24759477825412862,
         0.6400560290913624,
         0.6180255923429977,
         0.4413255704616086,
         0.30807627800633997
      ]
   ],
   "mv_f1_micro": [
      0.902,
      0.99,
      0.976,
      0.916,
      0.97,
      0.942,
      0.978,
      0.964,
      0.97,
      0.906
   ],
   "mv_f1_macro": [
      0.9017948289655443,
      0.9901432354905232,
      0.9762423942154111,
      0.9154214130122247,
      0.9697940410752303,
      0.9419883164481412,
      0.9781206551372815,
      0.9637772341829389,
      0.969639468074362,
      0.906797634229504
   ],
   "mv_f1_weighted": [
      0.901807142671946,
      0.9899913551995931,
      0.9760260081942713,
      0.9160039223966757,
      0.9699816822978296,
      0.9418369213528065,
      0.9779821568657826,
      0.9640228146800417,
      0.9700472478029045,
      0.905693214076532
   ],
   "ct_f1_micro": [
      0.954,
      0.994,
      0.998,
      0.97,
      0.99,
      0.966,
      0.994,
      0.99,
      0.994,
      0.958
   ],
   "ct_f1_macro": [
      0.9536825670828801,
      0.9942392030232321,
      0.9978451876818483,
      0.9699041281519658,
      0.9899352519153254,
      0.9668451407860907,
      0.9942305050537072,
      0.9901343493192016,
      0.9940354022112345,
      0.9586507345610974
   ],
   "ct_f1_weighted": [
      0.9539449483161401,
      0.9940094279586112,
      0.998000921844842,
      0.9700452059713116,
      0.9900138282731898,
      0.9658670945656824,
      0.9939902465828696,
      0.9900196378218843,
      0.9940103089364464,
      0.9580023692492604
   ],
   "em_f1_micro": [
      0.936,
      0.994,
      0.99,
      0.952,
      0.988,
      0.952,
      0.988,
      0.982,
      0.99,
      0.958
   ],
   "em_f1_macro": [
      0.9351659826336715,
      0.9942102781706742,
      0.9899248188089691,
      0.9517855386356014,
      0.9879631068141315,
      0.9522469156265106,
      0.9877930468164795,
      0.9817575304953946,
      0.9902165906910012,
      0.9583744059998061
   ],