{
   "worker_count": 15,
   "expertise_scores": [
      [
         0.21538719254498068,
         0.353418998656651,
         0.21465808926877308,
         0.7897037439436753,
         0.37760347268372585,
         0.4555825364233266,
         0.4071177806787916,
         0.5969456534855025,
         0.2420098024789194,
         0.7760150863999851,
         0.6430084198654784,
         0.21826843088273334,
         0.48253390996319934,
         0.6837948046149732,
         0.3986122121633472
      ],
      [
         0.4610939803805124,
         0.47345008991904725,
         0.6737972069099436,
         0.3736948353937456,
         0.24046620009495137,
         0.3536214697081542,
         0.2518054630788722,
         0.7519956348565339,
         0.38911893717028284,
         0.5740466265605877,
         0.46974200273409605,
         0.6476846666337557,
         0.648412678334089,
         0.5746607895771316,
         0.743945852273081
      ],
      [
         0.5600929317351819,
         0.7988930797372116,
         0.6036100828901035,
         0.1931451481944451,
         0.6449882015026898,
         0.23484313910428095,
         0.3979693320459887,
         0.5745950386705835,
         0.31023957326865875,
         0.6642067471718016,
         0.6549979833886711,
         0.29347064958321056,
         0.3914033487766433,
         0.30357852461068513,
         0.3758542708376589
      ],
      [
         0.6067491665728619,
         0.6789802300357312,
         0.7487963014072396,
         0.7598042621515456,
         0.5445351529457584,
         0.6561746487016351,
         0.6873486170035338,
         0.4286056290306962,
         0.5728386282349862,
         0.5077014375145469,
         0.2806930803112654,
         0.4012270820351105,
         0.30751333250606455,
         0.6129858974514307,
         0.3546392579251964
      ],
      [
         0.7894728273674965,
         0.5295313380033136,
         0.5453655251898927,
         0.7028655825605524,
         0.453227872189487,
         0.5747270002939437,
         0.7887865779637988,
         0.4463105771858059,
         0.6698324248282174,
         0.5077944732850127,
         0.5162737486355911,
         0.420400091627372,
         0.22701945643923294,
         0.3885922790725388,
         0.7753877790461737
      ],
      [
         0.4742658891896909,
         0.40170901087418903,
         0.5983578748778904,
         0.7365347197441998,
         0.19071048837137558,
         0.23199806018433936,
         0.23660117761616983,
         0.32656004012727236,
         0.42517079087349186,
         0.7108003339791295,
         0.22591963559393724,
         0.7578095762764563,
         0.2729811995117767,
         0.5941064620690315,
         0.5967386482403055
      ],
      [
         0.531002904095157,
         0.4005043472979751,
         0.6469852803207826,
         0.6942536373196839,
         0.3168653020313198,
         0.19246416932308066,
         0.6498400511077078,
         0.5246163618817702,
         0.7595021957536444,
         0.24749452570109792,
         0.7118396328038837,
         0.31538445752213073,
         0.6222550001338174,
         0.2516060236935849,
         0.35506613134488163
      ],
      [
         0.24315185517739388,
         0.6497844277074952,
         0.6275441576707294,
         0.6728847180892318,
         0.7404587833577742,
         0.1958712630128526,
         0.604337131270428,
         0.39049510393525444,
         0.5560145516689787,
         0.6587922167621777,
         0.664295103629746,
         0.7276749038446352,
         0.7459326329189502,
         0.6735443935974873,
         0.35022437814060237
      ],
      [
         0.5974892236181651,
         0.5575199133184346,
         0.26620533655922485,
         0.33903290559066734,
         0.244420085889508,
         0.6912250064977778,
         0.3373655684633229,
         0.44719420131792165,
         0.3442202592524414,
         0.477350633294942,
         0.6514167481173727,
         0.4900559266345633,
         0.2472958390983651,
         0.5400537352994589,
         0.7837245938419346
      ],
      [
         0.39882689146572325,
         0.7717827238267706,
         0.30492686066525465,
         0.60241428827734,
         0.3682501061339032,
         0.23971506670426093,
         0.34294474349867576,
         0.6670422202814291,
         0.633860084429265,
         0.6160731191882464,
         0.24484328906665928,
         0.2804383532472103,
         0.592959144309316,
         0.46587934266258046,
         0.5514335858282828
      ]
   ],
   "mv_f1_micro": [
      0.8960000000000001,
      0.934,
      0.924,
      0.964,
      0.976,
      0.908,
      0.93,
      0.982,
      0.898,
      0.91
   ],
   "mv_f1_macro": [
      0.8960519897037802,
      0.9342493284778932,
      0.924202696814503,
      0.9630568743769959,
      0.9757637479331562,
      0.9077826527611108,
      0.9300369662466043,
      0.9817934029629773,
      0.8989094350873206,
      0.9085352654395251
   ],
   "mv_f1_weighted": [
      0.8956310436051962,
      0.9339289710640278,
      0.9240807587165418,
      0.9639294082738729,
      0.9759817364870382,
      0.9076920167120813,
      0.9302074591714415,
      0.982027190218108,
      0.8981253137770139,
      0.9096917978055974
   ],
   "ct_f1_micro": [
      0.956,
      0.962,
      0.958,
      0.972,
      0.98,
      0.9500000000000001,
      0.958,
      0.988,
      0.932,
      0.948
   ],
   "ct_f1_macro": [
      0.9550289710383346,
      0.9621155336945332,
      0.9573988602823953,
      0.9714085963744286,
      0.9798701982053863,
      0.9495072605192977,
      0.9578079990699596,
      0.9879564084449465,
      0.9328853593095049,
      0.9482812509760887
   ],
   "ct_f1_weighted": [
      0.9559027267234835,
      0.9619809132903487,
      0.9580053544115218,
      0.9719273543205837,
      0.9799799954449854,
      0.9498189533097877,
      0.9580052206940844,
      0.9880098059088976,
      0.9322220186847409,
      0.9480052462034054
   ],
   "em_f1_micro": [
      0.938,
      0.942,
      0.94,
      0.97,
      0.976,
      0.932,
      0.966,
      0.984,
      0.918,
      0.942
   ],
   "em_f1_macro": [
      0.9370463080795334,
      0.9414955574500945,
      0.9398446309134822,
      0.969131683488244,
      0.9755261639974112,
      0.9309440780575555,
      0.9659394453862358,
      0.9839064258180749,
      0.9185120267420672,
      0.9425425314929019
   ],
   "em_f1_weighted": [
      0.9376917469247024,
      0.9417997685895612,
      0.9400014864279438,
      0.9699912231282432,
      0.9759215488108847,
      0.9320398604229901,
      0.9659964010177742,
      0.9840063640204679,
      0.9177957152259535,
      0.9420473432184632
   ]
}