{
   "worker_count": 40,
   "expertise_scores": [
      [
         0.5565180813563653,
         0.6546500719150692,
         0.5323055177453433,
         0.5679693934595745,
         0.782520004971348,
         0.7600281191570238,
         0.3426568633037401,
         0.2175501654154722,
         0.46510712514831476,
         0.6155358175533213,
         0.41938714422798945,
         0.4048268647025998,
         0.4207767916674373,
         0.4094669572005888,
         0.662577841625606,
         0.37168878825250207,
         0.3899789054518512,
         0.4830429343853321,
         0.6839800641526054,
         0.19385209573369286,
         0.728353922930846,
         0.606949781092811,
         0.2254982021798562,
         0.3413505587192987,
         0.5131454189131606,
         0.5295137173248468,
         0.36950875135529776,
         0.530364261797431,
         0.28659184155182704,
         0.7876140647237944,
         0.48307746906495896,
         0.23434429398817122,
         0.6699157953160285,
         0.32142719298598654,
         0.3702364410921476,
         0.44698428859991723,
         0.29617034208882387,
         0.5582077720744366,
         0.7397528033289568,
         0.5842917472572815
      ],
      [
         0.6025197353249089,
         0.6962339873522778,
         0.4321200613294991,
         0.55505624087699,
         0.44386067500397497,
         0.2864211856229486,
         0.3693844853230469,
         0.6142803936523198,
         0.2557092146350218,
         0.6486097836493803,
         0.6483914808385105,
         0.5675227378644648,
         0.7981102767682496,
         0.6850226738268802,
         0.38712945796757514,
         0.44586317208778903,
         0.38890637814927553,
         0.777130110419121,
         0.3725843275658184,
         0.6954697287695732,
         0.7238680212625342,
         0.2089108091436939,
         0.21257134821098556,
         0.4593713535310394,
         0.3672688075536792,
         0.35676769735010727,
         0.7115100648745845,
         0.41508922639314305,
         0.6882364503976495,
         0.5197136821310928,
         0.6634761020825212,
         0.7054691533664428,
         0.22190106911942142,
         0.6946990513554133,
         0.5289103611280597,
         0.22094728047411621,
         0.7654394861251302,
         0.21841674738174977,
         0.1942658462722788,
         0.4434781128250147
      ],
      [
         0.6010081910326542,
         0.6326420197370257,
         0.32813865975527445,
         0.29579394435264733,
         0.3763984345680024,
         0.34827756661379006,
         0.5994953327808498,
         0.39377481365930966,
         0.7255244997716302,
         0.36930787522332825,
         0.3701083117428532,
         0.3803757799835732,
         0.2997346810019731,
         0.5770298867290841,
         0.7148971264620462,
         0.23918941481853662,
         0.6828783267530013,
         0.3952284020352071,
         0.7271694693463268,
         0.2275869323510828,
         0.4111861508324944,
         0.7036406197647944,
         0.21622556217115863,
         0.34940571664576303,
         0.29193396388800763,
         0.5823535785711959,
         0.21108721973733136,
         0.7942582702362934,
         0.6995092890886419,
         0.7750981376216541,
         0.3381445794383363,
         0.23965600021179745,
         0.5737406395165102,
         0.31492085086539323,
         0.2282658792428917,
         0.3902240555120771,
         0.6695247390513789,
         0.2959455616482896,
         0.7776591631277734,
         0.5727745389487164
      ],
      [
         0.2574858607595929,
         0.29215088673149425,
         0.7772298108902639,
         0.31340393209206335,
         0.22108096988170753,
         0.293565713169724,
         0.6250105530904592,
         0.37674786733274557,
         0.21110379115821257,
         0.7818637577731575,
         0.4172398553612564,
         0.692136169643102,
         0.7237243641160394,
         0.3797518817499519,
         0.5059964181099501,
         0.25226218313836435,
         0.5574266954992229,
         0.40402736328365596,
         0.3097965482052858,
         0.34333618161539015,
         0.7953735307828487,
         0.5549546862831107,
         0.33398611121105143,
         0.5381616957605657,
         0.7314181102542212,
         0.7462311429886451,
         0.5287412962079804,
         0.49014615414484053,
         0.40526029558332455,
         0.7701562592938396,
         0.4614268864338751,
         0.4056840964204432,
         0.25451494647702544,
         0.4398441949045042,
         0.47966061972145646,
         0.2095444200524317,
         0.7437986040131345,
         0.2413652336821972,
         0.7030267449313843,
         0.22132289960734933
      ],
      [
         0.74143764984328,
         0.4675649363355002,
         0.7497483253382271,
         0.5078479597609131,
         0.20102735561639581,
         0.39369220555796636,
         0.7250035492049852,
         0.559669937862061,
         0.6051051957274879,
         0.5397573135147844,
         0.4538137278951382,
         0.6922237185207321,
         0.3749760102066265,
         0.33711099929370625,
         0.7890318951325204,
         0.3532074942127538,
         0.22872826878812108,
         0.5778240449302194,
         0.3877366976718598,
         0.7672151545070838,
         0.2529506676576254,
         0.3376844111866846,
         0.5045360013639516,
         0.7087944074100113,
         0.2868902452341732,
         0.715301467307614,
         0.6029679004303802,
         0.5150141229493905,
         0.7192516415238901,
         0.3903560367992529,
         0.5212068121201048,
         0.34245348862807273,
         0.45162481554209033,
         0.7515641705439382,
         0.5540767759453739,
         0.5885223835553485,
         0.39147769258800724,
         0.7136813146216593,
         0.6648901695616618,
         0.5744414862969731
      ],
      [
         0.22782797305690017,
         0.5230122780509243,
         0.5484903621016137,
         0.3229148874147067,
         0.5403868934552999,
         0.34415643915290234,
         0.29655239476585704,
         0.5011533943967189,
         0.7295894598421987,
         0.32322448802964143,
         0.7768439684214884,
         0.6396197677205817,
         0.7328966362434001,
         0.21295052023957436,
         0.38799195773282646,
         0.3675293478793116,
         0.6832852945731608,
         0.7842130428979275,
         0.43809243365177775,
         0.3401076424043052,
         0.3985893973055771,
         0.7487822888517036,
         0.329990952872276,
         0.7073013121373184,
         0.2922560837872066,
         0.4701936820065854,
         0.6065459162973822,
         0.7560364969822078,
         0.38887646107280566,
         0.23758777264009764,
         0.438658784306276,
         0.4985150605487709,
         0.6118904847309585,
         0.6781302474085971,
         0.2790212722964555,
         0.7693177305817116,
         0.2787116879897975,
         0.3017102924560421,
         0.2692206534803474,
         0.5616144410465396
      ],
      [
         0.353375123094685,
         0.774728360437553,
         0.5981336725917575,
         0.6209509498247221,
         0.5184800432646385,
         0.7099977444824057,
         0.3150298661820473,
         0.5683193516107974,
         0.29260757172213375,
         0.45334888959470065,
         0.6682503245878663,
         0.22752855862578886,
         0.5721658280391443,
         0.4096442414111482,
         0.3156174414570164,
         0.6664419850396353,
         0.6333240980610229,
         0.7732643281739466,
         0.41634303787305793,
         0.5527296910310197,
         0.652305969973135,
         0.5864300396835056,
         0.2872758380930087,
         0.3379086467732224,
         0.28528538844231965,
         0.19252721205516,
         0.607985434022615,
         0.3384325121974136,
