{
   "worker_count": 10,
   "expertise_scores": [
      [
         0.6188364156842562,
         0.25303615342074887,
         0.19153236814492605,
         0.5848577585343608,
         0.5495463996548319,
         0.40042499335265336,
         0.4550644874923655,
         0.5245655506481172,
         0.42352428010886534,
         0.34406643723940394
      ],
      [
         0.44506108811048506,
         0.6248903087647478,
         0.5231082248418054,
         0.21767622912894607,
         0.7332626489838843,
         0.4478513694916898,
         0.266486148449275,
         0.4036436437864638,
         0.5621396931437102,
         0.48630927053207296
      ],
      [
         0.43061301344726166,
         0.4780272562304624,
         0.3287136179171506,
         0.31009251721482955,
         0.48407943440436874,
         0.5148167755632016,
         0.5869848893367665,
         0.3153948474622952,
         0.5830724502975643,
         0.5065042689361529
      ],
      [
         0.6725302014562887,
         0.722908826554893,
         0.2601971780826463,
         0.5953626629658159,
         0.2573855511124088,
         0.2228745962211918,
         0.6951804439899235,
         0.30453671070523364,
         0.19099076343912877,
         0.6793919002723595
      ],
      [
         0.6537742213171072,
         0.7955900579077004,
         0.241924319150302,
         0.29361249222105296,
         0.5330974152377279,
         0.7837812945903532,
         0.23548073685834123,
         0.588024688889311,
         0.49454543569355924,
         0.4445430741325669
      ],
      [
         0.2378195372429888,
         0.7763509121021547,
         0.4311054522224389,
         0.6781927273357788,
         0.26729145834041973,
         0.22412895825495346,
         0.7788182580005499,
         0.5954453596415438,
         0.6435770122775375,
         0.5246419294724064
      ],
      [
         0.22174852576722354,
         0.695886461142467,
         0.5813525514384101,
         0.29746307632722535,
         0.19164382710788608,
         0.6702710233731092,
         0.4669546493008221,
         0.700298162267783,
         0.3243743254499906,
         0.2246136178403711
      ],
      [
         0.5610512254377649,
         0.6691642871039046,
         0.31881523837651005,
         0.6005688870124137,
         0.616770891887916,
         0.34199298354149166,
         0.22757305465323235,
         0.27158471834936915,
         0.3597391780102886,
         0.1979238729741529
      ],
      [
         0.42865529324962376,
         0.21385204858364998,
         0.7032825938558713,
         0.3462884595378681,
         0.39591010074760746,
         0.22671806584272142,
         0.31810123977595794,
         0.5991787939922224,
         0.5449351220655729,
         0.7418169996411619
      ],
      [
         0.6401726815247933,
         0.37566594472955883,
         0.193182073543349,
         0.3026123672355027,
         0.3209277339719218,
         0.7636058375165363,
         0.5828473980324533,
         0.29514140117418386,
         0.6986505357488129,
         0.22492915768601646
      ]
   ],
   "mv_f1_micro": [
      0.766,
      0.834,
      0.806,
      0.818,
      0.884,
      0.8960000000000001,
      0.752,
      0.76,
      0.786,
      0.8000000000000002
   ],
   "mv_f1_macro": [
      0.765092475871678,
      0.8334904798172126,
      0.8053189625000392,
      0.8177095205898451,
      0.8829713020877484,
      0.8948642950340346,
      0.751111659694024,
      0.7600040566266959,
      0.7847461675841043,
      0.7984097191528639
   ],
   "mv_f1_weighted": [
      0.7658448967785753,
      0.833949080622348,
      0.8057140922663044,
      0.8179916030780128,
      0.884351118143054,
      0.8959870958026737,
      0.7522760096519776,
      0.7597824839970205,
      0.7857090233743985,
      0.7999653043088074
   ],
   "ct_f1_micro": [
      0.818,
      0.868,
      0.824,
      0.916,
      0.942,
      0.956,
      0.878,
      0.816,
      0.874,
      0.894
   ],
   "ct_f1_macro": [
      0.8161344564986128,
      0.8675732967850183,
      0.8234858172585815,
      0.9170671977750017,
      0.9422146692010184,
      0.9546733351017789,
      0.8780836680733582,
      0.815403907372505,
      0.873716270311108,
      0.8942705337783403
   ],
   "ct_f1_weighted": [
      0.8181732252218886,
      0.8685015376897853,
      0.8237504844391753,
      0.9160597379027506,
      0.9418618593105025,
      0.9558952754151084,
      0.8781154264496406,
      0.816106918104341,
      0.8739529582896384,
      0.8938384305180999
   ],
   "em_f1_micro": [
      0.778,
      0.85,
      0.808,
      0.8960000000000001,
      0.93,
      0.938,
      0.852,
      0.792,
      0.856,
      0.8599999999999999
   ],
   "em_f1_macro": [
      0.7769689391224731,
      0.850363632484226,
      0.8078536284572324,
      0.8957297210106425,
      0.9298914478456668,
      0.9376015898785388,
      0.8515622783677586,
      0.7920541637397718,
      0.8554428773006599,
      0.8585833992942279
   ],
   "em_f1_weighted": [
      0.7779615684393033,
      0.8506200011032382,
      0.8070968161691429,
      0.8956666033340674,
      0.9296693030329497,
      0.9380431176159636,
      0.8521673385502015,
      0.7921786803264583,
      0.8562659291879725,
      0.8608887608901531
   ]
}