{
   "worker_count": 15,
   "expertise_scores": [
      [
         0.7920249631034741,
         0.9048011198596118,
         0.889079177294336,
         0.910809271088278,
         0.8381265337182142,
         0.6748935744260349,
         0.8817582512791793,
         0.7822846628197274,
         0.7976612480128022,
         0.6245576532886028,
         0.9326827969772283,
         0.6075450977917989,
         0.5831936669063958,
         0.8170187040573695,
         0.6546561538307366
      ],
      [
         0.7977690929773922,
         0.5858309935067774,
         0.905725054181199,
         0.6132904380137014,
         0.5777867761656541,
         0.5287734531705847,
         0.7875079009845758,
         0.5768115294210516,
         0.5590377721179289,
         0.6434704751895551,
         0.5924292923068971,
         0.809520169892589,
         0.6391682551250059,
         0.6261069898855396,
         0.7120720847005196
      ],
      [
         0.9666552326683278,
         0.8390342320339562,
         0.9389673791467754,
         0.6072492361718984,
         0.9632913101049112,
         0.5488246676724678,
         0.7929887164084662,
         0.8638579221794043,
         0.8592228800825503,
         0.784868353835182,
         0.6420105237716611,
         0.9002317260396602,
         0.7140339984516862,
         0.5325029111861401,
         0.9891803856794819
      ],
      [
         0.8614518261251718,
         0.9028963020152109,
         0.7627345174112206,
         0.835707378644527,
         0.5741585914529156,
         0.5465584756091357,
         0.6223447638390032,
         0.5368777784407064,
         0.9416477683444269,
         0.8599236679815834,
         0.8182790787900012,
         0.5886975236130336,
         0.9181266326158024,
         0.6354245792898183,
         0.5935471372642085
      ],
      [
         0.75457508146229,
         0.5861313143218149,
         0.5812069234251309,
         0.635902110383246,
         0.9261389123574504,
         0.7998102307170214,
         0.5290612018342252,
         0.9291478192141396,
         0.7197012270443943,
         0.8371267320431095,
         0.6075302845733235,
         0.8176109903028139,
         0.9228331461289709,
         0.9535293289457474,
         0.6014581203830107
      ],
      [
         0.8207367084537305,
         0.5664454868306656,
         0.9262086510486451,
         0.6883303616992855,
         0.6349333724245474,
         0.642104523062152,
         0.6928747148341536,
         0.6216233397624662,
         0.5494162987837782,
         0.8488074681756964,
         0.7492198611324714,
         0.5916770306384617,
         0.7300498411176067,
         0.5188890515098552,
         0.949040193355182
      ],
      [
         0.8652125128318309,
         0.5311410685077338,
         0.8145520423476268,
         0.7015576880240336,
         0.7410751791981769,
         0.5319973631900786,
         0.578053738302548,
         0.7725890016594761,
         0.599916151296578,
         0.837625846615492,
         0.9776249810819673,
         0.9585755478961109,
         0.6091318101727878,
         0.8198325605288592,
         0.7194541747557609
      ],
      [
         0.5957886319722504,
         0.9296294929024731,
         0.8769735222614092,
         0.5814771546931848,
         0.8007630227600363,
         0.7726446534442342,
         0.773034972885655,
         0.6795709594379931,
         0.9581404132056304,
         0.93759991343822,
         0.8430044988580552,
         0.6182064395499792,
         0.7636437062499143,
         0.9468268168357009,
         0.5228806175759018
      ],
      [
         0.7291353481122703,
         0.8703283835857214,
         0.7046782806049198,
         0.5517671830052908,
         0.9454307021816291,
         0.891121655762015,
         0.5623074590753947,
         0.9257206299310872,
         0.8136602514194875,
         0.8422816129778077,
         0.7805226042814228,
         0.5796694756933853,
         0.5281812829652756,
         0.8472742657173657,
         0.9015424635320881
      ],
      [
         0.8815410851071628,
         0.9817045041260499,
         0.6454351037092887,
         0.7361353547522137,
         0.7039067729785708,
         0.6665834749309636,
         0.8318232431904318,
         0.5181128520361332,
         0.6945369568670918,
         0.7647268181383582,
         0.7794335238924986,
         0.5131430001767338,
         0.8892640371016047,
         0.5328252256269711,
         0.8521876511425912
      ]
   ],
   "mv_f1_micro": [
      1.0,
      1.0,
      1.0,
      1.0,
      1.0,
      1.0,
      1.0,
      1.0,
      1.0,
      1.0
   ],
   "mv_f1_macro": [
      1.0,
      1.0,
      1.0,
      1.0,
      1.0,
      1.0,
      1.0,
      1.0,
      1.0,
      1.0
   ],
   "mv_f1_weighted": [
      1.0,
      1.0,
      1.0,
      1.0,
      1.0,
      1.0,
      1.0,
      1.0,
      1.0,
      1.0
   ],
   "ct_f1_micro": [
      1.0,
      1.0,
      1.0,
      1.0,
      1.0,
      1.0,
      1.0,
      1.0,
      1.0,
      1.0
   ],
   "ct_f1_macro": [
      1.0,
      1.0,
      1.0,
      1.0,
      1.0,
      1.0,
      1.0,
      1.0,
      1.0,
      1.0
   ],
   "ct_f1_weighted": [
      1.0,
      1.0,
      1.0,
      1.0,
      1.0,
      1.0,
      1.0,
      1.0,
      1.0,
      1.0
   ],
   "em_f1_micro": [
      1.0,
      0.998,
      1.0,
      1.0,
      1.0,
      1.0,
      1.0,
      1.0,
      1.0,
      1.0
   ],
   "em_f1_macro": [
      1.0,
      0.9980295566502464,
      1.0,
      1.0,
      1.0,
      1.0,
      1.0,
      1.0,
      1.0,
      1.0
   ],
   "em_f1_weighted": [
      1.0,
      0.998,
      1.0,
      1.0,
      1.0,
      1.0,
      1.0,
      1.0,
      1.0,
      1.0
   ]
}