{
   "worker_count": 20,
   "expertise_scores": [
      [
         0.8883922254938841,
         0.8492153979016679,
         0.8097984011481716,
         0.5861563850315872,
         0.6315595509489995,
         0.8338125927772997,
         0.6632895153605536,
         0.6814997274979984,
         0.933320155063806,
         0.6312417782870674,
         0.7059273574225362,
         0.701460559853568,
         0.7179815591242328,
         0.6231313952284518,
         0.68008837076095,
         0.5935189187321585,
         0.7019379648561603,
         0.7268971217909824,
         0.6136956999781965,
         0.9664195523440553
      ],
      [
         0.8819322693589897,
         0.824238661729283,
         0.8686848158326742,
         0.8982972057457314,
         0.5123216262179169,
         0.5279316608481498,
         0.8405473207955607,
         0.7487786898047359,
         0.9201122046826464,
         0.9788179411525368,
         0.9623438412716799,
         0.9175904629338363,
         0.7389291931078981,
         0.9784891894887997,
         0.7098160047869684,
         0.7944293884509543,
         0.784508526089809,
         0.9051109109959501,
         0.5892492019720865,
         0.5571914585667457
      ],
      [
         0.5621088884126714,
         0.9470727664498058,
         0.8041357694818768,
         0.8266961292649349,
         0.5803114695901149,
         0.5141802247979098,
         0.5263530195715398,
         0.8590500180091059,
         0.6891742797670973,
         0.8305267771146911,
         0.6283675951423344,
         0.8550715987696715,
         0.9172431875065862,
         0.5893652182846384,
         0.813538297144695,
         0.8037005046642551,
         0.6722170732387401,
         0.8785585407043764,
         0.5466820470526531,
         0.7252381268077358
      ],
      [
         0.7508357631553784,
         0.7255142757009293,
         0.537180526874304,
         0.7023602048679584,
         0.9078499934549333,
         0.8264037797316661,
         0.8243799168648127,
         0.573496166998543,
         0.6588342303428277,
         0.9241737176865725,
         0.5804961512863991,
         0.9565310727932498,
         0.9410534968068298,
         0.7346320731874221,
         0.7184577614616052,
         0.5387849007266396,
         0.8393184712511303,
         0.6444294402816679,
         0.8901490813933379,
         0.8671512591947346
      ],
      [
         0.6174235331557972,
         0.6285575157032912,
         0.9378691220705236,
         0.6206448875740215,
         0.543302806675305,
         0.5715307105747196,
         0.7549585284007767,
         0.8273778261262257,
         0.5152233111913449,
         0.9184501421183259,
         0.6428914781146788,
         0.7758729445528417,
         0.6748267794081804,
         0.6084872844333282,
         0.735023941394057,
         0.7729722209237387,
         0.6017347937155452,
         0.6038960089340724,
         0.7820994770567571,
         0.7056429240791422
      ],
      [
         0.5643183668650457,
         0.8357520338347513,
         0.6222039662024759,
         0.7180392747999116,
         0.7719857939866576,
         0.8335276787954654,
         0.7799517318545335,
         0.9844685768757526,
         0.9568346511821482,
         0.6515246799714812,
         0.7741539701843132,
         0.7143985336316028,
         0.5572052057393655,
         0.9086156517240646,
         0.6237019006718865,
         0.5243029164626781,
         0.8507724121579654,
         0.5441207749230705,
         0.951416425934539,
         0.8463662776139707
      ],
      [
         0.549040219452777,
         0.5428843200547129,
         0.7831828780805432,
         0.7401432505122268,
         0.6064868288305633,
         0.7135873451902617,
         0.6959314586713475,
         0.5714356286017246,
         0.9304802247255364,
         0.6956578362399657,
         0.6077268159249415,
         0.6556099272920459,
         0.8975416374748353,
         0.7069783525200133,
         0.9738098091426646,
         0.6101935001027904,
         0.8962151752810248,
         0.9508612547880433,
         0.656391087826907,
         0.9141547192514284
      ],
      [
         0.8611321454573524,
         0.597438225308695,
         0.9620908704146177,
         0.722951891500937,
         0.5493981629154273,
         0.8630603149664337,
         0.5701858950360423,
         0.5674568296118429,
         0.8959698165334209,
         0.9802245162502405,
         0.6269291156806441,
         0.6585531778587218,
         0.9739589117641354,
         0.5824477674354941,
         0.7179156595946382,
         0.6953060357157179,
         0.8637173590351396,
         0.6936721769369707,
         0.8248326931434932,
         0.9760345111024942
      ],
      [
         0.567524349271402,
         0.7301099742042216,
         0.5134048088778079,
         0.874482953152415,
         0.9318325337857705,
         0.8629083745790553,
         0.6263833476356493,
         0.9528254146528793,
         0.6437015978634247,
         0.8861944317397008,
         0.5192767750224708,
         0.7433911303824144,
         0.8313682504980402,
         0.8896898917749286,
         0.7641054740911,
         0.7437116441459118,
         0.8882807890443043,
         0.7177777487226005,
         0.8243882402170954,
         0.7087747419952355
      ],
      [
         0.6902796321819036,
         0.6860234843717243,
         0.7678691076169262,
         0.9669658741921405,
         0.9100710193699275,
         0.8810100423171163,
         0.7274439999509597,
         0.9049195606360638,
         0.9329652907218372,
         0.905232582403585,
         0.8476362993947508,
         0.6986976688551553,
         0.7783995769972925,
         0.7158387529090162,
         0.9449078089743042,
         0.558819433098663,
         0.7808189897825227,
         0.5902507683125312,
         0.8655460753584293,
         0.6010747661638001
      ]
   ],
   "mv_f1_micro": [
      1.0,
      1.0,
      1.0,
      1.0,
      1.0,
      1.0,
      1.0,
      1.0,
      1.0,
      1.0
   ],
   "mv_f1_macro": [
      1.0,
      1.0,
      1.0,
      1.0,
      1.0,
      1.0,
      1.0,
      1.0,
      1.0,
      1.0
   ],
   "mv_f1_weighted": [
      1.0,
      1.0,
      1.0,
      1.0,
      1.0,
      1.0,
      1.0,
      1.0,
      1.0,
      1.0
   ],
   "ct_f1_micro": [
      1.0,
      1.0,
      1.0,
      1.0,
      1.0,
      1.0,
      1.0,
      1.0,
      1.0,
      1.0
   ],
   "ct_f1_macro": [
      1.0,
      1.0,
      1.0,
      1.0,
      1.0,
      1.0,
      1.0,
      1.0,
      1.0,
      1.0
   ],
   "ct_f1_weighted": [
      1.0,
      1.0,
      1.0,
      1.0,
      1.0,
      1.0,
      1.0,
      1.0,
      1.0,
      1.0
   ],
   "em_f1_micro": [
      1.0,
      1.0,
      1.0,
      1.0,
      1.0,
      1.0,
      1.0,
      1.0,
      1.0,
      1.0
   ],
   "em_f1_macro": [
      1.0,
      1.0,
      1.0,
      1.0,
      1.0,
      1.0,
      1.0,
      1.0,
      1.0,
      1.0
   ],
   "em_f1_weighted": [
      1.0,
      1.0,
      1.0,
      1.0,
      1.0,
      1.0,
      1.0,
      1.0,
      1.0,
      1.0
   ]
}