{
   "worker_count": 3,
   "expertise_scores": [
      [
         0.7958527323257434,
         0.8249258691416654,
         0.6081135634071477
      ],
      [
         0.528612445772066,
         0.6276800859502676,
         0.9631518573879673
      ],
      [
         0.8857875862116587,
         0.8158494710736954,
         0.9493993531949023
      ],
      [
         0.6523991878788522,
         0.7303936761073123,
         0.9253880915270751
      ],
      [
         0.8952704874402492,
         0.642282851120291,
         0.8655505680685773
      ],
      [
         0.6587137255991811,
         0.941816941957347,
         0.6023260899448285
      ],
      [
         0.9122594481751987,
         0.5903885922504402,
         0.6954507805772886
      ],
      [
         0.5338413275701406,
         0.9410302783039198,
         0.6191280570365516
      ],
      [
         0.9382947746494229,
         0.752997259556368,
         0.7969693411576275
      ],
      [
         0.7353281502283864,
         0.9857020765787131,
         0.705799468125996
      ]
   ],
   "mv_f1_micro": [
      0.884,
      0.868,
      0.968,
      0.916,
      0.914,
      0.898,
      0.882,
      0.844,
      0.954,
      0.94
   ],
   "mv_f1_macro": [
      0.8841724406773841,
      0.8675012928583656,
      0.968032725982947,
      0.9173580631128331,
      0.914332555810902,
      0.8979249749981632,
      0.8820483455667099,
      0.8440376506514449,
      0.9530183118185238,
      0.9398356447918753
   ],
   "mv_f1_weighted": [
      0.883646439391443,
      0.8681328886062322,
      0.9680214615361586,
      0.9161850231134318,
      0.9139801072593009,
      0.8980297938398538,
      0.8816620085531027,
      0.8439696779038887,
      0.9539923021497462,
      0.9401290495522383
   ],
   "ct_f1_micro": [
      0.892,
      0.956,
      0.982,
      0.9500000000000001,
      0.936,
      0.952,
      0.928,
      0.938,
      0.968,
      0.988
   ],
   "ct_f1_macro": [
      0.8913086680732191,
      0.9562010731663798,
      0.9821740975368718,
      0.9500251411654193,
      0.9367593869989141,
      0.951677407529547,
      0.9281467887464723,
      0.9390273691000186,
      0.9676515791188817,
      0.9880747518329176
   ],
   "ct_f1_weighted": [
      0.8918769685418854,
      0.9561532326290844,
      0.981985294637817,
      0.9499205883727816,
      0.9360759445492256,
      0.9519949705771148,
      0.9280016317946426,
      0.9380426037535238,
      0.9678991528139,
      0.9879870155224276
   ],
   "em_f1_micro": [
      0.884,
      0.892,
      0.982,
      0.926,
      0.934,
      0.91,
      0.88,
      0.8960000000000001,
      0.96,
      0.96
   ],
   "em_f1_macro": [
      0.8843145771219382,
      0.891379756661397,
      0.9818273109511794,
      0.9257894774206771,
      0.9340292627735636,
      0.9093925086149813,
      0.8831405369579387,
      0.8952267421067063,
      0.9594671350237024,
      0.959819088179126
   ],
   "em_f1_weighted": [
      0.8841531520327964,
      0.8933519874295405,
      0.9820227600107301,
      0.9264118383133089,
      0.9340835330487682,
      0.9099087739308097,
      0.88182557806626,
      0.8965350217287517,
      0.9599581719947757,
      0.9601304941630943
   ]
}