{
   "worker_count": 8,
   "expertise_scores": [
      [
         0.7767415683007486,
         0.9735360588586646,
         0.8556959299734548,
         0.6042999192421166,
         0.6256328868662479,
         0.9048289308427258,
         0.7069411286891281,
         0.8651267130909202
      ],
      [
         0.7158305232199277,
         0.643131010217751,
         0.9744577002796309,
         0.5336454139625423,
         0.9729420273976139,
         0.597767254678043,
         0.6284279658718852,
         0.5581233156878732
      ],
      [
         0.7414678904819516,
         0.8322462327036381,
         0.7441167432823486,
         0.6478824056633957,
         0.66438199265848,
         0.8963124972170675,
         0.904240684184016,
         0.5399627775219716
      ],
      [
         0.5760758475109946,
         0.8195669534281267,
         0.6133169460380419,
         0.8016403671678177,
         0.8176344265457718,
         0.8351585949384024,
         0.8280306337239789,
         0.810030531068046
      ],
      [
         0.5396032348046963,
         0.6430843579090426,
         0.7121907289531552,
         0.8289981761412479,
         0.7943092454844606,
         0.8321775022238092,
         0.6004118409525663,
         0.8103749334960733
      ],
      [
         0.8599332811623333,
         0.821171778949209,
         0.7444415303693924,
         0.7232206471580691,
         0.7722918340692321,
         0.5593375333364905,
         0.7139894785392276,
         0.8182701398231167
      ],
      [
         0.833866334062428,
         0.9110878787146311,
         0.6606442575617244,
         0.963736087148213,
         0.7044937975222297,
         0.7080495192965046,
         0.9691423368677854,
         0.674350499119841
      ],
      [
         0.8368121477772323,
         0.8663356134789133,
         0.9510542831068894,
         0.6684904942492751,
         0.5103657189292206,
         0.5270954498985088,
         0.5748487824309308,
         0.7735639631897057
      ],
      [
         0.8109609812123553,
         0.7690172551403057,
         0.8895765532545117,
         0.7105105402591461,
         0.7974329379123088,
         0.7410444836337142,
         0.9075360717788314,
         0.5840006964533522
      ],
      [
         0.7863797780239721,
         0.8888726014588963,
         0.9549871519246009,
         0.8163739215807015,
         0.7756109938944036,
         0.7360703968159821,
         0.7548649200307163,
         0.7370192739520287
      ]
   ],
   "mv_f1_micro": [
      0.998,
      0.996,
      0.998,
      1.0,
      0.988,
      0.996,
      0.998,
      0.992,
      0.994,
      1.0
   ],
   "mv_f1_macro": [
      0.9980422262301457,
      0.9958840679128793,
      0.9980422262301457,
      1.0,
      0.9883372964943183,
      0.9958636974310956,
      0.9980694099307987,
      0.9919817746474615,
      0.9942079580820613,
      1.0
   ],
   "mv_f1_weighted": [
      0.997999718402403,
      0.9959983993597439,
      0.9979997184024029,
      1.0,
      0.9879994471437178,
      0.9960013679110857,
      0.9979999086883076,
      0.9920113667535979,
      0.9940132376764638,
      1.0
   ],
   "ct_f1_micro": [
      1.0,
      0.998,
      0.998,
      1.0,
      0.994,
      1.0,
      1.0,
      0.998,
      0.998,
      1.0
   ],
   "ct_f1_macro": [
      1.0,
      0.9980563654033042,
      0.9978203614567251,
      1.0,
      0.9941688281716763,
      1.0,
      1.0,
      0.9978407470370698,
      0.9980295566502464,
      1.0
   ],
   "ct_f1_weighted": [
      1.0,
      0.998,
      0.9980012714558167,
      1.0,
      0.9939861168702103,
      1.0,
      1.0,
      0.9979983080480515,
      0.998,
      1.0
   ],
   "em_f1_micro": [
      1.0,
      1.0,
      0.998,
      1.0,
      0.994,
      0.998,
      1.0,
      0.996,
      0.998,
      1.0
   ],
   "em_f1_macro": [
      1.0,
      1.0,
      0.9978203614567251,
      1.0,
      0.9941820489765697,
      0.9980563654033041,
      1.0,
      0.9958829732672155,
      0.9980560055542699,
      1.0
   ],
   "em_f1_weighted": [
      1.0,
      1.0,
      0.9980012714558167,
      1.0,
      0.993999629766753,
      0.998,
      1.0,
      0.9959980264504543,
      0.9979998148576719,
      1.0
   ]
}