{
   "worker_count": 10,
   "expertise_scores": [
      [
         0.5442091347260242,
         0.7417957669134948,
         0.6939183681750911,
         0.9088301666579026,
         0.8623321438996157,
         0.7554248019295915,
         0.6652504835149208,
         0.636967780680048,
         0.5311173725852296,
         0.7092943486906316
      ],
      [
         0.9898995277759743,
         0.5740039701864723,
         0.5811130882733331,
         0.7072990988980632,
         0.9610513555172567,
         0.7251376472152947,
         0.7069556590231669,
         0.6293985083781253,
         0.781546411482308,
         0.5671884251736657
      ],
      [
         0.946415908193911,
         0.9422208656811966,
         0.929317081532305,
         0.7809842805405653,
         0.7538021877202639,
         0.553349702612722,
         0.6256526260303878,
         0.6234075228976844,
         0.93515689430592,
         0.7140751261893715
      ],
      [
         0.7280592428216837,
         0.9393671146434768,
         0.5634370937964999,
         0.6357377460533993,
         0.9183956222843981,
         0.9520029760833085,
         0.9103221461807876,
         0.875278437682717,
         0.7403365914087385,
         0.8170719478794972
      ],
      [
         0.6021660474310712,
         0.7558420743000602,
         0.9414442541057177,
         0.7929502129607384,
         0.8797161497001219,
         0.8955990416578369,
         0.8348291721332105,
         0.7831041142115236,
         0.5465373795557711,
         0.8427491431855971
      ],
      [
         0.7585923171610464,
         0.584540121565053,
         0.5800978717624201,
         0.8459564749351433,
         0.7804218322695666,
         0.6376228304712606,
         0.8889641288652048,
         0.6958222614009337,
         0.5892400404416176,
         0.5940310016753522
      ],
      [
         0.9242905457523081,
         0.7989804622253025,
         0.7550238186582883,
         0.7739389159927756,
         0.6461014401324747,
         0.8508006994279784,
         0.8364558725453061,
         0.6379818325725899,
         0.5862691202425255,
         0.5692701613123603
      ],
      [
         0.8339121624869268,
         0.7703556534535652,
         0.6719001134391421,
         0.894345671685213,
         0.9370738701299339,
         0.5202481672687995,
         0.7450683420855619,
         0.719238940173873,
         0.5524168148528055,
         0.6195297337704622
      ],
      [
         0.9588692678452375,
         0.5864695649051113,
         0.8542946091007682,
         0.7157820567992532,
         0.9532691461180424,
         0.769565448002894,
         0.5726289266652187,
         0.8208854737452953,
         0.5935019860285968,
         0.9196958573447811
      ],
      [
         0.5139865534370763,
         0.580221117030424,
         0.8874624484683266,
         0.9880848854672241,
         0.7925808475300984,
         0.8303711215640499,
         0.8801504725104217,
         0.5738221076972035,
         0.6453534189869545,
         0.7103240913337963
      ]
   ],
   "mv_f1_micro": [
      0.996,
      1.0,
      1.0,
      1.0,
      1.0,
      0.998,
      0.996,
      0.998,
      1.0,
      1.0
   ],
   "mv_f1_macro": [
      0.995903550711648,
      1.0,
      1.0,
      1.0,
      1.0,
      0.9980694099307987,
      0.9961125509070714,
      0.9980694099307987,
      1.0,
      1.0
   ],
   "mv_f1_weighted": [
      0.9960012765993933,
      1.0,
      1.0,
      1.0,
      1.0,
      0.9979999086883076,
      0.996,
      0.9979999086883076,
      1.0,
      1.0
   ],
   "ct_f1_micro": [
      0.998,
      1.0,
      1.0,
      1.0,
      1.0,
      0.994,
      1.0,
      0.998,
      1.0,
      1.0
   ],
   "ct_f1_macro": [
      0.9980422262301457,
      1.0,
      1.0,
      1.0,
      1.0,
      0.9941421112294166,
      1.0,
      0.9980694099307987,
      1.0,
      1.0
   ],
   "ct_f1_weighted": [
      0.997999718402403,
      1.0,
      1.0,
      1.0,
      1.0,
      0.9939862107008461,
      1.0,
      0.9979999086883076,
      1.0,
      1.0
   ],
   "em_f1_micro": [
      0.998,
      1.0,
      1.0,
      1.0,
      1.0,
      0.994,
      0.996,
      0.998,
      1.0,
      1.0
   ],
   "em_f1_macro": [
      0.9980694099307987,
      1.0,
      1.0,
      1.0,
      1.0,
      0.9941421112294166,
      0.9961125509070714,
      0.9980694099307987,
      1.0,
      1.0
   ],
   "em_f1_weighted": [
      0.9979999086883076,
      1.0,
      1.0,
      1.0,
      1.0,
      0.9939862107008461,
      0.996,
      0.9979999086883076,
      1.0,
      1.0
   ]
}