{
   "worker_count": 40,
   "expertise_scores": [
      [
         0.8627404993182339,
         0.7146662516227268,
         0.9292837739095013,
         0.5228907132517928,
         0.8021713494008685,
         0.5396837319777006,
         0.6466745009873899,
         0.9695126565471553,
         0.9336242322401772,
         0.5261021220845412,
         0.6627113258657175,
         0.8730590021084881,
         0.6796321906150148,
         0.9174917322967446,
         0.8641809891001258,
         0.6094388665925359,
         0.7142139677051836,
         0.5213229232378446,
         0.9071027714538409,
         0.9787968091779062,
         0.8314071240005461,
         0.8122314711637266,
         0.9866291050842502,
         0.5845942298236193,
         0.943264197948052,
         0.7199560955548591,
         0.8162455828711473,
         0.785430964634036,
         0.7967853433262234,
         0.767276433183897,
         0.771468520736136,
         0.7399340454137181,
         0.8475104432134233,
         0.808193356619288,
         0.9298558755868591,
         0.9245850739828438,
         0.9497282063805138,
         0.5158584584176374,
         0.8433820421128215,
         0.9169077588377399
      ],
      [
         0.6793124181215485,
         0.9731975015668057,
         0.9234231983979737,
         0.6201684048637222,
         0.9078350866466431,
         0.8818178765651512,
         0.9258919357788676,
         0.5265534820553828,
         0.8104796860301844,
         0.5387311510053007,
         0.877796042645768,
         0.7939103573562514,
         0.5584726713288106,
         0.8314544327313291,
         0.9158636286305909,
         0.8702817595701631,
         0.9025548727507133,
         0.9150828124777122,
         0.8818023600475455,
         0.9766809562740909,
         0.8764396912406932,
         0.9430730305811115,
         0.8054808292985054,
         0.5832015665088519,
         0.9114874038876244,
         0.5552152928035619,
         0.6800659466467307,
         0.5723195434340876,
         0.8123707464656817,
         0.5514533798593105,
         0.8753085956822766,
         0.5769165262495284,
         0.5123854087365162,
         0.6299882695278891,
         0.8304251929157276,
         0.6826576325970568,
         0.9866196621674279,
         0.7536039247455586,
         0.9148242557220554,
         0.6390688820605402
      ],
      [
         0.7694278483192896,
         0.7760636893283772,
         0.9205837957003078,
         0.8906018478877704,
         0.8193764606342466,
         0.7450149552179219,
         0.5693137163412186,
         0.6345248507578196,
         0.6506147830740514,
         0.5912290520069612,
         0.8933536292475219,
         0.867028048740389,
         0.8099523328371969,
         0.8746992926485574,
         0.5353166695230931,
         0.8767201788725361,
         0.5350859069522502,
         0.5534132939108235,
         0.5336454858988514,
         0.9867127932733912,
         0.5207436843931801,
         0.9898994947714435,
         0.7672417584625039,
         0.5771001116454487,
         0.6822972305985548,
         0.7027755387106043,
         0.675903322899507,
         0.850987559161762,
         0.8589931411003575,
         0.5718476763350375,
         0.8792243891953979,
         0.5474123105712833,
         0.9583565302293355,
         0.9415964799466605,
         0.9727321012487609,
         0.6605498823231745,
         0.6206644075493364,
         0.7867950537908747,
         0.5612377061068844,
         0.5711878289627499
      ],
      [
         0.7646690725429053,
         0.6069959797235673,
         0.8980043730770767,
         0.8560090591427756,
         0.889915685797401,
         0.6371439357238964,
         0.74397235895732,
         0.5557037826762365,
         0.5865987470538389,
         0.5819440483315739,
         0.8373755394422584,
         0.9483055010192184,
         0.7154096490851863,
         0.7909233034691074,
         0.9556606095158587,
         0.5441798490173233,
         0.6908565068265886,
         0.95879372436735,
         0.6783428173162382,
         0.7989890953424703,
         0.7518490476793681,
         0.8577435753387269,
         0.6829732808853135,
         0.9522420850527169,
         0.9622644996606469,
         0.843329544779801,
         0.5136153749587365,
         0.7885458696143144,
         0.7184482508985013,
         0.8458110881791121,
         0.8789757551196227,
         0.5545573288889117,
         0.9244184186511639,
         0.7383451421330108,
         0.7831689761150051,
         0.5498948136471267,
         0.8072916348463239,
         0.9162300673383785,
         0.9812335999266844,
         0.9437093399912284
      ],
      [
         0.8994122616458515,
         0.6284452658923039,
         0.6598753995258451,
         0.5369708907077156,
         0.7636547426399283,
         0.7810548991008632,
         0.9879065667131013,
         0.5744525041383665,
         0.758820644892167,
         0.658928999764688,
         0.9075350995152591,
         0.6347162295765174,
         0.8553005221353784,
         0.9621217974506969,
         0.9346286264855967,
         0.8034018847504161,
         0.686393856579898,
         0.6344355529866685,
         0.6205928648525176,
         0.8565684808985919,
         0.813273076350028,
         0.5634309489109666,
         0.9533537388803245,
         0.7386023751683204,
         0.6949333656554053,
         0.9271965453333364,
         0.5948049242279333,
         0.6575445585728019,
         0.8834064715155321,
         0.5165886239493988,
         0.8053676522868809,
         0.6142032257914134,
         0.9390014339851377,
         0.5406745316942786,
         0.9461194541294988,
         0.7925949155008118,
         0.7258581720459636,
         0.6228208827497359,
         0.7864369181557335,
         0.9423283656317994
      ],
      [
         0.9813867268608925,
         0.8171624713844821,
         0.7862876807564352,
         0.7672377141059523,
         0.5720445441680355,
         0.5790381232624001,
         0.7272491038387776,
         0.6043208858803195,
         0.944366336828637,
         0.6225775695699979,
         0.9802992406061949,
         0.6775223277194209,
         0.5646281364932373,
         0.5211376601232673,
         0.8332038943928837,
         0.8225774037541709,
         0.5266493103625595,
         0.9004165336583593,
         0.7418453643348034,
         0.5144942750592517,
         0.959567272108178,
         0.7779972948093632,
         0.7599092364630867,
         0.5903288399943206,
         0.9598415830087202,
         0.7251382257449331,
         0.9087299515713745,
         0.8597129960640852,
         0.7762971302715653,
         0.8762764108277349,
         0.969865109301667,
         0.8420222200356866,
         0.9263604295079721,
         0.5949438152340619,
         0.565776112759021,
         0.6687635813214285,
         0.570594573846268,
         0.9602877710745994,
         0.8306599030383135,
         0.5984604765265663
      ],
      [
         0.6380418980235327,
         0.8186069941888855,
         0.7538413791514457,
         0.5327742351230927,
         0.8509882215249925,
         0.8849900940124505,
         0.5883301534704444,
         0.8452433678531022,
         0.7665766339378342,
         0.7354470100266738,
         0.8837213714254362,
         0.8870368860125499,
         0.8432948410047882,
         0.9314314451932872,
         0.5109958965434229,
         0.6339164457484534,
         0.9316587852483627,
         0.752576656348037,
         0.5274442573383504,
         0.9145824612526683,
         0.905602328477854,
         0.9584788244948641,
         0.9663313354631162,
         0.7099387251483921,
         0.8197672873435979,
         0.9231144332423189,
         0.6899183932576614,
         0.9294675818323819,
         0.6607623986048365,
         0.7453280768318408,
         0.9371369853897084,
