{
   "worker_count": 18,
   "expertise_scores": [
      [
         0.7631186302021395,
         0.7208014009981949,
         0.624905089457021,
         0.9326314664562085,
         0.7509224886882817,
         0.8090028607486961,
         0.7784637302527488,
         0.5338978343303394,
         0.808010397397285,
         0.6362475724475346,
         0.9582914606598472,
         0.8831137813955741,
         0.7687470142298832,
         0.934833435802528,
         0.9782043779795667,
         0.9764514022368626,
         0.7013392303049772,
         0.8355505944249443
      ],
      [
         0.7152155262649587,
         0.750139186246264,
         0.8542661508682473,
         0.6631078227578953,
         0.9169650545568274,
         0.5201574580747442,
         0.8768046429329016,
         0.8864400705523442,
         0.5158820731573197,
         0.6268524471669916,
         0.7384735942011137,
         0.7348725497166769,
         0.9581167837436224,
         0.5996478844434787,
         0.6731086793390623,
         0.8426691535569584,
         0.7082089085092107,
         0.5155781657476957
      ],
      [
         0.7531324483830104,
         0.9787528544233461,
         0.8291382089805631,
         0.8973323799676536,
         0.9538675967741281,
         0.7432029846527919,
         0.6942864974355245,
         0.5797503757248657,
         0.8539998569897151,
         0.9009828898004841,
         0.6807153028713565,
         0.5515995030846125,
         0.8829058641647517,
         0.9150584807695171,
         0.8790472516965233,
         0.909207944523543,
         0.6306421180487986,
         0.9707049607192357
      ],
      [
         0.5459769691126457,
         0.8727282762177169,
         0.5949540880747501,
         0.6228898752275177,
         0.6559047441408827,
         0.6413926369233747,
         0.9662161887778162,
         0.5957867980423748,
         0.566032809133553,
         0.9151416148560523,
         0.9412382542320137,
         0.5840081257363011,
         0.7015084028362462,
         0.6849074843634764,
         0.9214338882809906,
         0.8530143310332652,
         0.9654284193967774,
         0.7350224619286169
      ],
      [
         0.7031276772503355,
         0.5176987707417713,
         0.913118527245686,
         0.6011791925449319,
         0.9290110054577516,
         0.7572798170052819,
         0.634999723221812,
         0.7789341262105316,
         0.7716907459286559,
         0.5596704516011932,
         0.6974904591378173,
         0.969591210472813,
         0.8700185830149021,
         0.941479221302242,
         0.598761530876882,
         0.8843658672402852,
         0.7423777215064435,
         0.7208031798165271
      ],
      [
         0.5125772939888029,
         0.9863978937601425,
         0.5644829603087991,
         0.6378601569497174,
         0.7605463915470585,
         0.9649050437013744,
         0.7015145422176523,
         0.9467545126917015,
         0.5752375014665554,
         0.9498526241179948,
         0.8341494642825015,
         0.7650704320236139,
         0.5545594611739786,
         0.5183878832876472,
         0.9662273791652745,
         0.5688476287874771,
         0.662678606062075,
         0.9204367767468119
      ],
      [
         0.6782458247138772,
         0.7985461114999137,
         0.9036012810513081,
         0.7815348765286215,
         0.551167978387079,
         0.6426631010130159,
         0.8494276838116898,
         0.8741951507964817,
         0.6609233447130457,
         0.9701132561748753,
         0.5179781334482014,
         0.5609289003649252,
         0.8134506006841451,
         0.9663352893568111,
         0.8509977171124038,
         0.6571456356439014,
         0.7713593615044384,
         0.9228180338405159
      ],
      [
         0.8775818692287263,
         0.7137576324195174,
         0.9256150165295434,
         0.8071540876810701,
         0.692641318383615,
         0.730966445104226,
         0.7284987585052078,
         0.8963282322867313,
         0.6470021266883749,
         0.9200618432270531,
         0.6826149357008197,
         0.915795764927192,
         0.841395835893994,
         0.5514221905918447,
         0.6613953457695851,
         0.7942379243755404,
         0.8247226899297291,
         0.7888461253848597
      ],
      [
         0.8362639110124176,
         0.6280590707005674,
         0.6730995027842464,
         0.5793742550200944,
         0.9121969199190938,
         0.8550850364920569,
         0.9120316204967762,
         0.6506413701002539,
         0.6502199028300932,
         0.8694204061823848,
         0.9123689345183335,
         0.7255639078762163,
         0.6117496088967737,
         0.7173996708627869,
         0.749144257665517,
         0.5977542678173559,
         0.8157020044416514,
         0.5954848221998347
      ],
      [
         0.5387147791757021,
         0.7649649759015174,
         0.5174375514254153,
         0.5525405742411075,
         0.5267088772797002,
         0.6365027583678705,
         0.5214565573449906,
         0.8491260634511244,
         0.9104163344485858,
         0.887418414587078,
         0.5971765936944914,
         0.9469931272381369,
         0.9380562870644891,
         0.8165955369485496,
         0.8707477395119795,
         0.8540424457231626,
         0.8463017984315168,
         0.9465823627078567
      ]
   ],
   "mv_f1_micro": [
      1.0,
      1.0,
      1.0,
      1.0,
      1.0,
      1.0,
      1.0,
      1.0,
      1.0,
      1.0
   ],
   "mv_f1_macro": [
      1.0,
      1.0,
      1.0,
      1.0,
      1.0,
      1.0,
      1.0,
      1.0,
      1.0,
      1.0
   ],
   "mv_f1_weighted": [
      1.0,
      1.0,
      1.0,
      1.0,
      1.0,
      1.0,
      1.0,
      1.0,
      1.0,
      1.0
   ],
   "ct_f1_micro": [
      1.0,
      1.0,
      1.0,
      1.0,
      1.0,
      1.0,
      1.0,
      1.0,
      1.0,
      1.0
   ],
   "ct_f1_macro": [
      1.0,
      1.0,
      1.0,
      1.0,
      1.0,
      1.0,
      1.0,
      1.0,
      1.0,
      1.0
   ],
   "ct_f1_weighted": [
      1.0,
      1.0,
      1.0,
      1.0,
      1.0,
      1.0,
      1.0,
      1.0,
      1.0,
      1.0
   ],
   "em_f1_micro": [
      1.0,
      1.0,
      1.0,
      1.0,
      1.0,
      1.0,
      1.0,
      1.0,
      1.0,
      1.0
   ],
   "em_f1_macro": [
      1.0,
      1.0,
      1.0,
      1.0,
      1.0,
      1.0,
      1.0,
      1.0,
      1.0,
      1.0
   ],
   "em_f1_weighted": [
      1.0,
      1.0,
      1.0,
      1.0,
      1.0,
      1.0,
      1.0,
      1.0,
      1.0,
      1.0
   ]
}