{
   "worker_count": 30,
   "expertise_scores": [
      [
         0.6595871448797328,
         0.5584434881366629,
         0.9785825595884909,
         0.7557748296931945,
         0.9825074807635016,
         0.823383653083319,
         0.687252199935517,
         0.9110563787104125,
         0.9510661782115657,
         0.9390021800910162,
         0.787587270854996,
         0.9702438583280142,
         0.613405524289542,
         0.7765485905285618,
         0.8921352827625366,
         0.764734625012735,
         0.701648660877934,
         0.7034930260642006,
         0.7996472424849452,
         0.8614779385052622,
         0.7793546905153463,
         0.8488178420058443,
         0.673889311826555,
         0.6251395850260427,
         0.7051347156058404,
         0.7682016918624603,
         0.9413895692509069,
         0.6807729966023466,
         0.7560071220778404,
         0.8256030087057545
      ],
      [
         0.9047256380799411,
         0.5759217345276083,
         0.7554033717605441,
         0.968478964118717,
         0.6936600185977886,
         0.9177009282939468,
         0.9664533622499887,
         0.7199978654676578,
         0.648192646192614,
         0.7837381308057243,
         0.8297306514349628,
         0.9505917392757197,
         0.7314399626884738,
         0.5739422827235348,
         0.6066447382742058,
         0.8583867810408703,
         0.6514718013482735,
         0.7273065705884907,
         0.7396523868502924,
         0.7719385057846635,
         0.6280956914474944,
         0.7734941512390792,
         0.9134262311858714,
         0.6271540158667807,
         0.6302578768588734,
         0.8933652943740269,
         0.7404149877024084,
         0.5326433220224942,
         0.8841717366288664,
         0.9355998086738846
      ],
      [
         0.5806161851200312,
         0.6828203878875357,
         0.557249886113394,
         0.5897532316386396,
         0.651303803209019,
         0.8172101616946483,
         0.9414008808238192,
         0.9145642173239403,
         0.7894909355425188,
         0.6363628263259461,
         0.939727267213484,
         0.968557338812783,
         0.8644092427821728,
         0.8978262604925742,
         0.9283832633660807,
         0.7574576291223389,
         0.9518567498505373,
         0.686698444841418,
         0.9882495301441696,
         0.946663423897465,
         0.7452434224424269,
         0.6907874078211123,
         0.5221071887457768,
         0.5301878982381081,
         0.5511488887769529,
         0.8898656413059051,
         0.6283353006915608,
         0.7815613649656092,
         0.5951860931937845,
         0.7259940580196033
      ],
      [
         0.5920405157225221,
         0.7035905456237117,
         0.9468866740178876,
         0.6397651722879527,
         0.8452272706358008,
         0.8411046741696115,
         0.5513911736614674,
         0.6848816360001813,
         0.6253584470747482,
         0.9855740342182974,
         0.849053044965726,
         0.748045340077468,
         0.8570645817058304,
         0.6187392051237821,
         0.6370389694892403,
         0.8133753308045415,
         0.9343676700346527,
         0.8001233761278321,
         0.640919380418306,
         0.7750375172173867,
         0.8266086346242281,
         0.6945249296226146,
         0.8662179299315491,
         0.8368527707990654,
         0.8337162689410669,
         0.9797514816146017,
         0.9744945689520677,
         0.6678255544808118,
         0.7922493419226848,
         0.8385815399155516
      ],
      [
         0.6558040371324979,
         0.8407899159353364,
         0.930589669690959,
         0.9185960320832381,
         0.63574138601081,
         0.7345819882350627,
         0.5430789058248124,
         0.5860949345293487,
         0.6296949998593927,
         0.5454881924706695,
         0.6153449567252098,
         0.7433529809767051,
         0.675532846192823,
         0.9296163428915873,
         0.7470907286695618,
         0.855142779461027,
         0.6569197403370595,
         0.6753890092960521,
         0.8731272729381676,
         0.7976693633020342,
         0.9586611846911852,
         0.6723184286749071,
         0.5358835070849477,
         0.9118453405938417,
         0.7841854614248058,
         0.7478153158336607,
         0.531141906208901,
         0.5379947350001767,
         0.9425824051500781,
         0.5664845009861084
      ],
      [
         0.9062154570292662,
         0.5933072883846073,
         0.7867402578812366,
         0.7314131001643984,
         0.9642021299412546,
         0.9870781827566982,
         0.5816787918283296,
         0.6053891461772798,
         0.6447371993965179,
         0.7659999457330557,
         0.9564175589931494,
         0.7436423638422919,
         0.9568839492723518,
         0.8214901951439051,
         0.8634428431046733,
         0.8934974658323546,
         0.621246614044602,
         0.9754567134217604,
         0.8951716876817792,
         0.5762482403471423,
         0.6898461153620556,
         0.7305627610135232,
         0.7366686408438309,
         0.8394070213403608,
         0.6295301657388267,
         0.5262034783989767,
         0.703581575486242,
         0.6292345502171066,
         0.7793673640448566,
         0.849795624755423
      ],
      [
         0.6409037301882108,
         0.732992854809881,
         0.8211315032460711,
         0.9426159831747214,
         0.5671199786159722,
         0.7025105659770476,
         0.6258231518636143,
         0.9318655086530934,
         0.704836323928448,
         0.736668794533597,
         0.7774046218870707,
         0.5331599750712221,
         0.5165651757365598,
         0.5928554128603218,
         0.6456842420553438,
         0.7925201460886867,
         0.8327056879046253,
         0.8860008110394106,
         0.6247229101966443,
         0.9015853289255356,
         0.9896759056925681,
         0.6694101995218678,
         0.6000818672138054,
         0.8586288241753575,
         0.5213090005819926,
         0.8075261769115926,
         0.8404564473782078,
         0.6594281163440394,
         0.6252713387017617,
         0.9276438198173815
      ],
      [
         0.7396376219845243,
         0.5671427083479007,
         0.9283003855377983,
         0.6479232106797004,
         0.6044761410831111,
         0.5133551540924095,
         0.8413717425188616,
         0.6263031734868265,
         0.8701173755890222,
         0.7177999465081903,
         0.7811512338944728,
         0.6548392221447183,
         0.874402045005817,
         0.6176223357467996,
         0.5956563526623938,
         0.688790055156097,
         0.6682279672065687,
         0.8761398967503928,
         0.5401357888575519,
         0.9701160086766183,
         0.5368882743883114,
         0.5269893364597974,
         0.550849220700276,
         0.7538320458780188,
         0.7171589532950349,
         0.9531037756056282,
         0.8948593246543517,
         0.8092464818782127,
         0.7136521494971376,
         0.8923160920068174
      ],
      [
         0.8263815321697263,
         0.7511730312535583,
         0.8510045408017834,
         0.7589560029945908,
         0.9851312635784847,
         0.8839267456709838,
         0.8484672406550521,
         0.7560860995967281,
         0.5485981720194083,
         0.9850525310129561,
         0.5964852174394166,
         0.5766002377399732,
         0.5710661514948746,
         0.9510203757124951,
         0.630028022062445,
         0.9859752744123442,
         0.7201522891897585,
         0.7753482567042451,
         0.5880913279506567,
         0.9009628553388033,
         0.7989612266109627,
         0.9745892440897579,
         0.9457208068877658,
         0.7382376574413297,
         0.8901311729396024,
         0.5638843675037422,
         0.7841758651152346,
         0.9045539770883537,
         0.7510830734163519,
         0.9870527285259364
      ],
      [
