{
   "worker_count": 8,
   "expertise_scores": [
      [
         0.6632188947284905,
         0.5862988246859145,
         0.7089931591599475,
         0.07200025827862593,
         0.5832608137110143,
         0.1361105674008383,
         0.37945138888780006,
         0.1251903757519699
      ],
      [
         0.5138846649087283,
         0.7996558746973601,
         0.4270922555822992,
         0.7172069234205443,
         0.32182618565014404,
         0.5696572032064008,
         0.1928932584114726,
         0.3257971008593343
      ],
      [
         0.07578090493812249,
         0.7399099950478364,
         0.06768896096082345,
         0.21855612209193542,
         0.0566617980022989,
         0.6155698711449324,
         0.5398963948547395,
         0.23125379052578726
      ],
      [
         0.2616972345739613,
         0.3570475081329062,
         0.09276138954155613,
         0.6927165782545801,
         0.44345848273424093,
         0.3245456053670834,
         0.19984430443288176,
         0.5719153440826946
      ],
      [
         0.4839575561433589,
         0.19315532369198907,
         0.27698868536539906,
         0.729707108854002,
         0.31581783096410376,
         0.5623117611914801,
         0.4325879708500583,
         0.5497687057968692
      ],
      [
         0.11472082113604637,
         0.46530757132546596,
         0.19963191001304414,
         0.18375777079814032,
         0.4823005496611011,
         0.5262388524689265,
         0.13314259965865555,
         0.11973153636437184
      ],
      [
         0.3833608717691014,
         0.773921828237297,
         0.6982639194442347,
         0.0634573133622042,
         0.7980535519895976,
         0.3996954182996981,
         0.06520076957535084,
         0.7936344446159312
      ],
      [
         0.11683025194755306,
         0.6561729447604988,
         0.6850426701599912,
         0.7231386904701148,
         0.4640812213806496,
         0.10335024812263183,
         0.5194789855538502,
         0.7595139749382769
      ],
      [
         0.13230673263701404,
         0.24610363765495857,
         0.7244293511754263,
         0.612002726789456,
         0.2578102962938519,
         0.29363893603971475,
         0.6917977552085222,
         0.593070682693698
      ],
      [
         0.7991521417016938,
         0.4275297542155806,
         0.2337080778562068,
         0.25591477203561563,
         0.2957078825472388,
         0.7996132085571664,
         0.28441493885768343,
         0.5746369712416403
      ]
   ],
   "mv_f1_micro": [
      0.921875,
      0.9375,
      0.7734375,
      0.7421875,
      0.8671875,
      0.6015625,
      0.953125,
      0.96875,
      0.8984375,
      0.9296875
   ],
   "mv_f1_macro": [
      0.923036963036963,
      0.9375062437562438,
      0.7696626657656069,
      0.7442375679875679,
      0.8636348373848375,
      0.6021953046953047,
      0.9512909312909313,
      0.9676456876456877,
      0.9002085414585415,
      0.9342384004884006
   ],
   "mv_f1_weighted": [
      0.9195510218947718,
      0.935604434627872,
      0.7700400587464007,
      0.7394511521464645,
      0.8614743112789987,
      0.6050071022727272,
      0.9525190087690087,
      0.968655303030303,
      0.8982631300990676,
      0.9309254330738705
   ],
   "ct_f1_micro": [
      0.953125,
      0.953125,
      0.8671875,
      0.7578125,
      0.84375,
      0.6796875,
      1.0,
      0.96875,
      0.90625,
      0.953125
   ],
   "ct_f1_macro": [
      0.9500849150849151,
      0.9531789044289043,
      0.8665571928071929,
      0.7535167283696695,
      0.845994005994006,
      0.6726109674639085,
      1.0,
      0.9662237762237762,
      0.9054532967032968,
      0.9549450549450549
   ],
   "ct_f1_weighted": [
      0.9527873168498169,
      0.9528140479312355,
      0.865805483578921,
      0.751587222520127,
      0.845377278971029,
      0.6808368791135334,
      1.0,
      0.9696569055944055,
      0.9062850560897435,
      0.9536401098901098
   ],
   "gt": [
      7,
      7,
      7,
      7,
      7,
      7,
      7,
      5,
      5,
      5,
      5,
      5,
      5,
      5,
      0,
      0,
      0,
      0,
      0,
      17,
      17,
      17,
      17,
      17,
      17,
      19,
      19,
      19,
      19,
      13,
      13,
      13,
      13,
      13,
      13,
      13,
      15,
      15,
      15,
      15,
      15,
      15,
      15,
      1,
      1,
      1,
      1,
      1,
      1,
      2,
      2,
      2,
      2,
      2,
      2,
      2,
      8,
      8,
      8,
      8,
      8,
      8,
      8,
      4,
      4,
      4,
      4,
      4,
      4,
      6,
      6,
      6,
      6,
      6,
      6,
      16,
      16,
      16,
      16,
      16,
      16,
      14,
      14,
      14,
      14,
      14,
      14,
      14,
      3,
      3,
      3,
      3,
      3,
      3,
      3,
      11,
      11,
      11,
      11,
      11,
      11,
      11,
      9,
      9,
      9,
      9,
      9,
      9,
      9,
      10,
      10,
      10,
      10,
      10,
      10,
      10,
      18,
      18,
      18,
      18,
      18,
      12,
      12,
      12,
      12,
      12,
      12,
      12
   ],
   "em_f1_micro": [
      0.9140625,
      0.9609375,
      0.8203125,
      0.7890625,
      0.8828125,
      0.6171875,
      0.984375,
      0.96875,
      0.9140625,
      0.953125
   ],
   "em_f1_macro": [
      0.9114313464313464,
      0.9620250582750582,
      0.8178679327208738,
      0.7922807747807747,
      0.8788125763125763,
      0.6158114761055937,
      0.984941724941725,
      0.9671911421911421,
      0.9177509990009989,
      0.9519939782439784
   ],
   "em_f1_weighted": [
      0.9126857517482517,
      0.9598853620337995,
      0.8164745053761597,
      0.7901499975718725,
      0.8799689026251526,
      0.614777047911239,
      0.9842402389277389,
      0.96875,
      0.9134820257867132,
      0.9512995034479409
   ]
}