{
   "worker_count": 5,
   "expertise_scores": [
      [
         0.7635212582207159,
         0.28828664032430174,
         0.6776881993637861,
         0.20118833336254266,
         0.4138367180539212
      ],
      [
         0.5167981461463451,
         0.13812258507674435,
         0.0985562918683636,
         0.24829087056982668,
         0.6551594977458095
      ],
      [
         0.364164723917395,
         0.7333930160793346,
         0.2839128056593927,
         0.7154091357823726,
         0.31788495450602045
      ],
      [
         0.18134054615915735,
         0.22095546624668694,
         0.30005585378429867,
         0.5519762142172915,
         0.7221227766475848
      ],
      [
         0.5563166299543576,
         0.08498878648235711,
         0.4478647044243082,
         0.5695991332597754,
         0.5450398429324618
      ],
      [
         0.11830056794546043,
         0.4944043890531376,
         0.2870381643378826,
         0.25151099145614353,
         0.7601598531846335
      ],
      [
         0.43804057518562456,
         0.7142843042367031,
         0.23506668281783594,
         0.6800978002148624,
         0.7077934565280852
      ],
      [
         0.21940029919992066,
         0.4082972273122102,
         0.7475503353133669,
         0.1049195927198982,
         0.41542977638189316
      ],
      [
         0.46530063066015037,
         0.24640821960466286,
         0.4931667313653958,
         0.582679563359354,
         0.699434411232951
      ],
      [
         0.4474677349189184,
         0.09847440708747483,
         0.6225833539937077,
         0.7501506348014247,
         0.4085555490103983
      ]
   ],
   "mv_f1_micro": [
      0.78125,
      0.5859375,
      0.8359375,
      0.6640625,
      0.6953125,
      0.703125,
      0.9296875,
      0.671875,
      0.84375,
      0.796875
   ],
   "mv_f1_macro": [
      0.77091506532683,
      0.5802523538552949,
      0.8280340492840494,
      0.6652639272492212,
      0.6907078705608116,
      0.6914452214452215,
      0.9288776501276501,
      0.6580341227400051,
      0.8442400736518383,
      0.7949111672641084
   ],
   "mv_f1_weighted": [
      0.7770279506033181,
      0.582631417040884,
      0.8346902446511822,
      0.6674761704288359,
      0.6900853129713425,
      0.7033900994838495,
      0.9298737070221444,
      0.6615200057295646,
      0.8408152050155726,
      0.7947458000537043
   ],
   "ct_f1_micro": [
      0.8515625,
      0.7109375,
      0.828125,
      0.796875,
      0.7421875,
      0.7578125,
      0.9140625,
      0.7890625,
      0.828125,
      0.859375
   ],
   "ct_f1_macro": [
      0.8468364968364968,
      0.7060895721925133,
      0.8172433122433121,
      0.7930186480186479,
      0.7383366633366631,
      0.747861272714214,
      0.9166505716505716,
      0.7789162226662226,
      0.8307557801675449,
      0.8553812853812852
   ],
   "ct_f1_weighted": [
      0.8522545163170163,
      0.7063053559491979,
      0.8233185217560217,
      0.7967602709790209,
      0.7438246649184148,
      0.7568473703583998,
      0.915567939005439,
      0.7883770959942835,
      0.828052013346131,
      0.8554484577922078
   ],
   "gt": [
      7,
      7,
      7,
      7,
      7,
      7,
      7,
      5,
      5,
      5,
      5,
      5,
      5,
      5,
      0,
      0,
      0,
      0,
      0,
      17,
      17,
      17,
      17,
      17,
      17,
      19,
      19,
      19,
      19,
      13,
      13,
      13,
      13,
      13,
      13,
      13,
      15,
      15,
      15,
      15,
      15,
      15,
      15,
      1,
      1,
      1,
      1,
      1,
      1,
      2,
      2,
      2,
      2,
      2,
      2,
      2,
      8,
      8,
      8,
      8,
      8,
      8,
      8,
      4,
      4,
      4,
      4,
      4,
      4,
      6,
      6,
      6,
      6,
      6,
      6,
      16,
      16,
      16,
      16,
      16,
      16,
      14,
      14,
      14,
      14,
      14,
      14,
      14,
      3,
      3,
      3,
      3,
      3,
      3,
      3,
      11,
      11,
      11,
      11,
      11,
      11,
      11,
      9,
      9,
      9,
      9,
      9,
      9,
      9,
      10,
      10,
      10,
      10,
      10,
      10,
      10,
      18,
      18,
      18,
      18,
      18,
      12,
      12,
      12,
      12,
      12,
      12,
      12
   ],
   "em_f1_micro": [
      0.8125,
      0.625,
      0.8125,
      0.640625,
      0.75,
      0.6953125,
      0.921875,
      0.6875,
      0.8828125,
      0.8359375
   ],
   "em_f1_macro": [
      0.8111496836496837,
      0.6191741591741591,
      0.8025771532389181,
      0.642481684981685,
      0.7508158508158507,
      0.687739343989344,
      0.9187567987567988,
      0.6818210955710955,
      0.8848361360861361,
      0.8337570762570763
   ],
   "em_f1_weighted": [
      0.8141691641691642,
      0.6221563592657342,
      0.8118696063434114,
      0.6393857444638693,
      0.750324155011655,
      0.6982649511946386,
      0.9230089355089355,
      0.6893579727564102,
      0.8830921899281273,
      0.8371637477106226
   ]
}