{
   "worker_count": 13,
   "expertise_scores": [
      [
         0.4010266604332857,
         0.5902547421411112,
         0.6207349848867967,
         0.15241826567719402,
         0.23328509979325213,
         0.5006884209726942,
         0.3351725742078315,
         0.6014601854200359,
         0.6938943810384324,
         0.39876389306595506,
         0.3560441607872837,
         0.7012309055963792,
         0.6814740157199288
      ],
      [
         0.09219287703699411,
         0.30551414603842564,
         0.24548315852110875,
         0.7247582773225095,
         0.47553456934222377,
         0.2216742380086114,
         0.5627123917499962,
         0.46974228710982224,
         0.5964217113777176,
         0.3163715485479308,
         0.06692299421714965,
         0.2637527883649978,
         0.518282553021091
      ],
      [
         0.663708916070542,
         0.6269922316067866,
         0.7078750210310497,
         0.7120459727648959,
         0.7640808355623925,
         0.7360139522092983,
         0.2556392298591199,
         0.4844025456099884,
         0.12492480468585364,
         0.5723353826013919,
         0.484755031189842,
         0.6891271210520334,
         0.4532073540165378
      ],
      [
         0.6568621542831018,
         0.504739426909151,
         0.07637142712127669,
         0.7960551617546534,
         0.7650413996300601,
         0.29190958400569533,
         0.6302674965187295,
         0.732153395702621,
         0.17536499253484183,
         0.2550431087022329,
         0.22088375027811052,
         0.6725344983971501,
         0.6988317398485946
      ],
      [
         0.14542701188841994,
         0.7862483739340992,
         0.7521618292780682,
         0.4808630173158424,
         0.059703575490902744,
         0.5957329244574662,
         0.3423173091529996,
         0.5598221101028661,
         0.6082907238772918,
         0.07154072554739507,
         0.7002455985716709,
         0.24373427437302486,
         0.5949260803311941
      ],
      [
         0.6355343190436479,
         0.5841877144869317,
         0.12267761333134115,
         0.4723668719468656,
         0.775753990017585,
         0.5670667063635529,
         0.5013857697738218,
         0.24166790356503692,
         0.7742365759160041,
         0.789803837808353,
         0.11624099193167749,
         0.7548520992545744,
         0.5905588132093137
      ],
      [
         0.5967135210737746,
         0.3971766963952335,
         0.10000238979123777,
         0.3533440290119549,
         0.29734975438770345,
         0.07691438003089845,
         0.5026511438282549,
         0.3656603881039994,
         0.3040254205983024,
         0.7482200940142862,
         0.5231628010991118,
         0.7504473467184416,
         0.5969845132646818
      ],
      [
         0.14500073848822498,
         0.3858731059254061,
         0.7880925986001829,
         0.5868121099150814,
         0.4958420337484344,
         0.5348087038097239,
         0.34289872713986314,
         0.06768285666147797,
         0.11455118365078205,
         0.6979199857150836,
         0.41044186940912664,
         0.3522405967720414,
         0.5657109053849493
      ],
      [
         0.7040016222756207,
         0.6853533953893223,
         0.25883605755122413,
         0.6877486365345777,
         0.07214930934723654,
         0.2654775025774735,
         0.30680558450284684,
         0.5253910432154634,
         0.2851386981047603,
         0.45578098785652416,
         0.22450989005652006,
         0.5293782438684842,
         0.17696156263420199
      ],
      [
         0.15404307205413542,
         0.3734979319596947,
         0.5728178109698896,
         0.332170373857785,
         0.5171987579839353,
         0.6028157666087903,
         0.5697342875876924,
         0.6553524995059057,
         0.458585252314932,
         0.38405508773654584,
         0.4444753523040162,
         0.11927565568479621,
         0.057469432559325184
      ]
   ],
   "mv_f1_micro": [
      0.9921875,
      0.9140625,
      0.9921875,
      0.9921875,
      0.9765625,
      0.9921875,
      0.96875,
      0.96875,
      0.96875,
      0.9375
   ],
   "mv_f1_macro": [
      0.9921212121212122,
      0.9138361638361637,
      0.98989898989899,
      0.9928205128205129,
      0.9778205128205129,
      0.9916083916083916,
      0.9662604062604062,
      0.9705815018315018,
      0.9680778943278943,
      0.9400482850482851
   ],
   "mv_f1_weighted": [
      0.992092803030303,
      0.9133668414918416,
      0.9922664141414141,
      0.9921474358974358,
      0.9757411858974359,
      0.9921328671328671,
      0.9683576839826841,
      0.9689395890567765,
      0.9688427241161615,
      0.9370501893939394
   ],
   "ct_f1_micro": [
      0.9921875,
      0.9375,
      0.9921875,
      1.0,
      0.9765625,
      1.0,
      0.96875,
      0.9765625,
      0.96875,
      0.9609375
   ],
   "ct_f1_macro": [
      0.9923076923076923,
      0.9386380286380286,
      0.98989898989899,
      1.0,
      0.9762759462759464,
      1.0,
      0.9689743589743589,
      0.9772494172494172,
      0.9661797924297924,
      0.9602573815073816
   ],
   "ct_f1_weighted": [
      0.9921875,
      0.9374198717948717,
      0.9922664141414141,
      1.0,
      0.9766559829059829,
      1.0,
      0.9676282051282051,
      0.9764277389277389,
      0.9686944349053724,
      0.9605561322358197
   ],
   "gt": [
      7,
      7,
      7,
      7,
      7,
      7,
      7,
      5,
      5,
      5,
      5,
      5,
      5,
      5,
      0,
      0,
      0,
      0,
      0,
      17,
      17,
      17,
      17,
      17,
      17,
      19,
      19,
      19,
      19,
      13,
      13,
      13,
      13,
      13,
      13,
      13,
      15,
      15,
      15,
      15,
      15,
      15,
      15,
      1,
      1,
      1,
      1,
      1,
      1,
      2,
      2,
      2,
      2,
      2,
      2,
      2,
      8,
      8,
      8,
      8,
      8,
      8,
      8,
      4,
      4,
      4,
      4,
      4,
      4,
      6,
      6,
      6,
      6,
      6,
      6,
      16,
      16,
      16,
      16,
      16,
      16,
      14,
      14,
      14,
      14,
      14,
      14,
      14,
      3,
      3,
      3,
      3,
      3,
      3,
      3,
      11,
      11,
      11,
      11,
      11,
      11,
      11,
      9,
      9,
      9,
      9,
      9,
      9,
      9,
      10,
      10,
      10,
      10,
      10,
      10,
      10,
      18,
      18,
      18,
      18,
      18,
      12,
      12,
      12,
      12,
      12,
      12,
      12
   ],
   "em_f1_micro": [
      0.9921875,
      0.890625,
      0.9921875,
      0.9921875,
      0.984375,
      0.9921875,
      0.984375,
      0.96875,
      0.953125,
      0.9296875
   ],
   "em_f1_macro": [
      0.990909090909091,
      0.8875917138417139,
      0.98989898989899,
      0.9905982905982906,
      0.9851648351648352,
      0.9916083916083916,
      0.9844289044289045,
      0.9705448717948718,
      0.9511749361749363,
      0.93006327006327
   ],
   "em_f1_weighted": [
      0.9921875,
      0.8893203367812743,
      0.9922664141414141,
      0.9920539529914529,
      0.984375,
      0.9921328671328671,
      0.984280303030303,
      0.9683844150641024,
      0.9526830808080807,
      0.929366727022977
   ]
}