{
   "worker_count": 40,
   "expertise_scores": [
      [
         0.3450277415311616,
         0.29322331426237336,
         0.30245134123372236,
         0.5690596067601419,
         0.10042659885213268,
         0.21783583981855825,
         0.5617946723445167,
         0.2706084168565906,
         0.5979475921231177,
         0.19023414959278867,
         0.13988354247781254,
         0.3037257309079316,
         0.2772497590302897,
         0.20136373224008636,
         0.7457680990302934,
         0.6598005572657111,
         0.2900671339956608,
         0.3591775744446741,
         0.3275366216329634,
         0.6806751627282559,
         0.4134278975036161,
         0.6670297920391924,
         0.3182159752337777,
         0.13364691199707207,
         0.5189332611506525,
         0.6204931601678706,
         0.5979812522006318,
         0.5920674996950913,
         0.3007528222838434,
         0.33010914705013106,
         0.42068668870997356,
         0.3333094068589897,
         0.049274137330988066,
         0.10009632860780748,
         0.258434679707176,
         0.5022061199638959,
         0.40528415084093866,
         0.5006818742580478,
         0.18764321433024667,
         0.6678509064600164
      ],
      [
         0.24850931393583647,
         0.2987449522705633,
         0.20340892438269065,
         0.3451923885044427,
         0.5981841316136931,
         0.23859042147105325,
         0.23020768282797033,
         0.22458490194607034,
         0.553675084715688,
         0.28752928501527103,
         0.3068484822189845,
         0.3342178542624967,
         0.7612854954997565,
         0.6287122643122833,
         0.5798710745382679,
         0.6588157947271223,
         0.2681088712794459,
         0.7196320869589212,
         0.5618663718844829,
         0.23114347607625874,
         0.3905670969272794,
         0.5968796927984035,
         0.6427229446570853,
         0.12396121829761288,
         0.47874092285474795,
         0.2774303893334828,
         0.5379201946935069,
         0.6679498991515592,
         0.3046757415545831,
         0.6321810735872652,
         0.6060154552494526,
         0.6717819085628811,
         0.4892173712561817,
         0.07076380240499618,
         0.5135849465624586,
         0.5609454512552403,
         0.5312925599511227,
         0.31862723564949286,
         0.24973746575806938,
         0.6606956652828535
      ],
      [
         0.5785247143702398,
         0.24975512621570334,
         0.6033335229372456,
         0.31751890450741405,
         0.6261002942049062,
         0.585544577452095,
         0.41479463102248637,
         0.2808645256139225,
         0.4236364602622806,
         0.7922686484216463,
         0.16866832129987802,
         0.5874067150073131,
         0.24607551722502524,
         0.6642550193459469,
         0.08927968546132653,
         0.21010355470296582,
         0.14978788138262694,
         0.666706463089276,
         0.34704253482210046,
         0.47363226775244244,
         0.644560441531735,
         0.37206920988313263,
         0.34709837542031907,
         0.3684655991336083,
         0.549482290226925,
         0.22276944030471157,
         0.5093803065053389,
         0.3064473888197064,
         0.09721028322326955,
         0.7778204010505905,
         0.3284394772335771,
         0.12057091623664551,
         0.21737945642939244,
         0.0917461481434148,
         0.30084034731027387,
         0.06606242526454845,
         0.7140269356897596,
         0.5082444179339867,
         0.16273740024781616,
         0.5590141085362672
      ],
      [
         0.09949120243292717,
         0.47486114515870576,
         0.7007001461905167,
         0.5724992501838513,
         0.3773707698869602,
         0.23667934311457345,
         0.7637207793606235,
         0.23197389995378975,
         0.13914759908552476,
         0.6226984329050758,
         0.5717362921523976,
         0.10506990844170244,
         0.2798148219535871,
         0.5091360193732393,
         0.4655534431892979,
         0.12382521787894181,
         0.285074457132184,
         0.17340606205755277,
         0.42793827688188124,
         0.4791385709558701,
         0.3189369551320828,
         0.6852807474762208,
         0.0922654400367749,
         0.6055107903424556,
         0.26185289934003547,
         0.48654022693755433,
         0.17890714342922748,
         0.1868268574333185,
         0.7054800335393844,
         0.41977275801528574,
         0.6385623652168878,
         0.609225287022962,
         0.6044333265331624,
         0.6966992459975305,
         0.7002269023195475,
         0.6261092142275319,
         0.7860509995015541,
         0.22552362151659516,
         0.22165798999279962,
         0.67833815698014
      ],
      [
         0.6891661538983895,
         0.24519692685627453,
         0.3916205564674211,
         0.5056414353768193,
         0.059937412734674164,
         0.3104037640045225,
         0.24026211497587135,
         0.670680108058239,
         0.659586665453644,
         0.43040962250702086,
         0.41094666148937237,
         0.22782756335046417,
         0.3606176456413381,
         0.667715423837615,
         0.4475949163126743,
         0.48956094202097317,
         0.37283145930382466,
         0.19832017098181998,
         0.1915070989780603,
         0.759137277532514,
         0.09929067827774672,
         0.523310001947587,
         0.5606614472235506,
         0.6059076347499526,
         0.5146662613173515,
         0.7662472763454863,
         0.48379712330072405,
         0.7435319737480288,
         0.4725435058262333,
         0.155270236580973,
         0.49458617466131033,
         0.27529944221065583,
         0.642601176540945,
         0.3181271265192722,
         0.5453042957120195,
         0.18586799785491237,
         0.7227058067233433,
         0.32114335856384413,
         0.7648452658403956,
         0.6259459840543432
      ],
      [
         0.6480156161588666,
         0.12464534523735492,
         0.15338035975392733,
         0.14436217941521984,
         0.1028910151927618,
         0.5864017927065129,
         0.2576344277514973,
         0.24330767968205125,
         0.2988075327355625,
         0.44994021094109576,
         0.15203776909227507,
         0.13782611743067635,
         0.7054108518619427,
         0.36466642445981895,
         0.09537920131738606,
         0.07904819904236975,
         0.5473919957526326,
         0.6356366201046618,
         0.22769518695458008,
         0.6401953339031589,
         0.4037895277015964,
         0.6419411529580094,
         0.1634204299238604,
         0.7737594074773564,
         0.15239437831452624,
         0.776977272460426,
         0.6861357614343394,
         0.678862186445151,
         0.6535052155284962,
         0.5225798224818903,
         0.6872289570238951,
         0.44198927976207697,
         0.6884263688551495,
         0.7003005321421739,
         0.7004636458434907,
         0.36611535930960754,
         0.12396769440298769,
         0.392790999501653,
         0.5159134957755296,
         0.34375475891295937
      ],
      [
         0.7410835425578042,
         0.6154920943619947,
         0.09018443969863638,
         0.6803845715348948,
         0.6125707078050362,
         0.7523934969731596,
         0.5371396079106424,
         0.39629145151887724,
         0.17388856373795858,
         0.6277830333571487,
         0.44296485335158636,
         0.18616453244548675,
         0.29987001953932385,
         0.3748239413710851,
         0.4834670447484476,
         0.6083732297212238,
         0.16928165787679658,
         0.18265251952526046,
         0.7810532978127981,
         0.05991918006731546,
         0.343708905705079,
         0.5853176789816132,
         0.4476274647694616,
         0.22458571793669507,
         0.5328849941255821,
         0.10041198813147191,
         0.6587421836606614,
