{
   "worker_count": 15,
   "expertise_scores": [
      [
         0.7051938806523435,
         0.4137758833356938,
         0.6221513644512533,
         0.24594624933290382,
         0.3495130112850562,
         0.6597794067919991,
         0.5745843064812882,
         0.1072399475246384,
         0.08951786219503557,
         0.2678213159519725,
         0.29065788772853735,
         0.5004072767052575,
         0.5037262283890888,
         0.5618144567853983,
         0.7756744185252578
      ],
      [
         0.29725312400365067,
         0.06174041645734599,
         0.3694736288579681,
         0.3276797887436917,
         0.3559217922660737,
         0.2102439486928095,
         0.5116506094248452,
         0.6074421435527475,
         0.06779228153695196,
         0.09732669862855581,
         0.15255668054124785,
         0.43167412549491263,
         0.33897417435266525,
         0.3584146456286099,
         0.2671745430351318
      ],
      [
         0.399896802617271,
         0.6580113399185601,
         0.2942321865171852,
         0.08942343530478633,
         0.4373300214804272,
         0.16541806515395813,
         0.12057628383810652,
         0.24305091658890887,
         0.6346257120429267,
         0.31146573668895366,
         0.21032965384453978,
         0.23219135133208169,
         0.5497696200178768,
         0.3359909472726286,
         0.7512153602472185
      ],
      [
         0.7455053205734,
         0.5663366110831487,
         0.36204215291967556,
         0.5382315015435496,
         0.5241649113432675,
         0.34544298481294516,
         0.6518827937350344,
         0.49185130217698864,
         0.28207805911617895,
         0.6661947359691363,
         0.26253821040181624,
         0.552548511523882,
         0.268313605110141,
         0.33680594924530544,
         0.32307939373207906
      ],
      [
         0.06761051066878022,
         0.5548940157987435,
         0.5408099030742428,
         0.709067383600614,
         0.7753480154947909,
         0.08545492151615647,
         0.1712683332943348,
         0.27226710958887823,
         0.06599284521171306,
         0.40227934955680206,
         0.21331490766939215,
         0.13257559464708468,
         0.27440706701551165,
         0.46225549309415787,
         0.17433207559447966
      ],
      [
         0.37098831888554634,
         0.22577813522317025,
         0.5577261670475854,
         0.654628449783489,
         0.3814894008321735,
         0.7272555999600044,
         0.294697150194766,
         0.35904011466836616,
         0.3965724658033172,
         0.49245859086427274,
         0.5236099776061017,
         0.10089771173330062,
         0.17649269785138016,
         0.751301413348842,
         0.3397746476986007
      ],
      [
         0.5273799806103114,
         0.22006179149068633,
         0.23733951940003611,
         0.5636694534220743,
         0.0928157897313295,
         0.47893087106738647,
         0.38611177396140217,
         0.5107713961934305,
         0.29385369132930667,
         0.37908928568677364,
         0.36045099430459104,
         0.23180704652777107,
         0.2985883593305356,
         0.5358108277787065,
         0.4010432695439221
      ],
      [
         0.5440589054321379,
         0.4583538871044124,
         0.5978382377336303,
         0.17342599840109102,
         0.5075902563268722,
         0.7657861994190571,
         0.066057446167563,
         0.7311959280869456,
         0.0979892506964121,
         0.11309786086873902,
         0.7159796073904128,
         0.23996223510729403,
         0.5596447998538764,
         0.7388177216600803,
         0.18479534127883307
      ],
      [
         0.28080625919411706,
         0.289197187580107,
         0.3476308101589524,
         0.7182051812354596,
         0.37893377459677885,
         0.5111688610584293,
         0.1595395056320142,
         0.3943614148931019,
         0.1951943288586519,
         0.5278329386098245,
         0.1587688298630402,
         0.22246713078707964,
         0.22231154292556787,
         0.13201036512251127,
         0.15999815771412332
      ],
      [
         0.5864598118802555,
         0.41962719368813617,
         0.12310158303872076,
         0.6368507454735918,
         0.5614633868517188,
         0.24234640471815116,
         0.6010732543869292,
         0.5826925061114276,
         0.43269439223931844,
         0.521936690682836,
         0.7311434267195767,
         0.6917126302751303,
         0.1311257643957509,
         0.23769494165374555,
         0.12838700734825814
      ]
   ],
   "mv_f1_micro": [
      1.0,
      0.875,
      0.953125,
      0.984375,
      0.8984375,
      0.96875,
      0.9140625,
      0.9765625,
      0.875,
      0.9921875
   ],
   "mv_f1_macro": [
      1.0,
      0.8711348373848373,
      0.9513614163614165,
      0.9851282051282052,
      0.8932405094905095,
      0.9695937395937395,
      0.9149261849261849,
      0.9777622377622377,
      0.8743149579178991,
      0.9923076923076923
   ],
   "mv_f1_weighted": [
      1.0,
      0.8720290343337218,
      0.9523437499999999,
      0.9843349358974358,
      0.8983432583041957,
      0.9687645687645687,
      0.9146762959262958,
      0.9763876748251747,
      0.8778145325364993,
      0.9921874999999999
   ],
   "ct_f1_micro": [
      0.9921875,
      0.8828125,
      0.96875,
      1.0,
      0.953125,
      0.96875,
      0.921875,
      0.984375,
      0.9375,
      0.984375
   ],
   "ct_f1_macro": [
      0.9928205128205129,
      0.8817848817848818,
      0.9678321678321679,
      1.0,
      0.9513529526029526,
      0.9685836385836385,
      0.9145263070263072,
      0.984941724941725,
      0.9364835164835166,
      0.9851282051282052
   ],
   "ct_f1_weighted": [
      0.9921474358974358,
      0.8821368735431235,
      0.9682583041958043,
      1.0,
      0.9529475949397823,
      0.9690914987789987,
      0.9188711028554778,
      0.9842402389277389,
      0.9370821886446885,
      0.9843349358974358
   ],
   "gt": [
      7,
      7,
      7,
      7,
      7,
      7,
      7,
      5,
      5,
      5,
      5,
      5,
      5,
      5,
      0,
      0,
      0,
      0,
      0,
      17,
      17,
      17,
      17,
      17,
      17,
      19,
      19,
      19,
      19,
      13,
      13,
      13,
      13,
      13,
      13,
      13,
      15,
      15,
      15,
      15,
      15,
      15,
      15,
      1,
      1,
      1,
      1,
      1,
      1,
      2,
      2,
      2,
      2,
      2,
      2,
      2,
      8,
      8,
      8,
      8,
      8,
      8,
      8,
      4,
      4,
      4,
      4,
      4,
      4,
      6,
      6,
      6,
      6,
      6,
      6,
      16,
      16,
      16,
      16,
      16,
      16,
      14,
      14,
      14,
      14,
      14,
      14,
      14,
      3,
      3,
      3,
      3,
      3,
      3,
      3,
      11,
      11,
      11,
      11,
      11,
      11,
      11,
      9,
      9,
      9,
      9,
      9,
      9,
      9,
      10,
      10,
      10,
      10,
      10,
      10,
      10,
      18,
      18,
      18,
      18,
      18,
      12,
      12,
      12,
      12,
      12,
      12,
      12
   ],
   "em_f1_micro": [
      1.0,
      0.8828125,
      0.953125,
      1.0,
      0.9453125,
      0.9765625,
      0.90625,
      0.9765625,
      0.8828125,
      0.9921875
   ],
   "em_f1_macro": [
      1.0,
      0.8787795537795537,
      0.9534731934731935,
      1.0,
      0.9442246642246642,
      0.9762237762237762,
      0.9075513375513375,
      0.9772860472860472,
      0.8857159507159507,
      0.9916083916083916
   ],
   "em_f1_weighted": [
      1.0,
      0.8850524475524475,
      0.9525531759906759,
      1.0,
      0.9455061431623931,
      0.9766171328671328,
      0.9063711462148961,
      0.976467803030303,
      0.8835791812354312,
      0.9922421328671328
   ]
}