{
   "worker_count": 20,
   "expertise_scores": [
      [
         0.5728016462544581,
         0.21576308818552836,
         0.3107876295348084,
         0.5871950509376235,
         0.14222138924698952,
         0.643452002773921,
         0.4516300488301445,
         0.7279733426529776,
         0.22414687355400592,
         0.6319572086381581,
         0.15969332469913544,
         0.4420126713018349,
         0.4868158156074354,
         0.23017018676816436,
         0.15303970016659646,
         0.33461132271628086,
         0.05578523956679559,
         0.436000475557711,
         0.7559039657685444,
         0.5145618202577331
      ],
      [
         0.7876330089674216,
         0.2136075171771714,
         0.454168492066994,
         0.3143521995132762,
         0.3783605370079054,
         0.7052089233141644,
         0.6132084887805084,
         0.6726556516582665,
         0.4119814410571048,
         0.7989242255247213,
         0.5435262815967532,
         0.7064986142823718,
         0.5930292318924324,
         0.1074982326054505,
         0.09569440771187004,
         0.6901451331760365,
         0.5882753423222087,
         0.624584383062049,
         0.7858848953865353,
         0.1553600015739457
      ],
      [
         0.6168927689218371,
         0.7927704718271308,
         0.39283164682151783,
         0.48683385979289745,
         0.19126084953199496,
         0.4988114341541855,
         0.5662285475795442,
         0.5294862298307804,
         0.6602898388839173,
         0.2072598949034813,
         0.08869302367232562,
         0.2401005041685212,
         0.09695913216335175,
         0.44245119848313236,
         0.5265163782146394,
         0.42780942626945556,
         0.20176538429864826,
         0.054946174890738,
         0.7922800056922179,
         0.36114181895420683
      ],
      [
         0.634656730027952,
         0.7109950780647953,
         0.46926861001404757,
         0.2922393742536661,
         0.05196507199720717,
         0.6223704741964187,
         0.2195305522445824,
         0.6417978686928089,
         0.7319689549118408,
         0.4089451187013231,
         0.4093165544038295,
         0.603559588797876,
         0.32552950484112586,
         0.10585175139729613,
         0.27040705758868594,
         0.29990259840982486,
         0.28028997966921754,
         0.22889999405426198,
         0.05151656599922619,
         0.3005817799452594
      ],
      [
         0.4711825347016826,
         0.2861909400544284,
         0.6999228820522008,
         0.2615955100639065,
         0.5611961259553819,
         0.47630672930020257,
         0.5457050134998417,
         0.33655897950306535,
         0.7949180427018145,
         0.5785272051841475,
         0.3744913355367465,
         0.7822307489916166,
         0.6094419593071808,
         0.5646891730989477,
         0.29773577888967584,
         0.7637249222929969,
         0.6390143726529404,
         0.1352433828767182,
         0.053198180175655294,
         0.4791784185807121
      ],
      [
         0.34547566276646796,
         0.757398051466246,
         0.25697223767742705,
         0.3233748750390186,
         0.47960321521600974,
         0.4431931319936943,
         0.4169771050753108,
         0.45195165481407484,
         0.43572220306093973,
         0.3122732998566941,
         0.6644454393455341,
         0.4588891240484957,
         0.7842836243319962,
         0.47133148601704145,
         0.5321927362128133,
         0.30662344650971907,
         0.3997815961537041,
         0.49647723805648514,
         0.10238710007825372,
         0.19979078519132037
      ],
      [
         0.7019272761397292,
         0.7139185971838249,
         0.22773320198367125,
         0.6779842079326613,
         0.11881926434997167,
         0.44213807588077686,
         0.1235830077569116,
         0.23303839612124816,
         0.5185778627795009,
         0.39526392192841503,
         0.5088609247646287,
         0.629001934220179,
         0.2235544528515903,
         0.10537354420143297,
         0.3430643318002818,
         0.13738725945599195,
         0.21263276350215998,
         0.21788255266819345,
         0.055320677774451155,
         0.4106753005128604
      ],
      [
         0.738725606261961,
         0.49675411396828256,
         0.32679688647836774,
         0.7076173257455995,
         0.17576446904893278,
         0.1686893107657328,
         0.7280273814583332,
         0.17112033252440487,
         0.45188543536108644,
         0.18140301391886599,
         0.46658179332560273,
         0.5558672561146164,
         0.3085409843793646,
         0.07266245241183347,
         0.6860338611531888,
         0.34422390988477425,
         0.1390854382640791,
         0.7272077493408942,
         0.457618183469311,
         0.4174743368564886
      ],
      [
         0.7928810786775582,
         0.493753606296018,
         0.05916215157273767,
         0.5938192483984218,
         0.09433578568861797,
         0.1754573909826378,
         0.5521593617690767,
         0.5094665444498955,
         0.3252527216291389,
         0.6553356657083115,
         0.2913722469189707,
         0.2672348289653195,
         0.2655117573520484,
         0.1980501920840571,
         0.17003630288881622,
         0.4154613403243505,
         0.21389430626767947,
         0.22604915423514926,
         0.5479488678308874,
         0.24510322015194236
      ],
      [
         0.47567580906913515,
         0.05765515645948943,
         0.7771807218743927,
         0.18412111835472256,
         0.6426262848978561,
         0.5092683759177511,
         0.05055146458988295,
         0.2181253115250627,
         0.3042277589944165,
         0.3900705357967581,
         0.641613670204312,
         0.4044743651819917,
         0.7581715674337408,
         0.7771522782341445,
         0.14297009645228997,
         0.3080771459479167,
         0.15589448247267243,
         0.6127429609032784,
         0.34318570941420956,
         0.6916043734204801
      ]
   ],
   "mv_f1_micro": [
      1.0,
      1.0,
      1.0,
      0.96875,
      1.0,
      0.9921875,
      0.9765625,
      0.9921875,
      1.0,
      0.9921875
   ],
   "mv_f1_macro": [
      1.0,
      1.0,
      1.0,
      0.969096459096459,
      1.0,
      0.9923076923076923,
      0.9734188034188035,
      0.9928205128205129,
      1.0,
      0.9923076923076923
   ],
   "mv_f1_weighted": [
      1.0,
      1.0,
      1.0,
      0.9685363247863248,
      1.0,
      0.9921875,
      0.9756944444444444,
      0.9921474358974358,
      1.0,
      0.9921875
   ],
   "ct_f1_micro": [
      0.9921875,
      1.0,
      1.0,
      0.9921875,
      1.0,
      1.0,
      0.9921875,
      0.984375,
      0.984375,
      1.0
   ],
   "ct_f1_macro": [
      0.98989898989899,
      1.0,
      1.0,
      0.9911111111111112,
      1.0,
      1.0,
      0.9923076923076923,
      0.9844289044289045,
      0.9804329004329005,
      1.0
   ],
   "ct_f1_weighted": [
      0.9922664141414141,
      1.0,
      1.0,
      0.9920138888888889,
      1.0,
      1.0,
      0.9921874999999999,
      0.9843895687645687,
      0.984077380952381,
      1.0
   ],