{
   "worker_count": 30,
   "expertise_scores": [
      [
         0.17678291466724505,
         0.3939050851870849,
         0.40507809350356994,
         0.6960410030296744,
         0.4836135379984425,
         0.182073221491119,
         0.49383952102284767,
         0.7042617965942195,
         0.23419934857300256,
         0.3159690786139911,
         0.5002246304549743,
         0.5608853524647176,
         0.16200541139967747,
         0.5249604439192499,
         0.6176705989155012,
         0.426235830501407,
         0.16014037132326409,
         0.17559782039936356,
         0.3725454065878196,
         0.4359484632700976,
         0.6639317393809131,
         0.3453031371132373,
         0.16477433331376407,
         0.4439138328773637,
         0.7674224179657722,
         0.4433811595295064,
         0.5297276522051863,
         0.7343648050828476,
         0.5448168949746462,
         0.30499902646679217
      ],
      [
         0.419423414690221,
         0.7021326981777811,
         0.768093356190656,
         0.7322166238372767,
         0.3121812066724439,
         0.4266565272362553,
         0.6709211130828129,
         0.2784893163923969,
         0.7657097946359508,
         0.7815940720236256,
         0.5037004765522192,
         0.3876157682675903,
         0.5079365185256242,
         0.4067258078310313,
         0.10431249031112158,
         0.3703115233633856,
         0.6914476915650081,
         0.34170228351282794,
         0.174864237076773,
         0.7166172661212408,
         0.32070388166238994,
         0.471028210340462,
         0.13928878317337556,
         0.276980174971971,
         0.7052628769818762,
         0.12982228949496322,
         0.5179552907771273,
         0.15252604204848402,
         0.08895299989671959,
         0.48596739721291016
      ],
      [
         0.5217868836899683,
         0.23319660603155146,
         0.08215926723474241,
         0.6570408497173024,
         0.4439924193066457,
         0.12965706677780003,
         0.5284707333522063,
         0.6950088163995979,
         0.7897317722228906,
         0.44296077665801054,
         0.29160811172676704,
         0.5195783682495223,
         0.7999748821129622,
         0.3202441398508285,
         0.7853826168023043,
         0.25318944409729527,
         0.5323768521647286,
         0.23674025595503556,
         0.3834565675785798,
         0.66065776387461,
         0.4512430201718691,
         0.1556705136415694,
         0.49460760374194934,
         0.39654863824789943,
         0.1505617943338183,
         0.2514310335781673,
         0.5504038703097411,
         0.5934606145500491,
         0.2929316076711681,
         0.4983998503643951
      ],
      [
         0.5928503358293974,
         0.4169591545771404,
         0.7446408218364233,
         0.17734628545714198,
         0.2326772722134443,
         0.7001808880634711,
         0.5968565248997953,
         0.6593150657217413,
         0.4849014200838434,
         0.5077791039103308,
         0.6259161897444948,
         0.7028688724444097,
         0.12616494301289516,
         0.16976115043781476,
         0.6173514951408795,
         0.24721099792778295,
         0.11222448398761316,
         0.14563163584644045,
         0.769710645022035,
         0.6503642911616864,
         0.28268001782313357,
         0.18735719914519922,
         0.6319126672305772,
         0.7895963819539513,
         0.5428577479377027,
         0.7922055306090269,
         0.6022690119249847,
         0.5278792852221978,
         0.49978782686317214,
         0.7438493332427129
      ],
      [
         0.3340642993929445,
         0.6786032807902425,
         0.6639819214644587,
         0.5534700965990359,
         0.3426447422198989,
         0.6382550579726163,
         0.7905962821488821,
         0.7308197614204456,
         0.28015453595389983,
         0.45314292575474807,
         0.11001982257762619,
         0.6912955319089996,
         0.19658522000100365,
         0.6147942204625731,
         0.6963185526119086,
         0.2710583904768055,
         0.5525513545948058,
         0.14522930615768342,
         0.3292761346120822,
         0.11901519747867248,
         0.45455205141402943,
         0.06623412652642986,
         0.7318254286779144,
         0.21067567885661093,
         0.5468718491911473,
         0.23204796400205885,
         0.5557489237105729,
         0.26348555959444414,
         0.7650124420079045,
         0.5857194099569637
      ],
      [
         0.34397279780983586,
         0.1804167772623353,
         0.362159380977882,
         0.5521282635377465,
         0.583468227191872,
         0.6196243106386252,
         0.31913371814434477,
         0.7422874487741751,
         0.11722687593303399,
         0.3021568796257482,
         0.20074475321277785,
         0.7840754551224851,
         0.22076868486392937,
         0.3150713903786412,
         0.4153301956835345,
         0.4767216487314788,
         0.5331616523853673,
         0.721227798803476,
         0.4319355273503853,
         0.05195026943024008,
         0.09779818464369686,
         0.09136261367512558,
         0.07734431289084595,
         0.47053089223284783,
         0.7656507773631883,
         0.09882120389613816,
         0.5347654915111704,
         0.09020628742148624,
         0.14905899816024964,
         0.6560233174380609
      ],
      [
         0.6571249553058807,
         0.07330081082448728,
         0.20168689522466793,
         0.0861093636748256,
         0.5147476662731151,
         0.7654335968579571,
         0.32586734166521464,
         0.7367748751409304,
         0.21296964578903566,
         0.2556454021732671,
         0.782584121173233,
         0.6298873951228711,
         0.4685392517489332,
         0.44794782289124263,
         0.2327516827057327,
         0.696206260520257,
         0.6704960032152911,
         0.708931753072888,
         0.6453831663792342,
         0.3757941942998771,
         0.2558832653709156,
         0.5484844810863675,
         0.5306704542704512,
         0.4666835441983161,
         0.12273690394711495,
         0.5957876263035242,
         0.730115753419599,
         0.38048534716768206,
         0.5944908909016294,
         0.1758107101301783
      ],
      [
         0.3665008778039893,
         0.5923798269712651,
         0.630474360379526,
         0.6414037535061476,
         0.6772310503774219,
         0.7529305697965835,
         0.2334093735650974,
         0.6854462611800084,
         0.27546763884882747,
         0.2832513212374725,
         0.7263587409713208,
         0.34097561111275687,
         0.2500057402939259,
         0.35121851429304596,
         0.45961946543257814,
         0.17248582814553964,
         0.7567720094738118,
         0.6731378418080683,
         0.3073060689948195,
         0.30655205546003383,
         0.2911488783687915,
         0.3236270584901599,
         0.47865005327077104,
         0.28839881229463754,
         0.639150440874957,
         0.48363865034861253,
         0.5082496400026032,
         0.1030796167611708,
         0.16303582060177052,
         0.34125292202384255
      ],
      [
         0.2960859655452869,
         0.23945506465423316,
         0.4190914350787224,
         0.7535070612918191,
         0.2868467399948222,
         0.40125562099977036,
         0.6876579510210112,
         0.47189411894944583,
         0.19745150394732175,
         0.7278202652232683,
         0.36319838324449555,
         0.2162982146973289,
         0.19172536630774245,
         0.3441547684545853,
         0.7671520152895459,
         0.17397707021730402,
         0.7553871157686889,
         0.7032166649270538,
         0.1478199184493627,
         0.6643683784487165,
         0.25914025129435564,
         0.4407934285880973,
         0.780705189884568,
         0.5406690376537239,
         0.33631275316272746,
         0.11087004836878202,
         0.11670415954886068,
