{
   "worker_count": 3,
   "expertise_scores": [
      [
         0.37422905000379486,
         0.24389562618726296,
         0.45005702259090136
      ],
      [
         0.4427997119377465,
         0.7465951941425567,
         0.0723028044516518
      ],
      [
         0.6555272156561351,
         0.7202657389639116,
         0.3320868414586009
      ],
      [
         0.7031904280582151,
         0.31210154702989035,
         0.08637065128855312
      ],
      [
         0.7511433070062631,
         0.6724388829765101,
         0.39874001553230826
      ],
      [
         0.7390459880208561,
         0.753516797155756,
         0.6082639794259985
      ],
      [
         0.6928443391651781,
         0.23902504965347304,
         0.7170538012112223
      ],
      [
         0.49988805715235785,
         0.43116933016298997,
         0.14161387248245297
      ],
      [
         0.5396027127376906,
         0.7483082124148673,
         0.2490836097535581
      ],
      [
         0.6336124057509938,
         0.32194295175953613,
         0.08243871016292484
      ]
   ],
   "mv_f1_micro": [
      0.4375,
      0.4765625,
      0.75,
      0.5,
      0.7890625,
      0.8203125,
      0.6875,
      0.3828125,
      0.65625,
      0.4609375
   ],
   "mv_f1_macro": [
      0.4279936566701273,
      0.46485715265127026,
      0.7367536630036631,
      0.4950878533231474,
      0.7848999611499611,
      0.8233757908757908,
      0.6755141427200251,
      0.3572397777660935,
      0.6517758303787715,
      0.46714063714063714
   ],
   "mv_f1_weighted": [
      0.4316484985602632,
      0.4767601602849764,
      0.7378956330128205,
      0.5012683293014175,
      0.7843481388403264,
      0.8203456699550449,
      0.6797594485783823,
      0.3680077232708812,
      0.6591117075836744,
      0.4628852484321234
   ],
   "ct_f1_micro": [
      0.5,
      0.453125,
      0.765625,
      0.359375,
      0.8046875,
      0.8671875,
      0.7421875,
      0.5,
      0.5859375,
      0.6328125
   ],
   "ct_f1_macro": [
      0.49001625567415036,
      0.44125117529529295,
      0.7529166666666666,
      0.3579099576893695,
      0.7964777624336448,
      0.8714069264069263,
      0.7392314303343717,
      0.48093667297614673,
      0.5827349121466767,
      0.6346545121545122
   ],
   "ct_f1_weighted": [
      0.4932942947951172,
      0.44709930464755837,
      0.7629915006868132,
      0.36336769847799255,
      0.8020201573855066,
      0.8665238407425908,
      0.7409784953098372,
      0.48644186816473,
      0.5882641102769779,
      0.6345384216477967
   ],
   "gt": [
      7,
      7,
      7,
      7,
      7,
      7,
      7,
      5,
      5,
      5,
      5,
      5,
      5,
      5,
      0,
      0,
      0,
      0,
      0,
      17,
      17,
      17,
      17,
      17,
      17,
      19,
      19,
      19,
      19,
      13,
      13,
      13,
      13,
      13,
      13,
      13,
      15,
      15,
      15,
      15,
      15,
      15,
      15,
      1,
      1,
      1,
      1,
      1,
      1,
      2,
      2,
      2,
      2,
      2,
      2,
      2,
      8,
      8,
      8,
      8,
      8,
      8,
      8,
      4,
      4,
      4,
      4,
      4,
      4,
      6,
      6,
      6,
      6,
      6,
      6,
      16,
      16,
      16,
      16,
      16,
      16,
      14,
      14,
      14,
      14,
      14,
      14,
      14,
      3,
      3,
      3,
      3,
      3,
      3,
      3,
      11,
      11,
      11,
      11,
      11,
      11,
      11,
      9,
      9,
      9,
      9,
      9,
      9,
      9,
      10,
      10,
      10,
      10,
      10,
      10,
      10,
      18,
      18,
      18,
      18,
      18,
      12,
      12,
      12,
      12,
      12,
      12,
      12
   ],
   "em_f1_micro": [
      0.40625,
      0.5859375,
      0.734375,
      0.5,
      0.828125,
      0.8515625,
      0.7265625,
      0.484375,
      0.671875,
      0.4296875
   ],
   "em_f1_macro": [
      0.40822399822399824,
      0.5749728049728049,
      0.7273901098901099,
      0.49646631146631154,
      0.8237201687201686,
      0.8497086247086244,
      0.7213064713064712,
      0.48395215895215893,
      0.656773643023643,
      0.4248901098901099
   ],
   "em_f1_weighted": [
      0.41075859903984896,
      0.5797693625818626,
      0.7319010416666667,
      0.5007041569541569,
      0.8263052485708736,
      0.8507804695304695,
      0.7244791666666667,
      0.4832829496891996,
      0.6686933942793317,
      0.4259415064102564
   ]
}