{
   "worker_count": 20,
   "expertise_scores": [
      [
         0.6834133414736703,
         0.7120151798567483,
         0.5896572493996426,
         0.7705253157820661,
         0.3397689895741113,
         0.6277661412532204,
         0.6265974586106323,
         0.7590550599977737,
         0.6234794262442078,
         0.41279068075343145,
         0.5361513998698353,
         0.4509816205191422,
         0.5807110070043676,
         0.6879662341102979,
         0.5899462647488485,
         0.6832387787835796,
         0.6380240976084216,
         0.7484922705501709,
         0.7740334575627976,
         0.5900923572511544
      ],
      [
         0.6295719332521188,
         0.44761427434540585,
         0.33794410383545903,
         0.5092965278412424,
         0.33478416919674103,
         0.6085314122319099,
         0.7978246587966765,
         0.6407596972981413,
         0.7786930653786461,
         0.7711093646834164,
         0.720350767820834,
         0.587826153288824,
         0.6881413488227566,
         0.5188180055800442,
         0.7794569528389186,
         0.7664299382432332,
         0.4551019039931975,
         0.661118871296747,
         0.6055921714742611,
         0.7667078370411531
      ],
      [
         0.4146642130780013,
         0.6566462650259147,
         0.5410890459654912,
         0.7557395783891305,
         0.6148893864948595,
         0.7539234885379018,
         0.3793031410170791,
         0.5114324598956084,
         0.5830995280585689,
         0.4868286894391189,
         0.5198473631271845,
         0.6787761316957727,
         0.5458142566171562,
         0.42514336196087743,
         0.4329326094637974,
         0.5352455960913989,
         0.6677888094845654,
         0.6484999222826735,
         0.5423247957246646,
         0.4973336650958188
      ],
      [
         0.7717861008142669,
         0.7760777924032722,
         0.6954049878829504,
         0.6929355488234804,
         0.5912971250326082,
         0.7460249683268568,
         0.6991349844004779,
         0.3883391748897337,
         0.4422981656336576,
         0.5284403531793221,
         0.5897329043505093,
         0.5286371469216424,
         0.7987038632613861,
         0.6227485678588464,
         0.4165024028163682,
         0.6093602566475194,
         0.45609438236137256,
         0.6254894046455477,
         0.6770487845422142,
         0.7926596656076373
      ],
      [
         0.487744961203174,
         0.721778831074256,
         0.6285611341107362,
         0.7198009185377952,
         0.6127668201183851,
         0.7469142758120207,
         0.7419340074919696,
         0.45742888221691724,
         0.6899845409558047,
         0.4607706388455597,
         0.5010315803233849,
         0.5457057348244098,
         0.33768644046867063,
         0.3532651219548565,
         0.6670115910421224,
         0.7824953793631879,
         0.5738277986471823,
         0.7568634202291531,
         0.5565276863333795,
         0.334642423774036
      ],
      [
         0.5016272852876046,
         0.34605020936246034,
         0.446343270616549,
         0.7439727157075855,
         0.42951461226247645,
         0.5552852871828655,
         0.4633216948402561,
         0.6911916639351313,
         0.7220379673333727,
         0.7354367035096516,
         0.7708865141743404,
         0.5902792298411986,
         0.7203970581971917,
         0.7633764900436362,
         0.7025399994946695,
         0.6252852634803474,
         0.7535897708145798,
         0.6659645917682908,
         0.657398625467323,
         0.7156664088693321
      ],
      [
         0.3872993915214767,
         0.634684866770286,
         0.6297337808324468,
         0.4826050023486756,
         0.6531632781072751,
         0.41542606567334067,
         0.7166193108924851,
         0.5631159894803596,
         0.6588535231898562,
         0.6011485853335221,
         0.7416438095188311,
         0.5479956255670332,
         0.331072935437035,
         0.3962876124961964,
         0.7709220560236125,
         0.7297838701484254,
         0.5747328684043386,
         0.6427432785653802,
         0.4429210434834575,
         0.7117448366753001
      ],
      [
         0.48000977184187765,
         0.4726699788878572,
         0.5265850516068455,
         0.6150127645578201,
         0.4469729236034057,
         0.5983216770587843,
         0.47778869634507737,
         0.4789084783046614,
         0.4170292123023159,
         0.4521117336126153,
         0.3708060748339692,
         0.5651576917623933,
         0.5432514760188094,
         0.47078514413917427,
         0.4046600455843618,
         0.43255751042417434,
         0.6715884651617554,
         0.6235571164554068,
         0.504562783667173,
         0.6862266425693486
      ],
      [
         0.4902402063541661,
         0.4518211471794624,
         0.48138027072921363,
         0.786636319138343,
         0.653903447571075,
         0.5669342085564897,
         0.6763704628211749,
         0.6368046090784716,
         0.3894491339105378,
         0.37746927700586475,
         0.6829010057788696,
         0.4881467354724117,
         0.6633312631034864,
         0.4949773381850638,
         0.763596766423738,
         0.5520669339433595,
         0.664517362882599,
         0.6583261457216503,
         0.43556473929423783,
         0.45225564875056556
      ],
      [
         0.7976791455543658,
         0.43964021940824155,
         0.46331463649109494,
         0.3763490260213692,
         0.53855359271505,
         0.45273810246295776,
         0.4000377437003542,
         0.7478127562527039,
         0.40901202082059457,
         0.3529663570269683,
         0.7374832974480925,
         0.4130980362646235,
         0.629904534909357,
         0.7347058583377168,
         0.7116924614004808,
         0.5157847242850615,
         0.3683171364823603,
         0.5035553336612625,
         0.5933718432343837,
         0.4362574292994823
      ]
   ],
   "mv_f1_micro": [
      0.9799196787148594,
      0.9718875502008032,
      0.9317269076305221,
      0.9839357429718876,
      0.9598393574297188,
      0.9919678714859438,
      0.963855421686747,
      0.8795180722891566,
      0.963855421686747,
      0.8634538152610441
   ],
   "mv_f1_macro": [
      0.9798847261483982,
      0.9715137936938053,
      0.9314682782731559,
      0.9836854384725701,
      0.9597662013392351,
      0.9915824915824917,
      0.9638690896637342,
      0.8787439613526571,
      0.9639349607837634,
      0.8631681751143692
   ],
   "mv_f1_weighted": [
      0.9798920072677706,
      0.9719000686165664,
      0.9318565408729067,
      0.9839647809758266,
      0.959882943418208,
      0.9919678714859438,
      0.9637236417576811,
      0.8793298799060979,
      0.9638873661338078,
      0.8633755929260141
   ],
   "ct_f1_micro": [
      0.9879518072289156,
      0.9839357429718876,
      0.9598393574297188,
      0.9879518072289156,
      0.9759036144578314,
      0.9959839357429718,
      0.9799196787148594,
      0.891566265060241,
      0.963855421686747,
      0.927710843373494
   ],
   "ct_f1_macro": [
      0.9882415453589416,
      0.9844756743354054,
      0.959007419230883,
      0.9874533680190402,
      0.9761296260622018,
      0.995785758497623,
      0.9798343203999926,
      0.890721259070403,
      0.96350033905088,
      0.9271220863265538
   ],
   "ct_f1_weighted": [
      0.9879075098200962,
      0.983892351724522,
      0.9599058965310563,
      0.987981878251924,
      0.9759287841663965,
      0.9959812383745404,
      0.9798342314850813,
      0.8914592174994946,
      0.9638613325875955,
      0.9277376732123711
   ],
   "em_f1_micro": [
      0.9959839357429718,
      0.9919678714859438,
      0.9397590361445783,
      0.9879518072289156,
      0.9759036144578314,
      1.0,
      0.9879518072289156,
      0.8955823293172691,
      0.9759036144578314,
      0.9317269076305221
   ],