{
   "worker_count": 18,
   "expertise_scores": [
      [
         0.7524434470372676,
         0.5594132832679721,
         0.5017236365483854,
         0.515283244787552,
         0.510294210727701,
         0.40003584043580426,
         0.6759166124174079,
         0.3951683956673521,
         0.4132998960248026,
         0.6127639779563149,
         0.4557089914372413,
         0.6301101126546349,
         0.7934580211855403,
         0.7811094223058195,
         0.6150207924847261,
         0.45768472060791493,
         0.3539429045505794,
         0.7563414527864457
      ],
      [
         0.7573725761063566,
         0.4190716663788604,
         0.7996377640973145,
         0.7874978341910451,
         0.7220794390989114,
         0.6552111571441102,
         0.3561161408325758,
         0.3635756661047948,
         0.6068350563283298,
         0.43801655679740314,
         0.7479952456377734,
         0.4552151236279367,
         0.7010162356504703,
         0.711272961364668,
         0.6625645304826515,
         0.5517633858504071,
         0.6097732794395095,
         0.7902883195828252
      ],
      [
         0.5103528890407587,
         0.458878353906813,
         0.4153790881977549,
         0.6761933703873908,
         0.6337606057838465,
         0.4251587026169337,
         0.7215111157360179,
         0.4692497797941988,
         0.6783627088417445,
         0.4193934565759278,
         0.6366510390698193,
         0.3732384330529717,
         0.4135233826042451,
         0.5816523738372956,
         0.7648200602018291,
         0.5268363157614923,
         0.6733728605261702,
         0.49667205315989005
      ],
      [
         0.399676451059472,
         0.45746924619290963,
         0.5984048809285454,
         0.46333758347788245,
         0.5558367253503719,
         0.5454582064066967,
         0.5574555946297174,
         0.6884619069624769,
         0.3784603481276093,
         0.72558809876005,
         0.6261843779257168,
         0.7318606742538585,
         0.7129361798114906,
         0.617288879307794,
         0.5747365152148673,
         0.44379456239891374,
         0.3742510447829039,
         0.4964777811403197
      ],
      [
         0.45975820624888636,
         0.4700511287992186,
         0.3925031754863328,
         0.5061226437190067,
         0.5077808125761231,
         0.7832822785272481,
         0.4468931133604528,
         0.6015926818462284,
         0.6495847273590201,
         0.5412906082458016,
         0.7644627591222066,
         0.5320908456522858,
         0.4150841744677256,
         0.5225126902934278,
         0.635402249393355,
         0.676961928484827,
         0.5896122928746622,
         0.36444510851015
      ],
      [
         0.40029953037161614,
         0.6612005120072768,
         0.36026947305743284,
         0.3848944446552279,
         0.7209026621167421,
         0.3633651558584014,
         0.46425340182357266,
         0.7777124865498755,
         0.6006413408224411,
         0.5132364179280945,
         0.39277628027318773,
         0.48575537688982806,
         0.35986977492411415,
         0.6099899167214091,
         0.5036923209412292,
         0.42995552283148514,
         0.6824285670646986,
         0.6807409946109688
      ],
      [
         0.5093889081304992,
         0.5239212650047826,
         0.43506677887341744,
         0.35876489604040235,
         0.40394269796102833,
         0.7170918954535201,
         0.3920565138867585,
         0.7359961735808755,
         0.7520727340010354,
         0.42356962542190657,
         0.3765734886868468,
         0.5949159662065564,
         0.6487131561942513,
         0.719738765756635,
         0.43627253884495143,
         0.7296490158408284,
         0.6205206581191156,
         0.7585692538953595
      ],
      [
         0.48935933212232074,
         0.7155853697334625,
         0.6227671785531148,
         0.34787907290353687,
         0.6338983637366675,
         0.6450693945486071,
         0.7809721466103299,
         0.5433377816104026,
         0.5606831395230386,
         0.5647777107442109,
         0.34889895539139315,
         0.6068557580633941,
         0.6006931175251562,
         0.6675803297798193,
         0.7553224798733726,
         0.4071641557327176,
         0.7050369806439338,
         0.5794306483280085
      ],
      [
         0.4104377343434287,
         0.5981539014500384,
         0.43954560595003084,
         0.7216186088233327,
         0.6690483371163048,
         0.5206836138577587,
         0.712038157391314,
         0.6094214897560242,
         0.7668870412630063,
         0.44841214567637694,
         0.351826054114152,
         0.7478172291842116,
         0.6098821122013546,
         0.4461919428275589,
         0.695544196367591,
         0.713638101471284,
         0.6792349500431605,
         0.7646496119504178
      ],
      [
         0.7845646124373464,
         0.738464668636393,
         0.7150516804508532,
         0.7696117753927156,
         0.48500226134431457,
         0.6506164622041508,
         0.45593141373774637,
         0.5436795976099023,
         0.7146976864164438,
         0.4395456609418988,
         0.4701821353335307,
         0.5748071307196764,
         0.44344877506113567,
         0.32777211042211546,
         0.40493906806066005,
         0.472845088872555,
         0.3614403255438352,
         0.6961021013821898
      ]
   ],
   "mv_f1_micro": [
      0.9357429718875502,
      0.9919678714859438,
      0.891566265060241,
      0.9036144578313253,
      0.9196787148594378,
      0.8634538152610441,
      0.9598393574297188,
      0.9357429718875502,
      0.9598393574297188,
      0.9678714859437751
   ],
   "mv_f1_macro": [
      0.9347775279414394,
      0.9915598459671888,
      0.8890583358230142,
      0.9033846240658515,
      0.9181219203879989,
      0.8636541708882136,
      0.9593784113529829,
      0.934557438794727,
      0.9585051049894048,
      0.968382415977954
   ],
   "mv_f1_weighted": [
      0.9359209347321422,
      0.9919564315181283,
      0.8911689548002003,
      0.9036681522791536,
      0.9198456483623527,
      0.8635255917286165,
      0.959876338333492,
      0.9357202822589794,
      0.9598815992152002,
      0.9676769295965099
   ],
   "ct_f1_micro": [
      0.9558232931726908,
      0.9879518072289156,
      0.9116465863453815,
      0.9317269076305221,
      0.9437751004016064,
      0.9116465863453815,
      0.9678714859437751,
      0.9718875502008032,
      0.9799196787148594,
      0.9718875502008032
   ],
   "ct_f1_macro": [
      0.9546235097558656,
      0.9877932494122009,
      0.9096492427498014,
      0.9313553906411051,
      0.9425691750940143,
      0.9108474858474859,
      0.9681418706842436,
      0.9715137936938053,
      0.9789705173783387,
      0.9726353270744981
   ],
   "ct_f1_weighted": [
      0.9558206867267907,
      0.9879404954430455,
      0.9115259137891567,
      0.931800336783125,
      0.9437103353818725,
      0.9115494946820248,
      0.9678487963152043,
      0.9719222425717606,
      0.9798831219710268,
      0.9717549054978531
   ],
   "em_f1_micro": [
      0.9598393574297188,
      0.9879518072289156,
      0.9357429718875502,
      0.9357429718875502,
      0.9558232931726908,
      0.9317269076305221,
      0.9558232931726908,
      0.9678714859437751,
      0.9879518072289156,
      0.9678714859437751
   ],
   "em_f1_macro": [
      0.958409839694756,
      0.9877932494122009,
      0.9339343152192314,
      0.935751808900783,
      0.9546823546823547,
      0.9311159271340691,
      0.9557185238135162,
      0.9672787193973634,
      0.9873002856734562,
      0.968127128958067
   ],