{
   "worker_count": 15,
   "expertise_scores": [
      [
         0.6052947132066464,
         0.6539730634823646,
         0.7040037377070347,
         0.47469663490403974,
         0.43614322910349024,
         0.3869848236108944,
         0.39253606862936474,
         0.45105456921815246,
         0.7132314453932613,
         0.7006054131812032,
         0.6851051351109964,
         0.4608600277490328,
         0.7792866332524226,
         0.7378340240592847,
         0.37049256587996127
      ],
      [
         0.5142436242233683,
         0.4034205917260918,
         0.7072876356105791,
         0.4151352555687587,
         0.36477875419194156,
         0.645827049625479,
         0.6008869866965524,
         0.47112089771602483,
         0.49823028186954443,
         0.5441022321887976,
         0.5121064493567432,
         0.744926835479609,
         0.44072340747852073,
         0.5206544148350669,
         0.5681303725331376
      ],
      [
         0.48557843567009507,
         0.42184102369667775,
         0.5915478809259614,
         0.7585858625054568,
         0.7455050725288774,
         0.41883871261827094,
         0.3281947294593107,
         0.7263672957207236,
         0.489003847716886,
         0.39402749043391705,
         0.7544902834777631,
         0.7027406677414896,
         0.5922840775808269,
         0.3388998221781601,
         0.4456801098005022
      ],
      [
         0.39694018760513655,
         0.6344468446290306,
         0.6060586408739667,
         0.5999426148603872,
         0.6880731699069843,
         0.7370755047665398,
         0.6368310298862875,
         0.36651074519118115,
         0.5060157511288795,
         0.44095523656180435,
         0.3877219928853391,
         0.43195067373734425,
         0.4622959388932026,
         0.6278543850725056,
         0.43141417816169053
      ],
      [
         0.34618027280862285,
         0.382267548866182,
         0.4828531634347262,
         0.5755879274371863,
         0.4066131317032633,
         0.5953956476018423,
         0.4651231429803151,
         0.3817512897089466,
         0.7544573546877689,
         0.62331351825683,
         0.5776377813101534,
         0.7492483815646993,
         0.7634489678007612,
         0.7464306672738226,
         0.55960859329939
      ],
      [
         0.6594220239118976,
         0.7227352860088062,
         0.589884552032934,
         0.4105490387634467,
         0.7930208411416833,
         0.7441550123037661,
         0.6771320222927314,
         0.4066521086408774,
         0.4524114299208359,
         0.5616055929842698,
         0.5670546597613038,
         0.3532273158309936,
         0.5584494749627661,
         0.7106601610428049,
         0.6845463484610721
      ],
      [
         0.5545182084142809,
         0.6708417012360073,
         0.774223389349223,
         0.7600925505368044,
         0.4865808018554273,
         0.5069768585928994,
         0.35985603986538073,
         0.7285111522493875,
         0.34488690764603186,
         0.6599414067314823,
         0.7132530709924823,
         0.41080836293138484,
         0.34700062759478933,
         0.7145935211835142,
         0.548308848771564
      ],
      [
         0.7881176512647352,
         0.5668091506358833,
         0.6206602659606906,
         0.7948869206684498,
         0.7428598426438386,
         0.7969259504198649,
         0.4450645066519573,
         0.6392936842022174,
         0.46545845634391314,
         0.5973158469627039,
         0.5294871983435638,
         0.3507926490834692,
         0.6687376522686057,
         0.49323733410416076,
         0.5043639052715381
      ],
      [
         0.7779800160537902,
         0.4321937257666014,
         0.5878976469033945,
         0.3630320427810822,
         0.7015642537568987,
         0.729506314823625,
         0.6949347272177779,
         0.6229038989854687,
         0.5888945747511436,
         0.5831797680112727,
         0.5210665203263343,
         0.7574001016404078,
         0.7983897484103099,
         0.790290612175667,
         0.7967472203158827
      ],
      [
         0.6665711980074607,
         0.49805320193021924,
         0.6757670521992805,
         0.7539373957528073,
         0.4682070663434015,
         0.4648051151228809,
         0.6787315251841564,
         0.6833041001830464,
         0.6580155956366793,
         0.6109649491257464,
         0.3310528219807494,
         0.6724081407182856,
         0.4930059593131608,
         0.660760566309742,
         0.5366997992917326
      ]
   ],
   "mv_f1_micro": [
      0.9317269076305221,
      0.8554216867469879,
      0.8835341365461847,
      0.8313253012048193,
      0.9036144578313253,
      0.9357429718875502,
      0.9236947791164659,
      0.9397590361445783,
      0.9799196787148594,
      0.9518072289156626
   ],
   "mv_f1_macro": [
      0.9321026592455164,
      0.8557904323650657,
      0.883107229030531,
      0.8286799962602344,
      0.9032410828941261,
      0.9355495777909572,
      0.9232580037664784,
      0.939015387959197,
      0.9798666387887488,
      0.9513202900979613
   ],
   "mv_f1_weighted": [
      0.9316727391942539,
      0.8554351621806947,
      0.8836838330417884,
      0.8309954004421742,
      0.9039326520577605,
      0.935731743376114,
      0.9236947791164659,
      0.9399003792776598,
      0.979911586609565,
      0.9517610944682712
   ],
   "ct_f1_micro": [
      0.9558232931726908,
      0.8875502008032129,
      0.9357429718875502,
      0.891566265060241,
      0.9357429718875502,
      0.9718875502008032,
      0.9678714859437751,
      0.9558232931726908,
      0.9919678714859438,
      0.9558232931726908
   ],
   "ct_f1_macro": [
      0.955311831867137,
      0.8876800666153332,
      0.9346483581800805,
      0.8907802437214202,
      0.9354152995773107,
      0.9715181611315868,
      0.9672787193973634,
      0.9553989180715936,
      0.9920300314660336,
      0.9549605177700043
   ],
   "ct_f1_weighted": [
      0.955934299016828,
      0.8875875231517198,
      0.9357909868396909,
      0.8913631975290374,
      0.9357401513476091,
      0.9719199320211702,
      0.9678714859437751,
      0.955981252121038,
      0.9919703751690964,
      0.9556632035516395
   ],
   "em_f1_micro": [
      0.9437751004016064,
      0.8755020080321284,
      0.9317269076305221,
      0.8875502008032129,
      0.9397590361445783,
      0.9598393574297188,
      0.963855421686747,
      0.9518072289156626,
      0.9959839357429718,
      0.9317269076305221
   ],
   "em_f1_macro": [
      0.9430681327729489,
      0.8750802976889934,
      0.9301780416523857,
      0.8842424242424242,
      0.9386566592448945,
      0.9601911403848638,
      0.963574097135741,
      0.9512924665046713,
      0.9962335216572504,
      0.9303732303732305
   ],
   "em_f1_weighted": [
      0.9438377435076645,
      0.8754370714349761,
      0.9318839465016745,
      0.8863964950711939,
      0.9394629440696061,
      0.9598481333314661,
      0.9638835541418476,
      0.952011389270824,
      0.9959839357429717,
      0.9320047758601977
   ],