{
   "worker_count": 30,
   "expertise_scores": [
      [
         0.4975587020078315,
         0.4623718289627946,
         0.6953118666140101,
         0.41658895985520006,
         0.5567912753224074,
         0.47863502002453284,
         0.4168612656084888,
         0.5610416902136139,
         0.334782686266882,
         0.7999575913417802,
         0.6173175178821615,
         0.6517744745287667,
         0.6562437579285687,
         0.36954623995970937,
         0.608063066745981,
         0.5081826029403561,
         0.6674084671853663,
         0.7627406043410646,
         0.6854980525884162,
         0.7349721682572747,
         0.4291595557085054,
         0.7697005429033899,
         0.5248641221418716,
         0.7389653731240792,
         0.5447729440607371,
         0.33709721233895806,
         0.3607321991973271,
         0.7074013295920284,
         0.35895156600958666,
         0.6836508465446286
      ],
      [
         0.5069498676806414,
         0.6245384311233142,
         0.48735525059587914,
         0.47998427102624824,
         0.6028640014136291,
         0.7261530907006348,
         0.7841832210451152,
         0.43430106166723315,
         0.41600600881595917,
         0.4817697222744381,
         0.6422239747946333,
         0.7958956175741021,
         0.5586953362605082,
         0.6818155619306774,
         0.4881455507611142,
         0.6334242079637804,
         0.5208382905683966,
         0.34106465959085935,
         0.5965584635329018,
         0.7813498972559635,
         0.391402743082238,
         0.7525722202728693,
         0.5357141129907816,
         0.5445650617934434,
         0.7660799767090475,
         0.707936301688055,
         0.7466811031104846,
         0.5108426565475515,
         0.3511722871133282,
         0.37299754278203745
      ],
      [
         0.3384844492912778,
         0.7360991720804763,
         0.691917162652008,
         0.7507768859053432,
         0.7499861081525563,
         0.37513447394518656,
         0.7284405621449436,
         0.594444119487988,
         0.41082137048314915,
         0.4453859323864491,
         0.3792588036596667,
         0.6684889338356221,
         0.4324429623947672,
         0.44374696377114886,
         0.6477851428458696,
         0.6931730205970881,
         0.7333438474561869,
         0.5217775576864947,
         0.7735898250998501,
         0.38989046630285407,
         0.4053808484933247,
         0.5361158229180961,
         0.5600741213963178,
         0.6507425552055635,
         0.7605979346708719,
         0.507887980871956,
         0.7128200044477486,
         0.7334631607470192,
         0.44324132792265697,
         0.5583621529777838
      ],
      [
         0.7351323904107272,
         0.4309159433378932,
         0.6687322592441103,
         0.4656016155039454,
         0.597450882745779,
         0.6053363510391501,
         0.6266913963116831,
         0.522845414147173,
         0.45709461602557294,
         0.740490326267443,
         0.4032440167564579,
         0.49424079442399693,
         0.44851620210375376,
         0.7385859823656458,
         0.5194156249418944,
         0.694484841957876,
         0.6242172304011451,
         0.6619546759116467,
         0.7005325675352508,
         0.6251828479813148,
         0.630339203631592,
         0.7225671747084866,
         0.685405575838415,
         0.5493984088381986,
         0.5260759289567051,
         0.5022054366500043,
         0.6220680787171238,
         0.7280246217137003,
         0.5219518898684805,
         0.5206751381971186
      ],
      [
         0.5736766191017293,
         0.4654769004883147,
         0.506948158436786,
         0.46083074581495387,
         0.6662682928154466,
         0.7596670531937247,
         0.42345573688619775,
         0.7466353948059823,
         0.5320804413916964,
         0.46184029152522627,
         0.5645035117796773,
         0.613492579453324,
         0.4545861854494167,
         0.47632802587679546,
         0.354127691135399,
         0.6469108106265553,
         0.6118295647011409,
         0.4967117117884253,
         0.7298806333247329,
         0.6338381882658597,
         0.4477847325365586,
         0.34094142061988975,
         0.4533622324786949,
         0.6710828432851852,
         0.6755933399221811,
         0.7477759329057491,
         0.6625477041385709,
         0.616146301733271,
         0.6386849071285752,
         0.47236075047548115
      ],
      [
         0.719394235533383,
         0.6054462022116555,
         0.6214322747631404,
         0.4579291723558108,
         0.74249865206922,
         0.7911330529804197,
         0.7867331726244376,
         0.46716932466286487,
         0.34606398955260076,
         0.4111248124561887,
         0.7461951631019357,
         0.42990632419439206,
         0.3644323257219626,
         0.7680569780523001,
         0.4325552192634841,
         0.3412181020263412,
         0.4335404485123385,
         0.4583502812823477,
         0.7284551143962644,
         0.3968528299724039,
         0.5213510813870978,
         0.6635526600431751,
         0.4559615370965514,
         0.7039744661033915,
         0.46389309382362487,
         0.7092325423026387,
         0.512259829040381,
         0.5969499979335361,
         0.5061552031725609,
         0.414103145793021
      ],
      [
         0.38079021231036214,
         0.7786520022985555,
         0.4368860739941891,
         0.7099409480832813,
         0.7293986869577385,
         0.6054360992289506,
         0.5805225619203249,
         0.6237422481114447,
         0.37134608558067944,
         0.3721724696087202,
         0.5800469029653272,
         0.5047066781161097,
         0.48229936826373887,
         0.5094274194185757,
         0.4062504049310795,
         0.6544117164003006,
         0.7041184048958888,
         0.35400107417746046,
         0.5279017683838365,
         0.7681101826687906,
         0.7790171861609716,
         0.4353044882409487,
         0.6055417505703815,
         0.6314412013226818,
         0.6103405593949874,
         0.6053631649337642,
         0.5526154505048684,
         0.7334754721420901,
         0.5476280750572851,
         0.37748975459255596
      ],
      [
         0.7919958326115277,
         0.7365461858408531,
         0.4059851348199773,
         0.634996013681018,
         0.39654302039055145,
         0.5370889473219798,
         0.6734749854299688,
         0.7405973669251444,
         0.3951729190779427,
         0.5623549677049637,
         0.7898905466938168,
         0.5054096146517537,
         0.3463894367257202,
         0.6643086383345507,
         0.41908599388379464,
         0.38002706091855076,
         0.7489680292190914,
         0.44051725214032456,
         0.715526618080336,
         0.3770460655344236,
         0.42202650945325154,
         0.477042625480813,
         0.4648829071720896,
         0.40004702310626444,
         0.6643371681835506,
         0.538241837171531,
         0.4137896450115569,
         0.6709316711400792,
         0.5246779001993779,
         0.42277054347071813
      ],
      [
         0.7152150721982922,
         0.48283312445741483,
         0.7813369856743514,
         0.5476609029979184,
         0.4261836383417219,
         0.46496213594420077,
         0.4404660159953476,
         0.5828734842947012,
         0.6291139327076957,
         0.3946550816087646,
         0.4114745032286823,
         0.4954146309066977,
         0.5854410343225569,
         0.7283048108763792,
         0.4391194651797248,
         0.7849564604348094,
         0.6075201909863333,
         0.3376691887218831,
         0.36376540568114046,
         0.39679071251135856,
         0.560644824120158,
         0.6231431955378,
         0.5878844627107075,
         0.5811603328926345,
         0.7313985073246669,
         0.5792483854330335,
         0.4437517565550267,
         0.5147661876994934,
