{
   "worker_count": 13,
   "expertise_scores": [
      [
         0.4135399218214631,
         0.329241651319537,
         0.39774928497575185,
         0.6597687595981963,
         0.537710836980335,
         0.4281508687291229,
         0.5111368061307707,
         0.7545752602712972,
         0.4391348842412117,
         0.7930560064072258,
         0.6994922993899018,
         0.6472912983306408,
         0.4985418962163819
      ],
      [
         0.4816975408480692,
         0.40141778321831517,
         0.6234476372056079,
         0.6289817016309298,
         0.755951433224006,
         0.7884479906615471,
         0.5395536793680771,
         0.33716750292306363,
         0.7228815326820703,
         0.3753594591439869,
         0.337906030837835,
         0.7841184697766769,
         0.6411780041424817
      ],
      [
         0.4753641565870158,
         0.7172958945250992,
         0.7868174908568584,
         0.7818015778718203,
         0.41334622404667454,
         0.5572550559886879,
         0.6415614743007918,
         0.3703458997917769,
         0.55336602212562,
         0.6114495539546279,
         0.7657645111314789,
         0.765535502281246,
         0.6783900682252413
      ],
      [
         0.6777675716889304,
         0.3308604195337468,
         0.6250629588302011,
         0.6929577400225716,
         0.33162738789713997,
         0.7609344200045032,
         0.7291937692230221,
         0.7499937692514065,
         0.4200945622261212,
         0.4481178225389389,
         0.7706152520067003,
         0.6697647801604214,
         0.5807691717660526
      ],
      [
         0.38323834099125526,
         0.4012399234539864,
         0.7442177338451992,
         0.646504749732981,
         0.3334709666213902,
         0.7022983223793595,
         0.560532034292959,
         0.5958066474084216,
         0.6049351052770029,
         0.6063543889500842,
         0.4883557482026143,
         0.6102953990093215,
         0.7241583631577346
      ],
      [
         0.5777803508709554,
         0.6565544392208804,
         0.5540747759765308,
         0.53514741719927,
         0.4602054465090202,
         0.537970129101358,
         0.6731319789397516,
         0.46065624604650535,
         0.6451793294754908,
         0.654082150753307,
         0.4977561174563594,
         0.42310555503459335,
         0.4518746906034006
      ],
      [
         0.5161974902359852,
         0.47604429680233706,
         0.34923682005558737,
         0.7180437289532513,
         0.7869929195925502,
         0.6237995823285292,
         0.39378046627483176,
         0.3363383421456951,
         0.7441206579713,
         0.5053325321578123,
         0.5899106378362781,
         0.778133590430029,
         0.4952533927045061
      ],
      [
         0.4265175303355666,
         0.3787678217809745,
         0.6544153812209996,
         0.5852305365021613,
         0.5428611361244818,
         0.7439338677725784,
         0.3996569212177087,
         0.617381483600539,
         0.731785274427255,
         0.7744361212432169,
         0.4319772763738017,
         0.3799488924807945,
         0.4421773643999515
      ],
      [
         0.6715872374567498,
         0.5882254891207386,
         0.622651698574846,
         0.49935175357658557,
         0.5342055506349778,
         0.7751540931800971,
         0.3691473544534596,
         0.41039829059236893,
         0.6052039408910374,
         0.6131949975573159,
         0.6198625441021386,
         0.6392948246411412,
         0.66846347399333
      ],
      [
         0.7227364821800837,
         0.35688469127238664,
         0.5226745797736001,
         0.6744214900652327,
         0.7067778372583677,
         0.49813121263899757,
         0.5529763844330293,
         0.6665382658393406,
         0.7374937010746405,
         0.7938442236432584,
         0.4316393624951741,
         0.4212114881301145,
         0.684761037882178
      ]
   ],
   "mv_f1_micro": [
      0.8473895582329318,
      0.9116465863453815,
      0.9558232931726908,
      0.963855421686747,
      0.891566265060241,
      0.8433734939759037,
      0.8755020080321284,
      0.8795180722891566,
      0.9156626506024096,
      0.9236947791164659
   ],
   "mv_f1_macro": [
      0.8470365549120663,
      0.9106114689813033,
      0.9559627718244353,
      0.9639459702308865,
      0.8907360435895629,
      0.8438860121252216,
      0.8748913286920527,
      0.8782511127872329,
      0.9165437142965233,
      0.9233894781178726
   ],
   "mv_f1_weighted": [
      0.8474211014399237,
      0.9115607465617676,
      0.9557060132084831,
      0.9638637371692498,
      0.8914062789592812,
      0.8431239151278438,
      0.8753845305982603,
      0.8795562337199375,
      0.9155677869804036,
      0.9236008868585874
   ],
   "ct_f1_micro": [
      0.9076305220883534,
      0.9437751004016064,
      0.9718875502008032,
      0.9718875502008032,
      0.9116465863453815,
      0.8554216867469879,
      0.927710843373494,
      0.9036144578313253,
      0.9357429718875502,
      0.9437751004016064
   ],
   "ct_f1_macro": [
      0.9066933489594273,
      0.9433029147369273,
      0.9723236160553519,
      0.9723336821032498,
      0.9113499443169774,
      0.8557021847704122,
      0.9274422518990986,
      0.9025256201586771,
      0.9362964602838654,
      0.9437488853219191
   ],
   "ct_f1_weighted": [
      0.9078159962591861,
      0.9436366111239286,
      0.9718489084830545,
      0.9719248373526502,
      0.9113832458198935,
      0.8553263318394256,
      0.9276441891411237,
      0.903735531470707,
      0.9357873424390389,
      0.9437643565164887
   ],
   "em_f1_micro": [
      0.9196787148594378,
      0.9317269076305221,
      0.963855421686747,
      0.9718875502008032,
      0.9196787148594378,
      0.8313253012048193,
      0.9357429718875502,
      0.8835341365461847,
      0.9437751004016064,
      0.9437751004016064
   ],
   "em_f1_macro": [
      0.9199108619499682,
      0.9309946441212218,
      0.9640006641943876,
      0.9713118890362571,
      0.9193057333902405,
      0.8306861550989787,
      0.9349551302364368,
      0.8832096651445968,
      0.9433140622161429,
      0.9431530953296593
   ],
   "em_f1_weighted": [
      0.9196925216983102,
      0.931555689440456,
      0.963867291827408,
      0.9718277851300438,
      0.9196070667647115,
      0.8304546921675046,
      0.9356530923714357,
      0.883636028130788,
      0.9437566889162387,
      0.9436849033430702
   ],