{
   "worker_count": 8,
   "expertise_scores": [
      [
         0.5298651377369166,
         0.6892611230118537,
         0.5386130607785811,
         0.737600987336414,
         0.5235466166739476,
         0.3820877940014097,
         0.681061543060957,
         0.5461292269534662
      ],
      [
         0.6684742426768937,
         0.4232970461868336,
         0.6223279521737879,
         0.6053911627218846,
         0.3413560871849098,
         0.7676059699762875,
         0.43312720825300927,
         0.5091865108719011
      ],
      [
         0.7434818120362344,
         0.5074205899864345,
         0.6206605074264628,
         0.6788074943554685,
         0.7553344992228669,
         0.5962497068498257,
         0.41836244892041186,
         0.5879178532422495
      ],
      [
         0.5636558294888387,
         0.5188532977004379,
         0.6573416661854952,
         0.6590637914318507,
         0.5991442232756341,
         0.6494639078538933,
         0.33730669040368055,
         0.33392156268461665
      ],
      [
         0.5557079515657617,
         0.5371809364728897,
         0.7658844994839038,
         0.4838416650958262,
         0.6380351698200963,
         0.7743147653694104,
         0.7868650806347806,
         0.7726166499391318
      ],
      [
         0.42924715565961263,
         0.7643484764864766,
         0.5914954765223193,
         0.4934633929227411,
         0.45663334802359506,
         0.4347985166564873,
         0.7637872052154808,
         0.7617691345911438
      ],
      [
         0.7195699074473243,
         0.6959991880374713,
         0.36507607025107086,
         0.6340010815264152,
         0.4499562706217047,
         0.33683315568333533,
         0.6776827837668101,
         0.3769428879929775
      ],
      [
         0.5142018730946578,
         0.703442346774616,
         0.7946721193609189,
         0.3765243469179168,
         0.734558824834082,
         0.5931919298616007,
         0.49975054415394216,
         0.6405832506421228
      ],
      [
         0.45167374691665807,
         0.48517088643053896,
         0.6856137878960514,
         0.5326713419037388,
         0.5196204352690069,
         0.7060323050835625,
         0.7254236634176483,
         0.5552583046068461
      ],
      [
         0.4052515505138168,
         0.5528875764762017,
         0.4787499837443189,
         0.4303093509582503,
         0.6719868580898376,
         0.4615487275563177,
         0.5418534478816599,
         0.541597228335781
      ]
   ],
   "mv_f1_micro": [
      0.8112449799196787,
      0.791164658634538,
      0.8514056224899599,
      0.7590361445783133,
      0.9357429718875502,
      0.8393574297188755,
      0.791164658634538,
      0.8594377510040161,
      0.8112449799196787,
      0.7228915662650603
   ],
   "mv_f1_macro": [
      0.8092757593284531,
      0.790370937842848,
      0.851851851851852,
      0.7572322164215225,
      0.935506038954315,
      0.8382670831765854,
      0.7908465608465608,
      0.8572890952160934,
      0.8104608294930875,
      0.7208298650658272
   ],
   "mv_f1_weighted": [
      0.8113924737368019,
      0.7911646586345381,
      0.8509147701918787,
      0.758945619652598,
      0.9356394200598604,
      0.8401102908612585,
      0.7920947281188245,
      0.8605049809146157,
      0.8120061814076583,
      0.7225608330774076
   ],
   "ct_f1_micro": [
      0.8393574297188755,
      0.8353413654618473,
      0.8795180722891566,
      0.8353413654618473,
      0.9598393574297188,
      0.8995983935742972,
      0.8473895582329318,
      0.8875502008032129,
      0.8634538152610441,
      0.7550200803212851
   ],
   "ct_f1_macro": [
      0.8376786979953729,
      0.8345639462957898,
      0.879365307967093,
      0.8332156233279829,
      0.960109640847314,
      0.8991775079286842,
      0.8459075273822917,
      0.8871354848043681,
      0.8627821903441801,
      0.7528640940405645
   ],
   "ct_f1_weighted": [
      0.839691160968949,
      0.8351014716364383,
      0.8794472495976344,
      0.8354331612162937,
      0.9596539550762309,
      0.8998953199543704,
      0.8477667312770498,
      0.8878285494365115,
      0.8637898689431108,
      0.7546109862197742
   ],
   "em_f1_micro": [
      0.8032128514056225,
      0.8393574297188755,
      0.8795180722891566,
      0.7751004016064257,
      0.9437751004016064,
      0.8875502008032129,
      0.8393574297188755,
      0.8273092369477912,
      0.8594377510040161,
      0.6867469879518072
   ],
   "em_f1_macro": [
      0.80107822410148,
      0.8383445939764159,
      0.8800026803912185,
      0.7669780723461214,
      0.94345078584664,
      0.8861923239291135,
      0.8376849135624803,
      0.8287904218712182,
      0.8582640310236527,
      0.6650169262017603
   ],
   "em_f1_weighted": [
      0.8038777520228907,
      0.8399995770716726,
      0.8795286964008474,
      0.7711929798656648,
      0.9438236457445843,
      0.8875007020618378,
      0.8393756306012227,
      0.831685030750072,
      0.8592685476207579,
      0.6736240017619565
   ],
   "gt": [
      0,
      0,
      0,
      0,
      0,
      0,
      0,
      0,
      0,
      0,
      0,
      0,
      0,
      0,
      0,
      0,
      0,
      0,
      0,
      0,
      0,
      0,
      0,
      0,
      0,
      0,
      0,
      0,
      0,
      0,
      0,
      0,
      0,
      0,
      0,
      0,
      0,
      0,
      0,
      0,
      0,
      0,
      0,
      0,
      0,
      0,
      0,
      0,
      0,
      0,
      0,
      0,
      0,
      0,
      0,
      0,
      0,
      0,
      0,
      0,
      0,
      0,
      0,
      0,
      0,
      0,
      0,
      0,
      0,
      0,
      0,
      0,
      1,
      1,
      1,
      1,
      1,
      1,
      1,
      1,
      1,
      1,
      1,
      1,
      1,
      1,
      1,
      1,
      1,
      1,
      1,
      1,
      1,
      1,
      1,
      1,
      1,
      1,
      1,
      1,
      1,
      1,
      1,
      1,
      1,
      1,
      1,
      1,
      1,
      1,
      1,
      1,
      1,
      1,
      1,
      1,
      1,
      1,
      1,
      1,
      1,
      1,
      1,
      1,
      1,
      1,
      1,
      1,
      1,
      1,
      1,
      1,
      1,
      1,
      1,
      1,
      1,
      1,
      1,
      1,
      1,
      1,
      1,
      1,
      1,
      1,
      1,
      1,
      1,
      1,
      1,
      1,
      1,
      1,
      1,
      1,
      1,
      1,
      1,
      1,
      2,
      2,
      2,
      2,
      2,
      2,
      2,
      2,
      2,
      2,
      2,
      2,
      2,
      2,
      2,
      2,
      2,
      2,
      2,
      2,
      2,
      2,
      2,
      2,
      2,
      2,
      2,
      2,
      2,
      2,
      2,
      2,
      2,
      2,
      2,
      2,
      2,
      2,
      2,
      2,
      2,
      2,
      2,
      2,
      2,
      2,
      2,
      2,
      2,
      2,
      2,
      2,
      2,
      2,
      2,
      2,
      2,
      2,
      2,
      2,
      2,
      2,
      2,
      2,
      2,
      2,
      2,
      2,
      2,
      2,
      2,
      2,
      2,
      2,
      2,
      2,
      2,
      2,
      2,
      2,
      2,
      2,
      2,
      2,
      2,
      2,
      2,
      2,
      2
   ]
}