{
   "worker_count": 3,
   "expertise_scores": [
      [
         0.6607443699844633,
         0.4398511066215164,
         0.6019326056442632
      ],
      [
         0.5541163818188299,
         0.7409796869937176,
         0.6573669483635787
      ],
      [
         0.7614446303714115,
         0.5002551122475495,
         0.48011434960025223
      ],
      [
         0.38241391401525787,
         0.333280634220233,
         0.6276695217218708
      ],
      [
         0.7389637996481152,
         0.48200820224018837,
         0.5547769730500584
      ],
      [
         0.6604409581418,
         0.41801603346467203,
         0.32711236387083864
      ],
      [
         0.5949338312348749,
         0.7109705341429273,
         0.7884242352866745
      ],
      [
         0.45981826276292714,
         0.7790137992072359,
         0.7934571216225715
      ],
      [
         0.5326003346043052,
         0.7628606584606126,
         0.6737044819689794
      ],
      [
         0.6258688082731522,
         0.3539401359638386,
         0.6881053620341238
      ]
   ],
   "mv_f1_micro": [
      0.6666666666666666,
      0.7630522088353414,
      0.6827309236947792,
      0.5220883534136547,
      0.6746987951807228,
      0.5180722891566265,
      0.8112449799196787,
      0.8112449799196787,
      0.7590361445783133,
      0.6586345381526104
   ],
   "mv_f1_macro": [
      0.6612388250319285,
      0.7627080396748273,
      0.6814432013948961,
      0.518381944852533,
      0.6734642061903776,
      0.5078233505714421,
      0.8112244724318615,
      0.8103036539247714,
      0.7580511828827499,
      0.6574223221325579
   ],
   "mv_f1_weighted": [
      0.6663127606210282,
      0.7630916471742695,
      0.6829861917549984,
      0.5204747217504128,
      0.6763307475810417,
      0.5142720019570934,
      0.8111907615662494,
      0.8119104285494498,
      0.7588193544368883,
      0.6594154002413317
   ],
   "ct_f1_micro": [
      0.6867469879518072,
      0.7791164658634538,
      0.7028112449799196,
      0.4819277108433735,
      0.6907630522088354,
      0.4939759036144578,
      0.8313253012048193,
      0.819277108433735,
      0.7550200803212851,
      0.6827309236947792
   ],
   "ct_f1_macro": [
      0.6815825456274894,
      0.7784088655971638,
      0.7021890888016649,
      0.4814727431189422,
      0.6883116883116882,
      0.4855190649955048,
      0.830472520414717,
      0.8190439489861454,
      0.7540887120097466,
      0.6793840508357514
   ],
   "ct_f1_weighted": [
      0.6859361827549183,
      0.7791844512726461,
      0.7030483938863908,
      0.48085331043612967,
      0.6916105982371042,
      0.49170282271398774,
      0.8315814538086284,
      0.8194644142217093,
      0.7549790681352885,
      0.6824563379481867
   ],
   "em_f1_micro": [
      0.6666666666666666,
      0.7469879518072289,
      0.7269076305220884,
      0.41767068273092367,
      0.7028112449799196,
      0.6586345381526104,
      0.7791164658634538,
      0.7951807228915663,
      0.7148594377510039,
      0.6626506024096386
   ],
   "em_f1_macro": [
      0.6663735524925466,
      0.7473321897094602,
      0.719981807155852,
      0.42104287832135934,
      0.6833025526492863,
      0.6590601590601591,
      0.7800263451329638,
      0.7934876780901039,
      0.7145449068307034,
      0.6604317579580169
   ],
   "em_f1_weighted": [
      0.6701407697552602,
      0.746172440330907,
      0.7247881763561217,
      0.41863124753547204,
      0.6922626726465196,
      0.6588913817829481,
      0.7815868927305536,
      0.7946387011271887,
      0.7147407831419998,
      0.6620021225926934
   ],
   "gt": [
      0,
      0,
      0,
      0,
      0,
      0,
      0,
      0,
      0,
      0,
      0,
      0,
      0,
      0,
      0,
      0,
      0,
      0,
      0,
      0,
      0,
      0,
      0,
      0,
      0,
      0,
      0,
      0,
      0,
      0,
      0,
      0,
      0,
      0,
      0,
      0,
      0,
      0,
      0,
      0,
      0,
      0,
      0,
      0,
      0,
      0,
      0,
      0,
      0,
      0,
      0,
      0,
      0,
      0,
      0,
      0,
      0,
      0,
      0,
      0,
      0,
      0,
      0,
      0,
      0,
      0,
      0,
      0,
      0,
      0,
      0,
      0,
      1,
      1,
      1,
      1,
      1,
      1,
      1,
      1,
      1,
      1,
      1,
      1,
      1,
      1,
      1,
      1,
      1,
      1,
      1,
      1,
      1,
      1,
      1,
      1,
      1,
      1,
      1,
      1,
      1,
      1,
      1,
      1,
      1,
      1,
      1,
      1,
      1,
      1,
      1,
      1,
      1,
      1,
      1,
      1,
      1,
      1,
      1,
      1,
      1,
      1,
      1,
      1,
      1,
      1,
      1,
      1,
      1,
      1,
      1,
      1,
      1,
      1,
      1,
      1,
      1,
      1,
      1,
      1,
      1,
      1,
      1,
      1,
      1,
      1,
      1,
      1,
      1,
      1,
      1,
      1,
      1,
      1,
      1,
      1,
      1,
      1,
      1,
      1,
      2,
      2,
      2,
      2,
      2,
      2,
      2,
      2,
      2,
      2,
      2,
      2,
      2,
      2,
      2,
      2,
      2,
      2,
      2,
      2,
      2,
      2,
      2,
      2,
      2,
      2,
      2,
      2,
      2,
      2,
      2,
      2,
      2,
      2,
      2,
      2,
      2,
      2,
      2,
      2,
      2,
      2,
      2,
      2,
      2,
      2,
      2,
      2,
      2,
      2,
      2,
      2,
      2,
      2,
      2,
      2,
      2,
      2,
      2,
      2,
      2,
      2,
      2,
      2,
      2,
      2,
      2,
      2,
      2,
      2,
      2,
      2,
      2,
      2,
      2,
      2,
      2,
      2,
      2,
      2,
      2,
      2,
      2,
      2,
      2,
      2,
      2,
      2,
      2
   ]
}