{
   "worker_count": 5,
   "expertise_scores": [
      [
         0.5991711703231325,
         0.49801820833407284,
         0.7728901408034599,
         0.48742190077020564,
         0.40207982652343194
      ],
      [
         0.7570370475457213,
         0.6934754497458795,
         0.7729771840048376,
         0.3675610224784022,
         0.5745761201246635
      ],
      [
         0.4426739831292243,
         0.44082846355314154,
         0.48818715049139805,
         0.673854906178448,
         0.4531326548147289
      ],
      [
         0.3848628437413561,
         0.4518778149313536,
         0.40833829792696713,
         0.3944177171775721,
         0.505744997733781
      ],
      [
         0.4199974060716794,
         0.5874659731572662,
         0.39039387067285997,
         0.5780863302109909,
         0.5132236020639618
      ],
      [
         0.6820159839578532,
         0.798396989449276,
         0.761839433523471,
         0.7886251544057654,
         0.35324145631132087
      ],
      [
         0.5931198614658476,
         0.5775488109171476,
         0.4643084402278549,
         0.7251377315088157,
         0.3374848784506419
      ],
      [
         0.484549887398558,
         0.40652622845629915,
         0.3860541288027271,
         0.4601942804675222,
         0.6095983790823503
      ],
      [
         0.6393920567211306,
         0.3554964268404852,
         0.7764031518544123,
         0.7916760677026078,
         0.792305472261214
      ],
      [
         0.5527255692374012,
         0.7019641749120918,
         0.7879597121176766,
         0.4141171456488961,
         0.7393778659168198
      ]
   ],
   "mv_f1_micro": [
      0.6947791164658634,
      0.8554216867469879,
      0.6024096385542169,
      0.4979919678714859,
      0.6184738955823293,
      0.8795180722891566,
      0.7028112449799196,
      0.570281124497992,
      0.8514056224899599,
      0.8313253012048193
   ],
   "mv_f1_macro": [
      0.6923458342062992,
      0.8547316267547481,
      0.6001282998500218,
      0.4960005377428245,
      0.6177751586942465,
      0.87995402534739,
      0.7006799484587174,
      0.5694293496491297,
      0.8509032732663461,
      0.8289254883239846
   ],
   "mv_f1_weighted": [
      0.6941243288679545,
      0.8556879209654473,
      0.6015435248401817,
      0.4994351270781857,
      0.6195152179501661,
      0.8793580873644159,
      0.7038675307832579,
      0.5701695806290007,
      0.8514144606361057,
      0.8315364812873645
   ],
   "ct_f1_micro": [
      0.7751004016064257,
      0.9116465863453815,
      0.6626506024096386,
      0.4979919678714859,
      0.6305220883534136,
      0.9236947791164659,
      0.7590361445783133,
      0.6024096385542169,
      0.927710843373494,
      0.9036144578313253
   ],
   "ct_f1_macro": [
      0.775134301819695,
      0.9116944563831858,
      0.6630236794171221,
      0.49428081418672426,
      0.6307166963660724,
      0.9240686679176152,
      0.7592905484685497,
      0.6017305943671384,
      0.9265645606632417,
      0.9031177172217634
   ],
   "ct_f1_weighted": [
      0.7751004016064257,
      0.9116369291317638,
      0.6628042223538965,
      0.4984686829714691,
      0.6305870117864775,
      0.9237279646397858,
      0.759052543139809,
      0.6027401916805046,
      0.9274635112328828,
      0.9037408759729256
   ],
   "em_f1_micro": [
      0.718875502008032,
      0.8795180722891566,
      0.5301204819277109,
      0.40160642570281124,
      0.5220883534136547,
      0.9076305220883534,
      0.6024096385542169,
      0.4819277108433735,
      0.9196787148594378,
      0.8995983935742972
   ],
   "em_f1_macro": [
      0.7118047172528374,
      0.8780730692881432,
      0.4979090247912978,
      0.40246566791510613,
      0.49640619310533457,
      0.9092394719924867,
      0.58433908045977,
      0.45029624753127057,
      0.9190107292234954,
      0.8986649041639128
   ],
   "em_f1_weighted": [
      0.7117597692213817,
      0.8800062127839384,
      0.5047877603253896,
      0.40144285005189295,
      0.5011879717812484,
      0.9070047484185264,
      0.5777731616119651,
      0.45835798757901913,
      0.9198038260124904,
      0.8999102291519017
   ],
   "gt": [
      0,
      0,
      0,
      0,
      0,
      0,
      0,
      0,
      0,
      0,
      0,
      0,
      0,
      0,
      0,
      0,
      0,
      0,
      0,
      0,
      0,
      0,
      0,
      0,
      0,
      0,
      0,
      0,
      0,
      0,
      0,
      0,
      0,
      0,
      0,
      0,
      0,
      0,
      0,
      0,
      0,
      0,
      0,
      0,
      0,
      0,
      0,
      0,
      0,
      0,
      0,
      0,
      0,
      0,
      0,
      0,
      0,
      0,
      0,
      0,
      0,
      0,
      0,
      0,
      0,
      0,
      0,
      0,
      0,
      0,
      0,
      0,
      1,
      1,
      1,
      1,
      1,
      1,
      1,
      1,
      1,
      1,
      1,
      1,
      1,
      1,
      1,
      1,
      1,
      1,
      1,
      1,
      1,
      1,
      1,
      1,
      1,
      1,
      1,
      1,
      1,
      1,
      1,
      1,
      1,
      1,
      1,
      1,
      1,
      1,
      1,
      1,
      1,
      1,
      1,
      1,
      1,
      1,
      1,
      1,
      1,
      1,
      1,
      1,
      1,
      1,
      1,
      1,
      1,
      1,
      1,
      1,
      1,
      1,
      1,
      1,
      1,
      1,
      1,
      1,
      1,
      1,
      1,
      1,
      1,
      1,
      1,
      1,
      1,
      1,
      1,
      1,
      1,
      1,
      1,
      1,
      1,
      1,
      1,
      1,
      2,
      2,
      2,
      2,
      2,
      2,
      2,
      2,
      2,
      2,
      2,
      2,
      2,
      2,
      2,
      2,
      2,
      2,
      2,
      2,
      2,
      2,
      2,
      2,
      2,
      2,
      2,
      2,
      2,
      2,
      2,
      2,
      2,
      2,
      2,
      2,
      2,
      2,
      2,
      2,
      2,
      2,
      2,
      2,
      2,
      2,
      2,
      2,
      2,
      2,
      2,
      2,
      2,
      2,
      2,
      2,
      2,
      2,
      2,
      2,
      2,
      2,
      2,
      2,
      2,
      2,
      2,
      2,
      2,
      2,
      2,
      2,
      2,
      2,
      2,
      2,
      2,
      2,
      2,
      2,
      2,
      2,
      2,
      2,
      2,
      2,
      2,
      2,
      2
   ]
}