{
   "worker_count": 8,
   "expertise_scores": [
      [
         0.7435817121752065,
         0.4929619046699881,
         0.6953998750032485,
         0.7409015774226453,
         0.4510320050550306,
         0.31618460127016684,
         0.5657248012622117,
         0.5474218450463842
      ],
      [
         0.2792752283423614,
         0.7968415569982973,
         0.20822042477269093,
         0.10712895309869769,
         0.6929232048267979,
         0.3267251110590007,
         0.28164796909855555,
         0.24559054909431066
      ],
      [
         0.44008209679841526,
         0.1847591742896147,
         0.3412056055841439,
         0.6459755599176719,
         0.6170702226782454,
         0.34318547612726485,
         0.5024533163793331,
         0.24881495677513504
      ],
      [
         0.44542948487139117,
         0.6791162177755793,
         0.09154519706850069,
         0.10621553654797414,
         0.3189492727352584,
         0.2087825606520599,
         0.5706039349450441,
         0.7219613021003465
      ],
      [
         0.5724423507467108,
         0.5397725141563198,
         0.5776448156203375,
         0.41181969631590176,
         0.718763227681852,
         0.10047887623104426,
         0.08025523635346789,
         0.11214902175905139
      ],
      [
         0.18115264869792042,
         0.3983687256104632,
         0.350243874124404,
         0.6314620344333172,
         0.7434631910679843,
         0.6730797082969822,
         0.4299030430053252,
         0.48651802825776347
      ],
      [
         0.5322639985796495,
         0.49715129422733934,
         0.6755209621455345,
         0.5696909936478722,
         0.7762487955351538,
         0.06832089951892785,
         0.0666238505773793,
         0.15334431184291317
      ],
      [
         0.33291637606179225,
         0.3291877685668986,
         0.623107597851671,
         0.10422027721294413,
         0.43831792666048397,
         0.08872675987181394,
         0.2822307779111315,
         0.632758966157897
      ],
      [
         0.5309200897257284,
         0.6549425669231963,
         0.7378671503789468,
         0.40013644021272665,
         0.25751878731323746,
         0.2729395151044005,
         0.5345232874117837,
         0.1975910560015372
      ],
      [
         0.5179582716815486,
         0.6979925422521475,
         0.6922435382009245,
         0.6272612475012396,
         0.7245806133658642,
         0.3109379667731038,
         0.3653851959835684,
         0.08591373536332911
      ]
   ],
   "mv_f1_micro": [
      0.9754098360655737,
      0.7868852459016392,
      0.819672131147541,
      0.819672131147541,
      0.8278688524590164,
      0.9016393442622952,
      0.8360655737704918,
      0.7131147540983606,
      0.860655737704918,
      0.9426229508196722
   ],
   "mv_f1_macro": [
      0.9749346405228759,
      0.7882857218460931,
      0.8138515406162465,
      0.8192821483069163,
      0.8288784996679737,
      0.9013709928415812,
      0.8384992458521872,
      0.7063865471760207,
      0.8606175632646222,
      0.9414161220043573
   ],
   "mv_f1_weighted": [
      0.9753455480552877,
      0.7881997851241113,
      0.8148646890450169,
      0.8186724569255149,
      0.8295662838264221,
      0.9036766619215992,
      0.8377927989186427,
      0.7069067352932753,
      0.8610810276191184,
      0.9418943533697632
   ],
   "ct_f1_micro": [
      0.9754098360655737,
      0.8524590163934426,
      0.8852459016393442,
      0.8770491803278688,
      0.8770491803278688,
      0.9180327868852459,
      0.9262295081967213,
      0.7786885245901639,
      0.9016393442622952,
      0.9508196721311475
   ],
   "ct_f1_macro": [
      0.974967320261438,
      0.8531329769874662,
      0.8828573129656723,
      0.8733386496544393,
      0.8734837018273552,
      0.9156056052650481,
      0.9267641073523426,
      0.7716418497223451,
      0.9016884531590413,
      0.9506057627729454
   ],
   "ct_f1_weighted": [
      0.9753776920604308,
      0.8532179196538684,
      0.8835168483667444,
      0.875397634672872,
      0.8759688956765544,
      0.9175356981579386,
      0.9272023058908304,
      0.7731914163422056,
      0.9020210543233687,
      0.9499595078180827
   ],
   "gt": [
      7,
      7,
      7,
      7,
      7,
      7,
      7,
      7,
      9,
      9,
      9,
      9,
      9,
      9,
      9,
      9,
      9,
      2,
      2,
      2,
      2,
      2,
      2,
      2,
      2,
      6,
      6,
      6,
      6,
      6,
      6,
      6,
      6,
      13,
      13,
      13,
      13,
      13,
      13,
      13,
      13,
      8,
      8,
      8,
      8,
      8,
      8,
      8,
      8,
      8,
      5,
      5,
      5,
      5,
      5,
      5,
      5,
      5,
      11,
      11,
      11,
      11,
      11,
      11,
      11,
      11,
      0,
      0,
      0,
      0,
      0,
      0,
      0,
      3,
      3,
      3,
      3,
      3,
      3,
      3,
      3,
      12,
      12,
      12,
      12,
      12,
      12,
      12,
      12,
      4,
      4,
      4,
      4,
      4,
      4,
      4,
      4,
      10,
      10,
      10,
      10,
      10,
      10,
      10,
      10,
      10,
      1,
      1,
      1,
      1,
      1,
      1,
      1,
      1,
      14,
      14,
      14,
      14,
      14,
      14,
      14,
      14
   ],
   "em_f1_micro": [
      0.9590163934426229,
      0.7622950819672131,
      0.8360655737704918,
      0.8360655737704918,
      0.8278688524590164,
      0.9180327868852459,
      0.860655737704918,
      0.6967213114754098,
      0.8442622950819673,
      0.9262295081967213
   ],
   "em_f1_macro": [
      0.958092535259718,
      0.7615667058546315,
      0.8370881514999163,
      0.8314201501972401,
      0.8289600383563231,
      0.9161478923553227,
      0.8609041394335513,
      0.6917051552964865,
      0.8458761282290694,
      0.924248366013072
   ],
   "em_f1_weighted": [
      0.9583481364935967,
      0.7616882252115466,
      0.8368658770780276,
      0.8342665494571295,
      0.8284363355970472,
      0.9189319080655426,
      0.8601749169613201,
      0.692159886896729,
      0.8460575760358789,
      0.9250120540019287
   ]
}