{
   "worker_count": 5,
   "expertise_scores": [
      [
         0.7981062803791084,
         0.609256063892071,
         0.21496678307640676,
         0.7803333975732604,
         0.17163671474604505
      ],
      [
         0.09043358365381958,
         0.16387087811522993,
         0.6579260282633218,
         0.1061223043760694,
         0.15275453153509977
      ],
      [
         0.06797636357508786,
         0.6907240126603413,
         0.1390676098814883,
         0.15347403081937305,
         0.4120066359533388
      ],
      [
         0.5692722505966699,
         0.6203397749282511,
         0.41826999507407486,
         0.13537574210083286,
         0.07166270909044917
      ],
      [
         0.6562138986110667,
         0.498295003336404,
         0.1347274095748288,
         0.46730413837887547,
         0.6101826363648934
      ],
      [
         0.22388291005055044,
         0.5683249511211547,
         0.2435132338601788,
         0.16051172504030886,
         0.6522735126785955
      ],
      [
         0.6726568747579335,
         0.7370793210211621,
         0.48496624350279227,
         0.36287661006851835,
         0.6084565014647004
      ],
      [
         0.781043689788372,
         0.1860667226315622,
         0.2560843652753947,
         0.5682297786320621,
         0.47425524953425074
      ],
      [
         0.28852791040020614,
         0.35986068494672346,
         0.4017756917816523,
         0.2998527509997406,
         0.17836056679979695
      ],
      [
         0.5750950645412414,
         0.6548755490441542,
         0.7879610812641002,
         0.7398782844544481,
         0.3195405546805147
      ]
   ],
   "mv_f1_micro": [
      0.860655737704918,
      0.3360655737704918,
      0.4426229508196721,
      0.6229508196721312,
      0.7868852459016392,
      0.5901639344262295,
      0.8852459016393442,
      0.7622950819672131,
      0.5081967213114754,
      0.9016393442622952
   ],
   "mv_f1_macro": [
      0.8567324356643243,
      0.32933790610261204,
      0.41539201551652755,
      0.6162366701066393,
      0.7823526261606758,
      0.589172560612189,
      0.8864752567693746,
      0.7590787426081546,
      0.5062396690570066,
      0.9035228594361723
   ],
   "mv_f1_weighted": [
      0.8577389310627904,
      0.3302651703808888,
      0.41695356607817524,
      0.6155021111119169,
      0.7842474792177881,
      0.5888534286969804,
      0.8854219283341752,
      0.7608987310771302,
      0.5072624195803407,
      0.9020798138064544
   ],
   "ct_f1_micro": [
      0.9016393442622952,
      0.5737704918032787,
      0.5,
      0.6885245901639344,
      0.8442622950819673,
      0.7049180327868853,
      0.8770491803278688,
      0.8442622950819673,
      0.4262295081967213,
      0.9098360655737705
   ],
   "ct_f1_macro": [
      0.9017503726636854,
      0.5669725974060339,
      0.4761641247830506,
      0.6873146100545482,
      0.8380354669983154,
      0.7037481335314151,
      0.8757542297170782,
      0.8464827100430817,
      0.4156444495763381,
      0.9109512342948877
   ],
   "ct_f1_weighted": [
      0.9021310911479923,
      0.5694385293773712,
      0.4791743884716925,
      0.6872400383794588,
      0.8399254137618855,
      0.7023090327257204,
      0.8757851902956709,
      0.8479279200895198,
      0.4169724147766832,
      0.9105867368517727
   ],
   "gt": [
      7,
      7,
      7,
      7,
      7,
      7,
      7,
      7,
      9,
      9,
      9,
      9,
      9,
      9,
      9,
      9,
      9,
      2,
      2,
      2,
      2,
      2,
      2,
      2,
      2,
      6,
      6,
      6,
      6,
      6,
      6,
      6,
      6,
      13,
      13,
      13,
      13,
      13,
      13,
      13,
      13,
      8,
      8,
      8,
      8,
      8,
      8,
      8,
      8,
      8,
      5,
      5,
      5,
      5,
      5,
      5,
      5,
      5,
      11,
      11,
      11,
      11,
      11,
      11,
      11,
      11,
      0,
      0,
      0,
      0,
      0,
      0,
      0,
      3,
      3,
      3,
      3,
      3,
      3,
      3,
      3,
      12,
      12,
      12,
      12,
      12,
      12,
      12,
      12,
      4,
      4,
      4,
      4,
      4,
      4,
      4,
      4,
      10,
      10,
      10,
      10,
      10,
      10,
      10,
      10,
      10,
      1,
      1,
      1,
      1,
      1,
      1,
      1,
      1,
      14,
      14,
      14,
      14,
      14,
      14,
      14,
      14
   ],
   "em_f1_micro": [
      0.9016393442622952,
      0.28688524590163933,
      0.4508196721311476,
      0.7049180327868853,
      0.819672131147541,
      0.639344262295082,
      0.8852459016393442,
      0.7786885245901639,
      0.4508196721311476,
      0.9180327868852459
   ],
   "em_f1_macro": [
      0.9010360869493997,
      0.2784871681466108,
      0.43947544199866184,
      0.7075801494686942,
      0.8109397740202695,
      0.6382260326532772,
      0.8853859321506382,
      0.7778437483855442,
      0.44711936956519,
      0.9175676937441645
   ],
   "em_f1_weighted": [
      0.9018119873776372,
      0.28037172524813997,
      0.4445323625124925,
      0.704980443096466,
      0.8132434168773813,
      0.6371895403146988,
      0.8850522722750302,
      0.7792080822063567,
      0.4480819318280619,
      0.9180725842249469
   ]
}