{
   "worker_count": 10,
   "expertise_scores": [
      [
         0.4437572066747886,
         0.6124081121461836,
         0.283252860735069,
         0.14896277394837282,
         0.6975541644708878,
         0.639710353798218,
         0.7462250312405079,
         0.43568127859421296,
         0.6921430107835767,
         0.47396405203013625
      ],
      [
         0.12400307202293022,
         0.49197807066345733,
         0.3500788262888988,
         0.663718343854776,
         0.0749463430411669,
         0.45467665155980436,
         0.5476326298270471,
         0.38845059191384984,
         0.5282978475599273,
         0.7432645409134158
      ],
      [
         0.7554825443917672,
         0.7013572428974679,
         0.1156962239667773,
         0.1305957522842186,
         0.7878217460799641,
         0.5719735761738616,
         0.5917762738256543,
         0.2297754018019746,
         0.23113068997317976,
         0.24854537830086632
      ],
      [
         0.11955829549526568,
         0.6547641229396789,
         0.25421716028603164,
         0.47872063657309255,
         0.36852689160284324,
         0.4679866653687308,
         0.4048538437499738,
         0.15361854278150733,
         0.18843212142575277,
         0.17840313020630663
      ],
      [
         0.6853632798321309,
         0.5177862941500759,
         0.35224107176017455,
         0.4471817989046247,
         0.18045627888425209,
         0.5933348751603421,
         0.3269829490276431,
         0.4208984880259909,
         0.3311827088957227,
         0.7064947505836056
      ],
      [
         0.479609666577669,
         0.18070349161373014,
         0.7294489860985007,
         0.4726155009390445,
         0.5425148155275177,
         0.4964067679362688,
         0.6396483369650444,
         0.4172292531755369,
         0.207589365907915,
         0.5194797223534239
      ],
      [
         0.5367392872524077,
         0.2204643364006884,
         0.29664807450267594,
         0.35796223849769976,
         0.711289901607196,
         0.551065306039475,
         0.17995673551864708,
         0.16771342795603772,
         0.6041881962650884,
         0.17527653002984042
      ],
      [
         0.579116189438149,
         0.29218411286691454,
         0.1274540297109725,
         0.5679951813087243,
         0.671143298326341,
         0.09284363430535952,
         0.20625941020567062,
         0.28872995980778415,
         0.632636582870708,
         0.5940406725938027
      ],
      [
         0.7142172123489968,
         0.29226850610168087,
         0.500247005943801,
         0.2582363325766292,
         0.4835873055563403,
         0.3849680109539537,
         0.7307004104624119,
         0.20527916191475515,
         0.480067885689154,
         0.16756551763202138
      ],
      [
         0.0763254996625897,
         0.28482059838656193,
         0.3099566393983319,
         0.7510929441669187,
         0.34423844436840567,
         0.7295304941209568,
         0.607433093100994,
         0.6490766125030003,
         0.7778441385345235,
         0.6148716884099837
      ]
   ],
   "mv_f1_micro": [
      0.9590163934426229,
      0.9262295081967213,
      0.9672131147540983,
      0.7704918032786885,
      0.9508196721311475,
      0.9426229508196722,
      0.8770491803278688,
      0.9180327868852459,
      0.8934426229508197,
      0.9590163934426229
   ],
   "mv_f1_macro": [
      0.9596840958605665,
      0.9254652972300033,
      0.9690838206627681,
      0.7660967904930754,
      0.950204678362573,
      0.9430174291938999,
      0.8794335511982572,
      0.9170969908431209,
      0.8935368650384132,
      0.9586056644880174
   ],
   "mv_f1_weighted": [
      0.9589521054323369,
      0.9257764307908957,
      0.9674288179465056,
      0.7660186530973976,
      0.9501581823410986,
      0.9425586628093862,
      0.877102753669774,
      0.9165686536334408,
      0.8935057831012763,
      0.9589199614271939
   ],
   "ct_f1_micro": [
      0.9754098360655737,
      0.9180327868852459,
      0.9836065573770492,
      0.8032786885245902,
      0.9672131147540983,
      0.9590163934426229,
      0.8524590163934426,
      0.9262295081967213,
      0.9344262295081968,
      0.9836065573770492
   ],
   "ct_f1_macro": [
      0.9767962389634217,
      0.9154186118892002,
      0.984093567251462,
      0.8046788602980555,
      0.9674716202270381,
      0.9596066964797616,
      0.8520460464887709,
      0.9266981997477354,
      0.9337357849122555,
      0.9832679738562092
   ],
   "ct_f1_weighted": [
      0.9753523152142652,
      0.9173516401095959,
      0.983491515674432,
      0.8051401468089283,
      0.9670913058925037,
      0.9589267285861713,
      0.8485478401887071,
      0.9269863021423698,
      0.9344882803899197,
      0.9836065573770492
   ],
   "gt": [
      7,
      7,
      7,
      7,
      7,
      7,
      7,
      7,
      9,
      9,
      9,
      9,
      9,
      9,
      9,
      9,
      9,
      2,
      2,
      2,
      2,
      2,
      2,
      2,
      2,
      6,
      6,
      6,
      6,
      6,
      6,
      6,
      6,
      13,
      13,
      13,
      13,
      13,
      13,
      13,
      13,
      8,
      8,
      8,
      8,
      8,
      8,
      8,
      8,
      8,
      5,
      5,
      5,
      5,
      5,
      5,
      5,
      5,
      11,
      11,
      11,
      11,
      11,
      11,
      11,
      11,
      0,
      0,
      0,
      0,
      0,
      0,
      0,
      3,
      3,
      3,
      3,
      3,
      3,
      3,
      3,
      12,
      12,
      12,
      12,
      12,
      12,
      12,
      12,
      4,
      4,
      4,
      4,
      4,
      4,
      4,
      4,
      10,
      10,
      10,
      10,
      10,
      10,
      10,
      10,
      10,
      1,
      1,
      1,
      1,
      1,
      1,
      1,
      1,
      14,
      14,
      14,
      14,
      14,
      14,
      14,
      14
   ],
   "em_f1_micro": [
      0.9672131147540983,
      0.9180327868852459,
      0.9672131147540983,
      0.7540983606557377,
      0.9508196721311475,
      0.9590163934426229,
      0.8688524590163934,
      0.9098360655737705,
      0.9426229508196722,
      0.9918032786885246
   ],
   "em_f1_macro": [
      0.968888888888889,
      0.9176319065637952,
      0.9687100103199175,
      0.7544130814719051,
      0.9508703130374958,
      0.9595969498910677,
      0.8686928104575163,
      0.910456369682376,
      0.9424291938997822,
      0.9916339869281046
   ],
   "em_f1_weighted": [
      0.9675774134790529,
      0.9175864766383978,
      0.9674973354311527,
      0.7538398251271926,
      0.950762151279839,
      0.9593485481624344,
      0.8687962070073931,
      0.9095642513548416,
      0.9424086574520518,
      0.9918354226936676
   ]
}