{
   "worker_count": 20,
   "expertise_scores": [
      [
         0.35631978701762806,
         0.5912918275230614,
         0.28854205785137765,
         0.10145135710572153,
         0.40586936136219504,
         0.06682977793760479,
         0.13336733162878034,
         0.7934507048853094,
         0.24236182682932483,
         0.7075493739170667,
         0.19662481875033866,
         0.3336694855488117,
         0.151793223550968,
         0.3780077845275817,
         0.11249613557018223,
         0.7630102455193598,
         0.7227800055302358,
         0.5807466353916418,
         0.42972191570611,
         0.12189443868880032
      ],
      [
         0.25229629660198666,
         0.10419517017539787,
         0.5909164639818822,
         0.33871834903451986,
         0.6162345458767825,
         0.19449716703872466,
         0.3609611214834073,
         0.09850260959076179,
         0.11959298742838027,
         0.7273977858555758,
         0.31950293109245986,
         0.6817630439800321,
         0.440404705072867,
         0.1096143717724956,
         0.4461401097518808,
         0.4908453541171887,
         0.5482285411806322,
         0.5555591855512481,
         0.7496734565254348,
         0.5919660875937934
      ],
      [
         0.6045375626057209,
         0.6589903142197796,
         0.22264243115323734,
         0.2698473210685519,
         0.28874924324962953,
         0.30229977191436574,
         0.7500751971525761,
         0.2843895782478043,
         0.14094847779036218,
         0.0629553040442584,
         0.18913009726253877,
         0.2050945503835544,
         0.3463115823343742,
         0.2566463794078159,
         0.14414848975730699,
         0.7755074150081572,
         0.5420245268051535,
         0.3020955246622309,
         0.09734219078854936,
         0.4900792292235789
      ],
      [
         0.5078778457356988,
         0.5783338318260706,
         0.4112562848490083,
         0.6054228370649682,
         0.5991658091875973,
         0.774767299848584,
         0.5866307830936158,
         0.15889197900997157,
         0.2509458746550561,
         0.4485229275855059,
         0.7650527062853014,
         0.5222765913590895,
         0.5688509096828037,
         0.5771215396201755,
         0.19610811596924216,
         0.6124353653842122,
         0.49681469051887994,
         0.3495947438407384,
         0.10206107990237004,
         0.6901080392400856
      ],
      [
         0.09526180656825015,
         0.2816448694247082,
         0.7086294613697743,
         0.06413257437302149,
         0.6633187833275288,
         0.7645628109685078,
         0.09711408169541363,
         0.06611739267442927,
         0.4015859844340541,
         0.4531949242045182,
         0.7427443239044726,
         0.319502830086842,
         0.49460398975625885,
         0.7826496572481964,
         0.48246358627072417,
         0.443333974710904,
         0.1558474688570059,
         0.7986780669627814,
         0.15233244670996277,
         0.17778397782572886
      ],
      [
         0.5859350945221732,
         0.29482939197645325,
         0.08383154290178493,
         0.3887795647917391,
         0.5388976924639235,
         0.7476544818201337,
         0.6777347317168919,
         0.16747877881092715,
         0.29937496710028977,
         0.3682081468225992,
         0.4191877861496945,
         0.2589624285517399,
         0.36461657839290973,
         0.6796339223435629,
         0.1890123735577927,
         0.15454429095068162,
         0.6945475404826233,
         0.43942434619178755,
         0.4127985592046898,
         0.3397521579350079
      ],
      [
         0.46098677556074286,
         0.5392456236990798,
         0.3430056677222342,
         0.32341823501996453,
         0.7024022846445225,
         0.4101412415165923,
         0.31199612027551366,
         0.781917508693335,
         0.5446164057531004,
         0.1370904222408555,
         0.10943134667675505,
         0.5549037302334237,
         0.5461045706819733,
         0.7631775631714143,
         0.4020952891655647,
         0.08944728733913285,
         0.6863967343467421,
         0.7988952988770749,
         0.4950094527277077,
         0.4542479113631149
      ],
      [
         0.42572078025226157,
         0.3022802280085828,
         0.7914806351165448,
         0.43265371641602113,
         0.16504355351129932,
         0.497546154096843,
         0.385754087177376,
         0.0913219383363533,
         0.4221334425888052,
         0.1667579220685125,
         0.5251908054457849,
         0.3147938531212924,
         0.26211039406662445,
         0.16545793640527148,
         0.6489469014913462,
         0.39612781062802194,
         0.6091516411123225,
         0.6795780970222485,
         0.23380814413638623,
         0.1868866763424195
      ],
      [
         0.08337707203561234,
         0.26507705835832657,
         0.12881028450404752,
         0.17257149350724388,
         0.5516658418444454,
         0.40614383691134986,
         0.3401391425258439,
         0.19280535340274357,
         0.23253254670549317,
         0.13487725805526374,
         0.5352132323194101,
         0.7967647000665495,
         0.6246301884895785,
         0.27051849639208414,
         0.7456802514328873,
         0.7788538370791871,
         0.2533210384335927,
         0.1658052566345103,
         0.1413024049063425,
         0.6958530954032092
      ],
      [
         0.06974126333704754,
         0.06712080301479653,
         0.19197906665749054,
         0.7116747902751293,
         0.37917450743669084,
         0.40093467041018527,
         0.37689168284383523,
         0.7422720619243701,
         0.4679869020363772,
         0.1460742125122055,
         0.1089433110724887,
         0.751974068474838,
         0.5319385237344328,
         0.453268533660745,
         0.16273537727267165,
         0.582301186640721,
         0.5689891384670267,
         0.4179633214150038,
         0.7736893290157104,
         0.2026955654943261
      ]
   ],
   "mv_f1_micro": [
      0.9754098360655737,
      0.9918032786885246,
      0.9590163934426229,
      0.9918032786885246,
      1.0,
      0.9836065573770492,
      1.0,
      0.9754098360655737,
      0.9836065573770492,
      0.9918032786885246
   ],
   "mv_f1_macro": [
      0.9742182001005532,
      0.9921568627450981,
      0.9565741150261274,
      0.9921568627450981,
      1.0,
      0.9836807705538356,
      1.0,
      0.9758703130374957,
      0.9832679738562092,
      0.9911111111111112
   ],
   "mv_f1_weighted": [
      0.9752713695818807,
      0.9918032786885246,
      0.9577893222287478,
      0.9918032786885246,
      1.0,
      0.9835168925205976,
      1.0,
      0.9753523152142652,
      0.9836065573770492,
      0.9918032786885246
   ],
   "ct_f1_micro": [
      0.9836065573770492,
      1.0,
      0.9672131147540983,
      1.0,
      0.9918032786885246,
      0.9672131147540983,
      1.0,
      0.9836065573770492,
      0.9918032786885246,
      0.9918032786885246
   ],
   "ct_f1_macro": [
      0.9836807705538356,
      1.0,
      0.9667007135737786,
      1.0,
      0.9925696594427245,
      0.9665686274509805,
      1.0,
      0.9832679738562092,
      0.9921568627450981,
      0.9911111111111112
   ],
   "ct_f1_weighted": [
      0.9835168925205976,
      1.0,
      0.9674457141543372,
      1.0,
      0.991777901842359,
      0.9671809707489554,
      1.0,
      0.9835422693667631,
      0.9918032786885246,
      0.9918032786885246
   ],