{
   "worker_count": 40,
   "expertise_scores": [
      [
         0.39759816565171957,
         0.7759486235420969,
         0.17206528259238418,
         0.4098752459792864,
         0.5810832455106651,
         0.44605415271711785,
         0.13070793739854286,
         0.07113774284441571,
         0.4688571933081096,
         0.7703598338238266,
         0.23457567057011297,
         0.13678799684662668,
         0.6835264234006307,
         0.6234499310257656,
         0.6879498016092012,
         0.19343613986272207,
         0.17475988213476984,
         0.5976946312986062,
         0.25253709832965127,
         0.1293497078604463,
         0.5602193631020688,
         0.4105149704972623,
         0.6416852123968624,
         0.7681101583721461,
         0.38274383073330603,
         0.19476459883298836,
         0.7413999235392096,
         0.19612390780903127,
         0.6402742146296373,
         0.3428484299244255,
         0.4155519256909225,
         0.22848783554643726,
         0.7656392447911768,
         0.7445314200726114,
         0.1392911654934631,
         0.6312853765907926,
         0.7139535649121479,
         0.12133696981076014,
         0.1358221154546497,
         0.5779062867354213
      ],
      [
         0.07756590987757953,
         0.5323224801859459,
         0.5478246987346881,
         0.7389483637460139,
         0.38670911534773655,
         0.17475410165465038,
         0.2750653639196321,
         0.6097559670629256,
         0.29123820985523735,
         0.4332685414196326,
         0.7985991777063143,
         0.23346177897851622,
         0.4202446857422385,
         0.2127590515413757,
         0.6043821624313573,
         0.28823662549554835,
         0.620539515733967,
         0.40948610167024335,
         0.45497744649072464,
         0.604216340586489,
         0.6955152579692645,
         0.3150359711633429,
         0.31741812286233545,
         0.4578385798804177,
         0.47427698410795655,
         0.2406799493907672,
         0.4119772472877198,
         0.7057842942293031,
         0.31496285146688546,
         0.6979707802644438,
         0.6591883727373234,
         0.5539225744521441,
         0.6133138096383547,
         0.5992191062774268,
         0.683059881831757,
         0.3996559452801642,
         0.15131314106988397,
         0.21481693668130086,
         0.7155381645555355,
         0.7130883737288134
      ],
      [
         0.6570930859685782,
         0.2842948772856256,
         0.2462667450450729,
         0.1544073442091489,
         0.6489704215825816,
         0.43413797506677443,
         0.30410372891804854,
         0.3398355009179226,
         0.6947740429169262,
         0.346597216715661,
         0.7928165250213369,
         0.24994814039987845,
         0.5347218793555071,
         0.470203624420759,
         0.689663453847219,
         0.35186590374690146,
         0.1152068384999676,
         0.07874552195620474,
         0.46666637368063035,
         0.3120721750413404,
         0.7036037218723831,
         0.5612724301427475,
         0.3524133772549032,
         0.4018625249205987,
         0.3034848876367519,
         0.5866202733985962,
         0.45805442724427253,
         0.33850616055699756,
         0.13478787603824902,
         0.6021920022133898,
         0.6487463758673717,
         0.3171947884683406,
         0.6203306404725918,
         0.48493508589231277,
         0.7624842887953814,
         0.15505367219623456,
         0.4858643796053125,
         0.6412639826194544,
         0.4578562786994565,
         0.15408772545934762
      ],
      [
         0.09866387784240822,
         0.09735366731100001,
         0.11987285742309843,
         0.3142007904527485,
         0.6920025623117417,
         0.46572475516448636,
         0.2653152319222912,
         0.5244146197566957,
         0.5823227816527589,
         0.18347158210463765,
         0.6108979611610633,
         0.7380579567010029,
         0.23344724805654316,
         0.31929994028728675,
         0.5202042998962867,
         0.2739266172593458,
         0.14062270927607923,
         0.381187775342678,
         0.6661229287251643,
         0.0807628878564228,
         0.40809952684174194,
         0.7254345670584827,
         0.5911763335830246,
         0.7472448631823031,
         0.2079745258265619,
         0.346126930987422,
         0.5776655417188153,
         0.6283196107627123,
         0.24769679099456626,
         0.5348536858595013,
         0.7181424789348622,
         0.7591195504373575,
         0.6119988387733015,
         0.28304634877603957,
         0.6818218197862982,
         0.1863632154778745,
         0.5724941777065219,
         0.7647468143858083,
         0.1252722997613674,
         0.10623739331166808
      ],
      [
         0.22780498168594387,
         0.18808303923259234,
         0.11058704309164649,
         0.4638771281706423,
         0.11675561076328878,
         0.6151475743709488,
         0.7280642165972877,
         0.5984734610905614,
         0.13856492255210362,
         0.3819654938568706,
         0.2349989209917026,
         0.5435480333110371,
         0.1108288714079926,
         0.619261535034626,
         0.5641851336544185,
         0.4033531496406553,
         0.5026729463358915,
         0.5943227648371686,
         0.5256803548186518,
         0.6385641830772417,
         0.480946126481253,
         0.5402718262074921,
         0.07579091898092409,
         0.40626600847263283,
         0.466037205941348,
         0.7543078706081877,
         0.2561105345906045,
         0.14818932970605192,
         0.775474051824402,
         0.4330089205797305,
         0.7664254856133182,
         0.6591018797078607,
         0.4650488670587269,
         0.6388474036379043,
         0.4035265621584197,
         0.5921120234243723,
         0.7388491031743033,
         0.5790573832589486,
         0.6298414019049621,
         0.7761092296834468
      ],
      [
         0.4074132417579606,
         0.10887718283615394,
         0.6630869381193701,
         0.2732805936545522,
         0.5813489110683173,
         0.5301274537117717,
         0.1484629039504389,
         0.385261253719335,
         0.224445291207368,
         0.32726279442381156,
         0.7146722941970337,
         0.1406648323145454,
         0.611783569634628,
         0.6294460894463725,
         0.5290668662794917,
         0.20291301717664484,
         0.6943094296368589,
         0.7823562412003184,
         0.6396276547474832,
         0.6559754697645146,
         0.5112141431372832,
         0.7453499812580698,
         0.3836816424517369,
         0.20221574225387007,
         0.5603051041995682,
         0.26078376660883673,
         0.5174368368521143,
         0.21677146728445396,
         0.16399636074891577,
         0.5290997032429723,
         0.33028982593932804,
         0.3945031950906013,
         0.08206130277268386,
         0.6965849802985454,
         0.2768111641664221,
         0.4537303721625312,
         0.20906830331481113,
         0.13689639550342297,
         0.7482453976215265,
         0.1849295465313076
      ],
      [
         0.3823710197829286,
         0.3839788291830552,
         0.16767356461950342,
         0.3903199549390146,
         0.6510221966536115,
         0.4974916569252106,
         0.5229444612697676,
         0.10091036539062673,
         0.30920957497247653,
         0.6676201492134506,
         0.23141125065407603,
         0.44213705604739406,
         0.4308776335079447,
         0.14415005533079925,
         0.12111188714388377,
         0.7698732456485917,
         0.08046790740172002,
         0.5161294138197401,
         0.7200369632570723,
         0.3059809460031382,
         0.7782352691659954,
         0.4245643932634559,
         0.1015647762620757,
         0.6392846736306854,
         0.5350017456998953,
         0.5966852774227165,
         0.5940270177621053,
         0.5740142284800093,
