{
   "worker_count": 3,
   "expertise_scores": [
      [
         0.6283588007206321,
         0.1764644160962449,
         0.16167411899346534
      ],
      [
         0.20900032957636394,
         0.2866119803564473,
         0.3591775820253538
      ],
      [
         0.19477527140251655,
         0.47416536589480535,
         0.20318071151306805
      ],
      [
         0.7099069463572263,
         0.4745738409446818,
         0.07800553922032705
      ],
      [
         0.6175406062194051,
         0.5403006426234885,
         0.3147447360575854
      ],
      [
         0.6350642993818073,
         0.14031394277622228,
         0.3809353662276608
      ],
      [
         0.6753324800468872,
         0.5350598246648491,
         0.2704526103310525
      ],
      [
         0.40340048007537765,
         0.6751418017569903,
         0.6241473261913452
      ],
      [
         0.7496854870097182,
         0.594813460445174,
         0.20493441014341823
      ],
      [
         0.20293146384758898,
         0.2720463121012191,
         0.6693297600587558
      ]
   ],
   "mv_f1_micro": [
      0.3770491803278688,
      0.3606557377049181,
      0.3114754098360656,
      0.5245901639344263,
      0.6147540983606558,
      0.4262295081967213,
      0.680327868852459,
      0.6557377049180327,
      0.6557377049180327,
      0.5
   ],
   "mv_f1_macro": [
      0.3766075319016496,
      0.3550726993451452,
      0.30200393288628585,
      0.5215638626938935,
      0.6061871181221027,
      0.4176520068625331,
      0.670807068748245,
      0.6537246041425606,
      0.6481175160122528,
      0.49531250448897507
   ],
   "mv_f1_weighted": [
      0.3764835989040425,
      0.35868457026402517,
      0.2990017790524059,
      0.5216366931860764,
      0.6056173058812251,
      0.4184431066010013,
      0.6738234724131541,
      0.6548224594829171,
      0.6474848322993275,
      0.49625797860127663
   ],
   "ct_f1_micro": [
      0.6229508196721312,
      0.319672131147541,
      0.4918032786885246,
      0.4918032786885246,
      0.6557377049180327,
      0.4180327868852459,
      0.6147540983606558,
      0.7213114754098362,
      0.6147540983606558,
      0.6721311475409836
   ],
   "ct_f1_macro": [
      0.614006421281963,
      0.31518192792186606,
      0.4853806238481161,
      0.4856636936048701,
      0.6456537328054356,
      0.408651322877329,
      0.6097795450736627,
      0.7220474451589004,
      0.6154752454288058,
      0.674321930792519
   ],
   "ct_f1_weighted": [
      0.6171288939902856,
      0.3160478527376969,
      0.4841891780333896,
      0.4853702174820786,
      0.646079976968674,
      0.4081513218548188,
      0.613237373362735,
      0.7224792495480971,
      0.6164522090776977,
      0.6758357789216032
   ],
   "gt": [
      7,
      7,
      7,
      7,
      7,
      7,
      7,
      7,
      9,
      9,
      9,
      9,
      9,
      9,
      9,
      9,
      9,
      2,
      2,
      2,
      2,
      2,
      2,
      2,
      2,
      6,
      6,
      6,
      6,
      6,
      6,
      6,
      6,
      13,
      13,
      13,
      13,
      13,
      13,
      13,
      13,
      8,
      8,
      8,
      8,
      8,
      8,
      8,
      8,
      8,
      5,
      5,
      5,
      5,
      5,
      5,
      5,
      5,
      11,
      11,
      11,
      11,
      11,
      11,
      11,
      11,
      0,
      0,
      0,
      0,
      0,
      0,
      0,
      3,
      3,
      3,
      3,
      3,
      3,
      3,
      3,
      12,
      12,
      12,
      12,
      12,
      12,
      12,
      12,
      4,
      4,
      4,
      4,
      4,
      4,
      4,
      4,
      10,
      10,
      10,
      10,
      10,
      10,
      10,
      10,
      10,
      1,
      1,
      1,
      1,
      1,
      1,
      1,
      1,
      14,
      14,
      14,
      14,
      14,
      14,
      14,
      14
   ],
   "em_f1_micro": [
      0.4016393442622951,
      0.28688524590163933,
      0.38524590163934425,
      0.5327868852459017,
      0.5983606557377049,
      0.4180327868852459,
      0.6721311475409836,
      0.680327868852459,
      0.639344262295082,
      0.5327868852459017
   ],
   "em_f1_macro": [
      0.40228274935705277,
      0.2819932246402834,
      0.39257990249631114,
      0.5272149201560966,
      0.6003180399465229,
      0.4112541511922317,
      0.6679318394024276,
      0.678889871738169,
      0.6378362573099415,
      0.5300785019360871
   ],
   "em_f1_weighted": [
      0.404635826145241,
      0.2826071790633025,
      0.3923161537352269,
      0.5259946391335012,
      0.5977574676250005,
      0.4121978389856378,
      0.6683209349313496,
      0.6800160659604653,
      0.6406804237369379,
      0.5320115187952573
   ]
}