{
   "worker_count": 15,
   "expertise_scores": [
      [
         0.42159384172163866,
         0.7277056013174263,
         0.07745867043326632,
         0.44136239600618765,
         0.07130262335915283,
         0.14821950951609902,
         0.14187332153036047,
         0.6008703192060921,
         0.6138712857970463,
         0.6388791008804029,
         0.07679551698832501,
         0.7344160469212332,
         0.24772369564965147,
         0.5267632802092834,
         0.5062126486268103
      ],
      [
         0.7690429699462533,
         0.0638016121930939,
         0.33960646414652707,
         0.6179092240499474,
         0.6853804435965606,
         0.18080941910770876,
         0.6391039271532746,
         0.14079021113810672,
         0.08415380764055841,
         0.2012057602227958,
         0.38337769602421906,
         0.7786449587038249,
         0.2498900478127613,
         0.3675807184641941,
         0.43191868373477155
      ],
      [
         0.13516727101663173,
         0.16282499691130403,
         0.7018971385715752,
         0.2920508159415457,
         0.30218958323215145,
         0.649141277746219,
         0.12020724075980518,
         0.2875099711409279,
         0.1193083615806816,
         0.26839187398639847,
         0.5296212193964152,
         0.31312542783004943,
         0.1694015980070383,
         0.07286506566691543,
         0.1845531920747699
      ],
      [
         0.6782968331216426,
         0.6084069134608892,
         0.7482561741733597,
         0.22853744693179662,
         0.7488442032835088,
         0.19888299493741918,
         0.501586254916966,
         0.4861782089354531,
         0.6596712055390614,
         0.40889211060873154,
         0.1298075711486605,
         0.2875007361794145,
         0.3849764253437933,
         0.5006917987062967,
         0.6371820351490116
      ],
      [
         0.2858805144157168,
         0.46858264012858686,
         0.3779296103697774,
         0.5032842667090333,
         0.17583699028662197,
         0.31175870198175093,
         0.267322126289184,
         0.5236415561352207,
         0.7228320926316366,
         0.20237116866609,
         0.5827101395250868,
         0.565832096954387,
         0.44771167841561754,
         0.4890590074426249,
         0.6586079775164633
      ],
      [
         0.35809433136728647,
         0.5235671985817951,
         0.5348448511893766,
         0.46983459403984024,
         0.12990208422474797,
         0.23962270860789808,
         0.6197423875328701,
         0.35968032731915306,
         0.08247386642108409,
         0.7823461028355587,
         0.45259221662419463,
         0.6167309753283338,
         0.7551183418574818,
         0.32410244666906474,
         0.7121361665175141
      ],
      [
         0.687604767698138,
         0.2537564611443083,
         0.587023466959029,
         0.48068464516732456,
         0.4853479881333319,
         0.4522478512450095,
         0.7053315043890013,
         0.4044429853225807,
         0.2575219094781812,
         0.6699417633850655,
         0.3937906011487369,
         0.7958405064769696,
         0.1592177093829129,
         0.30098583901344195,
         0.34267880930335615
      ],
      [
         0.4474427692107172,
         0.5266852637218055,
         0.28296221531747384,
         0.7431443709514504,
         0.7820762108341791,
         0.3135747981524665,
         0.6205130074800496,
         0.1180936701108748,
         0.5293108398132449,
         0.5323513714734037,
         0.14639466219212566,
         0.392643446756115,
         0.6356454222065413,
         0.2682577955147163,
         0.30844603529828457
      ],
      [
         0.6578895572051304,
         0.7146230973639779,
         0.09110210940190164,
         0.7288268942470768,
         0.4446720083414339,
         0.4092625703343718,
         0.6105807448460756,
         0.5237481912337162,
         0.5908956856289834,
         0.4973597502535501,
         0.5156399375981758,
         0.23541654877321871,
         0.42582280208984047,
         0.19040584037622565,
         0.390285355794559
      ],
      [
         0.21376064760815133,
         0.35417296363406386,
         0.4122333502214691,
         0.37171813494883826,
         0.6893965185981973,
         0.42571767684063144,
         0.6213747055494973,
         0.5886867842008333,
         0.25369918931940727,
         0.2824723096688498,
         0.3768807329737303,
         0.6852978750769879,
         0.6163115903391715,
         0.5626231664135521,
         0.6437980883438226
      ]
   ],
   "mv_f1_micro": [
      0.9590163934426229,
      0.9426229508196722,
      0.8442622950819673,
      1.0,
      0.9754098360655737,
      0.9918032786885246,
      0.9754098360655737,
      0.9836065573770492,
      0.9918032786885246,
      1.0
   ],
   "mv_f1_macro": [
      0.9584489000278473,
      0.9428093108588466,
      0.8408665832504842,
      1.0,
      0.9758376332989337,
      0.9916339869281046,
      0.9746309967981794,
      0.9832679738562092,
      0.9921568627450981,
      1.0
   ],
   "mv_f1_weighted": [
      0.9586986592163469,
      0.9423511366007433,
      0.8407346284014812,
      1.0,
      0.9753201712091222,
      0.9917711346833816,
      0.9752459927357151,
      0.9836065573770492,
      0.9918032786885246,
      1.0
   ],
   "ct_f1_micro": [
      0.9672131147540983,
      0.9672131147540983,
      0.8524590163934426,
      1.0,
      0.9836065573770492,
      1.0,
      0.9836065573770492,
      0.9918032786885246,
      1.0,
      0.9918032786885246
   ],
   "ct_f1_macro": [
      0.9667593002113126,
      0.967124183006536,
      0.8526274018379283,
      1.0,
      0.9832679738562092,
      1.0,
      0.9825842131724484,
      0.9925696594427245,
      1.0,
      0.9916339869281046
   ],
   "ct_f1_weighted": [
      0.9664414169464162,
      0.9671809707489554,
      0.8519048646205678,
      1.0,
      0.9835422693667631,
      1.0,
      0.9835002348984991,
      0.991777901842359,
      1.0,
      0.9917711346833816
   ],
   "gt": [
      7,
      7,
      7,
      7,
      7,
      7,
      7,
      7,
      9,
      9,
      9,
      9,
      9,
      9,
      9,
      9,
      9,
      2,
      2,
      2,
      2,
      2,
      2,
      2,
      2,
      6,
      6,
      6,
      6,
      6,
      6,
      6,
      6,
      13,
      13,
      13,
      13,
      13,
      13,
      13,
      13,
      8,
      8,
      8,
      8,
      8,
      8,
      8,
      8,
      8,
      5,
      5,
      5,
      5,
      5,
      5,
      5,
      5,
      11,
      11,
      11,
      11,
      11,
      11,
      11,
      11,
      0,
      0,
      0,
      0,
      0,
      0,
      0,
      3,
      3,
      3,
      3,
      3,
      3,
      3,
      3,
      12,
      12,
      12,
      12,
      12,
      12,
      12,
      12,
      4,
      4,
      4,
      4,
      4,
      4,
      4,
      4,
      10,
      10,
      10,
      10,
      10,
      10,
      10,
      10,
      10,
      1,
      1,
      1,
      1,
      1,
      1,
      1,
      1,
      14,
      14,
      14,
      14,
      14,
      14,
      14,
      14
   ],
   "em_f1_micro": [
      0.9508196721311475,
      0.9344262295081968,
      0.8360655737704918,
      1.0,
      0.9754098360655737,
      0.9918032786885246,
      0.9836065573770492,
      0.9918032786885246,
      0.9754098360655737,
      0.9918032786885246
   ],
   "em_f1_macro": [
      0.9507722738218095,
      0.9335154061624651,
      0.8342936148818504,
      1.0,
      0.9758703130374957,
      0.9916339869281046,
      0.9825842131724484,
      0.9921568627450981,
      0.9763834422657953,
      0.9916339869281046
   ],