{
   "worker_count": 13,
   "expertise_scores": [
      [
         0.763667460571541,
         0.38115651200435097,
         0.7033070349483113,
         0.4006195809224986,
         0.7449524555563828,
         0.4829007680848125,
         0.7461989291837534,
         0.7863647339123633,
         0.7266493942250611,
         0.3276278617178494,
         0.346978845434882,
         0.39655962869992245,
         0.5322331206071186
      ],
      [
         0.7058437594376374,
         0.5462210632583048,
         0.35703496033689264,
         0.7402979518729872,
         0.4491273871509182,
         0.4265331503299173,
         0.4999047956768048,
         0.36049484188302244,
         0.6360728616708684,
         0.6989294267658644,
         0.5490067581943615,
         0.3505544547457294,
         0.7531410806167029
      ],
      [
         0.7317684379632301,
         0.5956619983587963,
         0.39698207982414785,
         0.41885131112655205,
         0.7854591275598516,
         0.7669797414632045,
         0.7160730931500917,
         0.37985611834861976,
         0.5742050596476064,
         0.5609592155140775,
         0.5683507062381205,
         0.7825974139810301,
         0.4326630239744645
      ],
      [
         0.7161778451316572,
         0.33105015524284986,
         0.5720167516399383,
         0.5726999184265731,
         0.3801901897445861,
         0.52037302499702,
         0.3587241686473935,
         0.6784504050587534,
         0.7614351216964012,
         0.5205728642240425,
         0.3557489514717418,
         0.3660752556919392,
         0.6353038262612067
      ],
      [
         0.7315024604807718,
         0.7498890996588965,
         0.5465785808674072,
         0.36424244570321834,
         0.7323889766397408,
         0.729174592321651,
         0.33221899354882134,
         0.4457513984975575,
         0.7619428533434441,
         0.44688247055366387,
         0.5314521277425228,
         0.4883812199318173,
         0.6483206635581964
      ],
      [
         0.4600664607888973,
         0.43677370260151976,
         0.693074128257608,
         0.7098713232914122,
         0.4628761820402466,
         0.5438216130134954,
         0.3533534525134892,
         0.6831597328829901,
         0.6162082884081606,
         0.6102832707063484,
         0.650152753634262,
         0.5029239686655272,
         0.4815805187114382
      ],
      [
         0.6686175449755543,
         0.7075149941152018,
         0.5599947249051185,
         0.5307132806639954,
         0.4371457292070208,
         0.7771384029505242,
         0.3888280563948766,
         0.4621091670010421,
         0.7593176439261049,
         0.42340449148404496,
         0.7864122721638056,
         0.5941065783740822,
         0.7506710437068402
      ],
      [
         0.3723018719577736,
         0.39633223751537877,
         0.7787038527992705,
         0.5579128215699988,
         0.4352989160873554,
         0.38668372258608635,
         0.6426621582925793,
         0.7648032961366049,
         0.45944922561879675,
         0.5120853647627441,
         0.3883783996989536,
         0.7107736368290994,
         0.783780889726158
      ],
      [
         0.5978657260659972,
         0.6280507694633413,
         0.5630792773579832,
         0.7232222886982804,
         0.4176653198980742,
         0.6642667652146166,
         0.6115124566764649,
         0.699807192038202,
         0.6558874600306174,
         0.46860699521811433,
         0.5876169658358258,
         0.37031826237729315,
         0.6769463727098015
      ],
      [
         0.6924364620866896,
         0.6832252624296911,
         0.6684474561289614,
         0.4069384477853019,
         0.4349029520212689,
         0.527672506971431,
         0.6846245575740622,
         0.5339975671876629,
         0.5365866055594032,
         0.6626401652709013,
         0.7835219803670621,
         0.660175281334447,
         0.39746635635307426
      ]
   ],
   "mv_f1_micro": [
      0.902,
      0.872,
      0.933,
      0.813,
      0.897,
      0.865,
      0.945,
      0.886,
      0.926,
      0.923
   ],
   "mv_f1_macro": [
      0.9011639101806561,
      0.870742565007439,
      0.9319516444864688,
      0.8112107534798331,
      0.8963988253967283,
      0.8639495850664383,
      0.9446961004588124,
      0.8856850119800254,
      0.9253940687683073,
      0.9227959921354373
   ],
   "mv_f1_weighted": [
      0.9020483619989348,
      0.8721528297594779,
      0.9331084027311265,
      0.8133775512166478,
      0.8970409237367467,
      0.8650934781725557,
      0.9450567006958533,
      0.8860165232344012,
      0.9259825885835421,
      0.9229841812824059
   ],
   "ct_f1_micro": [
      0.955,
      0.911,
      0.962,
      0.868,
      0.938,
      0.89,
      0.962,
      0.934,
      0.938,
      0.942
   ],
   "ct_f1_macro": [
      0.9551205503695063,
      0.9103422011036794,
      0.9618228110456452,
      0.86600686183885,
      0.9378208600985477,
      0.8889073741941486,
      0.9617622635717367,
      0.9331529418253609,
      0.9380595517776049,
      0.9420796900478647
   ],
   "ct_f1_weighted": [
      0.9549951189249081,
      0.9111346221361338,
      0.9620106204659182,
      0.8679699738642768,
      0.9380200642365143,
      0.8900571504096779,
      0.9620176137755357,
      0.933985935302391,
      0.93800938646739,
      0.9420558228663356
   ],
   "em_f1_micro": [
      0.964,
      0.925,
      0.966,
      0.902,
      0.945,
      0.888,
      0.971,
      0.9500000000000001,
      0.936,
      0.943
   ],
   "em_f1_macro": [
      0.9645125712616891,
      0.924208244484969,
      0.9656043759816623,
      0.9005871491533922,
      0.9448159815884983,
      0.8866580419991315,
      0.9707147546439371,
      0.9490179695830007,
      0.9356749447834561,
      0.9433369255230989
   ],
   "em_f1_weighted": [
      0.9639853473259413,
      0.925010708117444,
      0.9660375733855185,
      0.9018956998032134,
      0.9449970122661937,
      0.8877055645746815,
      0.9710322624752028,
      0.9499677993076832,
      0.9359550400905225,
      0.9430086822920358
   ],