{
   "worker_count": 3,
   "expertise_scores": [
      [
         0.34915099131252453,
         0.5000269371005315,
         0.5768148353338545
      ],
      [
         0.6044466463166231,
         0.3550142328335723,
         0.4792144827184259
      ],
      [
         0.40595469461135536,
         0.7185781079148681,
         0.3808624516041508
      ],
      [
         0.7725946912412314,
         0.7779175464216963,
         0.3765428729638705
      ],
      [
         0.7055508041300814,
         0.4425595576830407,
         0.6581127896520705
      ],
      [
         0.655761167271115,
         0.34894278035125603,
         0.7681612018311234
      ],
      [
         0.5173259760700498,
         0.5479790133869803,
         0.3608946687535969
      ],
      [
         0.7517057997443038,
         0.718435019912332,
         0.5327547942068523
      ],
      [
         0.5243592855315804,
         0.6031315067753993,
         0.6761590721755604
      ],
      [
         0.41853203665685446,
         0.7545535558666765,
         0.5513490982940304
      ]
   ],
   "mv_f1_micro": [
      0.523,
      0.534,
      0.554,
      0.7699999999999999,
      0.712,
      0.686,
      0.518,
      0.7840000000000001,
      0.698,
      0.67
   ],
   "mv_f1_macro": [
      0.5220710356458809,
      0.5337228123624792,
      0.5531603365593337,
      0.7694858194858195,
      0.7110871127020121,
      0.685119364378523,
      0.5154398613837511,
      0.7819249391829927,
      0.6970030939697768,
      0.6686406168826924
   ],
   "mv_f1_weighted": [
      0.523429486691529,
      0.5343326818726516,
      0.5540000144017874,
      0.769964673914674,
      0.7123594121847516,
      0.6864849902021664,
      0.5207351176788552,
      0.7839664759048658,
      0.6988997305053973,
      0.6705563701426649
   ],
   "ct_f1_micro": [
      0.544,
      0.536,
      0.53,
      0.786,
      0.731,
      0.696,
      0.53,
      0.797,
      0.721,
      0.72
   ],
   "ct_f1_macro": [
      0.5432870480057547,
      0.535792005781385,
      0.5302052913055645,
      0.7857972404563137,
      0.7298611198994119,
      0.6952876223409836,
      0.5281001608676749,
      0.7951085568298962,
      0.7202946953016761,
      0.7187605564516361
   ],
   "ct_f1_weighted": [
      0.5443496100226011,
      0.5361800913605839,
      0.5297130233273034,
      0.7859127856607063,
      0.7312628977647326,
      0.6962861046254056,
      0.5320263236116834,
      0.7969995284314011,
      0.7213119041171201,
      0.7203900027036084
   ],
   "em_f1_micro": [
      0.539,
      0.572,
      0.493,
      0.7729999999999999,
      0.704,
      0.698,
      0.505,
      0.801,
      0.693,
      0.732
   ],
   "em_f1_macro": [
      0.5393551535170032,
      0.5721495398480163,
      0.48290746831702713,
      0.7722591293885777,
      0.7031513212213675,
      0.6953525135074013,
      0.5044462585762487,
      0.7986287700835571,
      0.6911578460563984,
      0.7251157207909698
   ],
   "em_f1_weighted": [
      0.5387914383304556,
      0.5721763134379655,
      0.48862532072208875,
      0.7727957852324796,
      0.7034464313828973,
      0.6996381980130182,
      0.5067778886455612,
      0.8005688743827941,
      0.6934220287318144,
      0.7289832589844338
   ],
   "gt": [
      0,
      0,
      0,
      0,
      0,
      0,
      0,
      0,
      0,
      0,
      0,
      0,
      0,
      0,
      0,
      0,
      0,
      0,
      0,
      0,
      0,
      0,
      0,
      0,
      0,
      0,
      0,
      0,
      0,
      0,
      0,
      0,
      0,
      0,
      0,
      0,
      0,
      0,
      0,
      0,
      0,
      0,
      0,
      0,
      0,
      0,
      0,
      0,
      0,
      0,
      0,
      0,
      0,
      0,
      0,
      0,
      0,
      0,
      0,
      0,
      0,
      0,
      0,
      0,
      0,
      0,
      0,
      0,
      0,
      0,
      0,
      0,
      0,
      0,
      0,
      0,
      0,
      0,
      0,
      0,
      0,
      0,
      0,
      0,
      0,
      0,
      0,
      0,
      0,
      0,
      0,
      0,
      0,
      0,
      0,
      0,
      0,
      0,
      0,
      0,
      0,
      0,
      0,
      0,
      0,
      0,
      0,
      0,
      0,
      0,
      0,
      0,
      0,
      0,
      0,
      0,
      0,
      0,
      0,
      0,
      0,
      0,
      0,
      0,
      0,
      0,
      0,
      0,
      0,
      0,
      0,
      0,
      0,
      0,
      0,
      0,
      0,
      0,
      0,
      0,
      0,
      0,
      0,
      0,
      0,
      0,
      0,
      0,
      0,
      0,
      0,
      0,
      0,
      0,
      0,
      0,
      0,
      0,
      0,
      0,
      0,
      0,
      0,
      0,
      0,
      0,
      0,
      0,
      0,
      0,
      0,
      0,
      0,
      0,
      0,
      0,
      0,
      0,
      0,
      0,
      0,
      0,
      0,
      0,
      0,
      0,
      0,
      0,
      0,
      0,
      0,
      0,
      0,
      0,
      0,
      0,
      0,
      0,
      0,
      0,
      0,
      0,
      0,
      0,
      0,
      0,
      0,
      0,
      0,
      0,
      0,
      0,
      0,
      0,
      0,
      0,
      0,
      0,
      0,
      0,
      0,
      0,
      0,
      0,
      0,
      0,
      0,
      0,
      0,
      0,
      0,
      0,
      0,
      0,
      0,
      0,
      0,
      0,
      0,
      0,
      0,
      0,
      0,
      0,
      0,
      0,
      0,
      0,
      0,
      0,
      0,
      0,
      0,
      0,
      0,
      0,
      0,
      0,
      0,
      0,
      0,
      0,
      0,
      0,
      0,
      0,
      0,
      0,
      0,
      0,
      0,
      0,
      0,
      0,
      0,
      0,
      0,
      0,
      0,
      0,
      0,
      0,
      0,
      0,
      0,
      0,
      0,
      0,
      0,
      1,
      1,
      1,
      1,
      1,
      1,
      1,
      1,
      1,
      1,
      1,
      1,
      1,
      1,
      1,
      1,
      1,
      1,
      1,
      1,
      1,
      1,
      1,
      1,
      1,
      1,
      1,
      1,
      1,
      1,
      1,
      1,
      1,
      1,
      1,
      1,
      1,
      1,
      1,
      1,
      1,
      1,
      1,
      1,
      1,
      1,
      1,
      1,
      1,
      1,
      1,
      1,
      1,
      1,
      1,
      1,
      1,
      1,
      1,
      1,
      1,
      1,
      1,
      1,
      1,
      1,
      1,
      1,
      1,
      1,
      1,
      1,
      1,
      1,
      1,
      1,
      1,
      1,
      1,
      1,
      1,
      1,
      1,
      1,
      1,
      1,
      1,
      1,
      1,
      1,
      1,
      1,
      1,
      1,
      1,
      1,
      1,
      1,
      1,
      1,
      1,
      1,
      1,
      1,
      1,
      1,
      1,
      1,
      1,
      1,
      1,
      1,
      1,
      1,
      1,
      1,
      1,
      1,
      1,
      1,
      1,
      1,
      1,
      1,
      1,
      1,
      1,
      1,
      1,
      1,
      1,
      1,
      1,
      1,
      1,
      1,
      1,
      1,
      1,
      1,
      1,
      1,
      1,
      1,
      1,
      1,
      1,
      1,
      1,
      1,
      1,
      1,
      1,
      1,
      1,
      1,
      1,
      1,
      1,
      1,
      1,
      1,
      1,
      1,
      1,
      1,
      1,
      1,
      1,
      1,
      1,
      1,
      1,
      1,
      1,
      1,
      1,
      1,
      1,
      1,
      1,
      1,
      1,
      1,
      1,
      1,
      1,
      1,
      1,
      1,
      1,
      1,
      1,
      1,
      1,
      1,
      1,
      1,
      1,
      1,
      1,
      1,
      1,
      1,
      1,
      1,
      1,
      1,
      1,
      1,
      1,
      1,
      1,
      1,
      1,
      1,
      1,
      1,
      1,
      1,
      1,
      1,
      1,
      1,
      1,
      1,
      1,
      1,
      1,
      1,
      1,
