{
   "worker_count": 8,
   "expertise_scores": [
      [
         0.5831138378662751,
         0.6827426885496732,
         0.7642653645218156,
         0.7098527151981056,
         0.6185958146159682,
         0.7644238489148378,
         0.40403909216503187,
         0.43646091343405186
      ],
      [
         0.4155557763938095,
         0.5485116014037835,
         0.353182233401372,
         0.6700295139910739,
         0.7290173859750317,
         0.5969844023571151,
         0.7933323722311072,
         0.6108561624748634
      ],
      [
         0.5108405700835483,
         0.4905945817534967,
         0.5142689719599419,
         0.45734398579782964,
         0.42365965297057456,
         0.5458336644838924,
         0.6528420993183424,
         0.6815891087338901
      ],
      [
         0.6377613194941035,
         0.6607477760266715,
         0.49731533536827954,
         0.6976203670874387,
         0.653875815675343,
         0.3889136153437128,
         0.6396625608266916,
         0.37364501162501124
      ],
      [
         0.7540979001542493,
         0.6776276211039043,
         0.4226862229471155,
         0.6453102131335282,
         0.45313127741442677,
         0.6797576061202055,
         0.544296375373102,
         0.39700745984171654
      ],
      [
         0.7513548763158375,
         0.6190079055370186,
         0.6911563506574357,
         0.3672144314333042,
         0.7011278914269246,
         0.516331849865956,
         0.49567576077087944,
         0.4063861030037922
      ],
      [
         0.6882036536712521,
         0.40490930664141034,
         0.3804503692069993,
         0.4164395263196618,
         0.4814624239885755,
         0.7835943803421679,
         0.6301354906112513,
         0.7973042829759012
      ],
      [
         0.3587050342738981,
         0.6577570343402468,
         0.6473043884766451,
         0.7849488225186996,
         0.6284190497380936,
         0.40167046275972396,
         0.543238567202378,
         0.5286470413486496
      ],
      [
         0.6637300269882128,
         0.6099136014661368,
         0.3775279968542431,
         0.6151774756191538,
         0.48334344959889297,
         0.5103813608009308,
         0.5518699260979363,
         0.7944777207584964
      ],
      [
         0.36381001347931957,
         0.44686690817323516,
         0.6883278357968479,
         0.43871861903123843,
         0.6007132801286343,
         0.3412183487005236,
         0.4747075719567476,
         0.7199866802063692
      ]
   ],
   "mv_f1_micro": [
      0.888,
      0.8370000000000001,
      0.736,
      0.806,
      0.825,
      0.825,
      0.819,
      0.815,
      0.822,
      0.712
   ],
   "mv_f1_macro": [
      0.8873097185911741,
      0.8365148815780873,
      0.7349713255432896,
      0.8053124855220853,
      0.8234296138404379,
      0.8232795145633274,
      0.8182088921110301,
      0.8140650458113798,
      0.8214525215280645,
      0.7088884696796512
   ],
   "mv_f1_weighted": [
      0.8879915158884049,
      0.8371998161985401,
      0.7366531085921708,
      0.8062652543907481,
      0.8249566063977748,
      0.8253054802456262,
      0.8190739101182757,
      0.8150521868850376,
      0.8221141317941318,
      0.7117904132198971
   ],
   "ct_f1_micro": [
      0.9130000000000001,
      0.889,
      0.787,
      0.838,
      0.874,
      0.863,
      0.866,
      0.857,
      0.861,
      0.7729999999999999
   ],
   "ct_f1_macro": [
      0.9129068997692581,
      0.8887652378263328,
      0.7864864761563015,
      0.8375389373616549,
      0.8718818656818628,
      0.8608591593663268,
      0.8661075829126634,
      0.8560835506272658,
      0.8610715980040257,
      0.7701909657062491
   ],
   "ct_f1_weighted": [
      0.9129942760139824,
      0.889027943211281,
      0.7871142293260596,
      0.8381165450100109,
      0.8740222689227871,
      0.8634721438610152,
      0.8659096889757368,
      0.8570551291173679,
      0.860886618635927,
      0.7731126258267177
   ],
   "em_f1_micro": [
      0.918,
      0.891,
      0.7840000000000001,
      0.8459999999999999,
      0.878,
      0.869,
      0.895,
      0.867,
      0.88,
      0.779
   ],
   "em_f1_macro": [
      0.9181457544936628,
      0.891442568935218,
      0.7829686042422574,
      0.8455212826819745,
      0.8752043218514487,
      0.8666401557709333,
      0.8945143350279556,
      0.8663258384073832,
      0.8803512743958707,
      0.770480876270827
   ],
   "em_f1_weighted": [
      0.9179965564738293,
      0.8908323724598786,
      0.784176879518551,
      0.8459587742094559,
      0.8774184256911142,
      0.8691687860133743,
      0.8947734139098766,
      0.8669309826486798,
      0.8799582091205637,
      0.7755251205469829
   ],