{
   "worker_count": 18,
   "expertise_scores": [
      [
         0.5392070103471722,
         0.44420853226780044,
         0.3284864362190801,
         0.34226695547505787,
         0.35583039879917316,
         0.7518742196305033,
         0.42685155117531587,
         0.35595096611809307,
         0.36656392564779927,
         0.33195049110892866,
         0.7278338576653584,
         0.7288278118240187,
         0.497774511299326,
         0.7332862354817669,
         0.4592484042349251,
         0.6092591252954574,
         0.33262163206430717,
         0.3938582636561602
      ],
      [
         0.35411970734727927,
         0.6657876984568236,
         0.5343406999591793,
         0.5477611908316667,
         0.626258171284557,
         0.5748263891051619,
         0.6435152833039465,
         0.40843456933689426,
         0.6794038760553829,
         0.5658064285446618,
         0.3404955320153447,
         0.43354019021585866,
         0.7567161634176929,
         0.538817902053025,
         0.7434474222596112,
         0.6756187654004375,
         0.5628065622549995,
         0.46204115798051804
      ],
      [
         0.5806734452599553,
         0.5493130720101675,
         0.6350339828238749,
         0.6032688544688676,
         0.6610980619769037,
         0.6733720738130997,
         0.6436538359938905,
         0.7985682569446473,
         0.6767760280504823,
         0.5055734833371917,
         0.39909680893042565,
         0.533038358657834,
         0.5861036369146266,
         0.33403317882325934,
         0.42646537514845073,
         0.3589139389400251,
         0.5296684164390416,
         0.44240353977616126
      ],
      [
         0.38216121111061047,
         0.7338575666079685,
         0.5447934293098791,
         0.5540662965405567,
         0.42853013401600665,
         0.6291274053970752,
         0.3486355489821463,
         0.3347656486827898,
         0.5191246180168578,
         0.38042358740384,
         0.4271076823352887,
         0.5811768503530108,
         0.6191083617699142,
         0.5152544336769591,
         0.7558256352753536,
         0.6598280177427018,
         0.6856699411834823,
         0.7444827766973019
      ],
      [
         0.6127796431031101,
         0.6160865589480968,
         0.44069950647214384,
         0.6415755060903034,
         0.411473801471087,
         0.6567316923516573,
         0.36690439224007587,
         0.5655335431742565,
         0.4088506783728356,
         0.6513715707645871,
         0.3696842255699737,
         0.7115520896236877,
         0.7288648651378441,
         0.41375542987498776,
         0.4925742829427048,
         0.6883341566127704,
         0.7332347814252438,
         0.35756021456749154
      ],
      [
         0.73509483445387,
         0.7908128221082595,
         0.7364280108185103,
         0.7766658240392943,
         0.6181384412298723,
         0.7467206290460778,
         0.7845261076533316,
         0.4056705713387786,
         0.5773419677877683,
         0.5639319708286551,
         0.4331325424738756,
         0.3516944905222739,
         0.40980190674741857,
         0.6764789935763664,
         0.5452228571106497,
         0.4062504831324406,
         0.3361994036432553,
         0.5017645577299417
      ],
      [
         0.7157400665226388,
         0.4597931847885479,
         0.6728169032406295,
         0.7097737550791615,
         0.604302710392543,
         0.4038640972396207,
         0.5873877492989815,
         0.7284693066534057,
         0.3683426376484239,
         0.7733935720856953,
         0.42926294901802786,
         0.678220451505793,
         0.4383700108218702,
         0.7279830505177154,
         0.7314497604449226,
         0.4429913446226831,
         0.6702768990885988,
         0.6501070668997082
      ],
      [
         0.40953138497546215,
         0.7788272770000624,
         0.503131887638229,
         0.6782769993838966,
         0.5699265339180095,
         0.3639568503499344,
         0.5748544133267564,
         0.6792349345600719,
         0.39794051626667937,
         0.4097643519097339,
         0.48679097534821275,
         0.5163679587545681,
         0.7008132704438055,
         0.3545204980891067,
         0.35775999412164167,
         0.5090545849236121,
         0.3848287965533926,
         0.646273407951643
      ],
      [
         0.3593694020063979,
         0.7169142329171692,
         0.6182992305484145,
         0.7200833750795994,
         0.6132369591102341,
         0.5588474024514898,
         0.6163714291669544,
         0.7640629225989257,
         0.405502197231063,
         0.35842813394341916,
         0.7759127113298202,
         0.5253617860689612,
         0.4649863426249755,
         0.5903370037236211,
         0.45560374110307555,
         0.6200113653568943,
         0.42420200989446083,
         0.44349069028607274
      ],
      [
         0.38521943324658087,
         0.35487518529267104,
         0.7700247122890741,
         0.43885531169783276,
         0.36914099063278105,
         0.7817677309000081,
         0.5995208151052388,
         0.46725694968381026,
         0.3989587732211034,
         0.4266350171311988,
         0.6789998329766032,
         0.4549392938618977,
         0.7488879218168643,
         0.769854277291288,
         0.6503787221126236,
         0.5509359514208909,
         0.39771310300382007,
         0.7464328026445546
      ]
   ],
   "mv_f1_micro": [
      0.788,
      0.929,
      0.924,
      0.912,
      0.924,
      0.953,
      0.968,
      0.856,
      0.926,
      0.9209999999999999
   ],
   "mv_f1_macro": [
      0.7870651608302658,
      0.928580479974539,
      0.9242126442301032,
      0.9112990758010627,
      0.923434157219015,
      0.9533340976840173,
      0.9672634902537544,
      0.8542961305824841,
      0.9252225280473868,
      0.92064634605245
   ],
   "mv_f1_weighted": [
      0.7880489775859079,
      0.929134925067908,
      0.9239430232741482,
      0.9120293635052935,
      0.9239509372785915,
      0.9529542903003897,
      0.9679749800699087,
      0.8564411269813954,
      0.9261264764112223,
      0.9210463817904231
   ],
   "ct_f1_micro": [
      0.8619999999999999,
      0.9500000000000001,
      0.9469999999999998,
      0.948,
      0.948,
      0.976,
      0.98,
      0.905,
      0.955,
      0.958
   ],
   "ct_f1_macro": [
      0.8613600346505642,
      0.9499451441274892,
      0.9474764646646839,
      0.9471807265488638,
      0.9475577341371055,
      0.9764686558158878,
      0.9796167293523655,
      0.9035978884347458,
      0.9545103145522024,
      0.9575099225239846
   ],
   "ct_f1_weighted": [
      0.8621013651303218,
      0.950023700578964,
      0.9469185854540126,
      0.9480200626959249,
      0.9479679259428574,
      0.9759565678043864,
      0.9800023150700033,
      0.9050850584224848,
      0.9550464119977922,
      0.9580463344411059
   ],
   "em_f1_micro": [
      0.917,
      0.958,
      0.9500000000000001,
      0.959,
      0.959,
      0.974,
      0.984,
      0.926,
      0.961,
      0.967
   ],
   "em_f1_macro": [
      0.9160186502291765,
      0.9577112672733724,
      0.9498620588380172,
      0.958458810359541,
      0.9586507577120496,
      0.974697218264757,
      0.9839068229485214,
      0.9243460046539159,
      0.9610274994199197,
      0.9667381386785724
   ],
   "em_f1_weighted": [
      0.9171306069227123,
      0.9580046095696783,
      0.9500121899732284,
      0.9590111754208245,
      0.9589834656211178,
      0.9739515827150386,
      0.9840085695295068,
      0.9257474408146888,
      0.9610134857928055,
      0.9670371762981818
   ],