{
   "worker_count": 5,
   "expertise_scores": [
      [
         0.6040007693480507,
         0.6235109968124943,
         0.54091797445983,
         0.7828839712404512,
         0.41741000302041326
      ],
      [
         0.4960452988840802,
         0.38016664350549684,
         0.6590143919078109,
         0.6538016114545906,
         0.40016051959448024
      ],
      [
         0.4039022820127349,
         0.6248835986820888,
         0.70049696881498,
         0.4009201484965103,
         0.44754471072443586
      ],
      [
         0.5092074447609295,
         0.7576854188955016,
         0.3551447737208784,
         0.5847548862730994,
         0.36635771940990275
      ],
      [
         0.5577721544296053,
         0.6963438215902769,
         0.7807572750497208,
         0.5066057169622702,
         0.347917720206181
      ],
      [
         0.7037716148916096,
         0.3859526518877997,
         0.3684709940346855,
         0.47666248529239064,
         0.5274851298097893
      ],
      [
         0.35054013390391153,
         0.4389938332908062,
         0.572881401586218,
         0.6160219989702231,
         0.4990809874825991
      ],
      [
         0.3481547528820317,
         0.40454895372527594,
         0.6117038651103368,
         0.7455321955859828,
         0.4489864993520005
      ],
      [
         0.5256128284576009,
         0.5047276819455234,
         0.7745240107206658,
         0.7965500127366698,
         0.3603772106247681
      ],
      [
         0.7894444178979632,
         0.3405452131477382,
         0.6835399338554512,
         0.6890790174743324,
         0.4023507843427551
      ]
   ],
   "mv_f1_micro": [
      0.779,
      0.657,
      0.634,
      0.648,
      0.738,
      0.6,
      0.627,
      0.636,
      0.777,
      0.748
   ],
   "mv_f1_macro": [
      0.7785567883573159,
      0.6554543203926867,
      0.6322593125088322,
      0.6477143846577004,
      0.7373493234217912,
      0.596138535962901,
      0.6260528323118598,
      0.6359754647474922,
      0.7771222905977994,
      0.7481113511013305
   ],
   "mv_f1_weighted": [
      0.7790458564464493,
      0.6576566582326611,
      0.6346845222164177,
      0.6472560361973962,
      0.7380511856064372,
      0.5994555930700213,
      0.627332989462792,
      0.6359106705472666,
      0.7769073765368669,
      0.747967235203115
   ],
   "ct_f1_micro": [
      0.801,
      0.709,
      0.683,
      0.693,
      0.788,
      0.654,
      0.66,
      0.687,
      0.841,
      0.8370000000000001
   ],
   "ct_f1_macro": [
      0.8001581069282055,
      0.7073505773524259,
      0.6815235598281261,
      0.6923245649336232,
      0.7871157599346458,
      0.6495173634391797,
      0.6589889000124816,
      0.6860435215700202,
      0.8405035785871382,
      0.8373914701245676
   ],
   "ct_f1_weighted": [
      0.8011357750053095,
      0.7091234449527988,
      0.6834026655014201,
      0.6918231785336557,
      0.7881499483629689,
      0.653059134024053,
      0.6602712277718837,
      0.6874029360920217,
      0.8410428059609669,
      0.8369569711028321
   ],
   "em_f1_micro": [
      0.824,
      0.693,
      0.68,
      0.704,
      0.825,
      0.635,
      0.652,
      0.678,
      0.845,
      0.85
   ],
   "em_f1_macro": [
      0.8227804539923512,
      0.6866070193185868,
      0.6779097243760726,
      0.6975437087537303,
      0.8226462068543618,
      0.6251419375054074,
      0.649422938833914,
      0.6767529317239802,
      0.844134197095193,
      0.8502764741025092
   ],
   "em_f1_weighted": [
      0.8238500028003503,
      0.6890659867223536,
      0.6798584482352212,
      0.6968569297318982,
      0.8245574105789244,
      0.6283113652306894,
      0.6504477102186945,
      0.6763698460954942,
      0.844736316192335,
      0.8499414027545893
   ],
   "gt": [
      0,
      0,
      0,
      0,
      0,
      0,
      0,
      0,
      0,
      0,
      0,
      0,
      0,
      0,
      0,
      0,
      0,
      0,
      0,
      0,
      0,
      0,
      0,
      0,
      0,
      0,
      0,
      0,
      0,
      0,
      0,
      0,
      0,
      0,
      0,
      0,
      0,
      0,
      0,
      0,
      0,
      0,
      0,
      0,
      0,
      0,
      0,
      0,
      0,
      0,
      0,
      0,
      0,
      0,
      0,
      0,
      0,
      0,
      0,
      0,
      0,
      0,
      0,
      0,
      0,
      0,
      0,
      0,
      0,
      0,
      0,
      0,
      0,
      0,
      0,
      0,
      0,
      0,
      0,
      0,
      0,
      0,
      0,
      0,
      0,
      0,
      0,
      0,
      0,
      0,
      0,
      0,
      0,
      0,
      0,
      0,
      0,
      0,
      0,
      0,
      0,
      0,
      0,
      0,
      0,
      0,
      0,
      0,
      0,
      0,
      0,
      0,
      0,
      0,
      0,
      0,
      0,
      0,
      0,
      0,
      0,
      0,
      0,
      0,
      0,
      0,
      0,
      0,
      0,
      0,
      0,
      0,
      0,
      0,
      0,
      0,
      0,
      0,
      0,
      0,
      0,
      0,
      0,
      0,
      0,
      0,
      0,
      0,
      0,
      0,
      0,
      0,
      0,
      0,
      0,
      0,
      0,
      0,
      0,
      0,
      0,
      0,
      0,
      0,
      0,
      0,
      0,
      0,
      0,
      0,
      0,
      0,
      0,
      0,
      0,
      0,
      0,
      0,
      0,
      0,
      0,
      0,
      0,
      0,
      0,
      0,
      0,
      0,
      0,
      0,
      0,
      0,
      0,
      0,
      0,
      0,
      0,
      0,
      0,
      0,
      0,
      0,
      0,
      0,
      0,
      0,
      0,
      0,
      0,
      0,
      0,
      0,
      0,
      0,
      0,
      0,
      0,
      0,
      0,
      0,
      0,
      0,
      0,
      0,
      0,
      0,
      0,
      0,
      0,
      0,
      0,
      0,
      0,
      0,
      0,
      0,
      0,
      0,
      0,
      0,
      0,
      0,
      0,
      0,
      0,
      0,
      0,
      0,
      0,
      0,
      0,
      0,
      0,
      0,
      0,
      0,
      0,
      0,
      0,
      0,
      0,
      0,
      0,
      0,
      0,
      0,
      0,
      0,
      0,
      0,
      0,
      0,
      0,
      0,
      0,
      0,
      0,
      0,
      0,
      0,
      0,
      0,
      0,
      0,
      0,
      0,
      0,
      0,
      0,
      1,
      1,
      1,
      1,
      1,
      1,
      1,
      1,
      1,
      1,
      1,
      1,
      1,
      1,
      1,
      1,
      1,
      1,
      1,
      1,
      1,
      1,
      1,
      1,
      1,
      1,
      1,
      1,
      1,
      1,
      1,
      1,
      1,
      1,
      1,
      1,
      1,
      1,
      1,
      1,
      1,
      1,
      1,
      1,
      1,
      1,
      1,
      1,
      1,
      1,
      1,
      1,
      1,
      1,
      1,
      1,
      1,
      1,
      1,
      1,
      1,
      1,
      1,
      1,
      1,
      1,
      1,
      1,
      1,
      1,
      1,
      1,
      1,
      1,
      1,
      1,
      1,
      1,
      1,
      1,
      1,
      1,
      1,
      1,
      1,
      1,
      1,
      1,
      1,
      1,
      1,
      1,
      1,
      1,
      1,
      1,
      1,
      1,
      1,
      1,
      1,
      1,
      1,
      1,
      1,
      1,
      1,
      1,
      1,
      1,
      1,
      1,
      1,
      1,
      1,
      1,
      1,
      1,
      1,
      1,
      1,
      1,
      1,
      1,
      1,
      1,
      1,
      1,
      1,
      1,
      1,
      1,
      1,
      1,
      1,
      1,
      1,
      1,
      1,
      1,
      1,
      1,
      1,
      1,
      1,
      1,
      1,
      1,
      1,
      1,
      1,
      1,
      1,
      1,
      1,
      1,
      1,
      1,
      1,
      1,
      1,
      1,
      1,
      1,
      1,
      1,
      1,
      1,
      1,
      1,
