{
   "worker_count": 20,
   "expertise_scores": [
      [
         0.6570498947869164,
         0.679140984415146,
         0.3589777455959287,
         0.7364052228099194,
         0.7829164747196303,
         0.3373745318956647,
         0.7745499571895318,
         0.4392711814415287,
         0.5238965252622932,
         0.5842637816730367,
         0.6668757284727559,
         0.7122237080141826,
         0.788406203233083,
         0.6736788853677192,
         0.5425056046027212,
         0.3721688814994474,
         0.4244648085122719,
         0.5930014074582055,
         0.6310157246722264,
         0.537419335553754
      ],
      [
         0.6742078542670933,
         0.7018285388602019,
         0.4153131557084047,
         0.6993002731258056,
         0.34912261023311214,
         0.5604357576752921,
         0.703782717635338,
         0.769310214895735,
         0.3799668107577651,
         0.5312716235834118,
         0.5164602269138093,
         0.4347573232704004,
         0.41095821288655643,
         0.397765765344999,
         0.6106603763982892,
         0.4208309386768821,
         0.4325583778013353,
         0.4356518813019643,
         0.6502691468740992,
         0.5065095496714305
      ],
      [
         0.45021232621398194,
         0.7274499119362496,
         0.4150939035207182,
         0.6799172221728351,
         0.7768462202639258,
         0.49252393351428836,
         0.35681700659315924,
         0.6771362246817614,
         0.5616460259823832,
         0.7854840406158862,
         0.6260544884228603,
         0.7659760770767091,
         0.6339582207589288,
         0.4262079326794083,
         0.44182098411931375,
         0.44583214539171023,
         0.6272242079097212,
         0.7261730931279681,
         0.4211648238882972,
         0.7948413875571848
      ],
      [
         0.5470713626875382,
         0.7229901956860598,
         0.7343540433621908,
         0.764592612693249,
         0.5205403085869984,
         0.7961513210464988,
         0.37491487323536715,
         0.4986453291483646,
         0.7887215449890601,
         0.5860669137852461,
         0.5172662438869944,
         0.42530676141363644,
         0.3661193769667439,
         0.4505629490174901,
         0.6176924244832033,
         0.5117809700291684,
         0.7310667197509275,
         0.5189468077527457,
         0.7084859731058629,
         0.6739391053196777
      ],
      [
         0.7404790338116773,
         0.3793066797588559,
         0.7574012954788836,
         0.6515133522527274,
         0.707265451606095,
         0.6451834748148553,
         0.6936063043323027,
         0.5887978976752755,
         0.4061309216055561,
         0.6191533237522578,
         0.32954820010505254,
         0.5341072325957821,
         0.7557191764534719,
         0.6407305095797577,
         0.5823636963510195,
         0.5827610535226853,
         0.4257609159892557,
         0.3341017241187391,
         0.37889319807753186,
         0.5937047377454587
      ],
      [
         0.41950793924191637,
         0.39803244891212985,
         0.4457050946186564,
         0.3338358039573572,
         0.3436283495776923,
         0.6344610841771106,
         0.5081860576359506,
         0.6328457537175382,
         0.7042401813546524,
         0.5606631068077,
         0.557231706608195,
         0.6918912169034865,
         0.6038568039112084,
         0.48360694040294755,
         0.7888251675626282,
         0.6238227592907827,
         0.4719042668672166,
         0.6405646184779353,
         0.42239572909194684,
         0.4348353903797349
      ],
      [
         0.4350513532121331,
         0.5569357458336224,
         0.5830271890395774,
         0.6450567122811967,
         0.6293195801347933,
         0.704903750645353,
         0.7539727128219287,
         0.7618809394530209,
         0.64070154077637,
         0.6736910305554645,
         0.6659909956970043,
         0.5399041836271234,
         0.5889440470320393,
         0.5428982956481692,
         0.4132443532260374,
         0.6101411095063551,
         0.4240437324517883,
         0.4930545684711092,
         0.36009559977830424,
         0.7835564047584078
      ],
      [
         0.37913593949110136,
         0.5127225311532991,
         0.6080579532039669,
         0.5174779112185377,
         0.799866898918429,
         0.7316284818895857,
         0.6752951822152226,
         0.5011191710612491,
         0.6790990983500612,
         0.3763715181847517,
         0.6156774655940948,
         0.7239805140902398,
         0.48258955224979955,
         0.40381511643225143,
         0.7998611519829717,
         0.3924613451160181,
         0.37658877669786534,
         0.6228205581123831,
         0.7892384774356265,
         0.6025812889234843
      ],
      [
         0.6365088563668334,
         0.44027609572173254,
         0.5243448318526416,
         0.4475624901939302,
         0.7421787649631328,
         0.7620479822353268,
         0.4526982045322243,
         0.7224164506804496,
         0.35537424566695386,
         0.3744285002508499,
         0.5197616429645092,
         0.5500107264580119,
         0.45247260689609325,
         0.7175318644328578,
         0.6393158122304954,
         0.6469859635997297,
         0.7359982446575062,
         0.6842006285719562,
         0.4918502228810133,
         0.7017394743357623
      ],
      [
         0.47891916470138096,
         0.7059540613026603,
         0.45767773503894993,
         0.5540252130020795,
         0.5175190852553306,
         0.6123777987603959,
         0.4348207991063225,
         0.5411176123358745,
         0.48438269922143207,
         0.5374447620598295,
         0.41384846507349543,
         0.6921313960456827,
         0.4970283433557946,
         0.6734024532547225,
         0.3388948937836015,
         0.50971165647829,
         0.6813902993436585,
         0.45095393263161887,
         0.4314417388130003,
         0.49273778745946883
      ]
   ],
   "mv_f1_micro": [
      0.958,
      0.907,
      0.972,
      0.976,
      0.949,
      0.917,
      0.967,
      0.968,
      0.953,
      0.884
   ],
   "mv_f1_macro": [
      0.957852849366664,
      0.9066248796561022,
      0.9716909558330763,
      0.9756973591647249,
      0.9487083536344209,
      0.9160108385291045,
      0.9667408476586323,
      0.9673586902268333,
      0.9524840639265033,
      0.882494255950939
   ],
   "mv_f1_weighted": [
      0.9579894938472255,
      0.9070579910782957,
      0.9720088501208723,
      0.9760258315939732,
      0.9489843321605286,
      0.9171823029937448,
      0.9670044846512931,
      0.9679703254881856,
      0.952952463483273,
      0.8839655695211299
   ],
   "ct_f1_micro": [
      0.977,
      0.937,
      0.985,
      0.983,
      0.966,
      0.9500000000000001,
      0.978,
      0.988,
      0.973,
      0.912
   ],
   "ct_f1_macro": [
      0.9770430749881758,
      0.9369642747340589,
      0.9848590670216746,
      0.9827847035447878,
      0.9657616738478341,
      0.9495378817012115,
      0.9779118851593375,
      0.9880909234755825,
      0.972576327058774,
      0.9110219088254935
   ],
   "ct_f1_weighted": [
      0.9769817260757876,
      0.9369874746356761,
      0.9850060866473274,
      0.9830207784078402,
      0.9660072253061943,
      0.9500485751891117,
      0.9779968515522237,
      0.9879969375158268,
      0.9729697078034878,
      0.9119880300761398
   ],
   "em_f1_micro": [
      0.983,
      0.958,
      0.99,
      0.988,
      0.97,
      0.961,
      0.9810000000000001,
      0.993,
      0.977,
      0.9209999999999999
   ],
   "em_f1_macro": [
      0.9834052453839105,
      0.9580230397519934,
      0.9899709397739483,
      0.9878953924587642,
      0.9699269065261019,
      0.9609523498144984,
      0.9810199674817929,
      0.9931162230625792,
      0.9766486141149852,
      0.9200423673139383
   ],