{
   "worker_count": 30,
   "expertise_scores": [
      [
         0.47512606200122,
         0.3497423513437751,
         0.439578307818587,
         0.6766119225265744,
         0.19812739049228711,
         0.7410427585043763,
         0.19496570963115448,
         0.28834359590299435,
         0.5432096576124132,
         0.45159731795245683,
         0.5980266760404791,
         0.2968652573044363,
         0.23685884792152426,
         0.30116719121649477,
         0.7905173494717699,
         0.44134222160792824,
         0.40219611502553054,
         0.31859972052286345,
         0.745142852466134,
         0.7029457970653259,
         0.74083359368223,
         0.3997437914925507,
         0.31812683789315904,
         0.277914230721429,
         0.4106932318725376,
         0.47573621605767624,
         0.4630629135356146,
         0.620140793018682,
         0.5766071704543992,
         0.5814439210044144
      ],
      [
         0.19930964556433758,
         0.6402348796925452,
         0.5015382757286426,
         0.3317543262022984,
         0.7185361104857936,
         0.19817005548727662,
         0.3477944740447029,
         0.5007715857285926,
         0.6661756679269841,
         0.3575530055046278,
         0.316542829069937,
         0.20505505793957723,
         0.7144127710103241,
         0.7495286232714902,
         0.6319865791187166,
         0.3457440511445248,
         0.31837538099345597,
         0.3929583533515094,
         0.7687842559318336,
         0.47237638482650934,
         0.2071398570731162,
         0.6742501592864437,
         0.5174818797103616,
         0.7332213388072902,
         0.6065922435207963,
         0.481756650737024,
         0.2521188257898147,
         0.7042570146525803,
         0.26588760268444145,
         0.3687265392533334
      ],
      [
         0.4940740345654888,
         0.3566782574095043,
         0.37510992820798755,
         0.7418982657976096,
         0.4030807649287669,
         0.4074216751642383,
         0.5437304270581427,
         0.5253063534487362,
         0.26290686727896734,
         0.6967533310951525,
         0.7452202876787054,
         0.30813772964532576,
         0.6763297799078914,
         0.6359209724062703,
         0.7307721752694775,
         0.6717286344972462,
         0.7802459688540255,
         0.23019853203057786,
         0.23312442295090216,
         0.4013557793745164,
         0.46042143088036147,
         0.32022657436429647,
         0.43578827756403743,
         0.7235521220871092,
         0.45773038669340105,
         0.3589705941474945,
         0.7922717264439488,
         0.670701097833348,
         0.23167082066291578,
         0.7026752142367011
      ],
      [
         0.7651637621863984,
         0.21726456247859927,
         0.39631212882038014,
         0.5644592577431383,
         0.46157312032234277,
         0.6765896683138279,
         0.7340140180457978,
         0.41902923814118936,
         0.29144911555276376,
         0.21811762360774023,
         0.4132207765042948,
         0.5295374105678127,
         0.7776822789375119,
         0.2760924046192178,
         0.7007503094205023,
         0.613364304769642,
         0.41029144153086894,
         0.2912190094468489,
         0.5219754245906436,
         0.7197279383581042,
         0.2429309696669898,
         0.30158285997173845,
         0.47544589830898787,
         0.4576991540045092,
         0.22023744654762123,
         0.4717516503678907,
         0.43175168566043387,
         0.21539151971584164,
         0.6496320274156184,
         0.4270587842029213
      ],
      [
         0.23949675681535038,
         0.7526159198766418,
         0.7660737266957148,
         0.2180757913519678,
         0.24135970695980832,
         0.46891282168514414,
         0.544415740994224,
         0.3284380994847734,
         0.7965546678858524,
         0.19242174409096457,
         0.42880485677220304,
         0.5910715920026873,
         0.7134038290211168,
         0.6124368757366663,
         0.4326352096551779,
         0.573703076617924,
         0.6756898168235145,
         0.3161341317348059,
         0.44384469302610585,
         0.5442292033970563,
         0.3408938868229746,
         0.5459827981453186,
         0.5569123457698312,
         0.27992631687724295,
         0.7670918485934722,
         0.4039908304244775,
         0.6343181039355635,
         0.5259084136930808,
         0.6922764133193036,
         0.6913153821559903
      ],
      [
         0.7372228285028635,
         0.2593583520460382,
         0.3845192448302156,
         0.6162272882193571,
         0.3797308240480004,
         0.3008346202322818,
         0.7552921624619436,
         0.45743782020353263,
         0.6397734593216777,
         0.3039295820486362,
         0.6857093384183636,
         0.47071388184738705,
         0.576059540671552,
         0.4216096244084958,
         0.30268418028002103,
         0.6822283374029322,
         0.7433855637409695,
         0.7035281366473912,
         0.43475798800716425,
         0.4540232958796847,
         0.5186209197338474,
         0.6659771031528406,
         0.36214161123276967,
         0.7650266719062636,
         0.3262349918864944,
         0.23752904288770166,
         0.2696710502938273,
         0.7825209567887497,
         0.559108882814805,
         0.5555195501129687
      ],
      [
         0.7443789209001527,
         0.6530819151268781,
         0.30359534782760145,
         0.5999316334158616,
         0.5871256236683788,
         0.5415703561180193,
         0.34761217956741686,
         0.36011083217690626,
         0.4649837994041195,
         0.7248577075618431,
         0.20907673010335462,
         0.7363928495402251,
         0.5673541731836869,
         0.2772707372575952,
         0.7276977238505739,
         0.7094284889280504,
         0.4734749786090535,
         0.6927171973416515,
         0.6884855636987984,
         0.401423833715081,
         0.4213548963096561,
         0.6812016501956532,
         0.6382796656794747,
         0.6214503756586647,
         0.730266546798533,
         0.7258341768553154,
         0.20192238789508238,
         0.29983682586689503,
         0.2958339360244184,
         0.24178356826389402
      ],
      [
         0.7230631544349417,
         0.5946318458025599,
         0.4938519339650108,
         0.42596590203768797,
         0.6935325164442088,
         0.7869598250609489,
         0.49594831420844343,
         0.24428234061625567,
         0.5349534868882823,
         0.3350085117016509,
         0.3548931346846792,
         0.4571123728065647,
         0.34969305496538683,
         0.7643854456369916,
         0.6436478217677744,
         0.5848894315818078,
         0.678512549060817,
         0.7414719239654753,
         0.7616460247277625,
         0.3516278120948704,
         0.42861564141283137,
         0.3466961649968876,
         0.7919398797762495,
         0.21253094621732532,
         0.38496382206719026,
         0.484816506357858,
         0.6800493315389116,
         0.4976371956851361,
         0.4424311194963365,
         0.7155251688147944
      ],
      [
         0.6020649493395237,
         0.42304874163713546,
         0.2030963085182165,
         0.4973800905323965,
         0.5113093602096581,
         0.5093600342312581,
         0.3144023899170941,
         0.35666352594900486,
         0.2775896521780591,
         0.6790652948218099,
         0.46989190717065366,
         0.48155913155544905,
         0.4342296620786455,
         0.4143083652371229,
         0.7619759357693904,
         0.31607681220028006,
         0.5558053811915485,
         0.7478160962002192,
         0.5958032744929458,
         0.3451968657782132,
         0.6084640360418282,
         0.36190559630263075,
         0.6086395534180026,
         0.37194767844951854,
         0.7419864098684851,
         0.5805132796404833,
         0.321690583474685,
