{
   "worker_count": 15,
   "expertise_scores": [
      [
         0.34140001841090695,
         0.40887317874234663,
         0.3152835414942168,
         0.3349459920818465,
         0.41046473439607417,
         0.5704564467975214,
         0.3830322554517956,
         0.7037705749535837,
         0.358772966534154,
         0.2832550359849996,
         0.3261808291489452,
         0.32235059321372705,
         0.3723038761466111,
         0.45078626556711665,
         0.7066789828581475
      ],
      [
         0.32375960038239593,
         0.6154951825370933,
         0.3015538685851155,
         0.6331981714482322,
         0.5707644112470613,
         0.5655912348917999,
         0.6061683028492191,
         0.7887199696483146,
         0.4147678315494312,
         0.48570776133030813,
         0.36935343338150073,
         0.24323984397331153,
         0.5788813208361673,
         0.6745602065399194,
         0.5202765428429275
      ],
      [
         0.705568969516797,
         0.24951337913503335,
         0.6526085150012113,
         0.616877879025945,
         0.7679171056324585,
         0.5994912175631468,
         0.5868342372410579,
         0.2579367615616266,
         0.31595435597808635,
         0.7506518572221113,
         0.24538159670315243,
         0.3970130985344831,
         0.2448686121244675,
         0.5951213716664387,
         0.5831106279736674
      ],
      [
         0.5608055575043478,
         0.598680231129535,
         0.7456928951562078,
         0.25889502062628933,
         0.3730359137953744,
         0.7828268931624057,
         0.47947100294979417,
         0.6840231179844001,
         0.3379300899934186,
         0.7726288842527894,
         0.6937820289269129,
         0.3074147110715836,
         0.48219982694630836,
         0.7440394975544307,
         0.3730281460939443
      ],
      [
         0.3759834737165254,
         0.7848689221945283,
         0.7105327706881288,
         0.7524297322760087,
         0.5138718677433906,
         0.4677494831711403,
         0.37845762625483514,
         0.5099016525926835,
         0.33832947030195826,
         0.7184400390459598,
         0.4433749997827263,
         0.5146408712055311,
         0.5283281105239106,
         0.29874303698302124,
         0.571558443279551
      ],
      [
         0.45597206568651705,
         0.6928163018718607,
         0.27937058978689566,
         0.33767704919472163,
         0.6912057745964911,
         0.33935981239355995,
         0.21366343133890392,
         0.19551090178494654,
         0.19950221352631356,
         0.39118850574970676,
         0.24653403792918635,
         0.6350250689347305,
         0.6124437443303699,
         0.48682044590190277,
         0.4782317871970799
      ],
      [
         0.49041703563315053,
         0.5335304035096006,
         0.24640400253098046,
         0.3844059232957244,
         0.22989448484221223,
         0.5246181606154269,
         0.4324497837924387,
         0.21256639932731436,
         0.28809802809916113,
         0.4524310102492112,
         0.5126340459197873,
         0.29067227393040224,
         0.5145762383339266,
         0.42999862542863887,
         0.2615787668804107
      ],
      [
         0.6758719112638845,
         0.7479560623606696,
         0.3606321226632294,
         0.49446025333869026,
         0.7930148226502988,
         0.7907674991473762,
         0.7463452121697816,
         0.5612100297696889,
         0.545526326470856,
         0.7636526879881465,
         0.6204267236765248,
         0.6267499937906025,
         0.671665204915114,
         0.38633517294259706,
         0.6626200812993297
      ],
      [
         0.61265479531258,
         0.21255532799834642,
         0.7762627418835292,
         0.3046607121505468,
         0.7713463571060695,
         0.4136867397073639,
         0.23685748225171804,
         0.19233436019644762,
         0.5534504168078763,
         0.7346315286847913,
         0.5316334255498636,
         0.6476205309251228,
         0.24528592126508328,
         0.49160090165928705,
         0.581735095480514
      ],
      [
         0.6529987077951002,
         0.5590657013204307,
         0.7568196798145118,
         0.6029401406806678,
         0.23043796216036677,
         0.19935658400942752,
         0.5610327134134613,
         0.6291415430908964,
         0.2785012185996141,
         0.563396707684174,
         0.4715152023597151,
         0.44466161654679426,
         0.7027888073929847,
         0.6336433774058429,
         0.6122724511528216
      ]
   ],
   "mv_f1_micro": [
      0.7916666666666666,
      0.9375,
      0.9791666666666666,
      0.9375,
      0.9166666666666666,
      0.7708333333333333,
      0.7708333333333333,
      1.0,
      0.9583333333333334,
      1.0
   ],
   "mv_f1_macro": [
      0.787736810832786,
      0.9397129186602872,
      0.9799498746867169,
      0.9377089783281735,
      0.9120002546473135,
      0.764749373433584,
      0.7679197994987468,
      1.0,
      0.9579585326953748,
      1.0
   ],
   "mv_f1_weighted": [
      0.7881517705434113,
      0.937200956937799,
      0.9791144527986634,
      0.9375644994840041,
      0.9135419319242848,
      0.7705722639933166,
      0.7721386800334168,
      1.0,
      0.9589845826687933,
      1.0
   ],
   "ct_f1_micro": [
      0.8333333333333334,
      0.9375,
      1.0,
      0.9791666666666666,
      0.9375,
      0.7916666666666666,
      0.75,
      1.0,
      0.9583333333333334,
      0.9791666666666666
   ],
   "ct_f1_macro": [
      0.8309607351712615,
      0.9371428571428572,
      1.0,
      0.9799498746867169,
      0.9358730158730157,
      0.7800011392116655,
      0.7441919191919192,
      1.0,
      0.9570927318295739,
      0.9799498746867169
   ],
   "ct_f1_weighted": [
      0.8331766917293232,
      0.9373015873015874,
      1.0,
      0.9791144527986634,
      0.935978835978836,
      0.7864595200121517,
      0.7491582491582491,
      1.0,
      0.9580827067669174,
      0.9791144527986634
   ],
   "gt": [
      3,
      3,
      3,
      3,
      3,
      3,
      3,
      3,
      3,
      3,
      2,
      2,
      2,
      2,
      2,
      2,
      2,
      2,
      2,
      2,
      1,
      1,
      1,
      1,
      1,
      1,
      1,
      1,
      1,
      1,
      4,
      4,
      4,
      4,
      4,
      4,
      4,
      4,
      4,
      4,
      0,
      0,
      0,
      0,
      0,
      0,
      0,
      0
   ],
   "em_f1_micro": [
      0.75,
      0.875,
      0.9791666666666666,
      0.9791666666666666,
      0.9166666666666666,
      0.7708333333333333,
      0.6666666666666666,
      0.9791666666666666,
      0.9791666666666666,
      0.9583333333333334
   ],
   "em_f1_macro": [
      0.7513024986709197,
      0.872844611528822,
      0.9799498746867169,
      0.9799498746867169,
      0.9145959595959596,
      0.765015479876161,
      0.662049062049062,
      0.9799498746867169,
      0.9771428571428572,
      0.9564892623716152
   ],
   "em_f1_weighted": [
      0.7501993620414673,
      0.8727548036758562,
      0.9791144527986634,
      0.9791144527986634,
      0.9162457912457912,
      0.7723813209494325,
      0.6658249158249157,
      0.9791144527986634,
      0.978968253968254,
      0.9571272953625894
   ]
}