{
   "worker_count": 5,
   "expertise_scores": [
      [
         0.5410031038006079,
         0.6783045384540831,
         0.7811248374844525,
         0.3082184292193301,
         0.29298257104634073
      ],
      [
         0.6318906856888961,
         0.7083991761813947,
         0.7604136483654823,
         0.20976037162330427,
         0.40473485944072013
      ],
      [
         0.4827938471406814,
         0.6971419377515863,
         0.7211100234891442,
         0.7213203529118476,
         0.3940075921279037
      ],
      [
         0.35813716280153207,
         0.24065534106885855,
         0.32797518484070376,
         0.3131639306474652,
         0.3611854329320382
      ],
      [
         0.7628339015189484,
         0.21563857691432434,
         0.7282625303456662,
         0.23769462032958852,
         0.5379964548192737
      ],
      [
         0.4953631945230663,
         0.7420199231028244,
         0.4821064334664562,
         0.4387143775263211,
         0.6069592992265912
      ],
      [
         0.4286502579053272,
         0.23211997433882742,
         0.5173651299448125,
         0.5742369661707115,
         0.49081380160341126
      ],
      [
         0.6701777727987951,
         0.592835079527142,
         0.3609459227402638,
         0.22607606627413449,
         0.6585913831518847
      ],
      [
         0.6024596130010734,
         0.5002503280773497,
         0.2662700527369123,
         0.6204384269992044,
         0.18951729521553826
      ],
      [
         0.6125407491485512,
         0.6641714940605342,
         0.28922934475023887,
         0.636597106095919,
         0.5940177612481914
      ]
   ],
   "mv_f1_micro": [
      0.6875,
      0.7291666666666665,
      0.7708333333333333,
      0.3958333333333333,
      0.6458333333333334,
      0.7916666666666666,
      0.6875,
      0.75,
      0.625,
      0.8125
   ],
   "mv_f1_macro": [
      0.6851004749725977,
      0.7205178722206587,
      0.7639204964282363,
      0.38995711591619525,
      0.6480943892708598,
      0.7906705265838392,
      0.6844619570316165,
      0.7431605975723623,
      0.6173546611627106,
      0.8061904761904761
   ],
   "mv_f1_weighted": [
      0.6858685503186782,
      0.7242236607561686,
      0.7663387524068638,
      0.38169552515780136,
      0.6505885182355771,
      0.7879008461438802,
      0.6835694405353848,
      0.7447138577653284,
      0.6245592535259717,
      0.808531746031746
   ],
   "ct_f1_micro": [
      0.8333333333333334,
      0.8958333333333334,
      0.8541666666666666,
      0.4583333333333333,
      0.7916666666666666,
      0.8541666666666666,
      0.7291666666666665,
      0.8125,
      0.7291666666666665,
      0.8541666666666666
   ],
   "ct_f1_macro": [
      0.8343650793650793,
      0.8916406959427554,
      0.8505003450655625,
      0.45745692216280454,
      0.7923188541764393,
      0.8579899022919619,
      0.7245098039215686,
      0.8064527260179434,
      0.7217777777777779,
      0.8520772946859904
   ],
   "ct_f1_weighted": [
      0.8326719576719578,
      0.8954590582737038,
      0.8494795261099609,
      0.4487398494751435,
      0.7910184142769282,
      0.8548505926652381,
      0.7234477124183005,
      0.8076475155279503,
      0.7280423280423282,
      0.8542471819645732
   ],
   "gt": [
      3,
      3,
      3,
      3,
      3,
      3,
      3,
      3,
      3,
      3,
      2,
      2,
      2,
      2,
      2,
      2,
      2,
      2,
      2,
      2,
      1,
      1,
      1,
      1,
      1,
      1,
      1,
      1,
      1,
      1,
      4,
      4,
      4,
      4,
      4,
      4,
      4,
      4,
      4,
      4,
      0,
      0,
      0,
      0,
      0,
      0,
      0,
      0
   ],
   "em_f1_micro": [
      0.7916666666666666,
      0.6875,
      0.8541666666666666,
      0.3541666666666667,
      0.7291666666666665,
      0.7708333333333333,
      0.6041666666666666,
      0.6666666666666666,
      0.6458333333333334,
      0.8333333333333334
   ],
   "em_f1_macro": [
      0.7923112128146453,
      0.6866310160427808,
      0.8493565542158894,
      0.35913116123642436,
      0.7255693581780538,
      0.7712585812356978,
      0.6025238095238096,
      0.6592287581699348,
      0.6429148629148629,
      0.8262263035718413
   ],
   "em_f1_weighted": [
      0.7919908466819222,
      0.6858288770053477,
      0.8504326851513553,
      0.34631718184349763,
      0.7245514147688062,
      0.7700610221205185,
      0.6015873015873017,
      0.6635484749455338,
      0.6474807599807599,
      0.8308904947920966
   ]
}