{
   "worker_count": 40,
   "expertise_scores": [
      [
         0.6475729217958262,
         0.7111982109966082,
         0.21902267496099992,
         0.34736058614358684,
         0.7194091775502868,
         0.7656424472177301,
         0.6690127668220991,
         0.45550825350933044,
         0.1948520144976902,
         0.33059341961185307,
         0.3215917427523661,
         0.2182450992057651,
         0.39161894745266496,
         0.6114056491367285,
         0.23072451299354535,
         0.4360454835217218,
         0.5753393034590404,
         0.27772448348450784,
         0.5455729636588735,
         0.2837826330248383,
         0.6888164145281651,
         0.334148893824296,
         0.48790923275756337,
         0.6018559630823722,
         0.19044095836379651,
         0.45174554391564925,
         0.26641249397712696,
         0.5359787616659965,
         0.22478139050722618,
         0.5318494082989143,
         0.7212161597915332,
         0.2196407194327733,
         0.44431284185849884,
         0.7680043411627879,
         0.2608574901465538,
         0.5325286320523941,
         0.4227549840473299,
         0.4470397417472036,
         0.528531876450253,
         0.3373082782527972
      ],
      [
         0.40841535358250136,
         0.7280034756911542,
         0.3407974979141831,
         0.43246186242161977,
         0.2719268448097623,
         0.2724650279250904,
         0.6769051090525922,
         0.4270156513562441,
         0.6045216911659945,
         0.19428421965542084,
         0.30340501143296783,
         0.46424791095991413,
         0.5093788608120505,
         0.19212877084255556,
         0.5798421291490219,
         0.6719110987974619,
         0.5694944780047027,
         0.7661933463643552,
         0.337117832013174,
         0.34537240616024983,
         0.5997466260536463,
         0.7700675144770392,
         0.24653201817625375,
         0.5401506341404892,
         0.4645321838705315,
         0.3068229397049498,
         0.5263008159669984,
         0.70811757261562,
         0.24109644062351887,
         0.3725532973698946,
         0.3570721303061849,
         0.22920934396687687,
         0.5453614373858621,
         0.5902963060230298,
         0.47953890928261333,
         0.26023076952479396,
         0.40157098572163674,
         0.7298020748289089,
         0.5756097536132981,
         0.619989122614799
      ],
      [
         0.5963571699997205,
         0.5402930370668795,
         0.4738027025148953,
         0.5111552609929615,
         0.29984221056525906,
         0.3804114002290745,
         0.19723139933377073,
         0.40702059162766246,
         0.7720790388048819,
         0.628838728130346,
         0.3136206033691462,
         0.3868308547803818,
         0.40056594225250386,
         0.23808128721997007,
         0.7015704523819049,
         0.19139240732689167,
         0.7061842724152415,
         0.20324740574851208,
         0.4212817354006666,
         0.4674901128763469,
         0.24577202870183698,
         0.7944003032663131,
         0.5607258874021427,
         0.727546943459478,
         0.5282312846567655,
         0.7677293239521064,
         0.29618332438362666,
         0.23008707117469054,
         0.457574005754378,
         0.5558617686140276,
         0.5158050346683591,
         0.33129867505790855,
         0.6622169097021666,
         0.2003029797715706,
         0.5332462342420458,
         0.37657177432880196,
         0.36200885010636963,
         0.5579783781115314,
         0.324898915535538,
         0.2657620198281894
      ],
      [
         0.6311442771330601,
         0.5874978173653937,
         0.2687107568245981,
         0.5171868397234588,
         0.37424017001752885,
         0.52681235893849,
         0.5559897936374176,
         0.7404378217413604,
         0.7512099072809411,
         0.27055141356721174,
         0.20106840841481122,
         0.7508798968419678,
         0.21463035004536274,
         0.20756453411950057,
         0.41725564321441433,
         0.7835938033066636,
         0.46549362386338,
         0.7892773516736078,
         0.592824853071964,
         0.3636958142810668,
         0.25022965094061345,
         0.6564831268696515,
         0.19812770059124404,
         0.3580189457880758,
         0.7962225632804726,
         0.7377254382052221,
         0.31474554641612723,
         0.713486505528221,
         0.5793812278983393,
         0.6647689423910179,
         0.2650576826595609,
         0.46477077520173715,
         0.27182831949949243,
         0.4544930759603455,
         0.5666811945569247,
         0.25341076318863087,
         0.610110055901159,
         0.5849762254160183,
         0.45346499475905233,
         0.7369248844411811
      ],
      [
         0.7703139832032713,
         0.28537407776166657,
         0.6898744877987903,
         0.3259097983262179,
         0.7229370702304887,
         0.23236963930228338,
         0.6927067467476153,
         0.6596884746021316,
         0.33837620645259836,
         0.48914526474861075,
         0.39301241940092246,
         0.5843595955351713,
         0.21931985474610022,
         0.7003886701691041,
         0.7218309896569718,
         0.6049025930266706,
         0.48868697508424586,
         0.3583254150524028,
         0.3895785884019012,
         0.6368393103521897,
         0.3718637296935924,
         0.6593528416777119,
         0.3222599374409937,
         0.22867490868594853,
         0.4503174689581231,
         0.7386646107071546,
         0.7607297998988183,
         0.47192824478988904,
         0.37664711069992757,
         0.670874062060499,
         0.6697328956760698,
         0.5821953209150356,
         0.6156404502727514,
         0.5267797882757788,
         0.7127657747815417,
         0.4775105391903345,
         0.7797710765688883,
         0.629457023522778,
         0.26330391567649963,
         0.7196643811659008
      ],
      [
         0.7539701931578733,
         0.3109601638715582,
         0.7254370693848489,
         0.3200401687193929,
         0.5957052502553941,
         0.4236303568134757,
         0.5805031405615588,
         0.4562841388666825,
         0.7546853643354465,
         0.46358592883438154,
         0.2542732004770684,
         0.507412091044282,
         0.5364133479038021,
         0.35609133968607,
         0.6660984533328066,
         0.2828977958553199,
         0.31767788918325396,
         0.5881402425529796,
         0.3624013184815502,
         0.7870593127210627,
         0.7606442184670312,
         0.7697707667794932,
         0.25542158010071747,
         0.40784061532641225,
         0.29295237498072235,
         0.528848435451394,
         0.35272838646854404,
         0.4828280798935821,
         0.4892857513867648,
         0.2610279562079304,
         0.7163149739868123,
         0.2234258248213875,
         0.7064496300374962,
         0.2633873456351131,
         0.5433231723701321,
         0.380572419956044,
         0.6204353841620405,
         0.30728925827303305,
         0.38155585217616383,
         0.40129750691916516
      ],
      [
         0.6985704248354451,
         0.23813651274466208,
         0.28403871257684987,
         0.33728544325006915,
         0.608941199340802,
         0.46424258165366117,
         0.4739299946008708,
         0.6897983836927053,
         0.2669706434424511,
         0.6205691177093453,
         0.6464235302283697,
         0.6873511937733209,
         0.6473555297577442,
         0.6513306491195417,
         0.5469267489927198,
         0.3052356437136993,
         0.3894510838397346,
         0.669308730083953,
         0.6866238447600179,
         0.6783390242834125,
         0.21609326535502513,
         0.39447969880047795,
         0.7494923592238759,
         0.27490620461488513,
         0.46643244559541563,
         0.2822523748397264,
         0.6207203845654711,
         0.7220841909973749,
