{
   "worker_count": 20,
   "expertise_scores": [
      [
         0.7787609843628979,
         0.4951151540410218,
         0.5945990157738117,
         0.44493740615540966,
         0.19558239503246136,
         0.22065885353101938,
         0.6539482755967351,
         0.28881847002481126,
         0.20487905690275943,
         0.3670584014146544,
         0.5914881344451851,
         0.4017687188137627,
         0.3855440005740566,
         0.7621385374869072,
         0.7614220422745943,
         0.5016042883861773,
         0.367127833346649,
         0.2845224162147535,
         0.6025344642472052,
         0.19816739260765492
      ],
      [
         0.4279473166419899,
         0.6146263809880658,
         0.23853746481122867,
         0.3216013700342031,
         0.7196365302714662,
         0.3194518650061484,
         0.45830368857624193,
         0.7574663241808369,
         0.3370051615871396,
         0.5991791092658898,
         0.6011192226046143,
         0.33242771059338905,
         0.7718585185726852,
         0.5997234518764575,
         0.549621456943974,
         0.7420356162557664,
         0.5834041575212762,
         0.6435416460667621,
         0.2275092086214645,
         0.4635929574723676
      ],
      [
         0.6133031095134056,
         0.2760607941608487,
         0.7872172268584353,
         0.6711630958237058,
         0.6153542387052753,
         0.6640164509407716,
         0.6401228733884554,
         0.24144472589132485,
         0.3825532548391789,
         0.5373796883154109,
         0.19239584968745685,
         0.19649821987741029,
         0.7240572980509197,
         0.6363165374739226,
         0.7425091887573496,
         0.48528048760446707,
         0.6267748397624991,
         0.7375885421674069,
         0.619666405211778,
         0.29917971368292884
      ],
      [
         0.405856393353746,
         0.5969021357909354,
         0.5364793759134979,
         0.7601480699891499,
         0.6218987062162664,
         0.42586962174131865,
         0.34544640753398514,
         0.6397373169466184,
         0.43740659675839455,
         0.36734522115709073,
         0.7176326733382629,
         0.5712717345852303,
         0.20800445706496448,
         0.6161041185586413,
         0.5044528093731454,
         0.255222879214263,
         0.34184426148700503,
         0.4158943377630304,
         0.19166219718474736,
         0.4221005516761631
      ],
      [
         0.297662448642743,
         0.27136285011862316,
         0.7428900652196422,
         0.3812081720401031,
         0.7705752866152412,
         0.7093929056666565,
         0.6711530052448852,
         0.6145111513937043,
         0.52711877336244,
         0.7762092081189822,
         0.5258908659262428,
         0.5192502609300829,
         0.6985883350533351,
         0.6351995428628817,
         0.7917217768853625,
         0.7269005090378611,
         0.6530128616467809,
         0.21139779672813402,
         0.7938259415006573,
         0.7383778324969213
      ],
      [
         0.30261980683281187,
         0.5832711345233884,
         0.6947085044053017,
         0.20765747238955248,
         0.2093982397217867,
         0.6896519772201541,
         0.5474390226682331,
         0.29749288008470764,
         0.5470731670976618,
         0.6597211182851531,
         0.44571877890757294,
         0.39077234561577223,
         0.30147203082728424,
         0.6004762644536377,
         0.3089977631402712,
         0.5678979330532926,
         0.5243093511206393,
         0.38938586312870405,
         0.6542475907672407,
         0.4024816437399233
      ],
      [
         0.5845077115317875,
         0.483990794988055,
         0.6332695086559152,
         0.5832389243235918,
         0.5963933500382781,
         0.7756040456610722,
         0.28753893922328133,
         0.6037032879199867,
         0.41060787087744705,
         0.7591572542548638,
         0.6267522946434114,
         0.5927415310687821,
         0.7036904006792694,
         0.37991046579897747,
         0.3477607547358432,
         0.3581643919545077,
         0.572334863744939,
         0.46156922036159587,
         0.37762545538758036,
         0.7538903336623235
      ],
      [
         0.34082126037982763,
         0.41385928683251055,
         0.3058774940518435,
         0.40654622137906204,
         0.5374416098796944,
         0.7415682426262837,
         0.419049631190131,
         0.638304761376447,
         0.33096759106418083,
         0.43399392171983936,
         0.22639924529727617,
         0.7134365227641599,
         0.31544829700172594,
         0.3584281954765707,
         0.40156936288933714,
         0.7511544752160607,
         0.2013900414233896,
         0.7035357900847584,
         0.38142091487913277,
         0.6931790155261657
      ],
      [
         0.28670560186647254,
         0.19254815170312012,
         0.41874014773555057,
         0.4127488839956336,
         0.6544423360192307,
         0.441787013432561,
         0.6763912482052078,
         0.4155075535663403,
         0.5041202171125719,
         0.4948487528357084,
         0.41942003409818773,
         0.6160761354027116,
         0.5873395119146851,
         0.6991012759718065,
         0.4119385133836071,
         0.27592515420943886,
         0.47349100382263176,
         0.2183665633521907,
         0.7789481107919206,
         0.7672785217946718
      ],
      [
         0.3741966571213595,
         0.2862977679019002,
         0.7232452837995035,
         0.3533348290652103,
         0.6605204061224761,
         0.345136299856142,
         0.5128190566396817,
         0.3964030687218514,
         0.4196563042222747,
         0.5031251789376616,
         0.25626262636708824,
         0.4587068322446116,
         0.6518548076302904,
         0.4505982172965023,
         0.23481315965293154,
         0.5769730406137831,
         0.6858332126772292,
         0.7365450579564562,
         0.19357064401214905,
         0.7385119225938447
      ]
   ],
   "mv_f1_micro": [
      0.9375,
      1.0,
      1.0,
      0.9791666666666666,
      1.0,
      0.9375,
      1.0,
      0.9791666666666666,
      0.9375,
      0.9583333333333334
   ],
   "mv_f1_macro": [
      0.9379084073820916,
      1.0,
      1.0,
      0.9777089783281735,
      1.0,
      0.9379084073820916,
      1.0,
      0.9799498746867169,
      0.9376588530148903,
      0.9587301587301589
   ],
   "mv_f1_weighted": [
      0.9380990354674564,
      1.0,
      1.0,
      0.9792311661506709,
      1.0,
      0.9380990354674564,
      1.0,
      0.9791144527986634,
      0.9375122856160009,
      0.957010582010582
   ],
   "ct_f1_micro": [
      0.9583333333333334,
      1.0,
      1.0,
      0.9791666666666666,
      1.0,
      0.9166666666666666,
      1.0,
      0.9583333333333334,
      0.9791666666666666,
      0.9791666666666666
   ],
   "ct_f1_macro": [
      0.9579585326953748,
      1.0,
      1.0,
      0.9799498746867169,
      1.0,
      0.9158521303258146,
      1.0,
      0.9607655502392346,
      0.9799498746867169,
      0.9799498746867169
   ],
   "ct_f1_weighted": [
      0.9589845826687933,
      1.0,
      1.0,
      0.9791144527986634,
      1.0,
      0.9175543024227236,
      1.0,
      0.9591307814992026,
      0.9791144527986634,
      0.9791144527986634
   ],
   "gt": [
      3,
      3,
      3,
      3,
      3,
      3,
      3,
      3,
      3,
      3,
      2,
      2,
      2,
      2,
      2,
      2,
      2,
      2,
      2,
      2,
      1,
      1,
      1,
      1,
      1,
      1,
      1,
      1,
      1,
      1,
      4,
      4,
      4,
      4,
      4,
      4,
      4,
      4,
      4,
      4,
      0,
      0,
      0,
      0,
      0,
      0,
      0,
      0
   ],