{
   "worker_count": 10,
   "expertise_scores": [
      [
         0.5919220119628422,
         0.6096896572653342,
         0.30068900305869145,
         0.6295440560436668,
         0.49176420296017775,
         0.6713365049652722,
         0.7497735188461995,
         0.491900824923836,
         0.36901284323721184,
         0.4784269618378001
      ],
      [
         0.6835951640191462,
         0.5306143252923916,
         0.46531594669344434,
         0.38677006882016035,
         0.38444683178137184,
         0.5578893285237734,
         0.41684746894871183,
         0.7752190790034111,
         0.2317852674113025,
         0.21173292410919084
      ],
      [
         0.4721670279478438,
         0.774160982785982,
         0.3077723916213849,
         0.4802599948476225,
         0.5050471220923352,
         0.32931577032048565,
         0.3773188271052591,
         0.416400819304777,
         0.6824172778076655,
         0.5226792210874104
      ],
      [
         0.2105369696388648,
         0.65967467202426,
         0.4298953277999319,
         0.5780261823663101,
         0.700627231334882,
         0.2999928836314326,
         0.19946599378335775,
         0.5804223035396706,
         0.5017895690808201,
         0.7787928283185723
      ],
      [
         0.29281761598092726,
         0.7740381147204329,
         0.6803128606108245,
         0.19356022155242186,
         0.2650267113740958,
         0.5280048221074171,
         0.7953108845860489,
         0.5216831572618968,
         0.7396142480189649,
         0.21650667050512148
      ],
      [
         0.7135194443198899,
         0.7639452102423063,
         0.7309267740111939,
         0.795364723570549,
         0.4716603754936869,
         0.632543959559988,
         0.22522529061744162,
         0.41119514094839404,
         0.5986429598617954,
         0.24576196174140522
      ],
      [
         0.5329627360108613,
         0.23204583955531985,
         0.4361349664007659,
         0.7217607835370714,
         0.5789828262733379,
         0.5801460615635745,
         0.5936399684724535,
         0.6594932818977263,
         0.3641097070914725,
         0.4059107385648018
      ],
      [
         0.1905837903731036,
         0.7697047250205435,
         0.6399409346412477,
         0.20710389066253415,
         0.6663996981131411,
         0.3786493170811242,
         0.7341793073293279,
         0.6260385300842973,
         0.7815459434209262,
         0.6339274949352052
      ],
      [
         0.5003144357846212,
         0.49399468038579897,
         0.5631244782981311,
         0.4262469730098476,
         0.41598700818005163,
         0.27055802093912407,
         0.360579906482673,
         0.34151222858591146,
         0.24547733675745292,
         0.5390766976855698
      ],
      [
         0.7954914181695678,
         0.2483209270219729,
         0.756830865694633,
         0.5651124628729175,
         0.2422376115948632,
         0.6441834862746002,
         0.31499932813917686,
         0.4302142760644024,
         0.7990335130634791,
         0.5636948129758256
      ]
   ],
   "mv_f1_micro": [
      0.8333333333333334,
      0.8333333333333334,
      0.8333333333333334,
      0.8541666666666666,
      0.9375,
      0.9375,
      0.8333333333333334,
      0.9166666666666666,
      0.7291666666666665,
      0.9583333333333334
   ],
   "mv_f1_macro": [
      0.8345410763986617,
      0.8317460317460317,
      0.8311904761904761,
      0.8521517697988286,
      0.9366750208855473,
      0.9407655502392345,
      0.8335672514619883,
      0.9165079365079365,
      0.7267359575409109,
      0.9599498746867168
   ],
   "mv_f1_weighted": [
      0.8342259019503603,
      0.8293650793650794,
      0.8293650793650794,
      0.8533443680502505,
      0.9386661097187413,
      0.9382974481658692,
      0.8312621832358675,
      0.9130291005291006,
      0.7292388446606712,
      0.95828111946533
   ],
   "ct_f1_micro": [
      0.9166666666666666,
      0.875,
      0.8333333333333334,
      0.9375,
      0.9791666666666666,
      0.9583333333333334,
      0.9375,
      0.9791666666666666,
      0.7916666666666666,
      0.9583333333333334
   ],
   "ct_f1_macro": [
      0.9173915180107131,
      0.8728094746670598,
      0.8316416040100251,
      0.9364391370583321,
      0.9771428571428572,
      0.9598997493734336,
      0.935672514619883,
      0.9799498746867169,
      0.7908251447031903,
      0.9599498746867168
   ],
   "ct_f1_weighted": [
      0.9164004783199831,
      0.8721394990744837,
      0.8298350041771094,
      0.9362417481612528,
      0.9789682539682539,
      0.9582289055973267,
      0.9376218323586745,
      0.9791144527986634,
      0.7894624669089604,
      0.95828111946533
   ],
   "gt": [
      3,
      3,
      3,
      3,
      3,
      3,
      3,
      3,
      3,
      3,
      2,
      2,
      2,
      2,
      2,
      2,
      2,
      2,
      2,
      2,
      1,
      1,
      1,
      1,
      1,
      1,
      1,
      1,
      1,
      1,
      4,
      4,
      4,
      4,
      4,
      4,
      4,
      4,
      4,
      4,
      0,
      0,
      0,
      0,
      0,
      0,
      0,
      0
   ],
   "em_f1_micro": [
      0.875,
      0.8125,
      0.7916666666666666,
      0.9375,
      0.8541666666666666,
      0.9583333333333334,
      0.875,
      0.9583333333333334,
      0.6041666666666666,
      0.9375
   ],
   "em_f1_macro": [
      0.8727228945804798,
      0.8126315789473685,
      0.7967543859649122,
      0.9366750208855473,
      0.8531829573934837,
      0.9598997493734336,
      0.875672514619883,
      0.96,
      0.5995523568278986,
      0.9379084073820916
   ],
   "em_f1_weighted": [
      0.8720493114842961,
      0.8114035087719298,
      0.7934941520467836,
      0.9386661097187413,
      0.8563248398774714,
      0.9582289055973267,
      0.8751218323586745,
      0.9583333333333334,
      0.6000239011074925,
      0.9380990354674564
   ]
}