{
   "worker_count": 13,
   "expertise_scores": [
      [
         0.2678524925453082,
         0.39411081137482934,
         0.33151288588819994,
         0.6909750496566852,
         0.19437830927397398,
         0.21457967695492744,
         0.5749818552560837,
         0.5205432056355276,
         0.3144286979240979,
         0.2979374773988682,
         0.5409808573043324,
         0.31016477849861795,
         0.27974095972366664
      ],
      [
         0.5883001700943941,
         0.3694429778077125,
         0.2992313588660214,
         0.5162964941144961,
         0.1939851239140129,
         0.5643298247973021,
         0.6305012720699534,
         0.7568259270902722,
         0.7859837894828413,
         0.29533346564043267,
         0.32686635060018543,
         0.6217421423676883,
         0.6592563794709294
      ],
      [
         0.7981844235719309,
         0.3689135589406586,
         0.2838438993716961,
         0.553360532938992,
         0.7222541753167471,
         0.3884613447212492,
         0.4009525653474178,
         0.21993518971776682,
         0.35367813599642384,
         0.27369072885070594,
         0.5356881027793027,
         0.4370326669629062,
         0.41796192755599765
      ],
      [
         0.6368108348563659,
         0.39212598732115655,
         0.2729776212033398,
         0.3724587495049019,
         0.21670720857722722,
         0.7066900013631965,
         0.2448768998595809,
         0.2551222102367947,
         0.48875542994805043,
         0.7669409963115948,
         0.7237089033179519,
         0.21690643572403054,
         0.7991667761481115
      ],
      [
         0.3849013596065843,
         0.5258631149586724,
         0.4697899255423167,
         0.3019470165944392,
         0.5995264029156419,
         0.4925294255026985,
         0.7119717501258991,
         0.7989072438382738,
         0.6127707789789419,
         0.2554295969692496,
         0.5750218174501205,
         0.718075932988524,
         0.391792763441845
      ],
      [
         0.6157690510865638,
         0.674752605811626,
         0.5670700482863531,
         0.5782691382710169,
         0.19044777749035638,
         0.47684333251530364,
         0.25149886340415556,
         0.79811915472303,
         0.6436960342159175,
         0.39125721921056916,
         0.7768462130248722,
         0.32782861563924315,
         0.7712254116341721
      ],
      [
         0.7574266343746276,
         0.6404270152092995,
         0.4363164791934266,
         0.40270096868891897,
         0.5922703752690053,
         0.7781578697659568,
         0.6901152858711785,
         0.6570721639314498,
         0.36776059187664123,
         0.6279791636673074,
         0.6775817424464016,
         0.622593069408039,
         0.5793931100312371
      ],
      [
         0.22024471787323116,
         0.4981560255129225,
         0.3516972254618149,
         0.4592958535882783,
         0.6751925017506664,
         0.22164875646044624,
         0.7264673706724315,
         0.46107619196835825,
         0.36761428890120373,
         0.5902882373735351,
         0.424876404028287,
         0.3298357436298996,
         0.2706887139046977
      ],
      [
         0.47224839050570433,
         0.5905159729564757,
         0.31123375879414056,
         0.3934774925190115,
         0.7256323584426962,
         0.28347708133221156,
         0.477393769470554,
         0.2319936504331034,
         0.744575691808233,
         0.7628778749232952,
         0.3183330466300255,
         0.3830843880348681,
         0.7551672974982374
      ],
      [
         0.2997204234087925,
         0.44767203064978744,
         0.26901726599622394,
         0.5153112907715319,
         0.3524509863372569,
         0.5808130268165231,
         0.21657037834668424,
         0.5802670115036702,
         0.5062479772123174,
         0.40704798728354497,
         0.6845056488510876,
         0.1904068937480214,
         0.5108071430994208
      ]
   ],
   "mv_f1_micro": [
      0.7083333333333334,
      0.9166666666666666,
      0.8125,
      0.8958333333333334,
      0.9375,
      0.9791666666666666,
      0.9791666666666666,
      0.8958333333333334,
      0.9375,
      0.875
   ],
   "mv_f1_macro": [
      0.700903774587985,
      0.9156725146198831,
      0.8081605975723622,
      0.8966165413533835,
      0.9364892623716153,
      0.9799498746867169,
      0.9799498746867169,
      0.8939122315592904,
      0.9338972431077694,
      0.8723737373737374
   ],
   "mv_f1_weighted": [
      0.7023303207513734,
      0.9167884990253411,
      0.8094265483971367,
      0.8923088972431077,
      0.9362939620292562,
      0.9791144527986634,
      0.9791144527986634,
      0.8968448490507314,
      0.9363512949039267,
      0.8722643097643098
   ],
   "ct_f1_micro": [
      0.75,
      0.9583333333333334,
      0.8958333333333334,
      0.9375,
      0.9791666666666666,
      0.9375,
      0.9791666666666666,
      0.8541666666666666,
      0.9583333333333334,
      0.8333333333333334
   ],
   "ct_f1_macro": [
      0.749604445897352,
      0.96,
      0.8964578111946533,
      0.9379084073820916,
      0.9799498746867169,
      0.9411645054665649,
      0.9799498746867169,
      0.8505872524448377,
      0.9523809523809523,
      0.834354556467896
   ],
   "ct_f1_weighted": [
      0.747504631143075,
      0.9583333333333334,
      0.8967731829573934,
      0.9380990354674567,
      0.9791144527986634,
      0.9387130265276719,
      0.9791144527986634,
      0.8517146624731765,
      0.9563492063492064,
      0.8348056041638623
   ],
   "gt": [
      3,
      3,
      3,
      3,
      3,
      3,
      3,
      3,
      3,
      3,
      2,
      2,
      2,
      2,
      2,
      2,
      2,
      2,
      2,
      2,
      1,
      1,
      1,
      1,
      1,
      1,
      1,
      1,
      1,
      1,
      4,
      4,
      4,
      4,
      4,
      4,
      4,
      4,
      4,
      4,
      0,
      0,
      0,
      0,
      0,
      0,
      0,
      0
   ],
   "em_f1_micro": [
      0.6458333333333334,
      0.9583333333333334,
      0.8541666666666666,
      0.9375,
      0.9375,
      0.9791666666666666,
      0.9791666666666666,
      0.7916666666666666,
      0.9375,
      0.875
   ],
   "em_f1_macro": [
      0.6390476190476191,
      0.9576588530148902,
      0.8543525480367586,
      0.9379084073820916,
      0.9387301587301587,
      0.9799498746867169,
      0.9799498746867169,
      0.7904761904761904,
      0.9323809523809524,
      0.8764578111946534
   ],
   "em_f1_weighted": [
      0.643452380952381,
      0.9583456189493341,
      0.8529135338345863,
      0.9380990354674567,
      0.9361772486772487,
      0.9791144527986634,
      0.9791144527986634,
      0.791005291005291,
      0.935515873015873,
      0.8759398496240604
   ]
}