{
   "worker_count": 3,
   "expertise_scores": [
      [
         0.6517116949256448,
         0.6274628613307434,
         0.849104511049295
      ],
      [
         0.5624126025178486,
         0.8846206655542469,
         0.7725965837011104
      ],
      [
         0.9214788177424063,
         0.7218868240003649,
         0.5600585294346051
      ],
      [
         0.9497551172870393,
         0.8544536908726513,
         0.594751411404423
      ],
      [
         0.8393435655903221,
         0.9494952111778261,
         0.736506148563381
      ],
      [
         0.9140752105467533,
         0.8943386953722567,
         0.7251851378280965
      ],
      [
         0.6465233665592042,
         0.765706834800369,
         0.7585735664896524
      ],
      [
         0.7075095497686273,
         0.6065535604810147,
         0.6408858842613476
      ],
      [
         0.949758810973821,
         0.7174209990608638,
         0.9064656211277564
      ],
      [
         0.7628533982159771,
         0.6885457575134505,
         0.9778749992649687
      ]
   ],
   "mv_f1_micro": [
      0.8333333333333334,
      0.8815261044176707,
      0.9036144578313253,
      0.9377510040160643,
      0.9578313253012049,
      0.9698795180722891,
      0.8594377510040161,
      0.7991967871485943,
      0.9578313253012049,
      0.9417670682730923
   ],
   "mv_f1_macro": [
      0.8341649013104044,
      0.8825788561963096,
      0.9034311381934129,
      0.9367771366556138,
      0.9579193581280927,
      0.9702343135347858,
      0.8564501097831305,
      0.8005598342643621,
      0.9571481117632203,
      0.9394127151908982
   ],
   "mv_f1_weighted": [
      0.8338373613826965,
      0.8822052112380255,
      0.9035017227039093,
      0.937327119828146,
      0.9576693989494756,
      0.969918599812849,
      0.8602074833128629,
      0.8000497963134422,
      0.9579655502723627,
      0.9417145371239725
   ],
   "ct_f1_micro": [
      0.9076305220883534,
      0.9257028112449799,
      0.9477911646586346,
      0.9698795180722891,
      0.9899598393574297,
      0.9678714859437751,
      0.857429718875502,
      0.8212851405622489,
      0.9839357429718876,
      0.9839357429718876
   ],
   "ct_f1_macro": [
      0.9047829933819994,
      0.9262600026858226,
      0.9482902446761233,
      0.970750612738204,
      0.9896074473668361,
      0.9684339038486935,
      0.8572965400868734,
      0.8195885698490937,
      0.9837029991525501,
      0.9833843196078735
   ],
   "ct_f1_weighted": [
      0.9074746479083088,
      0.9259427054178921,
      0.9479921972358516,
      0.9699365312558803,
      0.9898881881188643,
      0.9679473797682254,
      0.8579295841852219,
      0.820972700353792,
      0.9840171496965577,
      0.9839525691847968
   ],
   "em_f1_micro": [
      0.8534136546184738,
      0.9036144578313253,
      0.9156626506024096,
      0.9497991967871486,
      0.9658634538152611,
      0.9578313253012049,
      0.8413654618473895,
      0.8092369477911646,
      0.9658634538152611,
      0.9497991967871486
   ],
   "em_f1_macro": [
      0.8532543374166452,
      0.9028399572751088,
      0.914187376855127,
      0.9491006514286073,
      0.9647027866891493,
      0.9575797005460996,
      0.839139744675818,
      0.8089754948181505,
      0.9648739347859768,
      0.9486865938392398
   ],
   "em_f1_weighted": [
      0.853535174522452,
      0.9036120248518128,
      0.9154132596618569,
      0.9496963531170697,
      0.9659922015097258,
      0.9580396210719273,
      0.8417108729885111,
      0.80844697850739,
      0.9659351970682531,
      0.9500495403175172
   ]
}