{
   "worker_count": 15,
   "expertise_scores": [
      [
         0.9381837220845723,
         0.5777845499526919,
         0.9360396193810288,
         0.802505357650241,
         0.8046597801721926,
         0.5989516270333335,
         0.6929120243087936,
         0.8355528362672663,
         0.7363837766718212,
         0.5173325472291749,
         0.9544761828301642,
         0.8462337663501056,
         0.9630914187908334,
         0.8308275540907619,
         0.7239085805082781
      ],
      [
         0.614785967565474,
         0.6601319123012486,
         0.5367259211168934,
         0.5111867350422209,
         0.70972643977952,
         0.911491216069936,
         0.8080340201894607,
         0.7333462118222476,
         0.606291786515115,
         0.5569303422494791,
         0.7844210242898209,
         0.5499994074579744,
         0.9281163476436141,
         0.6053274937529056,
         0.8062785221614975
      ],
      [
         0.5916639632646886,
         0.7913235177900992,
         0.576334231676035,
         0.6062240689874113,
         0.8026748264489098,
         0.7319583411118638,
         0.7797561912573318,
         0.7165888808912222,
         0.8297983766638357,
         0.7862288099296081,
         0.6115282768831783,
         0.5222187337738625,
         0.7773103588631066,
         0.8551090180853282,
         0.9521267571544829
      ],
      [
         0.5527486119545937,
         0.9874229966690549,
         0.6005424357157074,
         0.532252072646278,
         0.8753464528344879,
         0.7158303693136946,
         0.7910084210664471,
         0.8538532838227693,
         0.5124539702555069,
         0.6265896611369207,
         0.640822932182752,
         0.6820626324628017,
         0.6068098486503577,
         0.6252762050598522,
         0.8086899993666454
      ],
      [
         0.653777396647516,
         0.7252773423173506,
         0.8584147974043187,
         0.7568513043756564,
         0.5330583297948173,
         0.5714365450275524,
         0.8001024155642333,
         0.7360966570542475,
         0.7779924108288654,
         0.809809928911988,
         0.825599606505262,
         0.9888888314973734,
         0.6858368763368435,
         0.9867589073592831,
         0.6076897905931156
      ],
      [
         0.6245550928469866,
         0.8392697442791721,
         0.8118398423864834,
         0.9199333968994192,
         0.6777435843628763,
         0.5866941784687593,
         0.8673791064690088,
         0.639478902396226,
         0.8935970108122839,
         0.792124270796585,
         0.5397334156743935,
         0.9197645745052244,
         0.6798773666234627,
         0.9536026448993831,
         0.7177586714386465
      ],
      [
         0.7598983835557934,
         0.5913817891226839,
         0.7050217274376658,
         0.7877289844360256,
         0.8057627632016076,
         0.8755804120626143,
         0.9471098253507648,
         0.9297023990284652,
         0.6389102528440949,
         0.6650080698858181,
         0.7946557879935454,
         0.8405935147433737,
         0.758573665312508,
         0.8411909517222576,
         0.7718906910473292
      ],
      [
         0.928466096971666,
         0.7587113510356238,
         0.530645902546559,
         0.9658505603616412,
         0.774937100076148,
         0.8231126327676752,
         0.8619102904830114,
         0.5818045430918426,
         0.6963622872710414,
         0.551387473624502,
         0.9622951120654621,
         0.961611625522647,
         0.689924424180313,
         0.8763664818909012,
         0.8320787591001733
      ],
      [
         0.7902640888349847,
         0.6826393188961006,
         0.6518700999021656,
         0.8756675193796397,
         0.7345622537870637,
         0.8822919384964449,
         0.737643602136972,
         0.6549189081320289,
         0.5773862104111079,
         0.8107649454717201,
         0.7030426666896769,
         0.9212463184562794,
         0.6391702703887524,
         0.7087486396373156,
         0.5134607000066994
      ],
      [
         0.8393870957815026,
         0.9725189793483021,
         0.8974519617036932,
         0.6680315052838097,
         0.5143248374868697,
         0.6577620395738362,
         0.7687475717334826,
         0.7865629521364591,
         0.8216263872235062,
         0.8243924795318927,
         0.7695749719021407,
         0.8191142478615979,
         0.9078336688810393,
         0.5420655838812756,
         0.8770834733930288
      ]
   ],
   "mv_f1_micro": [
      1.0,
      1.0,
      1.0,
      1.0,
      1.0,
      1.0,
      1.0,
      1.0,
      1.0,
      1.0
   ],
   "mv_f1_macro": [
      1.0,
      1.0,
      1.0,
      1.0,
      1.0,
      1.0,
      1.0,
      1.0,
      1.0,
      1.0
   ],
   "mv_f1_weighted": [
      1.0,
      1.0,
      1.0,
      1.0,
      1.0,
      1.0,
      1.0,
      1.0,
      1.0,
      1.0
   ],
   "ct_f1_micro": [
      1.0,
      1.0,
      1.0,
      1.0,
      1.0,
      1.0,
      1.0,
      1.0,
      1.0,
      1.0
   ],
   "ct_f1_macro": [
      1.0,
      1.0,
      1.0,
      1.0,
      1.0,
      1.0,
      1.0,
      1.0,
      1.0,
      1.0
   ],
   "ct_f1_weighted": [
      1.0,
      1.0,
      1.0,
      1.0,
      1.0,
      1.0,
      1.0,
      1.0,
      1.0,
      1.0
   ],
   "em_f1_micro": [
      1.0,
      1.0,
      1.0,
      1.0,
      1.0,
      1.0,
      1.0,
      1.0,
      1.0,
      1.0
   ],
   "em_f1_macro": [
      1.0,
      1.0,
      1.0,
      1.0,
      1.0,
      1.0,
      1.0,
      1.0,
      1.0,
      1.0
   ],
   "em_f1_weighted": [
      1.0,
      1.0,
      1.0,
      1.0,
      1.0,
      1.0,
      1.0,
      1.0,
      1.0,
      1.0
   ]
}