{
   "worker_count": 8,
   "expertise_scores": [
      [
         0.646570437916687,
         0.6697933272900435,
         0.5371613041634142,
         0.5432507619155033,
         0.5233441405945252,
         0.7713920167791959,
         0.8263874438600949,
         0.5646381780790708
      ],
      [
         0.7549248564908982,
         0.873277605805107,
         0.8053008053050839,
         0.7465672308262613,
         0.928285497782301,
         0.7946737063030489,
         0.6178250720178926,
         0.7186119269305147
      ],
      [
         0.8256789824073247,
         0.7966424517888457,
         0.5991092830613886,
         0.9325685565650437,
         0.9228375190592785,
         0.9015893151079724,
         0.7371779043988921,
         0.8804741066824042
      ],
      [
         0.8713707756570139,
         0.724947540755837,
         0.5547366889759076,
         0.6737922277689062,
         0.8192480424999451,
         0.6553718176031336,
         0.7657403461958643,
         0.7219537500441294
      ],
      [
         0.7330074673098885,
         0.7061459396814693,
         0.9848906756603899,
         0.59364758128666,
         0.8396676163905017,
         0.6261616841134324,
         0.8200519991953377,
         0.5106027253037065
      ],
      [
         0.5593989589825237,
         0.6483293315773957,
         0.5652544101801413,
         0.5833473394444587,
         0.9690106432632679,
         0.5472164695898865,
         0.5712581418676882,
         0.729664112377423
      ],
      [
         0.9830189554438886,
         0.6511884354918968,
         0.5366979912925841,
         0.9824987582589735,
         0.8783289464927964,
         0.6353806946359941,
         0.7200398165976243,
         0.6082708649147404
      ],
      [
         0.5659781267608023,
         0.7573731595862193,
         0.8825515367626425,
         0.6286584743089294,
         0.55748013269861,
         0.9372308336814099,
         0.6061154308900721,
         0.8098301906195844
      ],
      [
         0.7842348875065807,
         0.7997311400882854,
         0.5936812076831439,
         0.9369045495264936,
         0.6883973916010835,
         0.7711307931076661,
         0.9166282251147422,
         0.8923677775732637
      ],
      [
         0.6884781799610904,
         0.6326045346000454,
         0.7443829300535996,
         0.678078568510312,
         0.7882742142707327,
         0.6205009882613658,
         0.5982211004318861,
         0.9133287377501356
      ]
   ],
   "mv_f1_micro": [
      0.9859437751004017,
      0.9979919678714859,
      1.0,
      1.0,
      1.0,
      0.9899598393574297,
      1.0,
      0.9979919678714859,
      1.0,
      0.9959839357429718
   ],
   "mv_f1_macro": [
      0.9859985022866422,
      0.9980762116167222,
      1.0,
      1.0,
      1.0,
      0.9901056535751049,
      1.0,
      0.9980762116167222,
      1.0,
      0.9954134844378746
   ],
   "mv_f1_weighted": [
      0.9858811887209522,
      0.9979912249813163,
      1.0,
      1.0,
      1.0,
      0.9899528090797268,
      1.0,
      0.9979912249813163,
      1.0,
      0.9960033943773783
   ],
   "ct_f1_micro": [
      0.9839357429718876,
      1.0,
      1.0,
      1.0,
      1.0,
      0.9939759036144579,
      1.0,
      0.9979919678714859,
      1.0,
      0.9959839357429718
   ],
   "ct_f1_macro": [
      0.983988708900751,
      1.0,
      1.0,
      1.0,
      1.0,
      0.9937701203406479,
      1.0,
      0.9980762116167222,
      1.0,
      0.9955006359319029
   ],
   "ct_f1_weighted": [
      0.9839268216863838,
      1.0,
      1.0,
      1.0,
      1.0,
      0.9939732788482261,
      1.0,
      0.9979912249813163,
      1.0,
      0.9959724547130776
   ],
   "em_f1_micro": [
      0.9859437751004017,
      0.9979919678714859,
      1.0,
      1.0,
      0.9979919678714859,
      0.9939759036144579,
      1.0,
      0.9959839357429718,
      1.0,
      0.9939759036144579
   ],
   "em_f1_macro": [
      0.9854553332863544,
      0.9980762116167222,
      1.0,
      1.0,
      0.9980762116167222,
      0.9935050510699519,
      1.0,
      0.9961873638344226,
      1.0,
      0.9933415479064488
   ],
   "em_f1_weighted": [
      0.9859363395952371,
      0.9979912249813163,
      1.0,
      1.0,
      0.9979912249813163,
      0.9939793587008636,
      1.0,
      0.9960189341242968,
      1.0,
      0.9940005690835197
   ]
}