{
   "worker_count": 13,
   "expertise_scores": [
      [
         0.9599621435461301,
         0.7189494172123647,
         0.5672594368988306,
         0.6070384710167607,
         0.8712474800542236,
         0.5617184812838677,
         0.9646894141614704,
         0.9472549782191071,
         0.9713863949590977,
         0.9108097035251885,
         0.7406304692711021,
         0.8839998099893369,
         0.6570971389368585
      ],
      [
         0.6511665848833187,
         0.6807882783428166,
         0.9470680215327358,
         0.6953223055180102,
         0.9520947074876962,
         0.817509288920576,
         0.970023495869015,
         0.8927103407243784,
         0.8899488064059968,
         0.8549870765656081,
         0.9335223472663725,
         0.8416159742055558,
         0.8089714176733287
      ],
      [
         0.9228433577599592,
         0.8166575029022294,
         0.7045586433842398,
         0.8436565400198894,
         0.7716228420632101,
         0.6173496785274613,
         0.6960957736340853,
         0.581006748730579,
         0.8003385110920096,
         0.6916133554074874,
         0.7801036290313703,
         0.8205664172617688,
         0.645887342152476
      ],
      [
         0.5321649576536847,
         0.5695284785110437,
         0.6143567133503192,
         0.9047341027314684,
         0.9185712317075541,
         0.6871812095506411,
         0.6944659409019126,
         0.86458993471381,
         0.7657338969748939,
         0.6280547378406345,
         0.8278251905865426,
         0.8130090622150445,
         0.966292024779194
      ],
      [
         0.6905383762009055,
         0.5962109908946093,
         0.8656575750962984,
         0.7586053112192669,
         0.7927734656357326,
         0.7159302693447872,
         0.6775764129144553,
         0.8860980883675245,
         0.6302767694671919,
         0.9347883359797591,
         0.8883805383687271,
         0.6482075485157182,
         0.722745078205916
      ],
      [
         0.5690344458674464,
         0.7919345215663856,
         0.5781344688518825,
         0.9210154145963365,
         0.9780870884328084,
         0.7426400046055243,
         0.5603694655357573,
         0.8469128194132229,
         0.5171672912629438,
         0.7085140699039584,
         0.9341374784720103,
         0.792005232269448,
         0.8409436756675746
      ],
      [
         0.7211241439553657,
         0.6415366375136862,
         0.8403699436346294,
         0.5540941157165103,
         0.8021264230156753,
         0.7102038147301409,
         0.7159003498202315,
         0.8705465439071323,
         0.51130403608626,
         0.5148900584703252,
         0.7744098066782956,
         0.5857572912380336,
         0.707366736483193
      ],
      [
         0.5968627508306935,
         0.6042638253457645,
         0.8543104426870595,
         0.663433125641286,
         0.623774891781339,
         0.6936504345505242,
         0.9166130930728453,
         0.8368057760662696,
         0.9761629273373678,
         0.5184432701055391,
         0.722151138654801,
         0.6445742402690148,
         0.6271843125432114
      ],
      [
         0.5145025266283182,
         0.791219502141604,
         0.8872400009868441,
         0.7809899530875556,
         0.921698021461134,
         0.9341439500602167,
         0.6047623523440914,
         0.637641154272082,
         0.7446851900715689,
         0.7907890356039496,
         0.6810447722920401,
         0.9333800197673332,
         0.6282568128238436
      ],
      [
         0.5697277770422274,
         0.5255420141427571,
         0.8655346693927429,
         0.9326252859843092,
         0.7604066380008611,
         0.8198155455072711,
         0.8635068122562537,
         0.744393923516962,
         0.5292053136164399,
         0.938438428968017,
         0.9333496803109006,
         0.5691543555832068,
         0.8849345428207901
      ]
   ],
   "mv_f1_micro": [
      1.0,
      1.0,
      1.0,
      1.0,
      1.0,
      1.0,
      1.0,
      1.0,
      1.0,
      1.0
   ],
   "mv_f1_macro": [
      1.0,
      1.0,
      1.0,
      1.0,
      1.0,
      1.0,
      1.0,
      1.0,
      1.0,
      1.0
   ],
   "mv_f1_weighted": [
      1.0,
      1.0,
      1.0,
      1.0,
      1.0,
      1.0,
      1.0,
      1.0,
      1.0,
      1.0
   ],
   "ct_f1_micro": [
      1.0,
      1.0,
      1.0,
      1.0,
      1.0,
      1.0,
      1.0,
      1.0,
      1.0,
      1.0
   ],
   "ct_f1_macro": [
      1.0,
      1.0,
      1.0,
      1.0,
      1.0,
      1.0,
      1.0,
      1.0,
      1.0,
      1.0
   ],
   "ct_f1_weighted": [
      1.0,
      1.0,
      1.0,
      1.0,
      1.0,
      1.0,
      1.0,
      1.0,
      1.0,
      1.0
   ],
   "em_f1_micro": [
      1.0,
      1.0,
      1.0,
      1.0,
      1.0,
      1.0,
      1.0,
      1.0,
      1.0,
      1.0
   ],
   "em_f1_macro": [
      1.0,
      1.0,
      1.0,
      1.0,
      1.0,
      1.0,
      1.0,
      1.0,
      1.0,
      1.0
   ],
   "em_f1_weighted": [
      1.0,
      1.0,
      1.0,
      1.0,
      1.0,
      1.0,
      1.0,
      1.0,
      1.0,
      1.0
   ]
}