{
   "worker_count": 18,
   "expertise_scores": [
      [
         0.6786165629916543,
         0.6480290499478583,
         0.5457607073343455,
         0.7914371461138866,
         0.8344910658296761,
         0.5684316097773224,
         0.7117370702532859,
         0.6298463415382689,
         0.7094066890830203,
         0.7795508602878032,
         0.9314685603289107,
         0.6082364634587831,
         0.5164410309847319,
         0.9263820307821338,
         0.7153143033910683,
         0.5220858897380131,
         0.761344278458169,
         0.5147003466762463
      ],
      [
         0.5812323564418624,
         0.8233615619239185,
         0.8439327453002209,
         0.6864666215973488,
         0.5451687912812951,
         0.9376817548151419,
         0.8809665657489116,
         0.791472415243693,
         0.8076805246650874,
         0.8570706787464591,
         0.7952023622537476,
         0.5453639492317954,
         0.7529264166460797,
         0.7225346433916922,
         0.5928013551989093,
         0.7854174842171144,
         0.5749928477275231,
         0.874390439464413
      ],
      [
         0.926049105979475,
         0.5773865029879041,
         0.7761720460087435,
         0.7247537961110421,
         0.7851891721814374,
         0.5988237022912161,
         0.8742151800877476,
         0.7719724040936522,
         0.8551044676839501,
         0.8889647333855176,
         0.7857336818216916,
         0.7205212244446071,
         0.7070016221678068,
         0.523745891950878,
         0.8915630352712658,
         0.9111326016242346,
         0.6975949425677888,
         0.8431968115755266
      ],
      [
         0.9274294505230836,
         0.9047214207307662,
         0.7103853970814374,
         0.5220374477094671,
         0.9884074475325166,
         0.8616052767057091,
         0.5103826504986112,
         0.5929343697017766,
         0.6073991794694933,
         0.6804044783003699,
         0.9031788203577151,
         0.9129600998899634,
         0.8989788993183778,
         0.7402764361852983,
         0.8035295730006572,
         0.9470671634194833,
         0.6659151134341474,
         0.8286507754358905
      ],
      [
         0.5461555358406514,
         0.6978986070481448,
         0.798328822422312,
         0.5389109526013405,
         0.6746162612883473,
         0.8371175705658442,
         0.5299493028603333,
         0.774523444909242,
         0.6377012219306272,
         0.9514989946728905,
         0.7588272946076826,
         0.7072704375837793,
         0.9570758777624098,
         0.678412137904054,
         0.6279656836412191,
         0.9616974292395786,
         0.9160410426195926,
         0.7990870046813567
      ],
      [
         0.8195471038405491,
         0.8241138871736122,
         0.5220410638620842,
         0.5359937197206428,
         0.8281298685836826,
         0.9864764081383568,
         0.7007540125033676,
         0.9236367028051065,
         0.8449367529356151,
         0.695997926603326,
         0.6406753938508164,
         0.9705661338603927,
         0.6574959061109339,
         0.7345908603888218,
         0.8527355749856771,
         0.6600033031675893,
         0.8661299512568817,
         0.7807396159728269
      ],
      [
         0.59796999382082,
         0.8267944550304793,
         0.5902169864179969,
         0.5670837098310024,
         0.837085358777026,
         0.5254388504045543,
         0.6672837676774677,
         0.7580876669290306,
         0.6917292865961915,
         0.6613462927270009,
         0.6528216849738346,
         0.5454725353143189,
         0.8504615211494502,
         0.8779339809748319,
         0.7796838325720006,
         0.5436846251487855,
         0.7248508846534887,
         0.7483254360323626
      ],
      [
         0.7245307855757421,
         0.8867514442122193,
         0.9678371305717155,
         0.971416431242035,
         0.6709158569467036,
         0.5299823619028592,
         0.7698204722514725,
         0.7357439368873937,
         0.823874283734684,
         0.8871958247355538,
         0.8922196614215825,
         0.7637098611754582,
         0.6673066139536715,
         0.6268104856267044,
         0.7821874773004637,
         0.8729900193957136,
         0.6764321878501215,
         0.8134157869761266
      ],
      [
         0.8258973701212173,
         0.6341967930477156,
         0.8500275027772197,
         0.5823886237180449,
         0.7452651640524103,
         0.6835092479955357,
         0.6067345008950669,
         0.7717710221149618,
         0.9390693117503826,
         0.7952790625438662,
         0.8531939445908403,
         0.6337270986059147,
         0.9162434127621478,
         0.714830709639323,
         0.5329145905300368,
         0.5722261102720516,
         0.6101303592567068,
         0.8717500104782627
      ],
      [
         0.9568420854615189,
         0.9181466372974046,
         0.8200279368787051,
         0.634000822490051,
         0.7568797134113914,
         0.9604324080214038,
         0.7402342494828356,
         0.5419019975036578,
         0.8006998765099749,
         0.603815772712703,
         0.900558157464721,
         0.5568752814376878,
         0.5353574643616542,
         0.9085042372302295,
         0.6256316177480055,
         0.7425667037810055,
         0.8545389487349855,
         0.6370118265419673
      ]
   ],
   "mv_f1_micro": [
      1.0,
      1.0,
      1.0,
      1.0,
      1.0,
      1.0,
      1.0,
      1.0,
      1.0,
      1.0
   ],
   "mv_f1_macro": [
      1.0,
      1.0,
      1.0,
      1.0,
      1.0,
      1.0,
      1.0,
      1.0,
      1.0,
      1.0
   ],
   "mv_f1_weighted": [
      1.0,
      1.0,
      1.0,
      1.0,
      1.0,
      1.0,
      1.0,
      1.0,
      1.0,
      1.0
   ],
   "ct_f1_micro": [
      1.0,
      1.0,
      1.0,
      1.0,
      1.0,
      1.0,
      1.0,
      1.0,
      1.0,
      1.0
   ],
   "ct_f1_macro": [
      1.0,
      1.0,
      1.0,
      1.0,
      1.0,
      1.0,
      1.0,
      1.0,
      1.0,
      1.0
   ],
   "ct_f1_weighted": [
      1.0,
      1.0,
      1.0,
      1.0,
      1.0,
      1.0,
      1.0,
      1.0,
      1.0,
      1.0
   ],
   "em_f1_micro": [
      1.0,
      1.0,
      1.0,
      1.0,
      1.0,
      1.0,
      1.0,
      1.0,
      1.0,
      1.0
   ],
   "em_f1_macro": [
      1.0,
      1.0,
      1.0,
      1.0,
      1.0,
      1.0,
      1.0,
      1.0,
      1.0,
      1.0
   ],
   "em_f1_weighted": [
      1.0,
      1.0,
      1.0,
      1.0,
      1.0,
      1.0,
      1.0,
      1.0,
      1.0,
      1.0
   ]
}