{
   "worker_count": 30,
   "expertise_scores": [
      [
         0.9440464160712847,
         0.9681110411750532,
         0.5606824350320795,
         0.6432627768233208,
         0.6916256095534543,
         0.7300609914750498,
         0.6289692506228289,
         0.7548198654952878,
         0.6287053061447131,
         0.6831137641527907,
         0.5625099310085833,
         0.6632335640457216,
         0.683236939083278,
         0.6450080643972756,
         0.8398360385332423,
         0.5933239742440203,
         0.9228520490451528,
         0.5164726490143728,
         0.6993165853645631,
         0.6895607733079006,
         0.6102602034170029,
         0.5602610195688683,
         0.9421933613119521,
         0.5134284879386155,
         0.6300344732576137,
         0.6651620807331476,
         0.9294424676459883,
         0.552046810270284,
         0.7058418097173834,
         0.8334243529603289
      ],
      [
         0.5194507596750068,
         0.5355640270162959,
         0.937959085113043,
         0.8195567843400557,
         0.8566877194678371,
         0.8841391687762816,
         0.6240135286083852,
         0.9458993135242032,
         0.961538884619205,
         0.6402411928203307,
         0.9433017422624813,
         0.8087786225291058,
         0.7920589400927693,
         0.5141881757448663,
         0.9881215202831619,
         0.9852422144816955,
         0.6541431912948769,
         0.96642759512756,
         0.9654779719448626,
         0.6153043285436185,
         0.6238477753598426,
         0.676634513949179,
         0.6355015708929987,
         0.7174718791412062,
         0.9408910663675932,
         0.8947002735411753,
         0.6825802491542436,
         0.6298195299426492,
         0.5758264446174506,
         0.9271207408575609
      ],
      [
         0.9230849020873266,
         0.6710523864057742,
         0.7893983964595326,
         0.8242272801754021,
         0.9825896219710164,
         0.9275578807076825,
         0.6898626256990064,
         0.522191445606585,
         0.593395459896661,
         0.9078737776798618,
         0.8032610644729141,
         0.7581922355682879,
         0.6729743680970142,
         0.7024815313189109,
         0.7738935275057295,
         0.8410010027598243,
         0.9183708247823321,
         0.6125248068019434,
         0.5665729747468288,
         0.9246348428573071,
         0.5170115599116158,
         0.8467395655643911,
         0.5683548953960764,
         0.5620395865451,
         0.7752353269065474,
         0.5475119993245466,
         0.6359263469812386,
         0.5463501380103379,
         0.6976309633588805,
         0.5628412545248879
      ],
      [
         0.865243580602786,
         0.5957626109726539,
         0.8125533384049202,
         0.6120930099422675,
         0.6684033980079283,
         0.8241223824507437,
         0.7572384354541567,
         0.7667621467445186,
         0.5240653773461624,
         0.5260575699700034,
         0.7028834801954021,
         0.9031356384650552,
         0.7859047360819522,
         0.7626816954063396,
         0.5589282715881629,
         0.975108534104001,
         0.5986900647838955,
         0.5637629578111992,
         0.867922618162055,
         0.6292284512252561,
         0.695383288230632,
         0.8403660902232251,
         0.5809187045884338,
         0.6698655870989103,
         0.901594548834192,
         0.8736013090259889,
         0.7864445386745771,
         0.5618202700811934,
         0.8620006151182152,
         0.7796258973113266
      ],
      [
         0.6354845135412358,
         0.5418590240355445,
         0.9822313555238555,
         0.7279822255483561,
         0.6039240101645404,
         0.6637162514532825,
         0.6625346209825522,
         0.5306728338393588,
         0.6206647246506947,
         0.8859520353535153,
         0.8454571424750774,
         0.8855822069374069,
         0.5558139726260778,
         0.9449175959292386,
         0.7302318044197198,
         0.6539925023126827,
         0.9610336191513856,
         0.6382162851716184,
         0.6097925814473094,
         0.5858243765078125,
         0.6653846780417632,
         0.8860436482490298,
         0.6717858584558821,
         0.863974360798496,
         0.6257955186696921,
         0.5584980153588153,
         0.6478764449250771,
         0.7595053308973926,
         0.6635055305296438,
         0.9754076172549564
      ],
      [
         0.5204339848634663,
         0.7903672546751008,
         0.5953092795492281,
         0.8235322041361844,
         0.9492306192134936,
         0.9846579688780235,
         0.6396421776847896,
         0.6099227141533151,
         0.9764174354268951,
         0.6469572014548844,
         0.953745760893411,
         0.572775510675851,
         0.8843093194329634,
         0.6665010185077099,
         0.5867864001505234,
         0.7618365089494348,
         0.703235690061829,
         0.5259909566678382,
         0.9788705848343222,
         0.7946006039209861,
         0.9115438052270575,
         0.5626522820165054,
         0.8282893057327407,
         0.7680805064102875,
         0.8723788407443958,
         0.5266338652405301,
         0.7938367748620287,
         0.8844360390014401,
         0.7363242713048477,
         0.6171820638556924
      ],
      [
         0.673014735056525,
         0.6502878793904947,
         0.8378808647591792,
         0.581354905743506,
         0.6040136089570144,
         0.9541150020900068,
         0.9840840769182961,
         0.6729887178599983,
         0.7253142328624855,
         0.6991608024476829,
         0.7374596599183776,
         0.7466586757846082,
         0.9232705556236658,
         0.7744229368009903,
         0.8432744648968751,
         0.5896421178662324,
         0.8066825944314444,
         0.9726323927358562,
         0.6913287092268501,
         0.8472838955717739,
         0.5179425945546173,
         0.8611537962092197,
         0.6586096334930566,
         0.9729402044333317,
         0.6267776936321594,
         0.9134363985611396,
         0.9483621228875565,
         0.7583242012233109,
         0.5718781896842702,
         0.7689527733158646
      ],
      [
         0.628237398666933,
         0.7775443993621638,
         0.7893149507705453,
         0.6677048030047034,
         0.5165397318220223,
         0.7558568992473214,
         0.9438019035938544,
         0.7865507083570991,
         0.7992048613123379,
         0.7366088584207735,
         0.6799454791336483,
         0.9061050563958708,
         0.8970093609155736,
         0.8597593746031545,
         0.6182568141046033,
         0.69429300925652,
         0.5549821079598846,
         0.5174933322843454,
         0.7095928042452962,
         0.8069309147841341,
         0.572337888218267,
         0.7766396421067152,
         0.8218844672759482,
         0.8163652082984176,
         0.798487398896971,
         0.636589191433543,
         0.5563978214471565,
         0.8403649593325866,
         0.7039695888065112,
         0.7732377828497204
      ],
      [
         0.6083245983116123,
         0.589336495358055,
         0.9007106207192461,
         0.9505430015612132,
         0.723200113047761,
         0.6025407282991808,
         0.5114646294948497,
         0.8310633667029605,
         0.5454234499691883,
         0.7296472084460567,
         0.7558484769399558,
         0.9781931308346575,
         0.8908982992332354,
         0.6890725178560038,
         0.5554360194636264,
         0.744673493031473,
         0.8085919541096358,
         0.9044915054464444,
         0.5870562347219186,
         0.8534765568509757,
         0.8276923420201361,
         0.9274583447909128,
         0.6508620599595255,
         0.5209378825350863,
         0.5859370935336059,
         0.5537339453017268,
         0.8483484781415769,
         0.5659908695451616,
         0.5102204076284456,
         0.8866460443182566
      ],
      [
