{
   "worker_count": 20,
   "expertise_scores": [
      [
         0.8637953193926987,
         0.8760406928973283,
         0.5187659974360247,
         0.9745765081824828,
         0.7293140955144387,
         0.6774045706982853,
         0.8398977170644419,
         0.6954069212361251,
         0.6237613537670577,
         0.7071151362059764,
         0.9198307538813557,
         0.6312130869846155,
         0.7032719391052833,
         0.52122091666929,
         0.9338347025106819,
         0.8827108576918092,
         0.85272056929796,
         0.9621486980686949,
         0.6594518610560487,
         0.6305324635455609
      ],
      [
         0.7550807886873411,
         0.7853815983834312,
         0.5507344935441557,
         0.715078806597737,
         0.726783151102913,
         0.9370522059439601,
         0.8867871779228097,
         0.5405835129162904,
         0.925046010898679,
         0.646379857601964,
         0.7108277917674116,
         0.5979943062476516,
         0.7397639878024722,
         0.5464009883441545,
         0.9383104548961001,
         0.9388156455161929,
         0.7457141681431054,
         0.782831161708343,
         0.5508098545116643,
         0.6524948543994533
      ],
      [
         0.5795792087085244,
         0.623902404873043,
         0.6983063961644981,
         0.9605228495821376,
         0.8239154633332697,
         0.7485801663551381,
         0.6547553798422057,
         0.8913751000542531,
         0.9107857682933581,
         0.5774680649769992,
         0.6084085525696925,
         0.8146372138368589,
         0.6010453389741148,
         0.6300648291267664,
         0.670112146360501,
         0.886451444999182,
         0.6132963613891766,
         0.5431113756884977,
         0.7384737051149093,
         0.7290737345035978
      ],
      [
         0.8415025204438871,
         0.6150609151275053,
         0.5426043074222342,
         0.5397406998662556,
         0.9890692057997202,
         0.9721519183114167,
         0.9656127211068775,
         0.6864068809160263,
         0.5147491054792424,
         0.5597633048263412,
         0.6515850529119859,
         0.7160772125089977,
         0.6931641556078089,
         0.887561552825312,
         0.9728173478062743,
         0.6940936848681425,
         0.8018864524552622,
         0.9784587517361708,
         0.5695123021046464,
         0.9666111924182068
      ],
      [
         0.7184095387652558,
         0.9459778768915343,
         0.8178576445095096,
         0.7309154827628752,
         0.5551313732068086,
         0.7759349778249096,
         0.5352739695164367,
         0.5171325912967265,
         0.6902983265636435,
         0.9889578519022921,
         0.7920600888728522,
         0.6295962895076119,
         0.9676817943808786,
         0.7819816737602698,
         0.9028596194214387,
         0.9750567478468535,
         0.7437210261052863,
         0.9822574561531698,
         0.885588220914515,
         0.6628024726657439
      ],
      [
         0.7686544848723267,
         0.6012169109472723,
         0.8682249622159908,
         0.6272336602632507,
         0.8617818634258207,
         0.699620032731118,
         0.6008489248727485,
         0.5244696451869209,
         0.6194251806923748,
         0.954607452827297,
         0.7717985215774826,
         0.7608156891249429,
         0.7018100811007094,
         0.6733714681515113,
         0.675103951378862,
         0.9524566117345351,
         0.5108452214622522,
         0.7189747316044073,
         0.9225387622281955,
         0.5529404381267273
      ],
      [
         0.9471446414963249,
         0.8072678806100699,
         0.6160237974731267,
         0.9205722741779898,
         0.6241355682714187,
         0.7634658145739761,
         0.7737888041105414,
         0.9276690233025036,
         0.5294052783416657,
         0.7421681015272055,
         0.8352589618352128,
         0.9248190733002261,
         0.5213090112921,
         0.9164872055529365,
         0.7390028792100862,
         0.9036075629227978,
         0.6006214054714891,
         0.724176215210998,
         0.8630610973604118,
         0.9026871021651393
      ],
      [
         0.5375842806705162,
         0.7139820705939321,
         0.9572950202043238,
         0.9232736281718075,
         0.8217629658908913,
         0.7820967803689276,
         0.6803107027182593,
         0.6203587502660681,
         0.6016995406651328,
         0.6259058506669952,
         0.8379825933006156,
         0.8720321464472833,
         0.8372878092137712,
         0.9033442170237271,
         0.7828486529084271,
         0.5977660894167066,
         0.7317820043276065,
         0.6685571707100193,
         0.7724916997771498,
         0.5772400945297637
      ],
      [
         0.7113602632643545,
         0.9849033692354667,
         0.5510650416731848,
         0.920585855250218,
         0.9501907460468907,
         0.609390514423,
         0.523108132998255,
         0.6790573322623074,
         0.6239943727182664,
         0.7009357840413272,
         0.5592009115996684,
         0.7363360038227815,
         0.6535241332497651,
         0.6072624775009363,
         0.5762946312578322,
         0.9726540472776337,
         0.6164359187748886,
         0.7773011939617955,
         0.5336020646079488,
         0.7255051819601366
      ],
      [
         0.5837205121291061,
         0.8192369497884875,
         0.7848839858341922,
         0.8058808760279106,
         0.6550825993792533,
         0.8091447865540196,
         0.6673367580006483,
         0.529757529798751,
         0.6393739619704389,
         0.5909058355141132,
         0.7476662053761488,
         0.7959570036314816,
         0.8604898771442977,
         0.6151098375930306,
         0.7893232965383075,
         0.8392101103067037,
         0.9372170808791103,
         0.9436896635823575,
         0.6555998165178634,
         0.6890073082158933
      ]
   ],
   "mv_f1_micro": [
      1.0,
      1.0,
      1.0,
      1.0,
      1.0,
      1.0,
      1.0,
      1.0,
      1.0,
      1.0
   ],
   "mv_f1_macro": [
      1.0,
      1.0,
      1.0,
      1.0,
      1.0,
      1.0,
      1.0,
      1.0,
      1.0,
      1.0
   ],
   "mv_f1_weighted": [
      1.0,
      1.0,
      1.0,
      1.0,
      1.0,
      1.0,
      1.0,
      1.0,
      1.0,
      1.0
   ],
   "ct_f1_micro": [
      1.0,
      1.0,
      1.0,
      1.0,
      1.0,
      1.0,
      1.0,
      1.0,
      1.0,
      1.0
   ],
   "ct_f1_macro": [
      1.0,
      1.0,
      1.0,
      1.0,
      1.0,
      1.0,
      1.0,
      1.0,
      1.0,
      1.0
   ],
   "ct_f1_weighted": [
      1.0,
      1.0,
      1.0,
      1.0,
      1.0,
      1.0,
      1.0,
      1.0,
      1.0,
      1.0
   ],
   "em_f1_micro": [
      1.0,
      1.0,
      1.0,
      1.0,
      1.0,
      1.0,
      1.0,
      1.0,
      1.0,
      1.0
   ],
   "em_f1_macro": [
      1.0,
      1.0,
      1.0,
      1.0,
      1.0,
      1.0,
      1.0,
      1.0,
      1.0,
      1.0
   ],
   "em_f1_weighted": [
      1.0,
      1.0,
      1.0,
      1.0,
      1.0,
      1.0,
      1.0,
      1.0,
      1.0,
      1.0
   ]
}