{
   "worker_count": 15,
   "expertise_scores": [
      [
         0.7837825448178637,
         0.7313189588666711,
         0.3486053165821678,
         0.28694655468820784,
         0.2201539079675506,
         0.7901743856537018,
         0.40248406444850277,
         0.6375208397644796,
         0.5756552572353245,
         0.2799666317456312,
         0.4007749362658816,
         0.2494867356410908,
         0.5342288785427365,
         0.29480632402112594,
         0.37932324563893827
      ],
      [
         0.6927435347712638,
         0.20928283098946326,
         0.48074760493594626,
         0.34075197462474327,
         0.1655619974787982,
         0.2903910700423733,
         0.2664454077207433,
         0.6944804047965294,
         0.28221811589406565,
         0.39031605245476514,
         0.31115838599958423,
         0.30110139289654425,
         0.28129224935118924,
         0.7060425603626073,
         0.46044401286157755
      ],
      [
         0.148487423653673,
         0.4085814856291542,
         0.6129112113404694,
         0.36219147337127555,
         0.38923844301622146,
         0.157764618278402,
         0.7922847522136074,
         0.7766158022144003,
         0.46534494527913495,
         0.5581574392120189,
         0.5361563347317843,
         0.42725383177250403,
         0.4829382002894178,
         0.7585793164970625,
         0.1880932559889389
      ],
      [
         0.2697047530341794,
         0.6528503750158989,
         0.55479139543848,
         0.3938959259841618,
         0.6122951528568237,
         0.6435437016394647,
         0.7580691274784794,
         0.23153406440983793,
         0.6460531578931616,
         0.36133050102067343,
         0.4817479955830979,
         0.7046670203284062,
         0.21200862691235683,
         0.7674279346733319,
         0.7292863848525117
      ],
      [
         0.3876256952541147,
         0.16543871786864067,
         0.7537881462730673,
         0.3207474956819747,
         0.33150310893761514,
         0.6553571191171104,
         0.6943437418841745,
         0.5592631496341043,
         0.3452219720425268,
         0.5580689414975575,
         0.5525431340794411,
         0.7295861564194699,
         0.27445276740704627,
         0.3238546233281495,
         0.45413993745859643
      ],
      [
         0.18989086591931661,
         0.6061651390983667,
         0.6457222778472806,
         0.7593008469099882,
         0.319704008429075,
         0.6850669727188061,
         0.2534788801091243,
         0.30070793257368544,
         0.3063131756973129,
         0.3895003403546231,
         0.5446066164846206,
         0.7543372380486437,
         0.2820017383011431,
         0.40907573336727254,
         0.22707343242927588
      ],
      [
         0.489501430734153,
         0.2827629878555915,
         0.3726134381961834,
         0.3143879948196294,
         0.30463328784329186,
         0.5714316473022425,
         0.5840261421726303,
         0.6337503823714581,
         0.7452469344625334,
         0.16840572318272795,
         0.15837798301893255,
         0.2684916845738843,
         0.14631587676776464,
         0.5680995303798433,
         0.6814279452905283
      ],
      [
         0.3542230957412541,
         0.6030047575582259,
         0.5141249221734018,
         0.41310327543148034,
         0.24170884564642758,
         0.4555431800792637,
         0.7818045975651093,
         0.2901264842708562,
         0.6374632178033071,
         0.34698697674742685,
         0.3486394976707372,
         0.6880036075624645,
         0.5165199233009281,
         0.6522964705087289,
         0.26521991040417575
      ],
      [
         0.6254339100634003,
         0.6986085195900735,
         0.2687519817742063,
         0.25046058738520116,
         0.2419504907181444,
         0.5054961241742764,
         0.49718738732255635,
         0.4924817721884252,
         0.5288610657916272,
         0.4777074767346934,
         0.7147944680539629,
         0.5089173611845411,
         0.6752917854715246,
         0.6649398829566218,
         0.5267084751126567
      ],
      [
         0.7760718932146151,
         0.23612437040973905,
         0.1431844163324857,
         0.44624531373090026,
         0.7928669906306318,
         0.2345821978184532,
         0.5772862183161362,
         0.30663233138492363,
         0.4404822907981681,
         0.1461852987047248,
         0.27130689400104663,
         0.7262668296545218,
         0.32331225071875874,
         0.7825379719317609,
         0.2970447431564909
      ]
   ],
   "mv_f1_micro": [
      0.936,
      0.855,
      0.955,
      0.991,
      0.956,
      0.93,
      0.923,
      0.955,
      0.983,
      0.9209999999999999
   ],
   "mv_f1_macro": [
      0.9355555491658659,
      0.8540684379464796,
      0.9557208535157493,
      0.9911209151998891,
      0.9562500235343607,
      0.9298527521629915,
      0.9221300510426237,
      0.9552294138273391,
      0.9829969516787457,
      0.9204048916672073
   ],
   "mv_f1_weighted": [
      0.9360698277239701,
      0.8551154204577596,
      0.9550176145931295,
      0.9909862079037687,
      0.9559976272229476,
      0.9299931962614152,
      0.9230135234092275,
      0.9550481042034222,
      0.9829789686086198,
      0.9210577861957246
   ],
   "ct_f1_micro": [
      0.979,
      0.931,
      0.978,
      0.994,
      0.975,
      0.964,
      0.963,
      0.974,
      0.986,
      0.98
   ],
   "ct_f1_macro": [
      0.9786615420341845,
      0.9307643897382698,
      0.9779491114912293,
      0.9940198377907142,
      0.9745091716358091,
      0.9636952425144214,
      0.9627597017412057,
      0.9741752244163129,
      0.9858629197286997,
      0.9801565175697478
   ],
   "ct_f1_weighted": [
      0.9789820538274705,
      0.9310041240482132,
      0.9780010627179447,
      0.9939861968933803,
      0.9750345343804472,
      0.9639342670152751,
      0.9629887544116588,
      0.9740453739963029,
      0.9860283731135782,
      0.9799860133540879
   ],