{
   "worker_count": 8,
   "expertise_scores": [
      [
         0.19664536804744268,
         0.6369210226453559,
         0.35219360687438284,
         0.7260352397100067,
         0.7027314414886592,
         0.22292316840962223,
         0.39226926808506846,
         0.2993295691105019
      ],
      [
         0.2576906158594508,
         0.19775815699363106,
         0.775334727686747,
         0.2004207600045544,
         0.1967786730433671,
         0.16339994080129722,
         0.5326236810647085,
         0.22588507987637324
      ],
      [
         0.7838396617603616,
         0.4389296493281871,
         0.20520827876047398,
         0.46926953365817,
         0.5811270398256538,
         0.2902836278191132,
         0.47128771490979593,
         0.7900779265667586
      ],
      [
         0.6923818302377343,
         0.6405471651617631,
         0.3675725280817235,
         0.3390236744399732,
         0.1916869733244132,
         0.3830198881954318,
         0.4166269550032333,
         0.7649366365486336
      ],
      [
         0.6648212224831274,
         0.7250720971268054,
         0.6812077759196562,
         0.4363811688757082,
         0.30759481660288274,
         0.16179687207985108,
         0.7971947405242843,
         0.4676296346726438
      ],
      [
         0.2132313015112982,
         0.6623067840132406,
         0.4403538279179537,
         0.7900337811331171,
         0.6509861455647947,
         0.7064035069874111,
         0.6894010740404901,
         0.5992246302884441
      ],
      [
         0.31510548212892364,
         0.7565900956429708,
         0.20637937378748017,
         0.6897249404771579,
         0.2018020711422212,
         0.5796378580152163,
         0.15411800005302706,
         0.2920956107407183
      ],
      [
         0.17005489448008726,
         0.7221244507621734,
         0.33511616232154684,
         0.4980305352039136,
         0.40267290672741546,
         0.7200052607867553,
         0.26827429339764386,
         0.43719781133199903
      ],
      [
         0.22171808174054852,
         0.5068260618883802,
         0.5738807718948324,
         0.5751855095236462,
         0.18215405584804406,
         0.5779206548221516,
         0.499995200646427,
         0.31966173336580406
      ],
      [
         0.5441895880451121,
         0.2935077088752701,
         0.2094517043864536,
         0.6984452136914068,
         0.6112000788953431,
         0.39053910377488055,
         0.16006191009971357,
         0.5165670851073209
      ]
   ],
   "mv_f1_micro": [
      0.803,
      0.553,
      0.883,
      0.839,
      0.914,
      0.952,
      0.737,
      0.802,
      0.771,
      0.771
   ],
   "mv_f1_macro": [
      0.8035563190488598,
      0.5519072967833064,
      0.8831381238932055,
      0.8380344044029799,
      0.9141657915545954,
      0.9517642231306683,
      0.7374243405926072,
      0.801690246259436,
      0.7700741460419022,
      0.770652243985178
   ],
   "mv_f1_weighted": [
      0.803015064864042,
      0.5527416875454976,
      0.883013432693019,
      0.8389671863650792,
      0.913973462867691,
      0.9519074749075664,
      0.7370957378493806,
      0.8018810602583806,
      0.7707909847433724,
      0.7710089204940561
   ],
   "ct_f1_micro": [
      0.884,
      0.754,
      0.934,
      0.875,
      0.944,
      0.972,
      0.856,
      0.878,
      0.834,
      0.852
   ],
   "ct_f1_macro": [
      0.8846371939205241,
      0.7532300597808707,
      0.9335962189638243,
      0.8744609388020932,
      0.943434112696395,
      0.9719232372234513,
      0.855174830563716,
      0.8777074187741789,
      0.8338266243413373,
      0.8514457967646392
   ],
   "ct_f1_weighted": [
      0.8838752362306296,
      0.7540283042024918,
      0.9340355724867246,
      0.8749811889803204,
      0.94402141431984,
      0.9720637842913654,
      0.8561039279217707,
      0.8779809736930053,
      0.8340441345820686,
      0.852007806175189
   ],
   "gt": [
      2,
      2,
      2,
      2,
      2,
      2,
      2,
      2,
      2,
      2,
      2,
      2,
      2,
      2,
      2,
      2,
      2,
      2,
      2,
      2,
      2,
      2,
      2,
      2,
      2,
      2,
      2,
      2,
      2,
      2,
      2,
      2,
      2,
      2,
      2,
      2,
      2,
      2,
      2,
      2,
      2,
      2,
      2,
      2,
      2,
      2,
      2,
      2,
      2,
      2,
      2,
      2,
      2,
      2,
      2,
      2,
      2,
      2,
      2,
      2,
      2,
      2,
      2,
      2,
      2,
      2,
      2,
      2,
      2,
      2,
      2,
      2,
      2,
      2,
      2,
      2,
      2,
      2,
      2,
      2,
      2,
      2,
      2,
      2,
      2,
      2,
      2,
      2,
      2,
      2,
      2,
      2,
      2,
      2,
      2,
      2,
      2,
      2,
      2,
      2,
      2,
      2,
      2,
      2,
      2,
      2,
      2,
      2,
      2,
      2,
      2,
      2,
      2,
      2,
      2,
      2,
      2,
      2,
      2,
      2,
      2,
      2,
      2,
      2,
      2,
      2,
      2,
      2,
      2,
      2,
      2,
      2,
      2,
      2,
      2,
      2,
      2,
      2,
      2,
      2,
      2,
      2,
      2,
      2,
      2,
      2,
      2,
      2,
      3,
      3,
      3,
      3,
      3,
      3,
      3,
      3,
      3,
      3,
      3,
      3,
      3,
      3,
      3,
      3,
      3,
      3,
      3,
      3,
      3,
      3,
      3,
      3,
      3,
      3,
      3,
      3,
      3,
      3,
      3,
      3,
      3,
      3,
      3,
      3,
      3,
      3,
      3,
      3,
      3,
      3,
      3,
      3,
      3,
      3,
      3,
      3,
      3,
      3,
      3,
      3,
      3,
      3,
      3,
      3,
      3,
      3,
      3,
      3,
      3,
      3,
      3,
      3,
      3,
      3,
      3,
      3,
      3,
      3,
      3,
      3,
      3,
      3,
      3,
      3,
      3,
      3,
      3,
      3,
      3,
      3,
      3,
      3,
      3,
      3,
      3,
      3,
      3,
      3,
      3,
      3,
      3,
      3,
      3,
      3,
      3,
      3,
      3,
      3,
      3,
      3,
      3,
      3,
      3,
      3,
      3,
      3,
      3,
      3,
      3,
      3,
      3,
      3,
      3,
      3,
      3,
      3,
      3,
      3,
      3,
      3,
      3,
      3,
      3,
      3,
      3,
      3,
      3,
      3,
      3,
      3,
      3,
      3,
      3,
      3,
      3,
      3,
      3,
      3,
      3,
      3,
      3,
      3,
      3,
      3,
      3,
      5,
      5,
      5,
      5,
      5,
      5,
      5,
      5,
      5,
      5,
      5,
      5,
      5,
      5,
      5,
      5,
      5,
      5,
      5,
      5,
      5,
      5,
      5,
      5,
      5,
      5,
      5,
      5,
      5,
      5,
      5,
      5,
      5,
      5,
      5,
      5,
      5,
      5,
      5,
      5,
      5,
      5,
      5,
      5,
      5,
      5,
      5,
      5,
      5,
      5,
      5,
      5,
      5,
      5,
      5,
      5,
      5,
      5,
      5,
      5,
      5,
      5,
      5,
      5,
      5,
      5,
      5,
      5,
      5,
      5,
      5,
      5,
      5,
      5,
      5,
      5,
      5,
      5,
      5,
      5,
      5,
      5,
      5,
      5,
      5,
      5,
      5,
      5,
      5,
      5,
      5,
      5,
      5,
      5,
      5,
      5,
      5,
      5,
      5,
      5,
      5,
      5,
      5,
      5,
      5,
      5,
      5,
      5,
      5,
      5,
      5,
      5,
      5,
      5,
      5,
      5,
      5,
      5,
      5,
      5,
      5,
      5,
      5,
      5,
      5,
      5,
      5,
      5,
      5,
      5,
      5,
      5,
      5,
      5,
      5,
      5,
      5,
      5,
      5,
      5,
      5,
      5,
      5,
      5,
      5,
      5,
      5,
      5,
