{
   "worker_count": 20,
   "expertise_scores": [
      [
         0.2992137786900878,
         0.6972348420635983,
         0.40668339322966773,
         0.7840252702504569,
         0.14475272008528567,
         0.40326019641478467,
         0.4313658287338707,
         0.6838708800614317,
         0.46449587178173624,
         0.15325923381893722,
         0.15796928739495944,
         0.5764545991880164,
         0.5602371118119175,
         0.33920571047848896,
         0.5373073215375755,
         0.44657403706733334,
         0.6538577492508602,
         0.3130314044420518,
         0.6321257429432423,
         0.1693414163998203
      ],
      [
         0.524712689156452,
         0.4930131354022511,
         0.20809558027106628,
         0.5934499127628103,
         0.2082675843912004,
         0.6034677536884805,
         0.471018667798149,
         0.33539984115057,
         0.7273758320303529,
         0.4349870548930698,
         0.7922335372004499,
         0.4291720945254677,
         0.43609293173725905,
         0.6503894004018782,
         0.7047525038252209,
         0.3275169304281058,
         0.2002625255576195,
         0.655845522426483,
         0.5363532751260338,
         0.3388594353399046
      ],
      [
         0.22186103368989038,
         0.6777923117431046,
         0.5349742104696098,
         0.5486109289714258,
         0.79158165127691,
         0.15854544917894428,
         0.795843401040996,
         0.6720524161963188,
         0.35457569611472817,
         0.3300966253564362,
         0.6817564680610075,
         0.44656440292317245,
         0.5749327375060909,
         0.7549220165258839,
         0.4048471446005062,
         0.7666370407357612,
         0.22168520974281658,
         0.4891216182439616,
         0.388900403134392,
         0.5996821664408
      ],
      [
         0.6461193394954556,
         0.7931857412280425,
         0.4889963086531526,
         0.5608440814715301,
         0.4129415737049689,
         0.1511560542639192,
         0.7977334984348283,
         0.15940233652093222,
         0.6775998367134162,
         0.2660265584534842,
         0.5231529382467333,
         0.6612356902739291,
         0.3131616235931177,
         0.6970170994246878,
         0.2998881465474851,
         0.4131719365693133,
         0.7336618447287566,
         0.2420576004857033,
         0.410031912679261,
         0.41795645801534953
      ],
      [
         0.18148880762560382,
         0.18657445900207875,
         0.6938714669115409,
         0.6178567195138956,
         0.6034906495730352,
         0.3527321768514337,
         0.4376203729976141,
         0.6046632611941875,
         0.246144013494334,
         0.20884732482212603,
         0.7832554025445511,
         0.14208301210867405,
         0.15356903832758328,
         0.31102870709892216,
         0.7301054394920297,
         0.6616092967289937,
         0.16455831170250476,
         0.6213401118954518,
         0.511043414340711,
         0.4976532512217498
      ],
      [
         0.39275804735770137,
         0.13928778963651212,
         0.227432671708052,
         0.33228685689125687,
         0.3447679464456893,
         0.5061194637960369,
         0.16356231545452424,
         0.3306920427928278,
         0.670790287272941,
         0.20845337559890748,
         0.2608900648642992,
         0.21821858764475352,
         0.6397969786239579,
         0.5340314356520078,
         0.14969186379700936,
         0.18324976816622257,
         0.21049735353448185,
         0.3708155566418373,
         0.37107843153573955,
         0.6115650745787018
      ],
      [
         0.5186614467473445,
         0.2585559275578904,
         0.7505328575462151,
         0.17656115174028122,
         0.6303633056899968,
         0.5026474725718435,
         0.42686539655540484,
         0.6685883652602109,
         0.6338147164099728,
         0.44941975464338213,
         0.741797574972175,
         0.38811021829921105,
         0.5418887739891487,
         0.3925820177278763,
         0.22664497579206083,
         0.6253471800371293,
         0.44756572565222347,
         0.2111369053624934,
         0.2680729958276844,
         0.13971208314671207
      ],
      [
         0.16981205272433447,
         0.48532730375396016,
         0.5346982165819604,
         0.46528084726966695,
         0.7629462846698043,
         0.37909869933450957,
         0.2371435886448985,
         0.19237982776740908,
         0.3635252234697154,
         0.7005750846025227,
         0.7701362403736656,
         0.6040616138835319,
         0.1502032585981632,
         0.34922326915996316,
         0.5288055752467166,
         0.3943648688893516,
         0.28778314046877573,
         0.7363763680795119,
         0.2866091942264525,
         0.23947708000241105
      ],
      [
         0.5101559478630219,
         0.5442510030078436,
         0.5061931736443426,
         0.3030883768919723,
         0.5247871048609891,
         0.1975307227768801,
         0.5583395017101973,
         0.7704243537011513,
         0.24480414491700056,
         0.5809711982225612,
         0.7510597525550506,
         0.788063457610015,
         0.6518409761866839,
         0.3643241679037425,
         0.4071961422265212,
         0.38774253435390377,
         0.42075761885473456,
         0.4815160452079062,
         0.6854020973358113,
         0.798651909999426
      ],
      [
         0.28668357712160636,
         0.5400992571333494,
         0.6417897501209862,
         0.47257326492226154,
         0.212315990351006,
         0.49691773264840744,
         0.5740142828035814,
         0.4234239342680543,
         0.7068059989263717,
         0.767043999793759,
         0.45582904306616634,
         0.5682839638946462,
         0.44651821042874723,
         0.514483639823549,
         0.19615826032450723,
         0.14193844287817087,
         0.19233742255266983,
         0.35812441052309685,
         0.7658392885668024,
         0.44595400918189493
      ]
   ],
   "mv_f1_micro": [
      0.979,
      0.984,
      0.997,
      0.989,
      0.956,
      0.83,
      0.979,
      0.965,
      0.996,
      0.975
   ],
   "mv_f1_macro": [
      0.9790045846863702,
      0.984062819870456,
      0.9969756702861787,
      0.9889450655826968,
      0.9560960136854414,
      0.8302546259589934,
      0.9791364795175619,
      0.964839021510808,
      0.9959857702793544,
      0.975279003963406
   ],
   "mv_f1_weighted": [
      0.9789910095341519,
      0.983976384505323,
      0.9970001830618269,
      0.9889960285299644,
      0.9559371667248033,
      0.8296250583116843,
      0.9790125638499947,
      0.9650788263921232,
      0.9960030394469787,
      0.97504130825051
   ],
   "ct_f1_micro": [
      0.99,
      0.987,
      0.995,
      0.997,
      0.991,
      0.926,
      0.985,
      0.986,
      0.999,
      0.991
   ],
   "ct_f1_macro": [
      0.9900226802311805,
      0.9870089014218221,
      0.9950248576973699,
      0.9968523047474669,
      0.9907824302506175,
      0.9264264952461303,
      0.9852611045172122,
      0.9859819406794996,
      0.9989113533521073,
      0.9910141958078164
   ],
   "ct_f1_weighted": [
      0.9900066384264191,
      0.9869873481546565,
      0.9949964899848847,
      0.9970013679110857,
      0.9909963533952975,
      0.9260096888058742,
      0.9850091984583826,
      0.9860225529232829,
      0.9989996261628493,
      0.9909995259859719
   ],