{
   "worker_count": 5,
   "expertise_scores": [
      [
         0.214375702062301,
         0.5464038413360408,
         0.24608336544077009,
         0.7946100634797764,
         0.7592033868008528
      ],
      [
         0.5274053679770108,
         0.4568615313352896,
         0.3099214434383438,
         0.4866633164201713,
         0.7038444451353241
      ],
      [
         0.22484705818567474,
         0.7365961253169979,
         0.4842949547066226,
         0.3501315292243008,
         0.1698601396376707
      ],
      [
         0.6552839560822032,
         0.44252426082501906,
         0.5174718306627273,
         0.314355171762155,
         0.6015285348434305
      ],
      [
         0.6269934516497045,
         0.6038803918055735,
         0.67335064802784,
         0.43133419654134453,
         0.6561495987903165
      ],
      [
         0.6906188641667554,
         0.7791675509721254,
         0.545939939838896,
         0.6733804858319894,
         0.37302430956540816
      ],
      [
         0.6905578201962221,
         0.5426773958781228,
         0.6231760101385038,
         0.1614516036436058,
         0.6252978018847943
      ],
      [
         0.31592299249114875,
         0.7135096448660043,
         0.148392413283925,
         0.3739988342150885,
         0.4539056406679886
      ],
      [
         0.17652170621746735,
         0.7881949208147241,
         0.4203033792235655,
         0.2198175601565998,
         0.21357153008200883
      ],
      [
         0.5587371713797344,
         0.5594708348664057,
         0.5469403772748591,
         0.6082268253588992,
         0.2602381043504633
      ]
   ],
   "mv_f1_micro": [
      0.805,
      0.745,
      0.6,
      0.761,
      0.864,
      0.886,
      0.817,
      0.623,
      0.518,
      0.754
   ],
   "mv_f1_macro": [
      0.8042374538782603,
      0.7447424593363239,
      0.598848803669984,
      0.7604670911384608,
      0.8635995679578176,
      0.8855511570447742,
      0.816827776899291,
      0.6211250258516461,
      0.5174479870500175,
      0.7546613923441513
   ],
   "mv_f1_weighted": [
      0.8050371742503175,
      0.7449731814807645,
      0.5993304436238832,
      0.7608864629377156,
      0.8639305388591962,
      0.8859169503983968,
      0.8170762121835603,
      0.6231317651176318,
      0.51838707920753,
      0.7534228367754223
   ],
   "ct_f1_micro": [
      0.8729999999999999,
      0.79,
      0.734,
      0.793,
      0.8759999999999999,
      0.908,
      0.867,
      0.7190000000000001,
      0.705,
      0.795
   ],
   "ct_f1_macro": [
      0.8726429701654953,
      0.7896329657844731,
      0.7335987244635959,
      0.7916543778728314,
      0.8759030747023292,
      0.907744754905761,
      0.8665488818129506,
      0.7164004576996499,
      0.7039177358693057,
      0.7954296249160139
   ],
   "ct_f1_weighted": [
      0.8729509054654218,
      0.7899787725211246,
      0.7336936301232617,
      0.7926491147036282,
      0.8760399180835504,
      0.908042674476806,
      0.8670856048322246,
      0.7185838365602988,
      0.7048874870487302,
      0.7948357992755253
   ],
   "gt": [
      2,
      2,
      2,
      2,
      2,
      2,
      2,
      2,
      2,
      2,
      2,
      2,
      2,
      2,
      2,
      2,
      2,
      2,
      2,
      2,
      2,
      2,
      2,
      2,
      2,
      2,
      2,
      2,
      2,
      2,
      2,
      2,
      2,
      2,
      2,
      2,
      2,
      2,
      2,
      2,
      2,
      2,
      2,
      2,
      2,
      2,
      2,
      2,
      2,
      2,
      2,
      2,
      2,
      2,
      2,
      2,
      2,
      2,
      2,
      2,
      2,
      2,
      2,
      2,
      2,
      2,
      2,
      2,
      2,
      2,
      2,
      2,
      2,
      2,
      2,
      2,
      2,
      2,
      2,
      2,
      2,
      2,
      2,
      2,
      2,
      2,
      2,
      2,
      2,
      2,
      2,
      2,
      2,
      2,
      2,
      2,
      2,
      2,
      2,
      2,
      2,
      2,
      2,
      2,
      2,
      2,
      2,
      2,
      2,
      2,
      2,
      2,
      2,
      2,
      2,
      2,
      2,
      2,
      2,
      2,
      2,
      2,
      2,
      2,
      2,
      2,
      2,
      2,
      2,
      2,
      2,
      2,
      2,
      2,
      2,
      2,
      2,
      2,
      2,
      2,
      2,
      2,
      2,
      2,
      2,
      2,
      2,
      2,
      3,
      3,
      3,
      3,
      3,
      3,
      3,
      3,
      3,
      3,
      3,
      3,
      3,
      3,
      3,
      3,
      3,
      3,
      3,
      3,
      3,
      3,
      3,
      3,
      3,
      3,
      3,
      3,
      3,
      3,
      3,
      3,
      3,
      3,
      3,
      3,
      3,
      3,
      3,
      3,
      3,
      3,
      3,
      3,
      3,
      3,
      3,
      3,
      3,
      3,
      3,
      3,
      3,
      3,
      3,
      3,
      3,
      3,
      3,
      3,
      3,
      3,
      3,
      3,
      3,
      3,
      3,
      3,
      3,
      3,
      3,
      3,
      3,
      3,
      3,
      3,
      3,
      3,
      3,
      3,
      3,
      3,
      3,
      3,
      3,
      3,
      3,
      3,
      3,
      3,
      3,
      3,
      3,
      3,
      3,
      3,
      3,
      3,
      3,
      3,
      3,
      3,
      3,
      3,
      3,
      3,
      3,
      3,
      3,
      3,
      3,
      3,
      3,
      3,
      3,
      3,
      3,
      3,
      3,
      3,
      3,
      3,
      3,
      3,
      3,
      3,
      3,
      3,
      3,
      3,
      3,
      3,
      3,
      3,
      3,
      3,
      3,
      3,
      3,
      3,
      3,
      3,
      3,
      3,
      3,
      3,
      3,
      5,
      5,
      5,
      5,
      5,
      5,
      5,
      5,
      5,
      5,
      5,
      5,
      5,
      5,
      5,
      5,
      5,
      5,
      5,
      5,
      5,
      5,
      5,
      5,
      5,
      5,
      5,
      5,
      5,
      5,
      5,
      5,
      5,
      5,
      5,
      5,
      5,
      5,
      5,
      5,
      5,
      5,
      5,
      5,
      5,
      5,
      5,
      5,
      5,
      5,
      5,
      5,
      5,
      5,
      5,
      5,
      5,
      5,
      5,
      5,
      5,
      5,
      5,
      5,
      5,
      5,
      5,
      5,
      5,
      5,
      5,
      5,
      5,
      5,
      5,
      5,
      5,
      5,
      5,
      5,
      5,
      5,
      5,
      5,
      5,
      5,
      5,
      5,
      5,
      5,
      5,
      5,
      5,
      5,
      5,
      5,
      5,
      5,
      5,
      5,
      5,
      5,
      5,
      5,
      5,
      5,
      5,
      5,
      5,
      5,
      5,
      5,
      5,
      5,
      5,
      5,
      5,
      5,
      5,
      5,
      5,
      5,
      5,
      5,
      5,
      5,
      5,
      5,
      5,
      5,
      5,
      5,
      5,
      5,
      5,
      5,
      5,
      5,
      5,
      5,
      5,
      5,
      5,
      5,
      5,
      5,
      5,
      5,
      4,
      4,
      4,
      4,
      4,
      4,
      4,
      4,
      4,
      4,
      4,
      4,
      4,
      4,
      4,
      4,
      4,
      4,
      4,
      4,
      4,
      4,
      4,
      4,
      4,
      4,
      4,
      4,
      4,
      4,
      4,
      4,
      4,
      4,
      4,
      4,
      4,
      4,
      4,
      4,
      4,
      4,
      4,
      4,
      4,
      4,
      4,
      4,
      4,
      4,
      4,
      4,
      4,
      4,
      4,
      4,
      4,
      4,
      4,
      4,
      4,
      4,
      4,
      4,
      4,
      4,
      4,
      4,
      4,
      4,
      4,
      4,
      4,
      4,
      4,
      4,
      4,
      4,
      4,
      4,
      4,
      4,
      4,
      4,
      4,
      4,
      4,
      4,
      4,
      4,
      4,
      4,
      4,
      4,
