{
   "worker_count": 30,
   "expertise_scores": [
      [
         0.6220015875300244,
         0.18247555861518822,
         0.7853038311723775,
         0.4120597277494818,
         0.4237889013507471,
         0.30733425558901084,
         0.2934732535559406,
         0.6958292838291134,
         0.6023843897874714,
         0.5242574643563651,
         0.6566221509114363,
         0.4404803611210299,
         0.490755259016238,
         0.3310519361337238,
         0.43414205814462864,
         0.27713599929084165,
         0.2246287325104795,
         0.24815626041552724,
         0.5602663228298006,
         0.23429470670217217,
         0.30559667949167013,
         0.7372823097178787,
         0.3606390554172574,
         0.5955935213552263,
         0.4797837782786952,
         0.6160348437414154,
         0.7888222807579968,
         0.5056745045978976,
         0.16352154235075278,
         0.3269750506953451
      ],
      [
         0.34408484762924585,
         0.6976638206834682,
         0.6208097124494876,
         0.20868156064530086,
         0.43993622822514267,
         0.6772868488431896,
         0.7373110743182074,
         0.45887526981743343,
         0.2672005549718106,
         0.5270689253452308,
         0.736700790478777,
         0.49722176330713885,
         0.40224298571335176,
         0.5501305569897958,
         0.33548711093835804,
         0.26057664942883835,
         0.352557418640965,
         0.17993236815965952,
         0.44188496397912375,
         0.3984700981256207,
         0.7759350849354401,
         0.36621333669602796,
         0.17462243765509416,
         0.63539048832132,
         0.1967402895310066,
         0.5558632807104058,
         0.5881186822485245,
         0.28436673277974805,
         0.527717073318934,
         0.5783721993360769
      ],
      [
         0.39727209464076657,
         0.45644151906083236,
         0.4241540581441078,
         0.7058910631691655,
         0.4006571235537896,
         0.5017245787658038,
         0.29582236370242576,
         0.4503308680933059,
         0.7997704130979815,
         0.6462869000263056,
         0.709844939750917,
         0.42806019464801526,
         0.6493692055756706,
         0.18179923822279337,
         0.6193870664067233,
         0.5008948119233687,
         0.4544677299050952,
         0.42766415743732067,
         0.7353681579157425,
         0.7894786136972587,
         0.3930783911062684,
         0.3685647864333418,
         0.5304758646131346,
         0.558773245414594,
         0.748594954936429,
         0.6436031785428677,
         0.3725342899350305,
         0.5962922060079789,
         0.39774992055204395,
         0.6666232996295076
      ],
      [
         0.5535918256736245,
         0.3511470298997531,
         0.5858711907546312,
         0.6908594531012118,
         0.40489503566870033,
         0.7942675282982639,
         0.33005373681347727,
         0.44851971672458246,
         0.26299321883371374,
         0.36676629742905803,
         0.5937520651209123,
         0.3823286790492362,
         0.6840345997432449,
         0.7542033941623316,
         0.7610641935456441,
         0.2621505605858534,
         0.598778912979167,
         0.6478774878513016,
         0.7288198475980094,
         0.33628899709285764,
         0.563795088562073,
         0.4497643469950109,
         0.2433087465265007,
         0.6094411263878459,
         0.5115736925899425,
         0.3681974842319388,
         0.2400611534610685,
         0.37874964595071514,
         0.7487062408067229,
         0.4483475364910559
      ],
      [
         0.24427717619336664,
         0.6953422262894071,
         0.4182924370896328,
         0.7957973797188791,
         0.1472096391078421,
         0.5119374752554231,
         0.7347962564669299,
         0.4638236920348776,
         0.4383868802803116,
         0.722492705189056,
         0.26913133425954006,
         0.5472915651869343,
         0.36523365643520866,
         0.4281869324016084,
         0.569390872428519,
         0.7444195178396444,
         0.5968312904534068,
         0.48691989377446765,
         0.3622889260176432,
         0.21823703735963096,
         0.6051758765201096,
         0.68993914062713,
         0.29687911519302773,
         0.6650332975271696,
         0.6023714136034666,
         0.6669994081946566,
         0.3399552420174602,
         0.1552559690125528,
         0.40232209087909204,
         0.4012833418229055
      ],
      [
         0.1838351981658487,
         0.7502771587854169,
         0.3194708797785004,
         0.18617689810043514,
         0.7085360907369507,
         0.42531340105529425,
         0.4323472352804385,
         0.7971205082598452,
         0.5956399937235066,
         0.5789126061390882,
         0.7741764569151453,
         0.22468202176883617,
         0.5364793130715707,
         0.4695092853346951,
         0.2760041050168154,
         0.14840947997512335,
         0.4213251074327226,
         0.3986276943165706,
         0.15076770711113724,
         0.16124519009002242,
         0.4894301054063203,
         0.7883863951525532,
         0.6486412620903601,
         0.32815749220899804,
         0.7525357040942888,
         0.7959670616818804,
         0.6662202124915049,
         0.4278157099305041,
         0.6598052183013012,
         0.7860552156708451
      ],
      [
         0.24495354946547593,
         0.7560650780588036,
         0.668323087236663,
         0.6586837336382034,
         0.3326483001996112,
         0.7740298690251655,
         0.7279273569519578,
         0.14964321659781699,
         0.3853755294124115,
         0.3203805526311154,
         0.5291681876043348,
         0.6172383457036781,
         0.5656517378548676,
         0.7871263905482142,
         0.6677441179979144,
         0.22966778058883724,
         0.34651498520671076,
         0.3898415323132413,
         0.27475378028758,
         0.2674219391945981,
         0.5776395848657389,
         0.3133966895704129,
         0.33746396297284265,
         0.21703919803299737,
         0.29460095872499437,
         0.45555161957942675,
         0.35948153811060235,
         0.6368132217782684,
         0.38733555423117394,
         0.7632663989588999
      ],
      [
         0.3691304153403957,
         0.3950148794173881,
         0.4127947955306563,
         0.40057731970722443,
         0.3257578113416998,
         0.5191213368937493,
         0.5281156104918242,
         0.22012194435956484,
         0.7847182758644315,
         0.6128990299048802,
         0.6066233706776047,
         0.6548089241971531,
         0.3206546545650161,
         0.3514041214851304,
         0.6342794484928962,
         0.3002547933492111,
         0.7993609415420817,
         0.7566571577377319,
         0.4807187380486478,
         0.6046555392830957,
         0.6157605872415326,
         0.29840107873347743,
         0.4202250544299916,
         0.7640025319066848,
         0.35461352264473606,
         0.5932240418066745,
         0.4531657744837786,
         0.39347692372700727,
         0.4511621781850267,
         0.5495808204508428
      ],
      [
         0.5364672555646333,
         0.5551672646922374,
         0.14751044676553254,
         0.2648504418257299,
         0.6332162192208848,
         0.347134755201151,
         0.34443821421946186,
         0.2389746066599116,
         0.19805931242867936,
         0.5653148386293058,
         0.16325992769404443,
         0.37163714647243207,
         0.3914048572674538,
         0.2597150698432844,
         0.3631395709506501,
         0.7862267026561816,
         0.5279312299103894,
         0.16986844954744387,
         0.6142692426760035,
         0.20054111991601378,
         0.6892591285623584,
         0.39891140160023386,
         0.7171996229087609,
         0.7269661463272064,
         0.6734264229685307,
         0.6793964517067674,
         0.6214255717501828,
