{
   "worker_count": 18,
   "expertise_scores": [
      [
         0.4705448659293586,
         0.2844336583066646,
         0.23961871764525064,
         0.27967945358918067,
         0.3246150802864106,
         0.4175878197873491,
         0.5487142949101007,
         0.38197124360824447,
         0.621065106000555,
         0.7511943215864516,
         0.35911022231604295,
         0.556798878741845,
         0.3019122619458969,
         0.7193676499283925,
         0.15967224865896293,
         0.7624723856298401,
         0.3077114701893992,
         0.7253932357396
      ],
      [
         0.41222246725312595,
         0.14771331705176957,
         0.20435752178031466,
         0.5591974876162463,
         0.5223529023839732,
         0.375224478256854,
         0.37877592697815565,
         0.3097897920575514,
         0.3754060230151383,
         0.7201351275304106,
         0.5761768326649923,
         0.23549172382482153,
         0.7708378782387886,
         0.6526545629709102,
         0.4235604998727151,
         0.7447581187898848,
         0.3941541902274903,
         0.43426103509750036
      ],
      [
         0.6649102284112645,
         0.6726678647711339,
         0.722494379767743,
         0.4415381588152167,
         0.2728349903815295,
         0.45359301920612044,
         0.5925145626801951,
         0.49691103868964015,
         0.35050583001808344,
         0.5945180202640078,
         0.773245222857815,
         0.5018298819343406,
         0.15783604249434743,
         0.39439801454147494,
         0.4853294405287196,
         0.6879374805714931,
         0.3192234625199501,
         0.3252943967962796
      ],
      [
         0.42879583445377206,
         0.7628467024105676,
         0.18911370515716291,
         0.7028028732079865,
         0.7838695270261444,
         0.45680033881882454,
         0.7350831979081125,
         0.3301414009227004,
         0.23474313998138327,
         0.6678151979350877,
         0.17131351479552479,
         0.7129067400441931,
         0.22975942167040145,
         0.6941661088181965,
         0.721508859409187,
         0.3881980268084144,
         0.3262104677932214,
         0.16997252553511422
      ],
      [
         0.7378658460613678,
         0.7054103865920538,
         0.682496931328084,
         0.4448130122157935,
         0.1784617262318612,
         0.6116177090151379,
         0.34350675315577084,
         0.31638253792599497,
         0.5882632772346268,
         0.5936330345726383,
         0.3519401069284236,
         0.2352615350450752,
         0.6480223743194684,
         0.2665625530914054,
         0.465615690337363,
         0.20735509496233376,
         0.5360081857068735,
         0.20170660657022468
      ],
      [
         0.5322969996224014,
         0.5715927500140505,
         0.19327145304894672,
         0.5104017615034276,
         0.6503612501359932,
         0.4677628123555794,
         0.22375671794027535,
         0.35844809234381847,
         0.29797216609649513,
         0.33504081550131326,
         0.28395006740423656,
         0.7037603479449275,
         0.275321528475422,
         0.3910303551228818,
         0.6741753490775881,
         0.6252226498389157,
         0.41984587985149274,
         0.7895615997005272
      ],
      [
         0.7171326159887099,
         0.3756833011195624,
         0.35592181219687047,
         0.6008230989335867,
         0.20590832998314876,
         0.799716143705755,
         0.366159448701385,
         0.32169269164445163,
         0.6468846574553881,
         0.19686683328156962,
         0.49466601174404556,
         0.4898543107025772,
         0.741422042664245,
         0.32667676232891985,
         0.6012155334467464,
         0.20522255532600997,
         0.788776350866746,
         0.4331524949211125
      ],
      [
         0.41069277913935365,
         0.6528724962378112,
         0.6213619192153647,
         0.17934971395817473,
         0.38603906777845287,
         0.1928219329017909,
         0.2522199997433221,
         0.3706175298013965,
         0.5588750395130492,
         0.7300973798773593,
         0.3281467532682837,
         0.28893589890226906,
         0.532164274339894,
         0.4222074550127006,
         0.30650225919711194,
         0.7046322888288303,
         0.7689361679744524,
         0.4313928272940317
      ],
      [
         0.6303304083445731,
         0.5859912454688154,
         0.1972395211378598,
         0.6536347719782862,
         0.2040062146867,
         0.7962169988628145,
         0.6383493397608194,
         0.6958721917833077,
         0.748942317130489,
         0.6506404566827204,
         0.6166192626255587,
         0.660571882088592,
         0.6953612238584872,
         0.425078456992999,
         0.3323231983727128,
         0.27768176640521464,
         0.304728968135452,
         0.69319802198581
      ],
      [
         0.14016940736253727,
         0.4973563843367538,
         0.1407222187127902,
         0.7018492490427732,
         0.20585508108821066,
         0.20091836318589065,
         0.38477951297980306,
         0.20802046610345865,
         0.40691666967340995,
         0.2922575800370457,
         0.21219602226144324,
         0.5686750087658738,
         0.27391874532408034,
         0.2466974725761844,
         0.4644395664620948,
         0.2625585027029835,
         0.5074047054513651,
         0.40896172619262533
      ]
   ],
   "mv_f1_micro": [
      0.974,
      0.971,
      0.983,
      0.98,
      0.957,
      0.967,
      0.978,
      0.968,
      0.993,
      0.81
   ],
   "mv_f1_macro": [
      0.9737732860886458,
      0.9710656003734643,
      0.9831040827561054,
      0.9796414930022296,
      0.9565077083559305,
      0.9667525935297387,
      0.9782546620135921,
      0.9674485974283009,
      0.99287275730797,
      0.8085158528686963
   ],
   "mv_f1_weighted": [
      0.9739621383995777,
      0.9709656084213873,
      0.9829924473513411,
      0.9799987554691421,
      0.9569455314407094,
      0.9669895311504713,
      0.9779852689992166,
      0.9680083169976774,
      0.9929985228212423,
      0.8103240515712401
   ],
   "ct_f1_micro": [
      0.985,
      0.985,
      0.987,
      0.994,
      0.984,
      0.985,
      0.995,
      0.985,
      0.994,
      0.883
   ],
   "ct_f1_macro": [
      0.9852005409321308,
      0.9849486544964223,
      0.9871139867000711,
      0.9939467710285627,
      0.9837305302832551,
      0.9846388886220137,
      0.9951303862253027,
      0.9849341727511777,
      0.9938466093926159,
      0.8819096319319765
   ],
   "ct_f1_weighted": [
      0.9850201440454369,
      0.9850168906776238,
      0.9870053071578724,
      0.993999942620513,
      0.9839860557651323,
      0.9850226264618053,
      0.9950065367503689,
      0.9849649150311681,
      0.9940112039695491,
      0.8830496157861427
   ],