{
   "worker_count": 20,
   "expertise_scores": [
      [
         0.9088869232767463,
         0.7217369584473495,
         0.9696124269605295,
         0.6841586651185377,
         0.9461949233684928,
         0.5293679414783324,
         0.9586481478122284,
         0.7436426390510689,
         0.9783578268110465,
         0.7839816867549753,
         0.9567691886136964,
         0.8411583936693474,
         0.8259794798168547,
         0.7399113571782611,
         0.5929206970330473,
         0.7597760534512104,
         0.7845639990791191,
         0.8565011983592841,
         0.6879424913857813,
         0.7991943625762903
      ],
      [
         0.6522594481776636,
         0.5852158372131534,
         0.9415334430001222,
         0.5275565302596477,
         0.7407560158401273,
         0.5747286914934603,
         0.545095045290986,
         0.6017892480264847,
         0.9051904385968881,
         0.8569711262437836,
         0.7396166316528292,
         0.9437246242152513,
         0.7850304603056021,
         0.7557892379155144,
         0.9867789391771324,
         0.5326533346975683,
         0.7850833392767436,
         0.694391364508565,
         0.5417535691484847,
         0.65448799857655
      ],
      [
         0.5144334683728768,
         0.9104677841654343,
         0.9373413056046963,
         0.6464668763147807,
         0.579804790176592,
         0.6663263871637023,
         0.6977563467046911,
         0.6569319302732577,
         0.6741950996097723,
         0.6494761880450817,
         0.6116447389566575,
         0.5986200160231044,
         0.7720603463903728,
         0.850954064316974,
         0.9116441065698757,
         0.9387124545939738,
         0.6730031061857605,
         0.9830309790982527,
         0.6061096601606694,
         0.9141786129658671
      ],
      [
         0.945956155363902,
         0.9540806669359755,
         0.8837669125560292,
         0.8619313865588908,
         0.7512185870942398,
         0.564237038749728,
         0.9027323008737353,
         0.5285674536593268,
         0.9470146122285883,
         0.7092124939093806,
         0.6850402362673492,
         0.6928381158933208,
         0.6166180438328703,
         0.8564877941777489,
         0.8567301807991943,
         0.5756054662569797,
         0.8841393593696156,
         0.8723149711219249,
         0.7959840491060926,
         0.5163631911184872
      ],
      [
         0.9316260117602547,
         0.8189365129177762,
         0.7654949439238901,
         0.6125247990974261,
         0.6271884435165087,
         0.7976137961905743,
         0.9472809339578571,
         0.6657617348161157,
         0.648458004145809,
         0.7941218624980135,
         0.7790751279511217,
         0.9239609818581781,
         0.6531751575581061,
         0.6523031195636676,
         0.6777008973784813,
         0.6856548078967545,
         0.828579587529199,
         0.924341643373245,
         0.5864136853148927,
         0.9697757483520535
      ],
      [
         0.7746425305321322,
         0.8360344058325149,
         0.807213112176577,
         0.8286533324407961,
         0.7662645268459924,
         0.6902832053655201,
         0.833116121840577,
         0.6849846862894281,
         0.9205708036065847,
         0.9215502277061214,
         0.776482046476215,
         0.9600935378819454,
         0.6263804521497611,
         0.5656942024590947,
         0.6886879146438731,
         0.9600936548339349,
         0.5743013266691298,
         0.7937453982559697,
         0.6768922856304659,
         0.5841771225509823
      ],
      [
         0.6434526144005366,
         0.7695513535565667,
         0.637668988269693,
         0.8615679242097979,
         0.729262142435871,
         0.8337754059987229,
         0.7009387408781677,
         0.5117786537339393,
         0.6242523196195218,
         0.5635092175862216,
         0.7632042261417276,
         0.8889638188872153,
         0.5624314769769577,
         0.8260274642579547,
         0.8748893529691526,
         0.6928603482195593,
         0.8639678761602163,
         0.9485537287200971,
         0.5532980372022186,
         0.6983458783216587
      ],
      [
         0.5483169801979836,
         0.5938372544750512,
         0.8564023569111314,
         0.9283129235843999,
         0.647966284145323,
         0.7824855142230842,
         0.7977375218771222,
         0.9549487074813204,
         0.9888627924555309,
         0.61943188878999,
         0.7071296942739994,
         0.6050273454296029,
         0.750635913918655,
         0.9760650433774342,
         0.7510980200423509,
         0.8435217296517981,
         0.984021642234759,
         0.6016519742883637,
         0.9697674366858342,
         0.7629860742102745
      ],
      [
         0.9179184070370655,
         0.7425576300385759,
         0.6326503915274629,
         0.5693002897984285,
         0.6126620797555055,
         0.8597780429701725,
         0.6687734400240783,
         0.6720925613261124,
         0.8898825218144382,
         0.9291473838162787,
         0.7948497158055718,
         0.6601393822497139,
         0.7738516185199829,
         0.547543194492442,
         0.6852101544987663,
         0.9785411756936286,
         0.774977352978605,
         0.849367673280115,
         0.7252790179214574,
         0.5478597959928592
      ],
      [
         0.8852522204232034,
         0.8925903110833138,
         0.5659489888592087,
         0.6028235883464278,
         0.632289192022045,
         0.8531472533627615,
         0.7316538452614859,
         0.8217103485336161,
         0.8764261257943051,
         0.5748939562287436,
         0.7391708864831845,
         0.7397664805464627,
         0.590285256265832,
         0.7666098086829207,
         0.7896249330785228,
         0.5127392678960891,
         0.8602249351860827,
         0.5803362289854291,
         0.7113432385826619,
         0.9377935461613429
      ]
   ],
   "mv_f1_micro": [
      1.0,
      1.0,
      1.0,
      1.0,
      1.0,
      1.0,
      1.0,
      1.0,
      1.0,
      1.0
   ],
   "mv_f1_macro": [
      1.0,
      1.0,
      1.0,
      1.0,
      1.0,
      1.0,
      1.0,
      1.0,
      1.0,
      1.0
   ],
   "mv_f1_weighted": [
      1.0,
      1.0,
      1.0,
      1.0,
      1.0,
      1.0,
      1.0,
      1.0,
      1.0,
      1.0
   ],
   "ct_f1_micro": [
      1.0,
      1.0,
      1.0,
      1.0,
      1.0,
      1.0,
      1.0,
      1.0,
      1.0,
      1.0
   ],
   "ct_f1_macro": [
      1.0,
      1.0,
      1.0,
      1.0,
      1.0,
      1.0,
      1.0,
      1.0,
      1.0,
      1.0
   ],
   "ct_f1_weighted": [
      1.0,
      1.0,
      1.0,
      1.0,
      1.0,
      1.0,
      1.0,
      1.0,
      1.0,
      1.0
   ],
   "em_f1_micro": [
      1.0,
      1.0,
      1.0,
      1.0,
      1.0,
      1.0,
      1.0,
      1.0,
      1.0,
      1.0
   ],
   "em_f1_macro": [
      1.0,
      1.0,
      1.0,
      1.0,
      1.0,
      1.0,
      1.0,
      1.0,
      1.0,
      1.0
   ],
   "em_f1_weighted": [
      1.0,
      1.0,
      1.0,
      1.0,
      1.0,
      1.0,
      1.0,
      1.0,
      1.0,
      1.0
   ]
}