{
   "worker_count": 15,
   "expertise_scores": [
      [
         0.9332520267285038,
         0.6241646553130415,
         0.8199379973824819,
         0.5431634707741375,
         0.66370577639671,
         0.6450694808400532,
         0.9497173239847563,
         0.9589355752493451,
         0.593153183499806,
         0.8046805387810299,
         0.8437400345837835,
         0.9229934648041642,
         0.5862644097285805,
         0.8135236024639367,
         0.8180300915733176
      ],
      [
         0.8008009803391696,
         0.5174179488973829,
         0.5149136647568243,
         0.9729618084606275,
         0.8560999257254582,
         0.8549086385951372,
         0.6994126951758168,
         0.9185189531711868,
         0.7937594390485272,
         0.8185004108823659,
         0.9132056042901856,
         0.5507099926408977,
         0.8668925954581476,
         0.9525650105104208,
         0.9875449401639506
      ],
      [
         0.5745126440827987,
         0.6792753973314778,
         0.8453173570873687,
         0.9314633309517111,
         0.6419647281190544,
         0.6198916912116739,
         0.8697784599219462,
         0.7680419878594293,
         0.7673381099904428,
         0.7354281678371831,
         0.8739773178916346,
         0.6472319463766295,
         0.8037075113739354,
         0.5161441331262606,
         0.7168556168147457
      ],
      [
         0.6526981465846393,
         0.7584581860721412,
         0.8711427175699427,
         0.7262298450430544,
         0.5488483813698678,
         0.9218377043792634,
         0.7720250168696398,
         0.8553816248103439,
         0.5207898416207698,
         0.8232702174809655,
         0.6598040287615157,
         0.8345859331449945,
         0.7734048769078363,
         0.9693756644509653,
         0.8656296877294098
      ],
      [
         0.7450102602639672,
         0.6145929705246246,
         0.5532618473269868,
         0.63165669489802,
         0.8588825124974685,
         0.8312978333262131,
         0.9199803303534028,
         0.5279649041916245,
         0.6559864028071458,
         0.8867072149759809,
         0.5591724188672004,
         0.8178513726281247,
         0.5304536830200369,
         0.6711794465534874,
         0.6239990705648885
      ],
      [
         0.9447596022491882,
         0.9270104626518529,
         0.6997513772302948,
         0.9467157584982193,
         0.572179423126558,
         0.6825516571753103,
         0.9721470023320062,
         0.6153221059458972,
         0.785703995410767,
         0.8447670752868803,
         0.7785000560407094,
         0.6771553471535261,
         0.9129286442715363,
         0.7577600594810621,
         0.6781803114130303
      ],
      [
         0.6203893992959599,
         0.5680323668970284,
         0.7652996936491923,
         0.6304354144544977,
         0.8026632923220611,
         0.5616410616532136,
         0.6402458774227076,
         0.5187298213343102,
         0.6307504090115074,
         0.6469769670260388,
         0.8909225902140362,
         0.7733546584457562,
         0.9768520904353087,
         0.571799700347955,
         0.8819380229122114
      ],
      [
         0.8240434431251862,
         0.7839964105285816,
         0.8069159941129413,
         0.8239180498362189,
         0.6866478667375631,
         0.7045837440413059,
         0.603940163972185,
         0.9147386467300752,
         0.6531631283972195,
         0.7353288441247512,
         0.620520072053093,
         0.5605656732131217,
         0.7848626484458697,
         0.9263513529432623,
         0.7182237208604866
      ],
      [
         0.8887847516437619,
         0.7718508783918123,
         0.6430404897925643,
         0.5907988294449317,
         0.9750116261716624,
         0.9763777744000949,
         0.5379969565280596,
         0.6043272507573564,
         0.8930516428192395,
         0.6454188783725964,
         0.7731131398950242,
         0.8429870004655081,
         0.6007244529581027,
         0.5723210710375802,
         0.8825542691254155
      ],
      [
         0.5353568380188977,
         0.8836754414675558,
         0.6093710801602438,
         0.9258834576057118,
         0.868797487200168,
         0.5721776785842858,
         0.7572346466923736,
         0.7803716808704755,
         0.9865358560275375,
         0.8318441359267486,
         0.9462247982022693,
         0.7379560174692915,
         0.754996993978979,
         0.736252457601007,
         0.8804459584979429
      ]
   ],
   "mv_f1_micro": [
      1.0,
      1.0,
      1.0,
      1.0,
      1.0,
      1.0,
      1.0,
      1.0,
      1.0,
      1.0
   ],
   "mv_f1_macro": [
      1.0,
      1.0,
      1.0,
      1.0,
      1.0,
      1.0,
      1.0,
      1.0,
      1.0,
      1.0
   ],
   "mv_f1_weighted": [
      1.0,
      1.0,
      1.0,
      1.0,
      1.0,
      1.0,
      1.0,
      1.0,
      1.0,
      1.0
   ],
   "ct_f1_micro": [
      1.0,
      1.0,
      1.0,
      1.0,
      1.0,
      1.0,
      1.0,
      1.0,
      1.0,
      1.0
   ],
   "ct_f1_macro": [
      1.0,
      1.0,
      1.0,
      1.0,
      1.0,
      1.0,
      1.0,
      1.0,
      1.0,
      1.0
   ],
   "ct_f1_weighted": [
      1.0,
      1.0,
      1.0,
      1.0,
      1.0,
      1.0,
      1.0,
      1.0,
      1.0,
      1.0
   ],
   "em_f1_micro": [
      1.0,
      1.0,
      1.0,
      1.0,
      1.0,
      1.0,
      1.0,
      1.0,
      1.0,
      1.0
   ],
   "em_f1_macro": [
      1.0,
      1.0,
      1.0,
      1.0,
      1.0,
      1.0,
      1.0,
      1.0,
      1.0,
      1.0
   ],
   "em_f1_weighted": [
      1.0,
      1.0,
      1.0,
      1.0,
      1.0,
      1.0,
      1.0,
      1.0,
      1.0,
      1.0
   ]
}