{
   "worker_count": 18,
   "expertise_scores": [
      [
         0.8449509531096607,
         0.78311497929841,
         0.7505471709170787,
         0.8037024774456636,
         0.8644364985006511,
         0.6615198445163979,
         0.5552930929384392,
         0.719353198630312,
         0.5981421826921995,
         0.8923379901809897,
         0.7117738973882497,
         0.6758665967313497,
         0.8487894107958406,
         0.588356797673356,
         0.8201785342138797,
         0.6294445963741345,
         0.5349913308876701,
         0.6200868157863586
      ],
      [
         0.9461817748971451,
         0.6706947747562144,
         0.853584330228042,
         0.9738358675234317,
         0.7044296357407278,
         0.8933716595235552,
         0.5305192000691427,
         0.6345198409271195,
         0.6250257454717819,
         0.6849931133340504,
         0.6582843467077262,
         0.6662306807910311,
         0.7636739642529564,
         0.5729549834754194,
         0.6101067065464967,
         0.7801917144429502,
         0.9390029337612864,
         0.9575320619483649
      ],
      [
         0.6109070969003499,
         0.6310315142119834,
         0.5723765446761603,
         0.9103961538140588,
         0.8415001124157007,
         0.9869968471441701,
         0.8465890600267827,
         0.9743695985146802,
         0.9777571103859747,
         0.5688378684340691,
         0.856601736240588,
         0.619714749127025,
         0.6345662963780259,
         0.6286974528968446,
         0.718899111151379,
         0.9355537849710264,
         0.6915981642384796,
         0.6350752311084151
      ],
      [
         0.9353277856825155,
         0.6858288526854035,
         0.7876899208304355,
         0.5793263950303105,
         0.8516474125512254,
         0.7334381190795136,
         0.5272926914413196,
         0.6385140316100183,
         0.7808057120439282,
         0.771337593192877,
         0.5127322271624959,
         0.9717135299260353,
         0.9837488973492267,
         0.857528078043547,
         0.9058360884230078,
         0.6840473340431718,
         0.7176937875826735,
         0.9762002075924896
      ],
      [
         0.6031682797393683,
         0.551252434196649,
         0.7774991052139898,
         0.8121066658535756,
         0.9834806989079703,
         0.5615464910555064,
         0.6876118235742529,
         0.7637179516243495,
         0.9588117684567625,
         0.6738578614061955,
         0.683416253396213,
         0.971445189762414,
         0.6158488599029187,
         0.6856703342620298,
         0.8050430102083259,
         0.7650727642689965,
         0.8789249619850167,
         0.9226194246973565
      ],
      [
         0.7719492527147509,
         0.7965270655459447,
         0.6277334418967835,
         0.6531939302788127,
         0.9123698866013309,
         0.8215690711245276,
         0.7907033383944031,
         0.7880818053295653,
         0.8965369327847155,
         0.6273153868068279,
         0.7396224372537572,
         0.5401856145619057,
         0.843848619489346,
         0.9088579139079208,
         0.8903798109184631,
         0.7667257931970085,
         0.7771036916917093,
         0.9692832521495546
      ],
      [
         0.6396843655444435,
         0.9114220496639369,
         0.7790847974531727,
         0.6610283776895917,
         0.5778495567436236,
         0.8272459087794146,
         0.5668883866731773,
         0.6377581223835063,
         0.9497041941868904,
         0.6011987146412598,
         0.8273010294497647,
         0.8651446885750484,
         0.7463388232496546,
         0.9578173283318349,
         0.6128378510016634,
         0.8634926483805819,
         0.7901327561979317,
         0.525699431747795
      ],
      [
         0.7042113525783354,
         0.8125223197566467,
         0.6903369078146437,
         0.8445642533258675,
         0.6399769502804549,
         0.8790871274770868,
         0.8687983366100511,
         0.8680377202144847,
         0.8929020758331581,
         0.6225650546239901,
         0.586089386419205,
         0.884195102101246,
         0.9220549273856808,
         0.8228386755011068,
         0.825337000530018,
         0.8366266316146631,
         0.8824628273328687,
         0.6669810016623621
      ],
      [
         0.7596819035436403,
         0.811900662178646,
         0.8579452163247696,
         0.7846461434695755,
         0.8536547643133843,
         0.5898860905982505,
         0.8230812442468294,
         0.8830612692747606,
         0.733336657343723,
         0.6897651728334913,
         0.7113046753227021,
         0.6883366085550839,
         0.8768958739863568,
         0.8826540511364751,
         0.6383358956696701,
         0.8280932151775143,
         0.8426235928507071,
         0.782654124276555
      ],
      [
         0.5715388141064391,
         0.719115333425545,
         0.6162668587632144,
         0.7603567325519489,
         0.5541639557388633,
         0.5555912074445222,
         0.772993165546632,
         0.8031798811896937,
         0.5552752514038958,
         0.9015681358778975,
         0.6704761814177091,
         0.7992474931078319,
         0.6832981828008747,
         0.9420121150987237,
         0.6546273510524657,
         0.6657377149398318,
         0.9511543943830272,
         0.8458877331539031
      ]
   ],
   "mv_f1_micro": [
      1.0,
      1.0,
      1.0,
      1.0,
      1.0,
      1.0,
      1.0,
      1.0,
      1.0,
      1.0
   ],
   "mv_f1_macro": [
      1.0,
      1.0,
      1.0,
      1.0,
      1.0,
      1.0,
      1.0,
      1.0,
      1.0,
      1.0
   ],
   "mv_f1_weighted": [
      1.0,
      1.0,
      1.0,
      1.0,
      1.0,
      1.0,
      1.0,
      1.0,
      1.0,
      1.0
   ],
   "ct_f1_micro": [
      1.0,
      1.0,
      1.0,
      1.0,
      1.0,
      1.0,
      1.0,
      1.0,
      1.0,
      1.0
   ],
   "ct_f1_macro": [
      1.0,
      1.0,
      1.0,
      1.0,
      1.0,
      1.0,
      1.0,
      1.0,
      1.0,
      1.0
   ],
   "ct_f1_weighted": [
      1.0,
      1.0,
      1.0,
      1.0,
      1.0,
      1.0,
      1.0,
      1.0,
      1.0,
      1.0
   ],
   "em_f1_micro": [
      1.0,
      1.0,
      1.0,
      1.0,
      1.0,
      1.0,
      1.0,
      1.0,
      1.0,
      1.0
   ],
   "em_f1_macro": [
      1.0,
      1.0,
      1.0,
      1.0,
      1.0,
      1.0,
      1.0,
      1.0,
      1.0,
      1.0
   ],
   "em_f1_weighted": [
      1.0,
      1.0,
      1.0,
      1.0,
      1.0,
      1.0,
      1.0,
      1.0,
      1.0,
      1.0
   ]
}