{
   "worker_count": 13,
   "expertise_scores": [
      [
         0.5472446038851726,
         0.6045793240992832,
         0.9116671680163808,
         0.5799583096609463,
         0.8873491065256325,
         0.7538906993385619,
         0.9106806788767566,
         0.6621644151184306,
         0.5374387695517387,
         0.9772281314825957,
         0.5318997735174895,
         0.6986350258077245,
         0.823251548481323
      ],
      [
         0.9089191244425661,
         0.7351122792969048,
         0.7336459581877938,
         0.8163851478591744,
         0.6585389174298313,
         0.8914188355189969,
         0.677658869030233,
         0.8183277626489421,
         0.9689527829062338,
         0.8581249253868168,
         0.5903566897444031,
         0.728240450369358,
         0.8164843796590742
      ],
      [
         0.8397146689422688,
         0.5827041441948326,
         0.6974784290149928,
         0.7145376350006514,
         0.9471536786405886,
         0.9335686785178229,
         0.6764706283453018,
         0.5135339782288854,
         0.6569841556183957,
         0.8907598352987683,
         0.5802688529920711,
         0.8220334285206432,
         0.7163052254842204
      ],
      [
         0.7846139079511614,
         0.5207374269965408,
         0.7557363240791931,
         0.9040488270733575,
         0.851037795567998,
         0.5279745050007791,
         0.5171626090128104,
         0.8862454090981166,
         0.9153306764826146,
         0.917807221231131,
         0.6783030931085661,
         0.884294684958902,
         0.7199257787395332
      ],
      [
         0.6245713893301845,
         0.5364613988445779,
         0.9876132574872313,
         0.5377730292986407,
         0.6681626302474307,
         0.8893327467393428,
         0.9089077678268978,
         0.592640888636053,
         0.7253478771071533,
         0.6683686569431955,
         0.9559180366914073,
         0.5914367698265566,
         0.716398361648276
      ],
      [
         0.7924706014711984,
         0.5500585090139524,
         0.7120692562852202,
         0.7598053385481995,
         0.6025582769167037,
         0.5618729773806854,
         0.5775123084920992,
         0.5386231218938833,
         0.7415737352796921,
         0.7123840842424064,
         0.6802049434241764,
         0.6120409873012322,
         0.5858975236399725
      ],
      [
         0.8776247861864216,
         0.5721183347793959,
         0.9097540167271893,
         0.8348144785608782,
         0.6657897132261759,
         0.5427199902270468,
         0.6822791765912825,
         0.6017804673625328,
         0.5380949051526343,
         0.6117097533862745,
         0.9734004242929514,
         0.6353259393306857,
         0.7698387120373436
      ],
      [
         0.7046855689809911,
         0.8066994979163719,
         0.7812531887748322,
         0.9333394384660657,
         0.8340159862410155,
         0.8386224900094804,
         0.6954711387422701,
         0.6038849977106572,
         0.856719611451519,
         0.5286290139863613,
         0.9046739440234146,
         0.794276424763289,
         0.55947123322613
      ],
      [
         0.5996464794802403,
         0.6966510313009909,
         0.7602309334148568,
         0.6679407417207021,
         0.8931048419178065,
         0.9081425200417456,
         0.7501617211255276,
         0.8786218777988075,
         0.9332044168695616,
         0.9618020370806564,
         0.8878814916465827,
         0.725136098734753,
         0.7258809140177103
      ],
      [
         0.6715579114099797,
         0.6141061881332804,
         0.9079902272483973,
         0.7796574923141213,
         0.7931484860023975,
         0.769726587186055,
         0.803990306577352,
         0.8360532543286641,
         0.8377690283049283,
         0.7575045612489947,
         0.8651953113441009,
         0.6037579586514806,
         0.6939727095213406
      ]
   ],
   "mv_f1_micro": [
      1.0,
      1.0,
      1.0,
      1.0,
      1.0,
      0.9939879759519038,
      1.0,
      1.0,
      1.0,
      1.0
   ],
   "mv_f1_macro": [
      1.0,
      1.0,
      1.0,
      1.0,
      1.0,
      0.9938522561657874,
      1.0,
      1.0,
      1.0,
      1.0
   ],
   "mv_f1_weighted": [
      1.0,
      1.0,
      1.0,
      1.0,
      1.0,
      0.9939839848191865,
      1.0,
      1.0,
      1.0,
      1.0
   ],
   "ct_f1_micro": [
      1.0,
      1.0,
      1.0,
      1.0,
      1.0,
      0.9959919839679359,
      1.0,
      1.0,
      1.0,
      1.0
   ],
   "ct_f1_macro": [
      1.0,
      1.0,
      1.0,
      1.0,
      1.0,
      0.9958143602925557,
      1.0,
      1.0,
      1.0,
      1.0
   ],
   "ct_f1_weighted": [
      1.0,
      1.0,
      1.0,
      1.0,
      1.0,
      0.9959893417423364,
      1.0,
      1.0,
      1.0,
      1.0
   ],
   "em_f1_micro": [
      1.0,
      1.0,
      1.0,
      1.0,
      1.0,
      0.9959919839679359,
      0.9979959919839679,
      1.0,
      1.0,
      1.0
   ],
   "em_f1_macro": [
      1.0,
      1.0,
      1.0,
      1.0,
      1.0,
      0.9958143602925557,
      0.9980190252034913,
      1.0,
      1.0,
      1.0
   ],
   "em_f1_weighted": [
      1.0,
      1.0,
      1.0,
      1.0,
      1.0,
      0.9959893417423364,
      0.9979955989256143,
      1.0,
      1.0,
      1.0
   ]
}