{
   "worker_count": 10,
   "expertise_scores": [
      [
         0.815519182587836,
         0.908555874666791,
         0.7577549241726642,
         0.6994511027277677,
         0.5797497148952679,
         0.6588532305534878,
         0.9404615430078199,
         0.9094349778018976,
         0.8375668613453606,
         0.8149370744967614
      ],
      [
         0.7100865089249382,
         0.8389428691428609,
         0.5659136058380573,
         0.5134033511308931,
         0.9153236087834293,
         0.6497670605551737,
         0.5300766730891036,
         0.7267374413165197,
         0.6888676253518949,
         0.6352388578380147
      ],
      [
         0.9779529507193752,
         0.9008620606368161,
         0.8191362189238176,
         0.6938632548035186,
         0.5576839517200608,
         0.6346161992702086,
         0.6335993259460307,
         0.8738902022432433,
         0.5631199492243955,
         0.6132043421705137
      ],
      [
         0.9071032243496093,
         0.536545326935774,
         0.656768401828508,
         0.55829331808388,
         0.7498911947578866,
         0.5300374706320663,
         0.9674414418249655,
         0.9760274148993036,
         0.7716301238376564,
         0.7772313330312002
      ],
      [
         0.9366684801241618,
         0.5543146211602721,
         0.8203065280281178,
         0.9645882191551475,
         0.8476664324436832,
         0.7917425937011935,
         0.897117484332622,
         0.6311986549769009,
         0.7975529492486493,
         0.8740456858064929
      ],
      [
         0.6788899229466641,
         0.6644383014075861,
         0.659238930588801,
         0.8089242920141329,
         0.9179694805276133,
         0.9016069310813184,
         0.7101774868696056,
         0.939361040349213,
         0.9839961809254127,
         0.7121443145804287
      ],
      [
         0.6619223238093213,
         0.5279909235734868,
         0.886787131773384,
         0.5409077074001101,
         0.855008407406727,
         0.6315819160593109,
         0.5973096245263461,
         0.8313178717807114,
         0.9260602531642261,
         0.8055912944661126
      ],
      [
         0.8729939172428387,
         0.9060655441817351,
         0.6657944154018912,
         0.6416674189184937,
         0.9803033324742586,
         0.7846317733761112,
         0.53232938242586,
         0.9834111160736401,
         0.7505661273267469,
         0.5151135435204641
      ],
      [
         0.7495387999301875,
         0.5857849154014175,
         0.7852264906817585,
         0.7931479778804837,
         0.5344260029817623,
         0.6123912424458606,
         0.6082060725019138,
         0.6787937177342815,
         0.9609170781133437,
         0.7319953078583089
      ],
      [
         0.8593727955723198,
         0.7703656661657681,
         0.6741762623482148,
         0.7001652390203291,
         0.8878509216373336,
         0.664970049301979,
         0.9263061707491822,
         0.8272899783822816,
         0.5188732848393776,
         0.7302487596444432
      ]
   ],
   "mv_f1_micro": [
      0.9979959919839679,
      0.9859719438877755,
      0.9959919839679359,
      1.0,
      1.0,
      1.0,
      1.0,
      1.0,
      0.9979959919839679,
      0.9979959919839679
   ],
   "mv_f1_macro": [
      0.9978130511463845,
      0.9860340395207728,
      0.9960780544073824,
      1.0,
      1.0,
      1.0,
      1.0,
      1.0,
      0.998019801980198,
      0.998019801980198
   ],
   "mv_f1_weighted": [
      0.9979931644594303,
      0.9859500504386325,
      0.9959915986929159,
      1.0,
      1.0,
      1.0,
      1.0,
      1.0,
      0.9979959919839679,
      0.9979959919839679
   ],
   "ct_f1_micro": [
      0.9979959919839679,
      0.9959919839679359,
      0.9979959919839679,
      1.0,
      1.0,
      1.0,
      1.0,
      1.0,
      1.0,
      1.0
   ],
   "ct_f1_macro": [
      0.9978130511463845,
      0.9960582524271846,
      0.9980390272036914,
      1.0,
      1.0,
      1.0,
      1.0,
      1.0,
      1.0,
      1.0
   ],
   "ct_f1_weighted": [
      0.9979931644594303,
      0.9959713601961204,
      0.997995799346458,
      1.0,
      1.0,
      1.0,
      1.0,
      1.0,
      1.0,
      1.0
   ],
   "em_f1_micro": [
      0.9979959919839679,
      0.9899799599198397,
      0.9979959919839679,
      1.0,
      1.0,
      1.0,
      1.0,
      1.0,
      1.0,
      1.0
   ],
   "em_f1_macro": [
      0.9978130511463845,
      0.9899414107305077,
      0.9980390272036914,
      1.0,
      1.0,
      1.0,
      1.0,
      1.0,
      1.0,
      1.0
   ],
   "em_f1_weighted": [
      0.9979931644594303,
      0.9899611250506407,
      0.997995799346458,
      1.0,
      1.0,
      1.0,
      1.0,
      1.0,
      1.0,
      1.0
   ]
}