{
   "worker_count": 30,
   "expertise_scores": [
      [
         0.6525111402740393,
         0.6057114444081914,
         0.7633484604033451,
         0.6461820078345355,
         0.5552834452885332,
         0.9269173336312789,
         0.7749099362967973,
         0.7343082993588886,
         0.8325730874982493,
         0.8920938188035621,
         0.8158374933972737,
         0.715209952199592,
         0.5744729714269001,
         0.5494970511937306,
         0.5533137197568683,
         0.903703772954863,
         0.9636503159584835,
         0.979739704517995,
         0.7464982528805499,
         0.6327819070152633,
         0.6081780869060562,
         0.8621798429840904,
         0.9324919095130709,
         0.8581839325850018,
         0.6612485441505149,
         0.7406944786568251,
         0.737608579621216,
         0.8843885929690687,
         0.9105881721100992,
         0.8862975428462027
      ],
      [
         0.8125544241742785,
         0.5652289526449967,
         0.8855656254886277,
         0.9666000362668985,
         0.8969664080846753,
         0.581741638455795,
         0.9695594241817298,
         0.5482285952913352,
         0.573743371528039,
         0.9154123924419992,
         0.7746560107914002,
         0.7842968402035212,
         0.9766976011932464,
         0.989005919646492,
         0.7205995396866771,
         0.6522856085811537,
         0.5696771656899531,
         0.8851885487522477,
         0.5327820149389161,
         0.822390939617013,
         0.9488145928229716,
         0.834744192914114,
         0.584445630481138,
         0.6899251830752453,
         0.749690276148396,
         0.57881104722956,
         0.6371945593180206,
         0.8999428855778753,
         0.9055044778970898,
         0.9898077679974481
      ],
      [
         0.7664258732391984,
         0.8409440693188432,
         0.7784514056684962,
         0.542767967389247,
         0.6162365580111148,
         0.5927607671992526,
         0.8687809574370362,
         0.6893631050494706,
         0.5464184347911258,
         0.8007126391426365,
         0.7782916392659172,
         0.8209256135460308,
         0.6386381589048302,
         0.6622872538018942,
         0.913531950185563,
         0.8315901074971402,
         0.8041616167193393,
         0.8123231346834935,
         0.9576157855844016,
         0.8556018660559627,
         0.9265094988102397,
         0.760199217138091,
         0.8646442102770968,
         0.6907957401266804,
         0.7370907513139568,
         0.9749632651277693,
         0.8725328237429048,
         0.9076191609243551,
         0.8437948775122368,
         0.9321540054421988
      ],
      [
         0.9641047196735718,
         0.8227083076241644,
         0.8220893485886462,
         0.8156097133430824,
         0.8061628125050497,
         0.6216341360266964,
         0.789616025239684,
         0.7139749414608205,
         0.6406446647443329,
         0.8220881700849023,
         0.8793138785862739,
         0.7311872751770601,
         0.6979004305125793,
         0.8548060121586519,
         0.9576491757051768,
         0.9250430806103964,
         0.8253628577138141,
         0.5973031824189637,
         0.9232071501296064,
         0.9534979620707735,
         0.8186021381802213,
         0.7321496275747297,
         0.7893745773037673,
         0.984656311906825,
         0.8057355216498192,
         0.7723123689260134,
         0.6496913836917733,
         0.7168249413793979,
         0.7658092146811064,
         0.8508459491225091
      ],
      [
         0.6816897589217034,
         0.6141589373975124,
         0.6437487392961754,
         0.5637037879006078,
         0.5170635693380662,
         0.7903685328009917,
         0.6540306103930927,
         0.9566400147477325,
         0.8198626300358831,
         0.7841674655210983,
         0.805821195337156,
         0.8394842731674694,
         0.9346920027883125,
         0.9200339609455614,
         0.9524784196317502,
         0.747616283515753,
         0.8502628327038539,
         0.5329633373083362,
         0.5892094193185642,
         0.6569922768438125,
         0.5244747718194921,
         0.8989788356433717,
         0.5734413882838709,
         0.5719693161898484,
         0.8127618392150275,
         0.8558668786922705,
         0.657415984297783,
         0.757790983693639,
         0.987458314245026,
         0.7348319733741455
      ],
      [
         0.8691269919934624,
         0.5357379606662651,
         0.759179241276499,
         0.7666907821132728,
         0.5398948754204345,
         0.6283056116954461,
         0.936365523437579,
         0.9540750606768833,
         0.6147001526238299,
         0.8883996916929178,
         0.5665076678615044,
         0.6722124036182322,
         0.7269724150121543,
         0.7528312312198951,
         0.7768811022328008,
         0.7143339735541004,
         0.7233406399287067,
         0.8321949100878857,
         0.7326387965334636,
         0.6937359188732738,
         0.8908202667104466,
         0.9741695724193944,
         0.8606014162194757,
         0.9730444346954313,
         0.7661574696186315,
         0.5118037795807528,
         0.9270141250137655,
         0.8961236561852758,
         0.8341853861040229,
         0.8879086010679713
      ],
      [
         0.5891807491323366,
         0.8149105439920825,
         0.619862707964935,
         0.9093508681389486,
         0.5771468229165873,
         0.7956504023087165,
         0.6548569315505784,
         0.530859587134676,
         0.8836058432401163,
         0.6769202022385112,
         0.590946500718147,
         0.7655792385317373,
         0.7732291408366228,
         0.7844000823859429,
         0.9312380991293996,
         0.6119953288573914,
         0.6947150985937529,
         0.7656375311700212,
         0.5960524150166044,
         0.7660742944060716,
         0.7241014994606079,
         0.6699536886673907,
         0.8945588170302536,
         0.8775863629590118,
         0.6703902850926576,
         0.7935459274176229,
         0.899812594060474,
         0.5640327865939849,
         0.6909091711352522,
         0.8455716932304304
      ],
      [
         0.937409572327828,
         0.9896583508708785,
         0.9150371184644353,
         0.8025483048674591,
         0.9080286823475398,
         0.9778224553493577,
         0.8590280647530639,
         0.8018256475082959,
         0.6178867791292915,
         0.8708695267159285,
         0.6215633098436292,
         0.9346566388438755,
         0.6341458574767613,
         0.5454360288923252,
         0.9701249769250548,
         0.7278993643434023,
         0.637806280178243,
         0.9832005113501937,
         0.6772142723149797,
         0.7014358634641685,
         0.9879752673132555,
         0.5544467307236204,
         0.6243200363758975,
         0.7349258843644142,
         0.8047868295641721,
         0.5699589338903309,
         0.5527400952160167,
         0.6213303579374717,
         0.7181054273062426,
         0.6432607979563206
      ],
      [
         0.8545151265677061,
         0.5798180459409064,
         0.8131400033119063,
         0.7733589277028319,
         0.9743951038636132,
         0.7811750893518805,
         0.6793387407308413,
         0.8311040387753224,
         0.8972434194161936,
         0.5427274365658064,
         0.8372705752271912,
         0.6656403526640939,
         0.8773412921514627,
         0.6480703239249742,
         0.6281007777031972,
         0.5170920425383078,
         0.513461942204705,
         0.558524564440201,
         0.7084502464581499,
         0.7998851325380042,
         0.8862366151137493,
         0.8691532446857182,
         0.9880874798549124,
         0.9292914765473017,
         0.6812293208866073,
         0.94619427567134,
         0.5905620620172165,
         0.7320412418925686,
         0.555640552049822,
         0.7974546409393352
      ],
      [
