{
   "worker_count": 40,
   "expertise_scores": [
      [
         0.6989580991675499,
         0.7936983720068829,
         0.7631015578731642,
         0.7795522102371089,
         0.6843718337193685,
         0.9767666023733004,
         0.9033459225718341,
         0.6883326288286222,
         0.848350754732045,
         0.5793064819644713,
         0.5324665277053251,
         0.5864803687243176,
         0.5989305588673315,
         0.9171025537247428,
         0.5562120043151315,
         0.9275000503355353,
         0.8551371105819554,
         0.909937911421385,
         0.6650829481943132,
         0.8685776901424832,
         0.6517096274302622,
         0.6960008751474158,
         0.9647306008583537,
         0.6093839214210016,
         0.8118434158247249,
         0.7245065920641488,
         0.6666863444847891,
         0.6537369512762617,
         0.7946554371395707,
         0.6026191977555627,
         0.6056610045634319,
         0.833751123440112,
         0.5532034695139919,
         0.7102920734976054,
         0.7561907723988209,
         0.7695428084469689,
         0.5859728976062327,
         0.5788736202069715,
         0.9707045391219413,
         0.5776366458047064
      ],
      [
         0.8538148817027619,
         0.7796982721957901,
         0.8398851373265106,
         0.797889316244075,
         0.9727558234250293,
         0.5234132848856101,
         0.8271045202785285,
         0.9447784975350421,
         0.6958556368119644,
         0.8722655609930069,
         0.8622951425569222,
         0.5233928546542432,
         0.9116367056276715,
         0.5440768362341896,
         0.6473221615482123,
         0.6682503147692778,
         0.5748094101467508,
         0.6602128795751323,
         0.7777213786754689,
         0.6208962291049555,
         0.7391346609580973,
         0.6720341869101112,
         0.633557817045848,
         0.6894053838121044,
         0.6065992086488288,
         0.7442705082853271,
         0.9880351050712988,
         0.6314722570156192,
         0.6981952404198892,
         0.9715612781572511,
         0.9073497802776551,
         0.9578402526457934,
         0.5745214999430001,
         0.5249608349263901,
         0.7686892095270259,
         0.6755191151856462,
         0.7942444128904274,
         0.7760160375776284,
         0.6069963975709952,
         0.6723706076519201
      ],
      [
         0.7981402291698856,
         0.624345267892098,
         0.8357800481844768,
         0.8289294405990926,
         0.7972076721512078,
         0.8545040159084318,
         0.6969303913079387,
         0.5509602656749011,
         0.9039812871208057,
         0.6925221324506554,
         0.7860671193559816,
         0.9057193999639985,
         0.9167530850829304,
         0.8325427021283514,
         0.6148836127599242,
         0.7362418489002017,
         0.7027188465495342,
         0.7590184443039951,
         0.7964874994958845,
         0.5235922320007593,
         0.7897282404788872,
         0.9075828416402322,
         0.5844346969338148,
         0.56048731144716,
         0.5413584995349602,
         0.8711419219679987,
         0.6613745924899506,
         0.8107575240798401,
         0.6191833806525198,
         0.7228380686116663,
         0.8691237932968414,
         0.52622323559281,
         0.960526668408221,
         0.6296920393836554,
         0.8054833794374042,
         0.6338433691991928,
         0.6145635191475379,
         0.8674010140127227,
         0.8362149992839096,
         0.7681042872342528
      ],
      [
         0.8857228551711506,
         0.7035949954987661,
         0.5497789339461788,
         0.7661630671420747,
         0.9894949929532109,
         0.8561764188449403,
         0.5582512702645002,
         0.6651037165892553,
         0.6063912621111538,
         0.6099465798531689,
         0.9184116991119489,
         0.8400870783319676,
         0.7279484482423682,
         0.7156576644016288,
         0.5176809790537047,
         0.6974322512652155,
         0.7052784219964663,
         0.9028878081256431,
         0.8686834122800178,
         0.6702670869400258,
         0.6252443296077607,
         0.7041364747356048,
         0.8226814559874629,
         0.9471473887867647,
         0.7454559279501687,
         0.671298422297256,
         0.755767889480383,
         0.8409463676575892,
         0.860224670341033,
         0.8316663514853688,
         0.771765697981736,
         0.7162952324034537,
         0.987691892288876,
         0.9046444330554888,
         0.6400143543966351,
         0.7233385694861881,
         0.5593495521815336,
         0.7353657244140074,
         0.8179801506242953,
         0.6229244289236381
      ],
      [
         0.5376130821786946,
         0.8341305611309113,
         0.5599618980361594,
         0.7206223332226683,
         0.8986106094669317,
         0.5834358603413228,
         0.9370669481160299,
         0.9686645986131782,
         0.7180125800536128,
         0.7614882936221281,
         0.6243834154270353,
         0.9416050511621612,
         0.6683815178001072,
         0.7399072508017064,
         0.6370828525433094,
         0.6108361550680091,
         0.5724630281186112,
         0.891244195764339,
         0.7856178854114313,
         0.5523639657735865,
         0.7762760557224753,
         0.982441698034008,
         0.8353787812097804,
         0.5948187137577825,
         0.8528709466967798,
         0.6074164129277507,
         0.6191724476013787,
         0.8433990767559653,
         0.8491722075133541,
         0.8657057569273852,
         0.7264472148715141,
         0.6273675703304029,
         0.9270404939323336,
         0.5160026313644959,
         0.9288547147913427,
         0.6290937239907508,
         0.5984469307022416,
         0.5820596270944913,
         0.712696772820487,
         0.8306035644268883
      ],
      [
         0.6552706566518659,
         0.6896717139374687,
         0.5964057653553201,
         0.8246066856766292,
         0.5521073625624182,
         0.519189843877291,
         0.5565382089095842,
         0.9284884413716603,
         0.8176024528664856,
         0.5367924103701711,
         0.879119320754576,
         0.9063767346624885,
         0.5620421275048125,
         0.7925958007867713,
         0.764850921327513,
         0.6090858623220777,
         0.5637513736332271,
         0.6410396529465642,
         0.6495942721931138,
         0.9615100262709393,
         0.8304622289959268,
         0.5736265302760848,
         0.7245738338224903,
         0.8905215106706454,
         0.8398882908687826,
         0.966628747253626,
         0.7737383505003732,
         0.9514113882287174,
         0.6328531830040832,
         0.8808739233999654,
         0.9395556344383494,
         0.6358950853170571,
         0.5833690275474555,
         0.9250907559629178,
         0.7003738367000873,
         0.6853080871652553,
         0.8473574502782637,
         0.9553267263156204,
         0.539425857584746,
         0.5655099773407679
      ],
      [
         0.920948676355442,
         0.6365370121524068,
         0.9825093763917798,
         0.6983270637435547,
         0.5630111139224627,
         0.9730166848799247,
         0.6244774769130885,
         0.6541715581541796,
         0.880136676599997,
         0.8693341462846664,
         0.9865739773605787,
         0.8812812720214547,
         0.9325966639401587,
         0.7278294694945506,
         0.520969670721564,
         0.8366235564259636,
         0.7031057828579701,
         0.8018506834192242,
         0.9140482102755609,
         0.7356344725857724,
         0.5571906231889325,
         0.6830295782329991,
         0.9462073272194886,
         0.5853760457129157,
         0.5200408205984202,
         0.7281397357983258,
         0.7269550450774949,
         0.7170568016610784,
         0.8597536442914461,
         0.8032631590075948,
         0.6985577091824082,
