{
   "worker_count": 8,
   "expertise_scores": [
      [
         0.6236363893342826,
         0.5962249570340299,
         0.9625313721013493,
         0.827876758916538,
         0.8967143262536903,
         0.9263383059930925,
         0.5965568603005315,
         0.9155448092903331
      ],
      [
         0.9416723533256639,
         0.5878208040237294,
         0.6486403906671427,
         0.5814610795656949,
         0.8238735519779493,
         0.8850411065723385,
         0.7243980306169939,
         0.5590587254456609
      ],
      [
         0.9842298181466358,
         0.6732603039589239,
         0.9775028512848751,
         0.7829278071682053,
         0.7794723405466131,
         0.877673168938665,
         0.7415628114338806,
         0.6310481544666925
      ],
      [
         0.80956895060067,
         0.5164139045361097,
         0.533590982175796,
         0.6289688554109696,
         0.7144765949200828,
         0.8193508686287576,
         0.7590233624852543,
         0.6996241280934715
      ],
      [
         0.6566633680342628,
         0.5596320943238595,
         0.7966207526101564,
         0.8446611640972481,
         0.6541002868402748,
         0.8649127479466572,
         0.6428971571521839,
         0.6664838488888336
      ],
      [
         0.5292690581783583,
         0.5149211928604586,
         0.5530207948542515,
         0.8862743393450139,
         0.985692880553352,
         0.6265166058116926,
         0.9857917570950853,
         0.8777216613386032
      ],
      [
         0.8398436597589272,
         0.557730631656402,
         0.7346447762760818,
         0.644790079349765,
         0.7277043556314063,
         0.8186958691202981,
         0.6730449919058982,
         0.5695342762736815
      ],
      [
         0.6478736569891528,
         0.7015629914964971,
         0.7898067419677054,
         0.7246432097643781,
         0.6758780388042176,
         0.5874452827469777,
         0.6439917072179996,
         0.7896792115557654
      ],
      [
         0.6794724515803163,
         0.8604276048704824,
         0.9369083055311294,
         0.7171952828081507,
         0.8742918608764746,
         0.8962442984799657,
         0.7884595548964419,
         0.5687387157243055
      ],
      [
         0.5591760133394676,
         0.9192758923133572,
         0.9529964265039399,
         0.7149429074376837,
         0.5104622915998112,
         0.8408594669998303,
         0.9777721917285394,
         0.6766695238731268
      ]
   ],
   "mv_f1_micro": [
      1.0,
      0.9919839679358717,
      0.9979959919839679,
      0.9839679358717435,
      0.9979959919839679,
      0.9979959919839679,
      0.9919839679358717,
      0.9819639278557114,
      0.9979959919839679,
      0.9959919839679359
   ],
   "mv_f1_macro": [
      1.0,
      0.9921491142775605,
      0.9980190252034913,
      0.9839794729033725,
      0.9980582524271846,
      0.9980190252034913,
      0.9921740026877968,
      0.9818632252089781,
      0.9978050817129904,
      0.9960580524071825
   ],
   "mv_f1_weighted": [
      1.0,
      0.9919993778164203,
      0.9979955989256143,
      0.9839086277861596,
      0.9979959919839678,
      0.9979955989256143,
      0.9920022718296858,
      0.9819483115699427,
      0.9979981434896513,
      0.9959913982720723
   ],
   "ct_f1_micro": [
      1.0,
      0.9959919839679359,
      1.0,
      0.9859719438877755,
      0.9959919839679359,
      1.0,
      0.9939879759519038,
      0.9919839679358717,
      1.0,
      0.9979959919839679
   ],
   "ct_f1_macro": [
      1.0,
      0.9960723912206392,
      1.0,
      0.9860375253105552,
      0.9960588291838892,
      1.0,
      0.9940978563875806,
      0.9920007209846997,
      1.0,
      0.9980390272036912
   ],
   "ct_f1_weighted": [
      1.0,
      0.9959888973171603,
      1.0,
      0.9860120483132883,
      0.9959917913304258,
      1.0,
      0.9939681342883786,
      0.9920156054291437,
      1.0,
      0.997995799346458
   ],
   "em_f1_micro": [
      1.0,
      0.9959919839679359,
      1.0,
      0.9799599198396793,
      0.9939879759519038,
      1.0,
      0.9939879759519038,
      0.9799599198396793,
      1.0,
      0.9959919839679359
   ],
   "em_f1_macro": [
      1.0,
      0.9960723912206392,
      1.0,
      0.9800559844028729,
      0.9938533874962469,
      1.0,
      0.9940978563875806,
      0.980009463573752,
      1.0,
      0.9960972796308758
   ],
   "em_f1_weighted": [
      1.0,
      0.9959888973171603,
      1.0,
      0.9798990661987615,
      0.9939851410887942,
      1.0,
      0.9939681342883786,
      0.9799963897009055,
      1.0,
      0.9959917913304258
   ]
}