{
   "worker_count": 5,
   "expertise_scores": [
      [
         0.87924992229649,
         0.8797111757355609,
         0.5244018712967695,
         0.8585577898022085,
         0.8897789670270402
      ],
      [
         0.9839136408646078,
         0.6439748730133816,
         0.7459451625310596,
         0.7132399741113521,
         0.6308270419761922
      ],
      [
         0.8835227610923766,
         0.5949019317628818,
         0.7569833216719817,
         0.791354711045506,
         0.6606779711306177
      ],
      [
         0.5451337282633258,
         0.9186010733227896,
         0.8057994689096426,
         0.6087398301131135,
         0.8263765875696771
      ],
      [
         0.9226425605353292,
         0.5521808779058878,
         0.6864067864058199,
         0.5881632504222276,
         0.8287244923986576
      ],
      [
         0.8927425819602397,
         0.9745709002687101,
         0.7368530442840215,
         0.9455692972099276,
         0.5172599214441498
      ],
      [
         0.5770210008762136,
         0.9855530429997663,
         0.6083835790225324,
         0.7866152684912098,
         0.5523534560624033
      ],
      [
         0.7969683775355645,
         0.7938196978352202,
         0.8543343817011435,
         0.7824572099342868,
         0.7596635979813711
      ],
      [
         0.5842075015993566,
         0.7517556807938996,
         0.8246664863201486,
         0.6655966374485849,
         0.5727003921927319
      ],
      [
         0.9476759828914787,
         0.6395382675974943,
         0.7886789756569368,
         0.9688038169472538,
         0.8927296740755034
      ]
   ],
   "mv_f1_micro": [
      0.9939879759519038,
      0.969939879759519,
      0.9579158316633266,
      0.9779559118236473,
      0.9759519038076152,
      1.0,
      0.9498997995991983,
      0.9919839679358717,
      0.9318637274549099,
      0.9979959919839679
   ],
   "mv_f1_macro": [
      0.9941170816110738,
      0.9695762447718881,
      0.9576670076638303,
      0.977999854180509,
      0.9761729585616621,
      1.0,
      0.9503759857140073,
      0.9920982333527469,
      0.9318087900536064,
      0.9980575200377182
   ],
   "mv_f1_weighted": [
      0.9939877833143937,
      0.9697568823716038,
      0.9580074090404712,
      0.9779366810074867,
      0.9758782286904425,
      1.0,
      0.949778242288044,
      0.9919839679358717,
      0.9316939799101531,
      0.9979956140475198
   ],
   "ct_f1_micro": [
      0.9939879759519038,
      0.9939879759519038,
      0.9759519038076152,
      0.9859719438877755,
      0.9839679358717435,
      1.0,
      0.9879759519038076,
      0.9879759519038076,
      0.9498997995991983,
      1.0
   ],
   "ct_f1_macro": [
      0.9941170816110738,
      0.9941330095273679,
      0.9756546233721031,
      0.9855307616592132,
      0.9835374159822671,
      1.0,
      0.9881716945406265,
      0.9881553764252985,
      0.949922741704874,
      1.0
   ],
   "ct_f1_weighted": [
      0.9939877833143937,
      0.9939857072635838,
      0.9758851705137117,
      0.9859559786264616,
      0.9839374008859098,
      1.0,
      0.9879311928373157,
      0.9879351085320189,
      0.9499000084947241,
      1.0
   ],
   "em_f1_micro": [
      0.9919839679358717,
      0.9919839679358717,
      0.9659318637274549,
      0.9739478957915831,
      0.9779559118236473,
      1.0,
      0.969939879759519,
      0.9859719438877755,
      0.9318637274549099,
      1.0
   ],
   "em_f1_macro": [
      0.9919210319936049,
      0.9916155724449004,
      0.9659777072559033,
      0.9736283559660526,
      0.9773738296070924,
      1.0,
      0.9705271678212855,
      0.9861951688682777,
      0.9317611964385006,
      1.0
   ],
   "em_f1_weighted": [
      0.9919847705344373,
      0.9919527457666841,
      0.9659750941730569,
      0.9740402194280671,
      0.9779129020611985,
      1.0,
      0.9698782519954275,
      0.9859705874283209,
      0.9317778819747954,
      1.0
   ]
}