{
   "worker_count": 15,
   "expertise_scores": [
      [
         0.6567988300776862,
         0.5198833236024997,
         0.5464414655787269,
         0.40991127887205764,
         0.7355215253761535,
         0.64814982318136,
         0.6185018311282655,
         0.39923688816427755,
         0.724646284976066,
         0.4592571546601739,
         0.38398206961710335,
         0.5118524479959441,
         0.7314846537144093,
         0.7855207153300805,
         0.5620545954266436
      ],
      [
         0.5561912576663879,
         0.7472876618855409,
         0.46183564066414184,
         0.6748969264952007,
         0.5544345260432322,
         0.5241781344877298,
         0.5097774039179633,
         0.427879770559127,
         0.4228835969104057,
         0.7995049121661957,
         0.51511824680548,
         0.5776779050659692,
         0.7272897125742604,
         0.5186353227271275,
         0.6727592389659356
      ],
      [
         0.7491987738168958,
         0.6187047526157822,
         0.6283808212461943,
         0.6946700873137188,
         0.3900785031579961,
         0.43061978015174773,
         0.7330594491705181,
         0.7862635236861065,
         0.3646444160754552,
         0.7998815103192648,
         0.7213491068351292,
         0.37837183639869704,
         0.3271299221963993,
         0.7891161667588769,
         0.5749219911374043
      ],
      [
         0.7852465861484558,
         0.561369498032674,
         0.6090449419862294,
         0.7492059710881267,
         0.33375496175801156,
         0.5194847696227614,
         0.6425657851276955,
         0.5254492733136038,
         0.441817986990456,
         0.534420602838886,
         0.4344104174357963,
         0.44770497594933406,
         0.4526787665633922,
         0.36058298594334576,
         0.6434462163189205
      ],
      [
         0.528010367914177,
         0.5108179767262356,
         0.6280417433429264,
         0.7532693443371226,
         0.6964481056595266,
         0.3622358128253599,
         0.7073297622274697,
         0.4969578735560536,
         0.7840972647803255,
         0.35176445614793134,
         0.3297474001662643,
         0.7794604659595319,
         0.7595110128572881,
         0.6018922927544519,
         0.45474348417908195
      ],
      [
         0.5803500585403191,
         0.437211817189739,
         0.5359327260655739,
         0.5219440059141127,
         0.6741249822036381,
         0.3706061851183671,
         0.4206966883458141,
         0.7833632550456959,
         0.35742830455772023,
         0.5513643607878165,
         0.3588980816136139,
         0.37435970151836834,
         0.7347325091076591,
         0.7542366054243226,
         0.7793721723835566
      ],
      [
         0.4120233017998183,
         0.4954742775986404,
         0.32781969148687545,
         0.7370548331428541,
         0.5239126586169698,
         0.421299635093774,
         0.7237780561980789,
         0.7551181433271943,
         0.5441862128455063,
         0.7967082130304357,
         0.7983098031172109,
         0.6608579075263541,
         0.3930522289021766,
         0.3429701746066445,
         0.7086549181820612
      ],
      [
         0.37259058199427786,
         0.5661088772435491,
         0.5856840746277929,
         0.6920884552256625,
         0.6819221157545213,
         0.6632258583450064,
         0.4396360404477418,
         0.6738250709452129,
         0.6605179643852253,
         0.4371826327004121,
         0.67397683352587,
         0.7762417535086608,
         0.6139086885886199,
         0.7470399419021861,
         0.5829782216254096
      ],
      [
         0.5313593191037496,
         0.5159681901594353,
         0.5774641887231962,
         0.7508510572508964,
         0.3987286712926663,
         0.3415551611819595,
         0.3464177028477513,
         0.405052394234106,
         0.44288834218901496,
         0.708124204994342,
         0.35005457360801234,
         0.7649819405792799,
         0.7028731284232371,
         0.6461435921183177,
         0.6800332130512448
      ],
      [
         0.787755465172303,
         0.554411309995874,
         0.4738085554072917,
         0.35710055364505083,
         0.3628445802222701,
         0.6464184756000891,
         0.6344650301471892,
         0.3444818756058206,
         0.7078159421350633,
         0.6305209514090371,
         0.4804745775878724,
         0.532101661005275,
         0.6178326718953264,
         0.544528996652881,
         0.3848862637384637
      ]
   ],
   "mv_f1_micro": [
      0.936,
      0.928,
      0.976,
      0.872,
      0.944,
      0.92,
      0.96,
      0.992,
      0.904,
      0.848
   ],
   "mv_f1_macro": [
      0.9349715047344275,
      0.928951678951679,
      0.975259491466388,
      0.8714386606676418,
      0.943547310048486,
      0.9213431013431013,
      0.9607441111485601,
      0.9916023723298167,
      0.9053937262723281,
      0.8529559192097892
   ],
   "mv_f1_weighted": [
      0.9360889906618629,
      0.9277051597051598,
      0.9762522048066876,
      0.8720788855496332,
      0.9442031878756206,
      0.9188829304029305,
      0.9599757330637008,
      0.9920088175090537,
      0.903768225476303,
      0.8487755860238831
   ],
   "ct_f1_micro": [
      0.96,
      0.944,
      0.984,
      0.888,
      0.952,
      0.952,
      0.976,
      0.984,
      0.944,
      0.88
   ],
   "ct_f1_macro": [
      0.9592517740522389,
      0.9449220595181863,
      0.9841949649224094,
      0.8854636591478696,
      0.9519022577846107,
      0.9520565449205144,
      0.9757575757575757,
      0.9832463194532161,
      0.9447305375945071,
      0.8836555900453528
   ],
   "ct_f1_weighted": [
      0.9601596699372755,
      0.9439344985041725,
      0.9840088175090537,
      0.8886215538847119,
      0.952228683240448,
      0.9517381121586282,
      0.976,
      0.9839979790324619,
      0.9438260242465403,
      0.8804299540370659
   ],
   "em_f1_micro": [
      0.912,
      0.912,
      0.984,
      0.872,
      0.952,
      0.936,
      0.944,
      0.968,
      0.928,
      0.904
   ],
   "em_f1_macro": [
      0.9117024587612823,
      0.9113163755163439,
      0.9850016852039096,
      0.8687552213868003,
      0.9519022577846107,
      0.9377181132500282,
      0.9426699426699426,
      0.9661302465650291,
      0.9266572193355377,
      0.9036319837593642
   ],
   "em_f1_weighted": [
      0.9132974789915965,
      0.9119791006363589,
      0.9839878665318504,
      0.8726616541353384,
      0.952228683240448,
      0.9354974670719352,
      0.9442850122850123,
      0.9677167701863355,
      0.9282272398047551,
      0.9040886086807343
   ],
   "gt": [
      0,
      0,
      0,
      0,
      0,
      0,
      0,
      0,
      0,
      0,
      0,
      0,
      0,
      0,
      0,
      0,
      0,
      0,
      0,
      0,
      0,
      0,
      0,
      0,
      0,
      0,
      0,
      0,
      0,
      0,
      0,
      0,
      0,
      0,
      0,
      0,
      1,
      1,
      1,
      1,
      1,
      1,
      1,
      1,
      1,
      1,
      1,
      1,
      1,
      1,
      1,
      1,
      1,
      1,
      1,
      1,
      1,
      1,
      1,
      1,
      1,
      1,
      1,
      1,
      1,
      1,
      1,
      1,
      1,
      1,
      1,
      1,
      1,
      1,
      1,
      1,
      1,
      1,
      1,
      1,
      2,
      2,
      2,
      2,
      2,
      2,
      2,
      2,
      2,
      2,
      2,
      2,
      2,
      2,
      2,
      2,
      2,
      2,
      2,
      2,
      2,
      2,
      2,
      2,
      2,
      2,
      2,
      2,
      2,
      2,
      2,
      2,
      2,
      2,
      2,
      2,
      2,
      2,
      2,
      2,
      2,
      2,
      2,
      2,
      2
   ]
}