{
   "worker_count": 30,
   "expertise_scores": [
      [
         0.4176548299730256,
         0.5207104769643122,
         0.6464619235399538,
         0.7862117829966082,
         0.45461993278827834,
         0.43103180440975775,
         0.7720874258370796,
         0.5071411254810727,
         0.7409534690960791,
         0.3290017457869715,
         0.5311102372277017,
         0.6797253747793541,
         0.7932409231446901,
         0.6912720151440004,
         0.66585442618435,
         0.3906244057285516,
         0.36148477551405095,
         0.5922148749812788,
         0.7008349890877448,
         0.7726836104645208,
         0.5851025300458904,
         0.7523778332390701,
         0.5699200899103656,
         0.5504275506061186,
         0.5311876719557602,
         0.522014305334242,
         0.7993663660432427,
         0.3266005300500413,
         0.3627963541985252,
         0.7668883819521828
      ],
      [
         0.5558902954196372,
         0.7443746181581512,
         0.7023647157638874,
         0.5249581430700113,
         0.6391326010857119,
         0.3607792485227379,
         0.6470046722609956,
         0.3892016417219476,
         0.36008061353263227,
         0.43901333145487176,
         0.45415318086503764,
         0.4612187368237569,
         0.7282056668087924,
         0.560696204990913,
         0.7036975765667652,
         0.6194163177585164,
         0.6736341902491891,
         0.5289427934866845,
         0.5303089692598034,
         0.39541938693420764,
         0.6963142400900777,
         0.7252462500788153,
         0.681194308788851,
         0.5633967815267438,
         0.4337884228541084,
         0.5416072658946669,
         0.5935953303583447,
         0.5780894490387931,
         0.7994054033178399,
         0.7187177216969476
      ],
      [
         0.5860841805621466,
         0.4490468690103101,
         0.7667079773399189,
         0.448252477760508,
         0.6597428621394528,
         0.33001813703818433,
         0.6403807733679041,
         0.4273897825885553,
         0.6438227489867532,
         0.5208787360385752,
         0.571172820470566,
         0.4734290223395887,
         0.5905570989397921,
         0.7951521154451081,
         0.39386414635444783,
         0.5036645538353814,
         0.3577016263112284,
         0.4840206389100171,
         0.7828284974593216,
         0.5935316063666072,
         0.7719338269042182,
         0.44387063603550014,
         0.4912971965702704,
         0.4950616867798412,
         0.7666503541302372,
         0.4486069044493213,
         0.6333423098135195,
         0.6620571083220435,
         0.6067566828890717,
         0.5759341192080135
      ],
      [
         0.6909556151084988,
         0.606909738388291,
         0.7920066681215225,
         0.7407063372857868,
         0.358109799979816,
         0.3557051882818146,
         0.7754765303930822,
         0.5653861729327263,
         0.746853910059383,
         0.6373086673692273,
         0.5232995981994121,
         0.7486180209342704,
         0.5555268519435915,
         0.4429384833904562,
         0.5382931440205605,
         0.40052200072781785,
         0.42750269938109403,
         0.6357012932327828,
         0.6577956205746094,
         0.3745661731567759,
         0.6632741743831747,
         0.5266906029849812,
         0.7386447689842509,
         0.5476473052086138,
         0.6994291537641388,
         0.7100907378919226,
         0.4603263035475932,
         0.5564407279049206,
         0.3519730994075066,
         0.44147415971098397
      ],
      [
         0.7196499266439252,
         0.45097403512558626,
         0.6743983006553191,
         0.6861369023961934,
         0.4740419311346048,
         0.3663737713525179,
         0.4984135811413065,
         0.6040072673560994,
         0.5891566830792399,
         0.5361423467687856,
         0.7306806296205397,
         0.6441445210052894,
         0.3468149221964154,
         0.3285360452952216,
         0.6737232508819169,
         0.7685408462609065,
         0.5496841623671889,
         0.64737319382053,
         0.32719436054822987,
         0.34893370720460987,
         0.3628069752726336,
         0.4692975040355052,
         0.5086420199569167,
         0.6304630649831131,
         0.35080160562434975,
         0.3383794577705279,
         0.5231939150687179,
         0.5188287690923651,
         0.5468477897431262,
         0.7790722105206351
      ],
      [
         0.6121169735146601,
         0.4371813064070673,
         0.7156281588252208,
         0.5566579399853125,
         0.3932943422897534,
         0.4835287816749104,
         0.6444758728626105,
         0.3469268998488475,
         0.7563727609274261,
         0.415849566965763,
         0.696472812703123,
         0.43368437982368646,
         0.594472083324334,
         0.48469491782851826,
         0.4936160102760737,
         0.7087527211566274,
         0.5619484617050688,
         0.6090599064123248,
         0.5830371907371792,
         0.7414041185902749,
         0.3716420102399609,
         0.7299643378543594,
         0.6172059722197314,
         0.4472162113895938,
         0.7290536584330272,
         0.578325952389931,
         0.7762457155995319,
         0.427518809591648,
         0.7276527178052413,
         0.6556483839122943
      ],
      [
         0.5895785133993555,
         0.7673459555890562,
         0.5816672306267772,
         0.7423029839844111,
         0.7761698960084271,
         0.4340683915431194,
         0.413286090091468,
         0.4303924336840264,
         0.7342568202493399,
         0.49968687698634073,
         0.48320498586903315,
         0.6698065585570354,
         0.5612885618723622,
         0.4692622065335403,
         0.735384968317396,
         0.782889729584192,
         0.7374945643087575,
         0.7084440355411319,
         0.7619116867444824,
         0.32770169797493903,
         0.6339524818094635,
         0.6632524344722894,
         0.4664991696362232,
         0.6336613838521074,
         0.7267941679603571,
         0.6809879600263478,
         0.4131057320467404,
         0.5488001951639985,
         0.48611901454429873,
         0.783863634640954
      ],
      [
         0.7539421776333597,
         0.4987205840964473,
         0.5016086337988332,
         0.7408799174310875,
         0.7585426732170077,
         0.6465781819003336,
         0.7032434771079437,
         0.37708975577314857,
         0.41555592182779755,
         0.47069180946096456,
         0.5488368521347637,
         0.491072586577486,
         0.628856962232826,
         0.4526223289673774,
         0.5941709335417351,
         0.5390424738998194,
         0.6695191882845293,
         0.6547150614562576,
         0.4244409227740654,
         0.3702662932970481,
         0.3927150106838994,
         0.49230656303364406,
         0.39209929370927743,
         0.5490033122378079,
         0.7150030240264128,
         0.5158869905541397,
         0.4087868623842346,
         0.4328915177698674,
         0.5628097398937755,
         0.5399760767855746
      ],
      [
         0.7168727776642394,
         0.35272833368802375,
         0.5517969666012548,
         0.5139379082329698,
         0.7857599806969711,
         0.5850105226602065,
         0.6562301201725245,
         0.6159065800227624,
         0.7576664953358989,
         0.3843948527711762,
         0.7821246920275774,
         0.7170736528924784,
         0.7076877223929158,
         0.6985532923856875,
         0.6146670636266418,
         0.3716351459225991,
         0.6014981462707475,
         0.7124692289207444,
         0.3709106464050894,
         0.5229911132377255,
         0.6661480371774917,
         0.4991015777593075,
         0.3684506439581417,
         0.5476504989638725,
         0.620302989596626,
         0.4841887848923442,
         0.3362390605991975,
         0.4375875741447257,
         0.45412266662792056,
