{
   "worker_count": 13,
   "expertise_scores": [
      [
         0.6117930399632058,
         0.41542931472042804,
         0.5767179493809291,
         0.5028522577279646,
         0.5336001684941756,
         0.6054948205514799,
         0.4542622453664627,
         0.6589073068311151,
         0.6252187249688435,
         0.3942042093806469,
         0.7790892524191101,
         0.7950762813722668,
         0.34643170756784253
      ],
      [
         0.4072606954433101,
         0.4019768364430201,
         0.5245379684031073,
         0.7307832766281668,
         0.5144404771440692,
         0.4393957510395769,
         0.7830660879645384,
         0.4847966656250128,
         0.7541905685918946,
         0.5202670697733727,
         0.5336423799637278,
         0.6705389784052094,
         0.6697211305001924
      ],
      [
         0.5946419906354439,
         0.4563696192549945,
         0.5169348291494213,
         0.4173579748540843,
         0.7504228893954965,
         0.7732501032395145,
         0.4455110854368182,
         0.7477310788901799,
         0.7793899542475912,
         0.38389475423192276,
         0.6827285783518215,
         0.5598552704342639,
         0.5141896149013933
      ],
      [
         0.7905274164355678,
         0.49207695452247074,
         0.6874634143350051,
         0.7759305753512249,
         0.5577405696717374,
         0.6740733590116391,
         0.3481819017263349,
         0.3755737561874494,
         0.6851832321048644,
         0.6199526533122897,
         0.5187699205378423,
         0.5994384176732098,
         0.4420783912331747
      ],
      [
         0.767697163506323,
         0.3345732795202767,
         0.7736423686366377,
         0.6112896322907085,
         0.7896190877113081,
         0.5031371043813957,
         0.581686018100515,
         0.40302279881922093,
         0.5165799615145735,
         0.49126206528722677,
         0.6978701614811457,
         0.5903964688054337,
         0.703751005169791
      ],
      [
         0.4627702799053801,
         0.5810148138759168,
         0.4705349921313301,
         0.4325878175116105,
         0.7220990336247868,
         0.4978715642473792,
         0.46654724448478313,
         0.7023338639176339,
         0.6465129473690534,
         0.7897731347856455,
         0.7629428425258671,
         0.6665842686684182,
         0.6390460788369858
      ],
      [
         0.6747003964214732,
         0.5363014577120472,
         0.7400939787497507,
         0.6845804396362424,
         0.601016271626921,
         0.40428958701829665,
         0.4895349068869559,
         0.47311683759245077,
         0.37734526704262533,
         0.6446681683473683,
         0.4910764884483526,
         0.5202032111120962,
         0.482116888197214
      ],
      [
         0.6170978263883083,
         0.5480359687951353,
         0.5225944664837525,
         0.3986733062560156,
         0.4597220080855867,
         0.4378567042104986,
         0.4672917556844997,
         0.7120598721120632,
         0.7724197335925029,
         0.6113632832126261,
         0.42644515169944164,
         0.7587390955694591,
         0.4093492370909955
      ],
      [
         0.7232571562490574,
         0.6396301630920369,
         0.6495979114803023,
         0.7560347730377912,
         0.47338807370878366,
         0.735010774254856,
         0.5043546143399817,
         0.6703356096567332,
         0.6741418904866971,
         0.6157416206981863,
         0.46199033442772997,
         0.4994252577836309,
         0.3480117533765333
      ],
      [
         0.7310449663309864,
         0.36817086397913323,
         0.7328590569243162,
         0.7355691370947331,
         0.5424149655226743,
         0.3331646003935625,
         0.5276710112082122,
         0.575375427167635,
         0.6274391786351093,
         0.7259992028160398,
         0.7907154065563149,
         0.5998974225080234,
         0.7417100576999971
      ]
   ],
   "mv_f1_micro": [
      0.88,
      0.8960000000000001,
      0.928,
      0.8960000000000001,
      0.936,
      0.92,
      0.912,
      0.848,
      0.8960000000000001,
      0.928
   ],
   "mv_f1_macro": [
      0.8782690468083726,
      0.8954418130888718,
      0.9260938591924507,
      0.8944543828264758,
      0.9341584227685505,
      0.9189291940209934,
      0.9130575557291776,
      0.8495566588276282,
      0.8956228956228957,
      0.9290108299823258
   ],
   "mv_f1_weighted": [
      0.8814954034729316,
      0.8962200152788388,
      0.9278254140225971,
      0.8976457960644008,
      0.936158842542712,
      0.9205806164459776,
      0.9120001689296195,
      0.8474635171152338,
      0.8961616161616162,
      0.9282106686594782
   ],
   "ct_f1_micro": [
      0.928,
      0.936,
      0.96,
      0.92,
      0.968,
      0.928,
      0.904,
      0.88,
      0.936,
      0.952
   ],
   "ct_f1_macro": [
      0.9268916280703473,
      0.9349376114081996,
      0.9587301587301588,
      0.918017594286212,
      0.9671748632725891,
      0.9265778458041999,
      0.9024836601307188,
      0.8798257080610021,
      0.9352267700093787,
      0.9524345842718915
   ],
   "ct_f1_weighted": [
      0.9285624525204009,
      0.9366417112299464,
      0.9598984126984128,
      0.9205484400313563,
      0.9678669679244886,
      0.928753609072251,
      0.9041694117647059,
      0.8797406535947712,
      0.9359734140255879,
      0.9521234221598879
   ],
   "em_f1_micro": [
      0.872,
      0.912,
      0.952,
      0.904,
      0.952,
      0.8960000000000001,
      0.76,
      0.88,
      0.92,
      0.96
   ],
   "em_f1_macro": [
      0.8718682499479183,
      0.910891330891331,
      0.9512350548531603,
      0.903030303030303,
      0.9506350457054683,
      0.8935259497057251,
      0.7591550274477105,
      0.8783972923901356,
      0.9184735797475939,
      0.9587274149071902
   ],
   "em_f1_weighted": [
      0.8730915430413473,
      0.9109221978021979,
      0.951999260885942,
      0.9039838383838384,
      0.9519380900789352,
      0.8964365971107545,
      0.7603001876172608,
      0.8784766874085564,
      0.9206471183013143,
      0.9598036300777874
   ],
   "gt": [
      0,
      0,
      0,
      0,
      0,
      0,
      0,
      0,
      0,
      0,
      0,
      0,
      0,
      0,
      0,
      0,
      0,
      0,
      0,
      0,
      0,
      0,
      0,
      0,
      0,
      0,
      0,
      0,
      0,
      0,
      0,
      0,
      0,
      0,
      0,
      0,
      1,
      1,
      1,
      1,
      1,
      1,
      1,
      1,
      1,
      1,
      1,
      1,
      1,
      1,
      1,
      1,
      1,
      1,
      1,
      1,
      1,
      1,
      1,
      1,
      1,
      1,
      1,
      1,
      1,
      1,
      1,
      1,
      1,
      1,
      1,
      1,
      1,
      1,
      1,
      1,
      1,
      1,
      1,
      1,
      2,
      2,
      2,
      2,
      2,
      2,
      2,
      2,
      2,
      2,
      2,
      2,
      2,
      2,
      2,
      2,
      2,
      2,
      2,
      2,
      2,
      2,
      2,
      2,
      2,
      2,
      2,
      2,
      2,
      2,
      2,
      2,
      2,
      2,
      2,
      2,
      2,
      2,
      2,
      2,
      2,
      2,
      2,
      2,
      2
   ]
}