{
   "worker_count": 8,
   "expertise_scores": [
      [
         0.44191730487511927,
         0.4781839530445594,
         0.5206811785681632,
         0.5363628333651655,
         0.3493203545892308,
         0.4520739107760605,
         0.4905393205969481,
         0.4104495675206699
      ],
      [
         0.7174339979754976,
         0.7279116540945133,
         0.5241420492350739,
         0.41000384097113196,
         0.5656917044327665,
         0.4825126562475167,
         0.7354529050162848,
         0.5695514225493855
      ],
      [
         0.4069461405294054,
         0.5924954250074169,
         0.53298086433895,
         0.45819434167720763,
         0.5208156185982785,
         0.6643671583113189,
         0.6471603685532761,
         0.7073134138608997
      ],
      [
         0.6263681065180545,
         0.7988294037716217,
         0.3432918372185589,
         0.42984137271177264,
         0.7969486221589548,
         0.511813869035709,
         0.7795511847022583,
         0.7047032096761003
      ],
      [
         0.5308018688091642,
         0.7246797695276681,
         0.3313410415058287,
         0.7450719920339299,
         0.38424377525440107,
         0.7987122998903307,
         0.7593486145355197,
         0.7713847062851049
      ],
      [
         0.7868213736480945,
         0.7725629599692252,
         0.3810706408609557,
         0.33828589458384073,
         0.7366362559001127,
         0.5235996255853764,
         0.42595228999662976,
         0.3647738050933019
      ],
      [
         0.4822692573699341,
         0.5170744070033717,
         0.6165519560726065,
         0.3278969866381342,
         0.695640046061244,
         0.6892071241687636,
         0.35426044305293247,
         0.5764569895815582
      ],
      [
         0.5707531980114182,
         0.7495076181727612,
         0.4574496477897894,
         0.7426463538615106,
         0.7989010091822722,
         0.5683403541767733,
         0.6486829140016959,
         0.36964376626942835
      ],
      [
         0.7539781945687842,
         0.44333389014610636,
         0.6982637662907561,
         0.5750921650231914,
         0.466630541097614,
         0.7662995447745908,
         0.7994710925143567,
         0.7476811536405519
      ],
      [
         0.7535208797082829,
         0.5732140076165835,
         0.7003964200238678,
         0.7730001862664599,
         0.7588236624921467,
         0.4429812855982423,
         0.34429582618105153,
         0.4539216912675527
      ]
   ],
   "mv_f1_micro": [
      0.568,
      0.864,
      0.872,
      0.8960000000000001,
      0.92,
      0.768,
      0.832,
      0.864,
      0.92,
      0.88
   ],
   "mv_f1_macro": [
      0.5627339768430447,
      0.8636475272320981,
      0.8716007164956846,
      0.8952843828934761,
      0.9191545451906048,
      0.7666772352568167,
      0.8330337861372344,
      0.8640563896842756,
      0.9196212323718337,
      0.8800244200244199
   ],
   "mv_f1_weighted": [
      0.5687406467977172,
      0.8671889418137666,
      0.8715896433805569,
      0.8962913195714659,
      0.9198563470081005,
      0.7678427393785668,
      0.8316910344827586,
      0.8632538979815376,
      0.9202945250419189,
      0.8800334065934066
   ],
   "ct_f1_micro": [
      0.584,
      0.872,
      0.864,
      0.96,
      0.944,
      0.848,
      0.864,
      0.8960000000000001,
      0.936,
      0.8960000000000001
   ],
   "ct_f1_macro": [
      0.5774293024460697,
      0.871231455545181,
      0.8630683042447749,
      0.9600208986415883,
      0.9432860087681098,
      0.8465329991645781,
      0.8636022342918895,
      0.8963647557614004,
      0.9353497756287612,
      0.8940198116668706
   ],
   "ct_f1_weighted": [
      0.5823758636474934,
      0.8751103641456582,
      0.8638448610213315,
      0.9600662068965518,
      0.9438185523909067,
      0.8486616541353383,
      0.8638858153340911,
      0.8956072592944995,
      0.936332556440672,
      0.8958865109453346
   ],
   "em_f1_micro": [
      0.56,
      0.76,
      0.7840000000000001,
      0.8960000000000001,
      0.92,
      0.8399999999999999,
      0.768,
      0.8960000000000001,
      0.928,
      0.928
   ],
   "em_f1_macro": [
      0.5454279327230147,
      0.7603548714659826,
      0.7745683981177468,
      0.8948231093800714,
      0.918431432442533,
      0.8392018168894436,
      0.7665544332211,
      0.8976472802559758,
      0.9272567424121007,
      0.926582665192793
   ],
   "em_f1_weighted": [
      0.5494964871194379,
      0.7621035754369089,
      0.7806900183080905,
      0.8934040895813048,
      0.9195602253438995,
      0.8404797420294378,
      0.768,
      0.8963577639751553,
      0.9277961911265652,
      0.928158842542712
   ],
   "gt": [
      0,
      0,
      0,
      0,
      0,
      0,
      0,
      0,
      0,
      0,
      0,
      0,
      0,
      0,
      0,
      0,
      0,
      0,
      0,
      0,
      0,
      0,
      0,
      0,
      0,
      0,
      0,
      0,
      0,
      0,
      0,
      0,
      0,
      0,
      0,
      0,
      1,
      1,
      1,
      1,
      1,
      1,
      1,
      1,
      1,
      1,
      1,
      1,
      1,
      1,
      1,
      1,
      1,
      1,
      1,
      1,
      1,
      1,
      1,
      1,
      1,
      1,
      1,
      1,
      1,
      1,
      1,
      1,
      1,
      1,
      1,
      1,
      1,
      1,
      1,
      1,
      1,
      1,
      1,
      1,
      2,
      2,
      2,
      2,
      2,
      2,
      2,
      2,
      2,
      2,
      2,
      2,
      2,
      2,
      2,
      2,
      2,
      2,
      2,
      2,
      2,
      2,
      2,
      2,
      2,
      2,
      2,
      2,
      2,
      2,
      2,
      2,
      2,
      2,
      2,
      2,
      2,
      2,
      2,
      2,
      2,
      2,
      2,
      2,
      2
   ]
}