{
   "worker_count": 5,
   "expertise_scores": [
      [
         0.7107302527987114,
         0.5142019352751431,
         0.4145824149877886,
         0.3630688964158175,
         0.37420796914552173
      ],
      [
         0.7108414934025344,
         0.5431962413937574,
         0.6105737727502869,
         0.5274590957629186,
         0.6209028744772698
      ],
      [
         0.6381827110774779,
         0.6838083324420012,
         0.5396744184909364,
         0.6379136452031104,
         0.3279747909197762
      ],
      [
         0.627242926767613,
         0.37899321920969775,
         0.7331725190797305,
         0.6552424487452049,
         0.7229655040384482
      ],
      [
         0.6054070368234075,
         0.7797783022686728,
         0.33205476505911696,
         0.6527287836481561,
         0.5673844762685231
      ],
      [
         0.484031413800075,
         0.5983100123469567,
         0.4965147380931295,
         0.5611552362588776,
         0.5728052344896242
      ],
      [
         0.5779744786819455,
         0.5632399066026345,
         0.4866770080873586,
         0.39438313060905394,
         0.5225462538706774
      ],
      [
         0.7358165670844006,
         0.5165662202407749,
         0.7951622376489655,
         0.5223529521211516,
         0.3465123756911812
      ],
      [
         0.6757273840069846,
         0.6784967064864473,
         0.4855175125127966,
         0.6072417366080793,
         0.7865951511035617
      ],
      [
         0.36400879788983004,
         0.7846950184477647,
         0.7925832801050854,
         0.4003000116414688,
         0.5033014670597906
      ]
   ],
   "mv_f1_micro": [
      0.536,
      0.728,
      0.688,
      0.7840000000000001,
      0.768,
      0.728,
      0.608,
      0.712,
      0.856,
      0.744
   ],
   "mv_f1_macro": [
      0.5331248697102356,
      0.7256644880174292,
      0.686236304867981,
      0.7780695684061727,
      0.7662489557226398,
      0.7272808492320687,
      0.6037499852918682,
      0.7003198209288247,
      0.8514056366169042,
      0.7418822234452395
   ],
   "mv_f1_weighted": [
      0.5349993746091306,
      0.7281505882352941,
      0.6882197097961297,
      0.7822886243057651,
      0.7680962406015037,
      0.727121658828976,
      0.6062655512019485,
      0.7079670735492987,
      0.8556963881189233,
      0.7427011557512383
   ],
   "ct_f1_micro": [
      0.6,
      0.768,
      0.7840000000000001,
      0.8000000000000002,
      0.7840000000000001,
      0.704,
      0.648,
      0.816,
      0.864,
      0.792
   ],
   "ct_f1_macro": [
      0.5989098300073908,
      0.7637869376999813,
      0.7806822597668196,
      0.7988862621486735,
      0.7833714350568283,
      0.7022504489020241,
      0.643628043161025,
      0.8087121212121211,
      0.8604093862714551,
      0.788876446435237
   ],
   "ct_f1_weighted": [
      0.6000762749445676,
      0.7672795031055901,
      0.7838928182749912,
      0.8006490780141844,
      0.783465343645119,
      0.7033178645538578,
      0.6470213609740464,
      0.8126818181818183,
      0.8642091701402046,
      0.7925339305711087
   ],
   "em_f1_micro": [
      0.672,
      0.736,
      0.728,
      0.76,
      0.696,
      0.616,
      0.504,
      0.704,
      0.7840000000000001,
      0.792
   ],
   "em_f1_macro": [
      0.6674265450861196,
      0.7351790328534515,
      0.702880452880453,
      0.7564126135554706,
      0.6949993179457225,
      0.5995831033823205,
      0.48834154351395737,
      0.671003757380569,
      0.7834441980783445,
      0.791786533249948
   ],
   "em_f1_weighted": [
      0.6729159067882472,
      0.7376885935769658,
      0.7133326673326674,
      0.7570198141626713,
      0.7000991252216676,
      0.6051169369428637,
      0.49569852216748767,
      0.684642576489533,
      0.7857560975609756,
      0.7914986866791746
   ],
   "gt": [
      0,
      0,
      0,
      0,
      0,
      0,
      0,
      0,
      0,
      0,
      0,
      0,
      0,
      0,
      0,
      0,
      0,
      0,
      0,
      0,
      0,
      0,
      0,
      0,
      0,
      0,
      0,
      0,
      0,
      0,
      0,
      0,
      0,
      0,
      0,
      0,
      1,
      1,
      1,
      1,
      1,
      1,
      1,
      1,
      1,
      1,
      1,
      1,
      1,
      1,
      1,
      1,
      1,
      1,
      1,
      1,
      1,
      1,
      1,
      1,
      1,
      1,
      1,
      1,
      1,
      1,
      1,
      1,
      1,
      1,
      1,
      1,
      1,
      1,
      1,
      1,
      1,
      1,
      1,
      1,
      2,
      2,
      2,
      2,
      2,
      2,
      2,
      2,
      2,
      2,
      2,
      2,
      2,
      2,
      2,
      2,
      2,
      2,
      2,
      2,
      2,
      2,
      2,
      2,
      2,
      2,
      2,
      2,
      2,
      2,
      2,
      2,
      2,
      2,
      2,
      2,
      2,
      2,
      2,
      2,
      2,
      2,
      2,
      2,
      2
   ]
}