{
   "worker_count": 20,
   "expertise_scores": [
      [
         0.577273945487411,
         0.47581074575584603,
         0.3779431515073093,
         0.42696789564882365,
         0.7476071425628134,
         0.499950883145423,
         0.6230039026924281,
         0.43008025092065383,
         0.5288178087383302,
         0.439830555008898,
         0.7929361726418798,
         0.37022152763208876,
         0.7388483181956467,
         0.6193141184575148,
         0.49606408677610075,
         0.5437888337129633,
         0.33888391179879296,
         0.7617830103219192,
         0.3517440921715878,
         0.43809663081646244
      ],
      [
         0.6082331994067816,
         0.7449995154372717,
         0.347365308803802,
         0.7383081429365751,
         0.7103253629017547,
         0.6775689929484219,
         0.5366186269821178,
         0.5674746180429636,
         0.7699781804816455,
         0.5758630231566232,
         0.4888589109457948,
         0.5928254468124136,
         0.5392942615828152,
         0.4001536317783382,
         0.5967929251636351,
         0.3669124141445614,
         0.7445484361498376,
         0.7298284806581832,
         0.6889661572549264,
         0.5772976078915538
      ],
      [
         0.5749732427089832,
         0.3927237034984914,
         0.4638855212890655,
         0.7013272127030056,
         0.34991123128715274,
         0.5244000570198971,
         0.37872513670736496,
         0.6329058730314625,
         0.37175374773744774,
         0.6840808237672584,
         0.34388298563493597,
         0.5306868635110003,
         0.6343216657993912,
         0.7383223750425251,
         0.6798811061443147,
         0.795806064133319,
         0.7637713281831973,
         0.3882624634575005,
         0.5196926279736813,
         0.7578207615756638
      ],
      [
         0.5932587887289014,
         0.7541943090577391,
         0.4614718595664994,
         0.5715428435227811,
         0.33226069853200985,
         0.7909469040082941,
         0.743328559954024,
         0.38904775727058505,
         0.32875815695196137,
         0.6414615486238653,
         0.3443126161580484,
         0.4577458731264934,
         0.5005119961829512,
         0.6214211193315671,
         0.7555497311417181,
         0.5796383411469139,
         0.4901163552428986,
         0.6737802289673975,
         0.6015659549684094,
         0.5647555880192195
      ],
      [
         0.6259446878790249,
         0.36832569530552106,
         0.3963976287914667,
         0.7713535594179771,
         0.772175428331642,
         0.4770421511889469,
         0.46654996032580665,
         0.3387766790537067,
         0.5297433974337704,
         0.4584534688901929,
         0.7833569146844974,
         0.5346293984160515,
         0.6612336092606649,
         0.6286321126225463,
         0.7552398567734537,
         0.5515493242647446,
         0.5758559011544411,
         0.549434599111986,
         0.6479518176435765,
         0.644696542923269
      ],
      [
         0.4730305361140882,
         0.6560447651146107,
         0.4110771486982209,
         0.6716797005722198,
         0.451064219446838,
         0.7588624515939365,
         0.6664490529039679,
         0.4215748396833703,
         0.4023245560733235,
         0.4502437951233945,
         0.40034994332304363,
         0.4394098852391981,
         0.5919660241284168,
         0.7160153699543164,
         0.5586742878060577,
         0.7511965855326022,
         0.7884469268146386,
         0.7307474410908383,
         0.6636363416147517,
         0.6409739317837757
      ],
      [
         0.659543578975511,
         0.43245954183678537,
         0.35807824344190725,
         0.4884738412481655,
         0.6009448784996707,
         0.3687462980266051,
         0.5699846809294095,
         0.6281207247344605,
         0.6782829548450579,
         0.4965633804270453,
         0.45199741407333205,
         0.41771962226059706,
         0.33487004280325655,
         0.7840203310526364,
         0.6124834261511882,
         0.7671750728181244,
         0.4901415075494244,
         0.7057069057678946,
         0.5665773797234969,
         0.3795080486532091
      ],
      [
         0.47344437896854097,
         0.5239228989437354,
         0.7506024064980197,
         0.5937834257758916,
         0.5670165493014148,
         0.6720680499702529,
         0.6397906634874179,
         0.5925279546872544,
         0.6901292170471379,
         0.6699298004966316,
         0.562519261271184,
         0.6232696343994752,
         0.7844983712917493,
         0.3733602668543029,
         0.6658963447126456,
         0.6709028286453805,
         0.433582770291587,
         0.6706350194877753,
         0.45027151019032413,
         0.6294245392407443
      ],
      [
         0.43230793374074855,
         0.6788838889941299,
         0.7445984761992253,
         0.5414937036494584,
         0.5073297845220923,
         0.7689001812208465,
         0.698498279586929,
         0.35830232922123356,
         0.5162858855081442,
         0.4831960799774526,
         0.7674784574370435,
         0.5520455667273826,
         0.6193442678219526,
         0.49919592258133194,
         0.6752078496073464,
         0.6545695144690217,
         0.6983292954195071,
         0.7555408748770576,
         0.6360028314933379,
         0.721849744554437
      ],
      [
         0.6315624345709756,
         0.6038075565167336,
         0.6861793219639689,
         0.7079560089129968,
         0.560768738749398,
         0.39828097076496266,
         0.48671378045234936,
         0.46671164676777827,
         0.6893348564183502,
         0.7759878146129635,
         0.6987880032450439,
         0.43846429900993256,
         0.42337047550075174,
         0.7981350792919566,
         0.7014930915920836,
         0.5575907961202331,
         0.40278680578317844,
         0.3586330201322393,
         0.5199469036386449,
         0.795158243273614
      ]
   ],
   "mv_f1_micro": [
      0.904,
      0.984,
      0.968,
      0.96,
      0.96,
      0.96,
      0.904,
      0.976,
      0.992,
      0.952
   ],
   "mv_f1_macro": [
      0.9056976900939553,
      0.983239053006495,
      0.9672721304941594,
      0.9597368743330009,
      0.9600208986415883,
      0.9592517740522389,
      0.9067056825677516,
      0.9749802939351963,
      0.9916421606562452,
      0.9524345842718915
   ],
   "mv_f1_weighted": [
      0.9042126918816268,
      0.9840301697045883,
      0.9679658173761673,
      0.9596525061670078,
      0.9600662068965518,
      0.9601534707896584,
      0.9040697233800682,
      0.9761194397414191,
      0.9919876180157872,
      0.9521234221598879
   ],
   "ct_f1_micro": [
      0.92,
      0.992,
      0.992,
      0.96,
      0.96,
      0.984,
      0.952,
      0.984,
      0.992,
      0.96
   ],
   "ct_f1_macro": [
      0.9217681195209285,
      0.9916023723298167,
      0.9915598459671888,
      0.9592547092547092,
      0.9599338209683038,
      0.9831649831649831,
      0.9538629576858312,
      0.9832501040366207,
      0.9916421606562452,
      0.9608319217014869
   ],
   "ct_f1_weighted": [
      0.9204150635880974,
      0.9920088175090537,
      0.9919886057920557,
      0.960068796068796,
      0.9600682967607106,
      0.984,
      0.9517164352054445,
      0.984,
      0.9919876180157872,
      0.960119254658385
   ],
   "em_f1_micro": [
      0.976,
      1.0,
      0.976,
      0.96,
      0.952,
      0.968,
      0.944,
      0.992,
      0.984,
      0.968
   ],
   "em_f1_macro": [
      0.9767403957544802,
      1.0,
      0.9749802939351963,
      0.958789884737102,
      0.9513468013468014,
      0.9671108279803932,
      0.9437323546019197,
      0.991688471602278,
      0.9832463194532161,
      0.9671108279803932
   ],