{
   "worker_count": 40,
   "expertise_scores": [
      [
         0.6656664584747121,
         0.518660578723305,
         0.49803782792539175,
         0.5222834500201661,
         0.46807211302045515,
         0.5469479479500217,
         0.6828238071588912,
         0.5137066302920746,
         0.4799024672845989,
         0.6223823980123819,
         0.5425200568553367,
         0.7839948961004435,
         0.4179327576405979,
         0.4058679320882879,
         0.5441771552182145,
         0.7435682614104513,
         0.7252996846452697,
         0.6623424330900505,
         0.6644223740894033,
         0.7548901693383384,
         0.36502911114941555,
         0.4434774339995647,
         0.3461983233787487,
         0.7001603208523648,
         0.7189447584608722,
         0.5417747670665483,
         0.7822983275736352,
         0.781317243630124,
         0.4763640597153167,
         0.7913651566291882,
         0.6611331391600701,
         0.5120413648710728,
         0.7459935232027068,
         0.4718382131621095,
         0.7085567227982537,
         0.3485564583232255,
         0.7147612698964219,
         0.5742395938502587,
         0.7161398909506418,
         0.7261601573509278
      ],
      [
         0.5787021570880678,
         0.45118109538162704,
         0.43598420563055934,
         0.765882066730398,
         0.789535832251739,
         0.3686492988113233,
         0.5159888570205932,
         0.4173237450034669,
         0.3734126607235998,
         0.4373783452232536,
         0.7922578985740636,
         0.7105755738211497,
         0.5681542870401239,
         0.3703239300639217,
         0.4406726208662316,
         0.784835085188264,
         0.6964944454887132,
         0.7008022075079974,
         0.7417513281295411,
         0.7356680364155564,
         0.604214680127797,
         0.4660375203847572,
         0.4633999086171141,
         0.41586737753807845,
         0.7641475375666644,
         0.5588347721206396,
         0.38440066197195844,
         0.7007253380619372,
         0.6752736436117184,
         0.6596016774476217,
         0.5893428074278975,
         0.3603418262749122,
         0.6510142996900885,
         0.6158495307416332,
         0.6302689542067427,
         0.35544935735690336,
         0.6837503829430025,
         0.726427763049893,
         0.7780152648487149,
         0.7229925469534442
      ],
      [
         0.6549343245429173,
         0.3898616174974058,
         0.36733521002759256,
         0.7904584707389946,
         0.41844681441340614,
         0.7479545374504339,
         0.525882849802944,
         0.3684788939564171,
         0.6660710883146927,
         0.7923598415056701,
         0.6128988626266622,
         0.4317255856428583,
         0.762211364908152,
         0.7327880603962487,
         0.5088678155344337,
         0.7280082286517089,
         0.6621228088357448,
         0.718847041163202,
         0.7963477978103718,
         0.790766604572577,
         0.5300968504183151,
         0.4343476645061305,
         0.6935671689225318,
         0.4877536147331184,
         0.3928264576549567,
         0.677466070309916,
         0.6454507956773521,
         0.4992196005695447,
         0.7504540473800956,
         0.5349656682697356,
         0.5792328604569782,
         0.5379104404547761,
         0.7718844368747382,
         0.7486019072594743,
         0.7500520464576526,
         0.497030856274829,
         0.42607725796899826,
         0.6051381824349464,
         0.5676936103106355,
         0.4801990687518992
      ],
      [
         0.7491131005277036,
         0.5662176038575868,
         0.6757281393695312,
         0.7577721879509558,
         0.4329917644076621,
         0.4103348988486597,
         0.6666153217832809,
         0.35189492060242283,
         0.7266596348347265,
         0.6573954335101039,
         0.4151688709047716,
         0.38914572626029836,
         0.7780807666849943,
         0.586110159417595,
         0.5452468798576954,
         0.7634311697478768,
         0.7405534965505107,
         0.5423304853476063,
         0.6311000029321683,
         0.7296587620550867,
         0.5989120145439171,
         0.4500454233556915,
         0.4435616718584104,
         0.7916508446703578,
         0.3937255991395501,
         0.6335490634222438,
         0.7127238200898427,
         0.40733674212049986,
         0.7133458331339178,
         0.6798066604689825,
         0.48745996569101596,
         0.5661529549145785,
         0.46354981932722006,
         0.4699839655893995,
         0.7562646539590812,
         0.3497859259718134,
         0.6887006062293304,
         0.6309084424700622,
         0.4723393531961311,
         0.7909447128810202
      ],
      [
         0.3562860613504112,
         0.5015738322360354,
         0.7990095261284702,
         0.3300680283763457,
         0.3558388453185238,
         0.5382321551813832,
         0.5869174775348394,
         0.6701783268306507,
         0.6636909247210446,
         0.7105119433389082,
         0.4321724174620677,
         0.7539553156613088,
         0.5390815486804206,
         0.732398103568262,
         0.5617991920015634,
         0.4591751284110424,
         0.5405026415516433,
         0.5798231692090476,
         0.35410768602831943,
         0.47287115039867655,
         0.7787313372526868,
         0.6633643694170681,
         0.5525103016022601,
         0.37136143773303054,
         0.3490559261650148,
         0.599407699296977,
         0.7771496966844063,
         0.616255281295648,
         0.6409375422910629,
         0.5543260287821643,
         0.49535672513741147,
         0.33734463313891155,
         0.5680919480083428,
         0.7674309376757462,
         0.6873626493362238,
         0.7140335954301525,
         0.6508118539027337,
         0.5853752255695365,
         0.7163653374026419,
         0.5666968043814763
      ],
      [
         0.37851863765153476,
         0.6523032168095316,
         0.5122549422620719,
         0.6238191198747464,
         0.577088049923883,
         0.3733618322640486,
         0.5449106234989378,
         0.7461831133790245,
         0.6763700752185371,
         0.47807184348143317,
         0.7879198223930137,
         0.5259214083852752,
         0.4381766688590269,
         0.7825061621220102,
         0.509929016448483,
         0.4510724146577916,
         0.3830466592938757,
         0.4728669935273357,
         0.5479673084630627,
         0.5579860053351344,
         0.6275977955826009,
         0.6104965671439049,
         0.7223652283384676,
         0.5128156819220658,
         0.7308652209405928,
         0.7711303023856397,
         0.6166421700541252,
         0.5773240589879831,
         0.6920579931875075,
         0.6214910506779738,
         0.5568100445214559,
         0.6890600378664156,
         0.3473320385273352,
         0.7075179883130355,
         0.40984260632331215,
         0.7259591706741343,
         0.568103094200946,
         0.7215784736104178,
         0.6261865714484183,
         0.7528389998971501
      ],
      [
         0.36426906688839394,
         0.5751982791308655,
         0.6181141892866415,
         0.36050408425392716,
         0.4575716433942261,
         0.4096209439261737,
         0.6658009042914368,
         0.5696726473516363,
         0.4449686327978464,
         0.32766640636714844,
         0.3817441110591253,
         0.5878173789049506,
         0.41406559380945085,
         0.5956012820045427,
         0.7307524111927635,
         0.7525445253146488,
         0.6956841326537317,
         0.40388910957842583,
         0.696181805033719,
         0.3634289406380329,
         0.3362639500442626,
         0.3829766137404215,
         0.4047724758322465,
         0.5623616673586483,
         0.7294234449468717,
         0.6004659906139873,
         0.7054036205866697,
         0.5908639693588452,
         0.4310496376227316,
         0.4804370667503922,
