{
   "worker_count": 3,
   "expertise_scores": [
      [
         0.5802390490464381,
         0.6488042148359564,
         0.7033708566265859
      ],
      [
         0.7665981721206261,
         0.378612657727676,
         0.7151000724219083
      ],
      [
         0.33287877506218244,
         0.7017186635968884,
         0.5807329130678329
      ],
      [
         0.4841100662989834,
         0.7029600370969149,
         0.6997471773779627
      ],
      [
         0.4115716862161614,
         0.377332271709758,
         0.3941546570980278
      ],
      [
         0.3344908597642063,
         0.7989637215282572,
         0.7172036868318317
      ],
      [
         0.4096271954760576,
         0.45132108240224966,
         0.6061815077082352
      ],
      [
         0.5436658041353544,
         0.4148350142724834,
         0.3486077721687499
      ],
      [
         0.5676789765097023,
         0.7564840980542802,
         0.3972437054784259
      ],
      [
         0.6034799076577526,
         0.709854493535107,
         0.5680403481582535
      ]
   ],
   "mv_f1_micro": [
      0.7840000000000001,
      0.7840000000000001,
      0.632,
      0.7840000000000001,
      0.424,
      0.712,
      0.544,
      0.496,
      0.672,
      0.752
   ],
   "mv_f1_macro": [
      0.7825278359798439,
      0.7843167618068899,
      0.6321476381717347,
      0.7861968126383546,
      0.4203070337901798,
      0.7072922827384219,
      0.5408476297365186,
      0.48990793449996484,
      0.6730427195543474,
      0.7490988480118915
   ],
   "mv_f1_weighted": [
      0.785385582434328,
      0.7840125007918575,
      0.63407917383821,
      0.7837749405739212,
      0.4238480800098778,
      0.7080982692736757,
      0.5403428571428571,
      0.49697153700189756,
      0.6711833282996073,
      0.7515344481605353
   ],
   "ct_f1_micro": [
      0.776,
      0.776,
      0.656,
      0.768,
      0.408,
      0.728,
      0.584,
      0.56,
      0.728,
      0.76
   ],
   "ct_f1_macro": [
      0.7749925646005004,
      0.7774500992397858,
      0.6561484031363549,
      0.7688199348337798,
      0.403127958184138,
      0.7239360316716154,
      0.5856417334678204,
      0.5582512745303443,
      0.7284834029020075,
      0.7570755625601961
   ],
   "ct_f1_weighted": [
      0.7751813152784339,
      0.7753852376137513,
      0.6592908777969019,
      0.7673710648067624,
      0.4072767502160761,
      0.7289276449445227,
      0.583392259913999,
      0.5616717368531322,
      0.7274561717352415,
      0.7581532125032834
   ],
   "em_f1_micro": [
      0.6,
      0.648,
      0.56,
      0.72,
      0.39200000000000007,
      0.72,
      0.39200000000000007,
      0.44800000000000006,
      0.688,
      0.68
   ],
   "em_f1_macro": [
      0.6015827793605572,
      0.6439915207117043,
      0.528383156541305,
      0.7189506512566503,
      0.36323576842444777,
      0.7166925104039832,
      0.37920545531165,
      0.4452023515604573,
      0.6902142787808193,
      0.6733863007102444
   ],
   "em_f1_weighted": [
      0.5988406457739791,
      0.6447723102585489,
      0.5272902603664416,
      0.7197578425976885,
      0.36835878084179974,
      0.7244545861359623,
      0.37691888288702446,
      0.44089965623068333,
      0.6884108328479907,
      0.673674481762369
   ],
   "gt": [
      0,
      0,
      0,
      0,
      0,
      0,
      0,
      0,
      0,
      0,
      0,
      0,
      0,
      0,
      0,
      0,
      0,
      0,
      0,
      0,
      0,
      0,
      0,
      0,
      0,
      0,
      0,
      0,
      0,
      0,
      0,
      0,
      0,
      0,
      0,
      0,
      1,
      1,
      1,
      1,
      1,
      1,
      1,
      1,
      1,
      1,
      1,
      1,
      1,
      1,
      1,
      1,
      1,
      1,
      1,
      1,
      1,
      1,
      1,
      1,
      1,
      1,
      1,
      1,
      1,
      1,
      1,
      1,
      1,
      1,
      1,
      1,
      1,
      1,
      1,
      1,
      1,
      1,
      1,
      1,
      2,
      2,
      2,
      2,
      2,
      2,
      2,
      2,
      2,
      2,
      2,
      2,
      2,
      2,
      2,
      2,
      2,
      2,
      2,
      2,
      2,
      2,
      2,
      2,
      2,
      2,
      2,
      2,
      2,
      2,
      2,
      2,
      2,
      2,
      2,
      2,
      2,
      2,
      2,
      2,
      2,
      2,
      2,
      2,
      2
   ]
}