{
   "worker_count": 20,
   "expertise_scores": [
      [
         0.5970135389112017,
         0.5044116428163452,
         0.5724217258900093,
         0.49568616286204314,
         0.7017635356437106,
         0.26791634113477963,
         0.2814414896296004,
         0.49693740721612634,
         0.2942955514026024,
         0.7109909212461651,
         0.7019880710082178,
         0.5382721005743741,
         0.728551845030152,
         0.1969368772831526,
         0.7822732340554097,
         0.47243664519754125,
         0.28377967046253094,
         0.21483824421604675,
         0.7424685858479225,
         0.6105269353308618
      ],
      [
         0.705108191000537,
         0.5501435217339179,
         0.6824753523748226,
         0.2511902890371146,
         0.3918747768609823,
         0.5601889839005599,
         0.28423814663302904,
         0.6380327431618509,
         0.4129581743562995,
         0.29836372131523836,
         0.7277089011033548,
         0.5973285182416244,
         0.2323027844999474,
         0.2644595423369711,
         0.6445407153132303,
         0.655029926618677,
         0.2756560966300239,
         0.663413566291218,
         0.7055147631389715,
         0.4933455895446177
      ],
      [
         0.40807196289242187,
         0.6367284502124302,
         0.48083966824523683,
         0.6314915681434984,
         0.4798772679018119,
         0.22062452765927754,
         0.2137875766772886,
         0.5580713476943295,
         0.1684439446154088,
         0.7287057896248641,
         0.2660904689290435,
         0.5545749561225095,
         0.24307491298503814,
         0.4784582735333523,
         0.19830001014855325,
         0.47232918169169835,
         0.2718263658554454,
         0.7720961254550596,
         0.4877967238362276,
         0.6740696997360964
      ],
      [
         0.6933049437093814,
         0.739577822248408,
         0.5197401649259916,
         0.4954644699812504,
         0.6824730192514676,
         0.6687277351137066,
         0.22323362140521621,
         0.5752442725988138,
         0.3253689275372932,
         0.6948579301152644,
         0.4235403204171102,
         0.16717330326728277,
         0.6983862810404897,
         0.3339258638422485,
         0.5131377674691703,
         0.6082398344202984,
         0.5997719591546029,
         0.471197075085466,
         0.333930453141322,
         0.3536819613715305
      ],
      [
         0.48958373946363226,
         0.7620712460345818,
         0.6018285381901416,
         0.34355819194623527,
         0.4126161964252644,
         0.7354058325652366,
         0.2963180779101511,
         0.6660319201629565,
         0.7413043532040995,
         0.7813308615789167,
         0.5340909786227104,
         0.3048779884703501,
         0.17503182721884347,
         0.7544001967417922,
         0.4843710605216048,
         0.7118989637112692,
         0.6583602369512234,
         0.7662151490719213,
         0.708670598715426,
         0.24604468031347287
      ],
      [
         0.7524171631644261,
         0.25185804232646875,
         0.7336568394817882,
         0.34953202722607435,
         0.31051510611284683,
         0.4298572617757888,
         0.22041459248044026,
         0.5111184793949849,
         0.7278298278451589,
         0.649635223589335,
         0.5974601920581616,
         0.4087075941531238,
         0.3080131890934543,
         0.6618464814101355,
         0.6667157230287215,
         0.7889158094857522,
         0.49960420978372405,
         0.36443988678806927,
         0.478884136727106,
         0.5133539598601247
      ],
      [
         0.48808590298321397,
         0.2479740098041967,
         0.4999915894270509,
         0.47900060961773816,
         0.4532807503159857,
         0.6968374793983905,
         0.24084736613658475,
         0.2580572122095625,
         0.19875657864822296,
         0.23451137234155875,
         0.6015913390399009,
         0.5091033197220751,
         0.3710951240551774,
         0.7536092990531731,
         0.3781515257140249,
         0.47551909424016453,
         0.7134260973999162,
         0.4753183389567488,
         0.6454988384360154,
         0.7351897949753665
      ],
      [
         0.3961542363026125,
         0.3881532611664028,
         0.5649903741363997,
         0.6089316609322102,
         0.6228228569932078,
         0.6245225980401699,
         0.44650786032387185,
         0.39485583669201807,
         0.26042400069877547,
         0.37459425818664227,
         0.18436203355123154,
         0.702018326062904,
         0.529901120333066,
         0.629817463041594,
         0.5754604507295168,
         0.779504041418418,
         0.2845385013365932,
         0.760649784724287,
         0.5596028515764512,
         0.5202777385789783
      ],
      [
         0.7518660853448276,
         0.18681517643869344,
         0.55796677494044,
         0.4299747215696045,
         0.37909253852294683,
         0.3714217639315506,
         0.29680263493591486,
         0.6936982741469546,
         0.26987383043361407,
         0.4008101036229478,
         0.3023389153614626,
         0.7179768819129848,
         0.16996323388277462,
         0.5503213654613013,
         0.7267403963677119,
         0.4895681030377879,
         0.41239772526321156,
         0.7431131999776983,
         0.1795380896425361,
         0.3874873815986084
      ],
      [
         0.7189096122998395,
         0.3719437062825334,
         0.40976927013973885,
         0.28591745092670273,
         0.7404221765731434,
         0.7805614559097425,
         0.22865413317279173,
         0.5072260538784004,
         0.679290424108629,
         0.43926802342587695,
         0.5035186072552584,
         0.5403174901311645,
         0.18516480605174615,
         0.6492203498817224,
         0.6069131146682462,
         0.5719633710005447,
         0.7425444691020042,
         0.7054021968183855,
         0.44162104815198144,
         0.49189942531972913
      ]
   ],
   "mv_f1_micro": [
      0.992,
      0.992,
      0.974,
      0.982,
      0.998,
      0.996,
      0.984,
      0.99,
      0.974,
      0.992
   ],
   "mv_f1_macro": [
      0.9919766118593003,
      0.9919622890645454,
      0.9736065003246797,
      0.9815880389914027,
      0.9978341407808493,
      0.9959039105606823,
      0.9837091500475532,
      0.9898425054304083,
      0.9743029549227328,
      0.9921832891076926
   ],
   "mv_f1_weighted": [
      0.9919877637542602,
      0.9919872932100404,
      0.9740333188154696,
      0.9819573150386468,
      0.9980013679110857,
      0.9960014617417214,
      0.9839808632770395,
      0.9900050091074681,
      0.9740310126979885,
      0.9919988580129426
   ],
   "ct_f1_micro": [
      0.996,
      0.994,
      0.992,
      0.992,
      1.0,
      1.0,
      0.996,
      0.996,
      0.984,
      0.998
   ],
   "ct_f1_macro": [
      0.995701040652068,
      0.9939328281040499,
      0.9921988364817552,
      0.9919562257408666,
      1.0,
      1.0,
      0.995876367010995,
      0.9960989665810451,
      0.9844343918381255,
      0.9980429610267753
   ],
   "ct_f1_weighted": [
      0.9960190876124334,
      0.9939871980944281,
      0.9920136054421769,
      0.9919567410764353,
      1.0,
      1.0,
      0.9960010863134887,
      0.9959999086883076,
      0.9840121895200421,
      0.9980000938306357
   ],
   "em_f1_micro": [
      0.994,
      0.992,
      0.974,
      0.994,
      1.0,
      1.0,
      0.986,
      0.996,
      0.98,
      0.996
   ],
   "em_f1_macro": [
      0.9937440016788432,
      0.9920023261735481,
      0.9740952396343141,
      0.9939267609014185,
      1.0,
      1.0,
      0.9858876684591495,
      0.9960989665810451,
      0.9805326951217361,
      0.9960990547197445
   ],