{
   "worker_count": 15,
   "expertise_scores": [
      [
         0.7735304393545974,
         0.5323727085351588,
         0.2321621223633939,
         0.46593539084516034,
         0.37084096196670313,
         0.27942000302921133,
         0.7478503498286178,
         0.31613900777303067,
         0.6906226564387434,
         0.22892400088567338,
         0.5236436579642614,
         0.7502237619704217,
         0.47886389160067033,
         0.1650441137404612,
         0.18617061722509218
      ],
      [
         0.6888039558567822,
         0.7974769055171362,
         0.6672637660539116,
         0.300990873029216,
         0.39458263825803275,
         0.39769552283561255,
         0.15822180947318124,
         0.6194051271665535,
         0.664110483563966,
         0.7053601073828974,
         0.36364955152712203,
         0.3444218343666642,
         0.5255888566850935,
         0.4251872947263574,
         0.31777886571761943
      ],
      [
         0.4154698861158963,
         0.7893742387798386,
         0.657785739000486,
         0.6072986751880742,
         0.5968956142144561,
         0.2791268362539777,
         0.18020842255870723,
         0.6154411875388959,
         0.7440985431135587,
         0.7886043950208756,
         0.49046770303028697,
         0.2657387991930489,
         0.2681232430290591,
         0.7069564645770223,
         0.6295290782993179
      ],
      [
         0.7771599548546226,
         0.6021305587370883,
         0.37682465250437125,
         0.7305151155884648,
         0.7092239613220845,
         0.44108474170631284,
         0.35297895194112705,
         0.7239172495309878,
         0.74662231237834,
         0.34257910147784476,
         0.44481364905300547,
         0.595105209903916,
         0.4314023964534285,
         0.4528136514773864,
         0.48907163326877295
      ],
      [
         0.2708771395428561,
         0.6728540717621758,
         0.6854668129797339,
         0.4659754502143445,
         0.5513993061236964,
         0.7246994328023584,
         0.3773561941704844,
         0.7986183906603594,
         0.40954400822531617,
         0.39442617822998033,
         0.3033844863464473,
         0.6441342190574519,
         0.6504820754949456,
         0.4410567227010029,
         0.2642920366842634
      ],
      [
         0.3782330950108246,
         0.6811464330764645,
         0.4016077960191951,
         0.2324868082152436,
         0.4660962643374553,
         0.3174368212744252,
         0.2505640743443247,
         0.6447501640430213,
         0.19213637596455646,
         0.19100173667886367,
         0.583762647636882,
         0.4401862962363284,
         0.24591824842034588,
         0.47207582992100927,
         0.6355029670289791
      ],
      [
         0.42181538718009626,
         0.489214152926992,
         0.1532299975129685,
         0.5783156833020009,
         0.4048163999066266,
         0.25254743422527387,
         0.2006388094151872,
         0.5644135126390786,
         0.2827043569126103,
         0.5143717250324686,
         0.7218223671087327,
         0.5063353440517468,
         0.5673916080138389,
         0.7549080853550765,
         0.28783289001916074
      ],
      [
         0.2665280341984587,
         0.7942811575467388,
         0.3885805739693224,
         0.22343947020715973,
         0.5255845189672772,
         0.2671406797511492,
         0.7999713582388555,
         0.1880420500457663,
         0.26771685465616457,
         0.5323372481585271,
         0.25518381312110605,
         0.3640006153570082,
         0.43555305508059977,
         0.6345352225793248,
         0.561058425572095
      ],
      [
         0.4290778358129796,
         0.5722373003902739,
         0.2562036054708826,
         0.2882224005733099,
         0.5779352457854552,
         0.17244804755617607,
         0.2541988534097525,
         0.7128503067759928,
         0.4712564191500415,
         0.16184737386633338,
         0.5644727050132317,
         0.22014383756303624,
         0.638388125276539,
         0.5167654148284034,
         0.5191257791493132
      ],
      [
         0.3566507242806094,
         0.3497246930436426,
         0.7674883903941372,
         0.27558386445841276,
         0.7828367099272309,
         0.26018618771050595,
         0.6255329285648596,
         0.7311828673710077,
         0.5687171758198142,
         0.43051399704291976,
         0.4663936970808625,
         0.41418893190715955,
         0.649250769883271,
         0.3507561456960394,
         0.6562567522613338
      ]
   ],
   "mv_f1_micro": [
      0.942,
      0.972,
      0.984,
      0.98,
      0.966,
      0.884,
      0.922,
      0.92,
      0.898,
      0.96
   ],
   "mv_f1_macro": [
      0.9423122596334416,
      0.9724101549947938,
      0.9838476017883239,
      0.9802499929693814,
      0.9666820935910089,
      0.8839542097165355,
      0.9215946066186904,
      0.9193645428696086,
      0.8968419788451334,
      0.9600971035274731
   ],
   "mv_f1_weighted": [
      0.9421762179135226,
      0.9719550532882876,
      0.9839426125304078,
      0.9799104602727661,
      0.9660528842317041,
      0.8836588342143636,
      0.9218763926992745,
      0.9195752667745426,
      0.8976653597202386,
      0.9598962788353292
   ],
   "ct_f1_micro": [
      0.982,
      0.988,
      0.992,
      0.992,
      0.98,
      0.928,
      0.956,
      0.962,
      0.946,
      0.98
   ],
   "ct_f1_macro": [
      0.9822597365368797,
      0.9876156350611905,
      0.9919541203094624,
      0.992184341338515,
      0.979834209444606,
      0.927085091752274,
      0.9548214463952386,
      0.9614415453501696,
      0.9446497366068082,
      0.9798281517620344
   ],
   "ct_f1_weighted": [
      0.9820085432099549,
      0.9879968034522205,
      0.9919972842843431,
      0.9919993430284756,
      0.9799794982281024,
      0.9280409026082905,
      0.9559425332925284,
      0.9619338742230835,
      0.9461342345910201,
      0.9799703231670963
   ],
   "em_f1_micro": [
      0.968,
      0.978,
      0.99,
      0.99,
      0.98,
      0.892,
      0.93,
      0.936,
      0.922,
      0.962
   ],
   "em_f1_macro": [
      0.9679268274732289,
      0.9779136742466135,
      0.9899719113096934,
      0.9902138979887614,
      0.980119527760337,
      0.8901857031668199,
      0.9289845985159318,
      0.935137659725303,
      0.9212426573324944,
      0.9613614224919027
   ],
   "em_f1_weighted": [
      0.9679823532172527,
      0.9780178555223779,
      0.9899983080480516,
      0.989999531975098,
      0.9800570357584898,
      0.891243919365617,
      0.9299224978845456,
      0.9357680091380677,
      0.9222855429924374,
      0.9619096249692954
   ]
}