{
   "worker_count": 18,
   "expertise_scores": [
      [
         0.4772537900713904,
         0.22232449242946767,
         0.43072322413779934,
         0.43025720181349203,
         0.6484841179606626,
         0.7857142291158647,
         0.19805460423738194,
         0.20281377301886458,
         0.7419977929888766,
         0.6072583721565344,
         0.28349424081574987,
         0.7393147894378072,
         0.5358695698474327,
         0.22249978966509804,
         0.3588205174693456,
         0.21464467275860954,
         0.2132978592619762,
         0.3054571341542135
      ],
      [
         0.6985829923410454,
         0.2920042214771097,
         0.7494690579512191,
         0.204260257362061,
         0.40809685571094356,
         0.2995976110592436,
         0.16887122028316792,
         0.14489711584522616,
         0.5404265558925891,
         0.1735635832978022,
         0.21893853056418383,
         0.48241819423990057,
         0.22640398047153376,
         0.7272335597506419,
         0.4408060005013453,
         0.16689298797397453,
         0.5340398717990896,
         0.6827038251554725
      ],
      [
         0.2722444397991812,
         0.7571121603364923,
         0.4620548078992433,
         0.3161687215815151,
         0.5006938519586792,
         0.6520112511332106,
         0.40061449491347045,
         0.574502680382617,
         0.7566338141450766,
         0.3097338419501944,
         0.5619106558926734,
         0.7897302814657532,
         0.15527781896060883,
         0.3871244846898002,
         0.5866462226126137,
         0.47319193682743965,
         0.6524786199937751,
         0.3457574410439348
      ],
      [
         0.6522883013671283,
         0.6140417437556662,
         0.6095574343956598,
         0.5961663818266487,
         0.3075891723865132,
         0.22649789579767082,
         0.44801413740826973,
         0.6126370952623552,
         0.17101164667134994,
         0.4952774313572251,
         0.31713328240425354,
         0.39161549168565424,
         0.4414983800753828,
         0.60114692965086,
         0.162871969546215,
         0.7073604127332416,
         0.4015485550664326,
         0.5159434497499622
      ],
      [
         0.5929562090339568,
         0.5151807512392619,
         0.21719703761582054,
         0.26572805295718904,
         0.20923519303134774,
         0.5736408809692561,
         0.23959358631992209,
         0.6955299945148681,
         0.1662109581206424,
         0.7841280884884858,
         0.31361236461875797,
         0.4446169339551245,
         0.21339096659262885,
         0.5275052000935195,
         0.3058383581430258,
         0.6050030497481141,
         0.6354586808857101,
         0.7587457611711386
      ],
      [
         0.4368318247352498,
         0.2642069088515624,
         0.5526162199519641,
         0.5635640340972985,
         0.5374402826239226,
         0.43091795156614543,
         0.49849404074578096,
         0.3679088681302758,
         0.49720835903124655,
         0.3801296368623076,
         0.30017605344477155,
         0.4117759876769402,
         0.4392915017890731,
         0.6954150640442613,
         0.2866658910894029,
         0.5644850010549045,
         0.6140126018451509,
         0.7679111598136839
      ],
      [
         0.47963243292463953,
         0.17379235485506758,
         0.7089803673231048,
         0.4188402106539296,
         0.6306181053764918,
         0.17640727345653867,
         0.46392518365590674,
         0.4100697802890634,
         0.7806975489923167,
         0.4872977459854573,
         0.16029965437269741,
         0.686195128974717,
         0.7441149362840611,
         0.7987246409695623,
         0.5026637108301766,
         0.5418500521085441,
         0.5337602051546864,
         0.2208538853849099
      ],
      [
         0.7937331062138913,
         0.7765259352194656,
         0.42610936369140545,
         0.7712878842426178,
         0.14597202050719918,
         0.26768486231707533,
         0.6604108047073316,
         0.7755589817203219,
         0.5800530236173344,
         0.7197446802533563,
         0.523895352394685,
         0.6920658863473212,
         0.28462811948326866,
         0.6323054245467427,
         0.15397138475640673,
         0.584542943296475,
         0.208574963888501,
         0.5563044310987768
      ],
      [
         0.5770447152561755,
         0.4528564872683332,
         0.7853886736326727,
         0.6043954799520137,
         0.45513365733377004,
         0.4490793743211735,
         0.4030298291123224,
         0.25710977957425163,
         0.7912250248688497,
         0.22898219512662926,
         0.7323994105278442,
         0.2392997445279198,
         0.17114418442802282,
         0.367092666778973,
         0.15259957335658303,
         0.398748011033162,
         0.7534347653525859,
         0.3406216561828642
      ],
      [
         0.7494410676507668,
         0.17778893724530365,
         0.6842182104237868,
         0.43288525112344695,
         0.17879469896597147,
         0.7092064997258243,
         0.16495207117759486,
         0.14358610334173533,
         0.4845980910613276,
         0.7900592806767299,
         0.7496444708453711,
         0.15111982554179074,
         0.622201697388042,
         0.22314143128267017,
         0.19367790927408085,
         0.2845533853184907,
         0.4969520226135304,
         0.29850473921432774
      ]
   ],
   "mv_f1_micro": [
      0.944,
      0.918,
      0.986,
      0.964,
      0.968,
      0.96,
      0.996,
      0.988,
      0.964,
      0.958
   ],
   "mv_f1_macro": [
      0.9438106008236921,
      0.9179755134428211,
      0.98596730667449,
      0.9635323594171811,
      0.9677944043120669,
      0.9604869228562597,
      0.995856620052943,
      0.9882979830122977,
      0.9644547230870284,
      0.9580986505450763
   ],
   "mv_f1_weighted": [
      0.9439832046932878,
      0.917963808442511,
      0.9860459248459158,
      0.964034163970049,
      0.9680010408697031,
      0.9597703931363476,
      0.9959983080480515,
      0.9880000925452845,
      0.9639220871444092,
      0.9579817456135026
   ],
   "ct_f1_micro": [
      0.98,
      0.98,
      0.988,
      0.98,
      0.986,
      0.976,
      0.998,
      0.996,
      0.996,
      0.99
   ],
   "ct_f1_macro": [
      0.9800822721053859,
      0.9798676953123954,
      0.9881076309725775,
      0.9796314887842882,
      0.9857633054851495,
      0.9758988677004442,
      0.9980563654033041,
      0.9961124590962732,
      0.996072238419177,
      0.9898682491282472
   ],
   "ct_f1_weighted": [
      0.980031640819614,
      0.9800304698248199,
      0.9880111652070114,
      0.9799980440960976,
      0.9860425277505394,
      0.9758752688663453,
      0.998,
      0.9959999061693643,
      0.996,
      0.9900040933715327
   ],
   "em_f1_micro": [
      0.968,
      0.956,
      0.986,
      0.966,
      0.976,
      0.964,
      1.0,
      0.992,
      0.986,
      0.976
   ],
   "em_f1_macro": [
      0.9678786680538973,
      0.9563481723404311,
      0.986309852963047,
      0.9663703117180633,
      0.9762752256629808,
      0.9637781732177698,
      1.0,
      0.9920024143122472,
      0.9863670182023551,
      0.9757538676425366
   ],
   "em_f1_weighted": [
      0.9680048586406085,
      0.9561463792786453,
      0.985995246909442,
      0.9661010141106608,
      0.976079410430839,
      0.9636697492175922,
      1.0,
      0.9919872894061206,
      0.9860134190662566,
      0.9759939278913037
   ]
}