{
   "worker_count": 40,
   "expertise_scores": [
      [
         0.5894004208779602,
         0.49787639740329953,
         0.5219360214963483,
         0.505213043094465,
         0.6517689670112734,
         0.6266815463216274,
         0.7834338579205039,
         0.5978207474564949,
         0.7203609492732754,
         0.4879966249394273,
         0.7729223793261683,
         0.7905539671216619,
         0.574939576332472,
         0.5148257729799897,
         0.7954117609656031,
         0.7205827396483436,
         0.598684236272456,
         0.7241488223794487,
         0.5979513493492399,
         0.5784194465070235,
         0.7728303134438967,
         0.7313404479590067,
         0.5626856811458048,
         0.6916429542889302,
         0.6917663814096093,
         0.717738597911922,
         0.784906438986891,
         0.6693867401148876,
         0.6060124188534375,
         0.7104374826741343,
         0.6548406202024534,
         0.5141979660620889,
         0.6071193793490669,
         0.5724648162584651,
         0.4997120532783122,
         0.5078126958616253,
         0.6157504847655972,
         0.7489052199475217,
         0.6691837668709154,
         0.6227049156558971
      ],
      [
         0.5627396743121067,
         0.7194960259695378,
         0.6237103670931254,
         0.6573823911802419,
         0.6888575655572609,
         0.7850949328903434,
         0.48748158312552164,
         0.7174845117773961,
         0.7112698880866375,
         0.7059567650600658,
         0.6482937603026463,
         0.5445779116443334,
         0.7207299977020558,
         0.5411696660947506,
         0.7158618198607585,
         0.5727115366570685,
         0.7178628595502135,
         0.571143214575696,
         0.7456326835906818,
         0.6851595215954355,
         0.6480136806143627,
         0.5678019373125375,
         0.7714556770815231,
         0.6584753749524463,
         0.6045910239855637,
         0.7393848555716533,
         0.6045009005816893,
         0.7617774958911055,
         0.6488267406443908,
         0.62117733043739,
         0.5944232424129277,
         0.5628050167174685,
         0.6651293704358345,
         0.7284275275826512,
         0.5814408013026595,
         0.6656374226743491,
         0.7310726541523582,
         0.6944397416295899,
         0.5073089806079285,
         0.6552231509882733
      ],
      [
         0.7761944863933115,
         0.7583981565754819,
         0.5388083500819116,
         0.5741640502024222,
         0.7839888101973012,
         0.61586800856508,
         0.7428584124929412,
         0.5421022333809083,
         0.7514075474086954,
         0.6892956330112707,
         0.7798360958716223,
         0.5701960344687629,
         0.6501151633654872,
         0.6884851012757287,
         0.5501876399869797,
         0.5381173510590268,
         0.7029532794047681,
         0.5176382880119889,
         0.7994069681543248,
         0.5961449442535174,
         0.6395794924809657,
         0.7999809955684629,
         0.6990687592484052,
         0.5585566938105473,
         0.6848075535307848,
         0.49889733166672706,
         0.48631305869552544,
         0.6687674571674731,
         0.6781821620282245,
         0.658207240217717,
         0.6008201369013713,
         0.5738878423994473,
         0.5577143753488052,
         0.6751939584103429,
         0.5989888233128384,
         0.7260135713854816,
         0.7849823757762756,
         0.5200318283620455,
         0.6638882470607778,
         0.7643820496090932
      ],
      [
         0.6356482539621237,
         0.7841357405602134,
         0.5987352976089096,
         0.6173911261663462,
         0.702865611720499,
         0.6816249495231286,
         0.5761397902871599,
         0.6564833832592931,
         0.7254100444068674,
         0.5205010133335168,
         0.6595590223700084,
         0.6417112207870774,
         0.6492315688498058,
         0.7511653239508367,
         0.5493382759887787,
         0.5785191853110232,
         0.7620771486753014,
         0.7189197062230449,
         0.6073411755005282,
         0.49033675050123954,
         0.5010190854577856,
         0.5624641340541161,
         0.520427225601724,
         0.6818464385763866,
         0.5989455043037616,
         0.5660397404039932,
         0.7673595987620059,
         0.7099243067147524,
         0.5173162762738369,
         0.7395850145823493,
         0.7112408441456881,
         0.7433237878709225,
         0.7248850864368152,
         0.5785274149921069,
         0.5215065173606174,
         0.7894532097250735,
         0.7517077357417018,
         0.6649320143630855,
         0.6644118851189927,
         0.6343986719223085
      ],
      [
         0.5505657655176308,
         0.7404754426601378,
         0.6846907839600533,
         0.5146431017232975,
         0.5711136909655843,
         0.6611000822484323,
         0.7642132844732178,
         0.7271613629086786,
         0.6427177023093479,
         0.5108074898663181,
         0.6407662131639001,
         0.794164201722191,
         0.5520320603718996,
         0.6800828797407803,
         0.7300156101169109,
         0.5409187907787529,
         0.6098714295589605,
         0.6734708808375895,
         0.5423378888908533,
         0.5213270965794415,
         0.7636197265144409,
         0.6416329337163286,
         0.6447043475545887,
         0.6268595478083258,
         0.5353294921700816,
         0.7252226460764466,
         0.5135728614045977,
         0.5324407679445544,
         0.6286048410307674,
         0.5394518931441681,
         0.7400779212517932,
         0.6529774251642622,
         0.5619671513522996,
         0.5167803610267974,
         0.4973696523899595,
         0.7176231480107091,
         0.5894310671008502,
         0.702376921402194,
         0.529895498152883,
         0.780560151543024
      ],
      [
         0.5307926104875632,
         0.6470524991058859,
         0.6210405317204888,
         0.4947976084961779,
         0.6153480450210377,
         0.6935686624684168,
         0.5128938426309905,
         0.6442194407603614,
         0.700038922697791,
         0.5581682958496854,
         0.5583267459420733,
         0.6735125110617989,
         0.6949435288244485,
         0.6017938522241707,
         0.76207049940138,
         0.6340371599518668,
         0.6967468038259605,
         0.5142954707623629,
         0.5329550942164747,
         0.5905836021492602,
         0.580164100027331,
         0.750549989341666,
         0.6312749603462506,
         0.5152351862087574,
         0.7987940826161484,
         0.6128877116296398,
         0.5303932890672827,
         0.4879905638386679,
         0.7469263423696022,
         0.6094816632335134,
         0.7469275088688374,
         0.49347249750716043,
         0.6560663395016842,
         0.5505604846004732,
         0.778246465707608,
         0.7991401671740779,
         0.5500724574231276,
         0.5923281742295419,
         0.7182790348710787,
         0.5808367988998524
      ],
      [
         0.7438961128689527,
         0.7805511809671251,
         0.7327618360736512,
         0.7575458836298901,
         0.7419454501339067,
         0.5914113528674548,
         0.6364435766548009,
         0.6407882821066643,
         0.7383836964451996,
         0.5215551394700704,
         0.7743461682044391,
         0.7659779638207593,
         0.5082450166689698,
         0.7515638183229651,
         0.48746533550061466,
         0.5001052153117668,
         0.5328112481620962,
         0.7114265726800294,
         0.7662419772969011,
         0.5719287454541018,
         0.5905940748304528,
         0.6694681505954713,
         0.7181351564715596,
         0.7188150256719413,
         0.6778774375737395,
         0.6681955469445205,
         0.7666572067275002,
         0.7167833867677167,
         0.5848428832196513,
         0.5630196473027739,
         0.5863592404153483,
