{
   "worker_count": 10,
   "expertise_scores": [
      [
         0.5857199990803098,
         0.7312168350553139,
         0.5864980031944126,
         0.643549927178049,
         0.7649371171983871,
         0.5929832739999485,
         0.5288145934135092,
         0.6756303427806524,
         0.5803535108577087,
         0.7325034254799568
      ],
      [
         0.6953694126670525,
         0.7322362103145201,
         0.6600213712964095,
         0.5594514756128698,
         0.762554850983966,
         0.6340422970669892,
         0.583306304481909,
         0.5527579326411907,
         0.6758733298078952,
         0.5052035255115614
      ],
      [
         0.5887833400392724,
         0.6141602817054824,
         0.7004853875535573,
         0.6829146148778281,
         0.7274831829472881,
         0.629880169243455,
         0.7416196065552341,
         0.7979902343493561,
         0.49024793932651495,
         0.6337129510464601
      ],
      [
         0.6475620786648302,
         0.7513639906232525,
         0.49525563142781703,
         0.5917429161690455,
         0.7952721177985216,
         0.5417475831240105,
         0.7828412790192505,
         0.7427551912550805,
         0.7155226746572483,
         0.7600824566534439
      ],
      [
         0.5200808381230639,
         0.488076740180721,
         0.6028771556505842,
         0.49286169351221265,
         0.7704290255302924,
         0.6833545447968575,
         0.5858608104100385,
         0.6701772721989241,
         0.5854411592806037,
         0.7375392611288791
      ],
      [
         0.7165232582421843,
         0.502230596125182,
         0.7919801277989982,
         0.521870628290721,
         0.5575798612412798,
         0.61779484081725,
         0.7894364432789398,
         0.6901358106480999,
         0.5810217952043464,
         0.6321662572913711
      ],
      [
         0.6256736617106895,
         0.5694973184379979,
         0.6103002273137844,
         0.6868774496787431,
         0.5397783894799356,
         0.6198405840942098,
         0.6860541471447201,
         0.6693713528832559,
         0.6292558763948086,
         0.5851005681708211
      ],
      [
         0.7656763110411404,
         0.49014712652756304,
         0.5604231951557935,
         0.6460491530809679,
         0.6757560306160817,
         0.786799443271456,
         0.5191164206730711,
         0.4834826242866374,
         0.6470625165652045,
         0.6431336996816908
      ],
      [
         0.6813537548027389,
         0.6929547484224728,
         0.636784383186425,
         0.6098208592491251,
         0.5817266384474316,
         0.5139401446954893,
         0.5263747136761916,
         0.4837649450271586,
         0.7678104903147855,
         0.7089887739263112
      ],
      [
         0.7449000263359442,
         0.6675782097825264,
         0.5114610147655634,
         0.5373962029576346,
         0.5208871592800234,
         0.5494309227901633,
         0.6327312468443325,
         0.4887365738282133,
         0.5760816422928708,
         0.7904875706781509
      ]
   ],
   "mv_f1_micro": [
      0.8000000000000002,
      0.82,
      0.82,
      0.94,
      0.8000000000000002,
      0.82,
      0.78,
      0.8599999999999999,
      0.8599999999999999,
      0.8000000000000002
   ],
   "mv_f1_macro": [
      0.7916666666666667,
      0.8108448928121059,
      0.8108448928121059,
      0.9356499356499357,
      0.7916666666666667,
      0.8021978021978022,
      0.7688104245481295,
      0.8498498498498499,
      0.8572011423908609,
      0.7916666666666667
   ],
   "mv_f1_weighted": [
      0.8016666666666667,
      0.8208322824716267,
      0.8208322824716267,
      0.9396653796653797,
      0.8016666666666667,
      0.8164395604395606,
      0.7810172341319883,
      0.8592192192192192,
      0.8619991840065279,
      0.8016666666666667
   ],
   "ct_f1_micro": [
      0.8000000000000002,
      0.92,
      0.8000000000000002,
      0.94,
      0.82,
      0.8000000000000002,
      0.8399999999999999,
      0.8599999999999999,
      0.8399999999999999,
      0.8000000000000002
   ],
   "ct_f1_macro": [
      0.7877758913412564,
      0.9151103565365025,
      0.7916666666666667,
      0.9369482976040353,
      0.8139727159983463,
      0.7771836007130126,
      0.8357963875205254,
      0.8498498498498499,
      0.8357963875205254,
      0.7947454844006568
   ],
   "ct_f1_weighted": [
      0.8,
      0.92,
      0.8016666666666667,
      0.9402774274905422,
      0.8220090946672178,
      0.7942959001782532,
      0.8421018062397373,
      0.8592192192192192,
      0.8421018062397373,
      0.8026272577996716
   ],
   "gt": [
      0,
      0,
      0,
      0,
      0,
      0,
      0,
      0,
      0,
      0,
      0,
      0,
      0,
      0,
      0,
      0,
      0,
      0,
      0,
      1,
      1,
      1,
      1,
      1,
      1,
      1,
      1,
      1,
      1,
      1,
      1,
      1,
      1,
      1,
      1,
      1,
      1,
      1,
      1,
      1,
      1,
      1,
      1,
      1,
      1,
      1,
      1,
      1,
      1,
      1
   ],
   "em_f1_micro": [
      0.7,
      0.74,
      0.68,
      0.88,
      0.48,
      0.78,
      0.66,
      0.82,
      0.54,
      0.74
   ],
   "em_f1_macro": [
      0.6998799519807923,
      0.7312939231087225,
      0.677938808373591,
      0.8726655348047538,
      0.45833333333333337,
      0.7640497640497641,
      0.587178241864983,
      0.8108448928121059,
      0.5383380168606984,
      0.726775956284153
   ],
   "em_f1_weighted": [
      0.7013205282112845,
      0.7429020256304258,
      0.671755233494364,
      0.88,
      0.43233333333333335,
      0.7787730587730587,
      0.6287906750849926,
      0.8208322824716267,
      0.5316900843034925,
      0.7412021857923498
   ]
}