{
   "worker_count": 30,
   "expertise_scores": [
      [
         0.766894574790741,
         0.7229281185755878,
         0.5565180941321577,
         0.5993897795828749,
         0.5729568980242157,
         0.6068595469589821,
         0.6064542383562992,
         0.7387356762580284,
         0.6748503045269574,
         0.7722432560949912,
         0.5182632316715223,
         0.5671889674030284,
         0.772697641596367,
         0.708832755763061,
         0.6872603935295557,
         0.5636840031316113,
         0.5280117896717903,
         0.6202927130237742,
         0.6278898760984825,
         0.7495938364705125,
         0.5493260124512755,
         0.4958840263369112,
         0.6882171779714853,
         0.7616199453466446,
         0.5082621467786073,
         0.6375117771205713,
         0.6456642817713399,
         0.49711901159471233,
         0.7424698149843272,
         0.6662122909599579
      ],
      [
         0.7847261378301463,
         0.6122230597356324,
         0.6971481026899355,
         0.5619701711366848,
         0.6978217968413334,
         0.4969740285772877,
         0.7079075931681709,
         0.7545655633583035,
         0.7927340204401261,
         0.5284875116192839,
         0.5307616663816497,
         0.7373765361870956,
         0.5613403811144664,
         0.523493240229029,
         0.5399160750405894,
         0.6630094227886842,
         0.6218703986278354,
         0.7352765539159788,
         0.748047645988575,
         0.732344670868298,
         0.5141303982623932,
         0.7049502377172495,
         0.5651985524643914,
         0.6465131629569311,
         0.5486200341412437,
         0.6917511495713207,
         0.7213578729370377,
         0.7676995012079089,
         0.7236971461516372,
         0.5854328477136155
      ],
      [
         0.6294561131814216,
         0.7677004674899957,
         0.5531935797447287,
         0.7718325287578434,
         0.7923905545944807,
         0.6231416026678809,
         0.6797264456440155,
         0.7013830418271643,
         0.6367045362284826,
         0.5185380160119493,
         0.7740290219536146,
         0.5337185497600148,
         0.5722593554079742,
         0.7935772343635444,
         0.7393674344822024,
         0.6416522658081426,
         0.7659128102735651,
         0.7956964674117868,
         0.5162432041465088,
         0.5762339052636662,
         0.6391609833823636,
         0.7729673973579274,
         0.7674659808036398,
         0.7563185348885062,
         0.5881422343190152,
         0.5690888806597226,
         0.7282816842329748,
         0.6204739072188342,
         0.7394654823493126,
         0.4874117469390647
      ],
      [
         0.6972395217430843,
         0.6042494666852559,
         0.6977264259374072,
         0.5595628399113609,
         0.6815454627403721,
         0.6949617678711826,
         0.7390440297921997,
         0.6465715576845119,
         0.7911087191822472,
         0.7628976924923495,
         0.6054204474681715,
         0.6889017977255341,
         0.666777206313014,
         0.7071318244878046,
         0.512011212267394,
         0.5695796513580649,
         0.7576334048895901,
         0.5495861964050109,
         0.5048899444462221,
         0.5713313083693152,
         0.6978105176484244,
         0.7153725814015768,
         0.7176423578292186,
         0.5399222789858661,
         0.7180675558791564,
         0.7263788986954887,
         0.5306015898343637,
         0.6268974720166585,
         0.5525676367761756,
         0.6919512918734165
      ],
      [
         0.7754638907330598,
         0.5339174293299394,
         0.6260857665856416,
         0.6951193739197958,
         0.7780846653715825,
         0.690727733991117,
         0.5968170245640363,
         0.6834439748197443,
         0.4938774069310366,
         0.6228551231600079,
         0.7996895607476383,
         0.5654621863187408,
         0.6811990747557017,
         0.5224995811835383,
         0.6602707807717572,
         0.5114725549395058,
         0.766579907548651,
         0.5214144752716673,
         0.5641115652773888,
         0.5444445143386316,
         0.6400536152395553,
         0.5850961977373277,
         0.5379757682013883,
         0.7647124675494583,
         0.6408019218232378,
         0.7914077752953137,
         0.797446237317837,
         0.6292092298881478,
         0.7503293688754714,
         0.651798330778082
      ],
      [
         0.7607535198352869,
         0.6266090099346378,
         0.7510641495178974,
         0.7462644712189079,
         0.6320929281966755,
         0.6356899793845469,
         0.5620065909824998,
         0.7661637993646926,
         0.790574671897581,
         0.5506025285754672,
         0.7480989592257168,
         0.6621339467602465,
         0.4976824089505341,
         0.4994210149111434,
         0.5904067923476426,
         0.7086711620026305,
         0.6478103870363162,
         0.4917311849611221,
         0.7789919060341433,
         0.5517977591928348,
         0.5260979548141743,
         0.6231728404015112,
         0.5590619705160625,
         0.7404075446877132,
         0.5331020712034307,
         0.6113506365127686,
         0.6353979252231279,
         0.6522675179778388,
         0.6154470332734105,
         0.48334505143065853
      ],
      [
         0.521133884806161,
         0.7117829906069832,
         0.5562704425050576,
         0.5071502702183035,
         0.6651895420918842,
         0.65682185672597,
         0.5803763958267416,
         0.7075581799697269,
         0.6045809196324187,
         0.5509996130325934,
         0.6860676398589457,
         0.6165540467881226,
         0.5807596032540616,
         0.5301074430403688,
         0.6736229955317042,
         0.6684215465552674,
         0.7016401112356516,
         0.6913204509942398,
         0.7243778875650259,
         0.7908597246824449,
         0.7925481485559156,
         0.5920784470439149,
         0.49032950193501434,
         0.4860697992663479,
         0.7388204939155287,
         0.6951615562395308,
         0.7904506090617607,
         0.6944889433466114,
         0.5553909809727676,
         0.615363445036262
      ],
      [
         0.5050367067183729,
         0.6870110339871272,
         0.644118335506242,
         0.696751017810526,
         0.5535288340288718,
         0.7755120368579022,
         0.6192976341278639,
         0.799195068381225,
         0.49023339440884395,
         0.5304626060368737,
         0.5117941609656613,
         0.6527710709773825,
         0.5277502720595539,
         0.5034004647373204,
         0.6105997084029926,
         0.7625788119904545,
         0.5783755952342476,
         0.5949096641583802,
         0.7300181968658475,
         0.4851254579592978,
         0.6153886071570283,
         0.7224512131636204,
         0.7351532171152326,
         0.6539981797471681,
         0.6809393659748046,
         0.6725964440703105,
         0.5698740917706242,
         0.6510868212485654,
         0.6354869153613758,
         0.7880337638509567
      ],
      [
         0.6963491249035222,
         0.48451255246237834,
         0.741505539969882,
         0.6784025542554424,
         0.7658714992979341,
         0.761798172729409,
         0.6812883291574413,
         0.6731996946390658,
         0.5371262530443436,
         0.6012112799116948,
         0.6164139179980611,
         0.7602449808645708,
         0.7901718981146486,
         0.7817197655083374,
         0.6441414920826272,
         0.6330747055818725,
         0.6790324450197012,
         0.630309240642789,
         0.6216743074961203,
         0.5730960590473277,
         0.6325016415609253,
         0.7932269799458959,
         0.6547991037393551,
         0.6528988101872648,
         0.5523530115999632,
         0.5718688632361634,
         0.7135322029992988,
         0.6100441070953488,
         0.712472093605578,
         0.535448655058668
