{
   "worker_count": 20,
   "expertise_scores": [
      [
         0.799233554516757,
         0.7558087188602356,
         0.534221162633946,
         0.5876753812436138,
         0.6670176330128397,
         0.5692177805736548,
         0.7377528365767736,
         0.6541870693850803,
         0.4914864272691278,
         0.5370762738815821,
         0.5193868928769853,
         0.714051077702045,
         0.7423068668689135,
         0.7941909673763303,
         0.7918270024284231,
         0.6413799125271746,
         0.5339810473157546,
         0.7767344056468294,
         0.538865037254716,
         0.5258279723745958
      ],
      [
         0.5421653367623501,
         0.5051047910978392,
         0.4875809674716218,
         0.6242121803166609,
         0.6073169691193709,
         0.7180123621094733,
         0.5136805774299599,
         0.7672875090448714,
         0.7290670626915239,
         0.6034184810146742,
         0.7620221441529174,
         0.590120302567534,
         0.6646827794552536,
         0.6378443570469465,
         0.6715870996166197,
         0.5550223773342602,
         0.5590547240599485,
         0.56219854380417,
         0.7214995587155941,
         0.7871040459780414
      ],
      [
         0.7059097759381141,
         0.6242866658497752,
         0.6166726008878329,
         0.7697063310479971,
         0.7556052558736408,
         0.6259461210033007,
         0.6086135023610638,
         0.5007002148142286,
         0.5536580280946154,
         0.5141562635835213,
         0.6718813282416194,
         0.6269093155343786,
         0.7787355452542355,
         0.6865603225657577,
         0.6003425009076375,
         0.6226196707828617,
         0.5709400630649543,
         0.7297143236010375,
         0.712373464327658,
         0.7435327811078294
      ],
      [
         0.49513923204761884,
         0.5107155337328988,
         0.6286131576658696,
         0.6468356610374468,
         0.684877336230538,
         0.7111443240786424,
         0.6518484425610109,
         0.6547169919746472,
         0.5422250542472022,
         0.6530651683874925,
         0.6323784283435382,
         0.576141743090744,
         0.4897697841861956,
         0.6633998695607759,
         0.7432395636331268,
         0.573989577720588,
         0.6998052359044996,
         0.6417483323618115,
         0.546332216348974,
         0.5853925596707
      ],
      [
         0.6170832211175772,
         0.7831051583510269,
         0.7682215970407734,
         0.6571145574097479,
         0.6488285311614543,
         0.5059826388990585,
         0.632661079603015,
         0.7025820221480096,
         0.6951129330509498,
         0.5501395562793109,
         0.4880615297286241,
         0.6734359935003035,
         0.5506409923662361,
         0.6717727897534058,
         0.72665496334843,
         0.5030098252940911,
         0.6470918190407053,
         0.5094522840285839,
         0.7193983813980016,
         0.7429745754284207
      ],
      [
         0.6860290790748443,
         0.7780349058036649,
         0.7181691793634364,
         0.6931398490697127,
         0.5502281889789279,
         0.6428637706937061,
         0.7237399269968808,
         0.7621644129945719,
         0.7934162221931882,
         0.6217472490787875,
         0.5765537774068269,
         0.5351633610804656,
         0.7753049422381065,
         0.5771450522950565,
         0.6299181090502373,
         0.5983699622606018,
         0.7179514053450831,
         0.6420386905195585,
         0.7499250472933041,
         0.7994001600267427
      ],
      [
         0.6432993673939238,
         0.5285424503169158,
         0.4892242801027152,
         0.5404992836854018,
         0.6207463922565285,
         0.7511097982200969,
         0.668892987170305,
         0.5629125428420376,
         0.5605694754808517,
         0.7574556129892882,
         0.5704022217912451,
         0.7567376012489182,
         0.5751805848576708,
         0.5435055133778792,
         0.5181621108783904,
         0.5004475187384055,
         0.6959523472447517,
         0.6852094756637468,
         0.7981390131973738,
         0.6490049643037277
      ],
      [
         0.5623357711427506,
         0.7240259813845593,
         0.7641863072875287,
         0.551531480237344,
         0.695935262728415,
         0.7864945358099866,
         0.5336391014856061,
         0.5111536658217019,
         0.7446826217927214,
         0.5856909359417708,
         0.506720715848312,
         0.5409583305355559,
         0.6774801049207111,
         0.7262149595247855,
         0.7482699729577699,
         0.5161424729866894,
         0.49444011357943624,
         0.7947657902474308,
         0.487094302362353,
         0.722064132150067
      ],
      [
         0.6842300440838198,
         0.7634247821368215,
         0.5020775996738533,
         0.6089111924719086,
         0.6785409717758464,
         0.72759497055389,
         0.5111924541525754,
         0.7670902791262815,
         0.5892570343853952,
         0.6693492985506868,
         0.7400996724328565,
         0.6679960360474974,
         0.7262170937108215,
         0.6417918435011771,
         0.7559775742976019,
         0.7020934267455914,
         0.5491877822202454,
         0.6466309120182192,
         0.6416119620467484,
         0.7602549020424632
      ],
      [
         0.5891240813811753,
         0.4837048431034092,
         0.5610240605332026,
         0.5568263962735864,
         0.6091329317716379,
         0.6270047140950838,
         0.536210102485391,
         0.6913299282918106,
         0.7982252507773663,
         0.7877400237017151,
         0.6340906526737528,
         0.6459596427514379,
         0.4897161234963863,
         0.7431340364180488,
         0.7457021375838782,
         0.5929732728850814,
         0.7305884935543421,
         0.580733948315616,
         0.6180642860234524,
         0.5138732992546016
      ]
   ],
   "mv_f1_micro": [
      0.94,
      0.88,
      0.94,
      0.8599999999999999,
      0.9,
      0.98,
      0.8599999999999999,
      0.88,
      0.96,
      0.9
   ],
   "mv_f1_macro": [
      0.9356499356499357,
      0.8782467532467533,
      0.9369482976040353,
      0.8528793610760824,
      0.8949138293400589,
      0.9785499785499785,
      0.8498498498498499,
      0.875,
      0.9583333333333333,
      0.8966515088879703
   ],
   "mv_f1_weighted": [
      0.9396653796653797,
      0.8817532467532467,
      0.9402774274905422,
      0.8606473308112653,
      0.9004623791509039,
      0.9798884598884599,
      0.8592192192192192,
      0.8810000000000001,
      0.9603333333333333,
      0.9011161637040099
   ],
   "ct_f1_micro": [
      0.94,
      0.92,
      0.88,
      0.88,
      0.8599999999999999,
      1.0,
      0.8599999999999999,
      0.9,
      0.96,
      0.92
   ],
   "ct_f1_macro": [
      0.9356499356499357,
      0.9178981937602626,
      0.8726655348047538,
      0.875,
      0.8528793610760824,
      1.0,
      0.8498498498498499,
      0.8949138293400589,
      0.9583333333333333,
      0.9166666666666667
   ],
   "ct_f1_weighted": [
      0.9396653796653797,
      0.9210509031198686,
      0.88,
      0.8810000000000001,
      0.8606473308112653,
      1.0,
      0.8592192192192192,
      0.9004623791509039,
      0.9603333333333333,
      0.9206666666666666
   ],
   "gt": [
      0,
      0,
      0,
      0,
      0,
      0,
      0,
      0,
      0,
      0,
      0,
      0,
      0,
      0,
      0,
      0,
      0,
      0,
      0,
      1,
      1,
      1,
      1,
      1,
      1,
      1,
      1,
      1,
      1,
      1,
      1,
      1,
      1,
      1,
      1,
      1,
      1,
      1,
      1,
      1,
      1,
      1,
      1,
      1,
      1,
      1,
      1,
      1,
      1,
      1
   ],