{
   "worker_count": 3,
   "expertise_scores": [
      [
         0.7095132456724244,
         0.7681506786474221,
         0.5493143149005753
      ],
      [
         0.5056209970402679,
         0.5438533290905456,
         0.7301594040421331
      ],
      [
         0.702110168232032,
         0.6857420048314089,
         0.6243432369537129
      ],
      [
         0.7594062366211991,
         0.6701948354550816,
         0.488693956953959
      ],
      [
         0.6585002440753991,
         0.6121610949130941,
         0.658902281762938
      ],
      [
         0.656863189880048,
         0.52376598686122,
         0.6653392775324003
      ],
      [
         0.783413864047084,
         0.613267386198245,
         0.4983222659056622
      ],
      [
         0.5870424824892887,
         0.6016487373073587,
         0.6835900708920254
      ],
      [
         0.67794695087188,
         0.7330183716725185,
         0.7875327348844431
      ],
      [
         0.6325123671025541,
         0.6889886762205635,
         0.5897410979854363
      ]
   ],
   "mv_f1_micro": [
      0.74,
      0.62,
      0.72,
      0.78,
      0.72,
      0.64,
      0.7,
      0.7,
      0.82,
      0.68
   ],
   "mv_f1_macro": [
      0.7142857142857142,
      0.6006725514922235,
      0.7126436781609196,
      0.7726333195535344,
      0.7181964573268921,
      0.6305418719211823,
      0.6899545266639108,
      0.6899545266639108,
      0.8108448928121059,
      0.6666666666666666
   ],
   "mv_f1_weighted": [
      0.7348571428571428,
      0.6217570407734342,
      0.7236781609195403,
      0.7824555601488217,
      0.7236070853462158,
      0.6447290640394088,
      0.7033484911120297,
      0.7033484911120297,
      0.8208322824716267,
      0.6826666666666666
   ],
   "ct_f1_micro": [
      0.74,
      0.62,
      0.72,
      0.78,
      0.72,
      0.64,
      0.7,
      0.7,
      0.82,
      0.68
   ],
   "ct_f1_macro": [
      0.7142857142857142,
      0.6006725514922235,
      0.7126436781609196,
      0.7726333195535344,
      0.7181964573268921,
      0.6305418719211823,
      0.6899545266639108,
      0.6899545266639108,
      0.8108448928121059,
      0.6666666666666666
   ],
   "ct_f1_weighted": [
      0.7348571428571428,
      0.6217570407734342,
      0.7236781609195403,
      0.7824555601488217,
      0.7236070853462158,
      0.6447290640394088,
      0.7033484911120297,
      0.7033484911120297,
      0.8208322824716267,
      0.6826666666666666
   ],
   "gt": [
      0,
      0,
      0,
      0,
      0,
      0,
      0,
      0,
      0,
      0,
      0,
      0,
      0,
      0,
      0,
      0,
      0,
      0,
      0,
      1,
      1,
      1,
      1,
      1,
      1,
      1,
      1,
      1,
      1,
      1,
      1,
      1,
      1,
      1,
      1,
      1,
      1,
      1,
      1,
      1,
      1,
      1,
      1,
      1,
      1,
      1,
      1,
      1,
      1,
      1
   ],
   "em_f1_micro": [
      0.54,
      0.5,
      0.72,
      0.78,
      0.56,
      0.48,
      0.78,
      0.68,
      0.82,
      0.64
   ],
   "em_f1_macro": [
      0.44147644487615345,
      0.4949494949494949,
      0.7181964573268921,
      0.7688104245481295,
      0.548440065681445,
      0.47916666666666663,
      0.7726333195535344,
      0.6604414261460102,
      0.8108448928121059,
      0.6347402597402597
   ],
   "em_f1_weighted": [
      0.4977756192326372,
      0.507070707070707,
      0.7236070853462158,
      0.7810172341319883,
      0.5311001642036125,
      0.4741666666666666,
      0.7824555601488217,
      0.68,
      0.8208322824716267,
      0.6452597402597402
   ]
}