{
   "worker_count": 13,
   "expertise_scores": [
      [
         0.6535432340632701,
         0.5848164218499178,
         0.7658056225114069,
         0.7330586565826356,
         0.5956230152883466,
         0.7816097362494394,
         0.6534488760675243,
         0.5857318804701014,
         0.7414040088272825,
         0.7367572551873793,
         0.7298260278379323,
         0.5511543063589319,
         0.48372113471111755
      ],
      [
         0.709222106660025,
         0.5316910806449516,
         0.7967368058425846,
         0.5218199611098846,
         0.6427908013983265,
         0.5107350810021573,
         0.5758910762287677,
         0.6830072757681869,
         0.5681919815731534,
         0.603651846340928,
         0.6248497873406572,
         0.4873314732392251,
         0.6741427619145786
      ],
      [
         0.6189244149378164,
         0.6393203852028616,
         0.6760152286802965,
         0.5534603797969713,
         0.6675076571141763,
         0.7600700053494308,
         0.5660649406014935,
         0.6679706045990392,
         0.5190314743611146,
         0.5939250354107514,
         0.5169950915892414,
         0.7081401816947013,
         0.5626390697770263
      ],
      [
         0.7985840570104654,
         0.6804690946705447,
         0.7869450029987882,
         0.7802303157691829,
         0.6710912789642485,
         0.4934049215594282,
         0.7552747315741242,
         0.4887273580572041,
         0.7928627986171044,
         0.5762041899692546,
         0.6818597582884297,
         0.6500677186614865,
         0.6215748078026003
      ],
      [
         0.7630866873610551,
         0.5949478544289649,
         0.5644896186331022,
         0.6370437812398688,
         0.5913664142793011,
         0.7309743157210311,
         0.5772298454246337,
         0.6668179822437715,
         0.5548886250182158,
         0.7032754484058986,
         0.7846435228724431,
         0.6909409364307478,
         0.532252561317514
      ],
      [
         0.5799838168035403,
         0.7364353334845224,
         0.608672604615215,
         0.5605624733070318,
         0.6422784787431268,
         0.5194453185828776,
         0.6459615284232103,
         0.5356711506531225,
         0.5891720016963493,
         0.5077344247906069,
         0.6510213411304582,
         0.6434378401091337,
         0.7083011837459645
      ],
      [
         0.6954671133253547,
         0.776065233276574,
         0.5767819712439051,
         0.5047466212708269,
         0.7963204279129521,
         0.5095830200266623,
         0.7915872202441792,
         0.7532061460688375,
         0.6911980464028561,
         0.643554049204466,
         0.5642167063904688,
         0.7908075844221746,
         0.5528751792139452
      ],
      [
         0.5851347260014648,
         0.6481232665909193,
         0.6862332044436741,
         0.745303582335935,
         0.6929817940379447,
         0.6677373499738944,
         0.7409919089919343,
         0.5730830704219076,
         0.7870251790532288,
         0.5900114553414574,
         0.7849777788245917,
         0.7322522126137994,
         0.7858568257679841
      ],
      [
         0.7483901647453066,
         0.6522929221197832,
         0.591890959803224,
         0.7448179081418536,
         0.7093675407449458,
         0.5784496113633787,
         0.7533021023145905,
         0.6330859052906374,
         0.5799209478686005,
         0.6460091587883843,
         0.5112495357641562,
         0.7165361176693893,
         0.5199601388605443
      ],
      [
         0.5220092577177929,
         0.6609194967764755,
         0.5015579953986266,
         0.5223886995547442,
         0.4850352505454867,
         0.5928282151792607,
         0.76573123980496,
         0.7951337273029804,
         0.602785339347791,
         0.6861190896099589,
         0.7664434197297612,
         0.6144827702118953,
         0.7247360480329825
      ]
   ],
   "mv_f1_micro": [
      0.94,
      0.74,
      0.92,
      0.88,
      0.82,
      0.76,
      0.94,
      0.88,
      0.82,
      0.82
   ],
   "mv_f1_macro": [
      0.9356499356499357,
      0.7312939231087225,
      0.9166666666666667,
      0.8782467532467533,
      0.8181818181818181,
      0.75,
      0.9379909053327821,
      0.8768472906403941,
      0.8021978021978022,
      0.8108448928121059
   ],
   "mv_f1_weighted": [
      0.9396653796653797,
      0.7429020256304258,
      0.9206666666666666,
      0.8817532467532467,
      0.8225454545454545,
      0.7619999999999999,
      0.940669698222406,
      0.881576354679803,
      0.8164395604395606,
      0.8208322824716267
   ],
   "ct_f1_micro": [
      0.94,
      0.74,
      0.92,
      0.88,
      0.82,
      0.76,
      0.94,
      0.88,
      0.82,
      0.8399999999999999
   ],
   "ct_f1_macro": [
      0.9356499356499357,
      0.7312939231087225,
      0.9166666666666667,
      0.8782467532467533,
      0.8181818181818181,
      0.75,
      0.9379909053327821,
      0.8768472906403941,
      0.8021978021978022,
      0.8333333333333333
   ],
   "ct_f1_weighted": [
      0.9396653796653797,
      0.7429020256304258,
      0.9206666666666666,
      0.8817532467532467,
      0.8225454545454545,
      0.7619999999999999,
      0.940669698222406,
      0.881576354679803,
      0.8164395604395606,
      0.8413333333333333
   ],
   "gt": [
      0,
      0,
      0,
      0,
      0,
      0,
      0,
      0,
      0,
      0,
      0,
      0,
      0,
      0,
      0,
      0,
      0,
      0,
      0,
      1,
      1,
      1,
      1,
      1,
      1,
      1,
      1,
      1,
      1,
      1,
      1,
      1,
      1,
      1,
      1,
      1,
      1,
      1,
      1,
      1,
      1,
      1,
      1,
      1,
      1,
      1,
      1,
      1,
      1,
      1
   ],
   "em_f1_micro": [
      0.82,
      0.76,
      0.6,
      0.92,
      0.68,
      0.62,
      0.9,
      0.9,
      0.8000000000000002,
      0.8599999999999999
   ],
   "em_f1_macro": [
      0.7814473045167558,
      0.7564935064935063,
      0.5941558441558441,
      0.9178981937602626,
      0.6794871794871795,
      0.5824175824175825,
      0.8869289914066033,
      0.8949138293400589,
      0.770220588235294,
      0.8528793610760824
   ],
   "em_f1_weighted": [
      0.8034774162214667,
      0.7635064935064935,
      0.5824675324675325,
      0.9210509031198686,
      0.6764102564102563,
      0.6124835164835164,
      0.8961555857078245,
      0.9004623791509039,
      0.7900735294117647,
      0.8606473308112653
   ]
}