{
   "worker_count": 15,
   "expertise_scores": [
      [
         0.6277573776238305,
         0.48897030389976165,
         0.5402554290997363,
         0.7450365086684034,
         0.6351686522650672,
         0.6481888936168095,
         0.5883725737553035,
         0.5742574615501184,
         0.5238148115471037,
         0.6626027786309386,
         0.7869792544481475,
         0.6203595256646188,
         0.6322054951292269,
         0.6035820499807057,
         0.5609618251223311
      ],
      [
         0.6173530253059116,
         0.7441860880697376,
         0.5429497111090419,
         0.6379975253751372,
         0.7089695586796091,
         0.5727282048828243,
         0.7567998329664443,
         0.6560693251658691,
         0.5696689623298307,
         0.5556788076883541,
         0.6474910189313663,
         0.4884366452173335,
         0.7777226853474408,
         0.6476880460000931,
         0.5745001970476534
      ],
      [
         0.7523346323222229,
         0.7355876887627576,
         0.49555303226891745,
         0.6663272499075907,
         0.5913930629670617,
         0.48847326606354735,
         0.6501799992074411,
         0.5563018572972142,
         0.7307790809177257,
         0.7563235993740925,
         0.5789486566211182,
         0.6705515417092769,
         0.5023296560679245,
         0.7423834107472487,
         0.6368789726443786
      ],
      [
         0.5472931502631796,
         0.5778421210466816,
         0.7223701979103039,
         0.7711260429539981,
         0.574738390189552,
         0.7371700554094744,
         0.5095150751382658,
         0.5868195170222664,
         0.5008657193981492,
         0.6333503334219514,
         0.5340659657087804,
         0.6645764834832555,
         0.776114979830701,
         0.6949639867446764,
         0.5269923817361003
      ],
      [
         0.727991062956366,
         0.5300472371864081,
         0.5317239544500508,
         0.613795623784404,
         0.6970649800256028,
         0.763068458729183,
         0.5578219598797013,
         0.6570562489486188,
         0.6997342413777772,
         0.6468670541792201,
         0.6644473631779716,
         0.755062860551001,
         0.6590179642578852,
         0.58950452303276,
         0.7480867049931086
      ],
      [
         0.7085143207976464,
         0.6161938528287892,
         0.6351075145854701,
         0.5880793580715573,
         0.7964617779249922,
         0.5139484319832656,
         0.7490959102284643,
         0.5604542997720895,
         0.5798584814683855,
         0.6047167741783812,
         0.6038618627570889,
         0.7614833548793916,
         0.5852291595815691,
         0.6386664111021804,
         0.6498720171942082
      ],
      [
         0.5852443000418264,
         0.7179928064256619,
         0.5375284526319768,
         0.6458529994921363,
         0.6580241144348657,
         0.7087753413043401,
         0.5786004648293097,
         0.608899754134666,
         0.6613842107218445,
         0.7250803109117058,
         0.6937069658386146,
         0.7986443239744976,
         0.5916299852051741,
         0.6384526720446273,
         0.695630944933735
      ],
      [
         0.6899628075622016,
         0.623146777429715,
         0.6087416693137823,
         0.5418921976936922,
         0.7079070679562004,
         0.7189086432120178,
         0.7080266012970627,
         0.6524511323149755,
         0.5763926521026814,
         0.6823362663599092,
         0.548685989772301,
         0.6276288870526473,
         0.5215303526534283,
         0.7124906077994979,
         0.5699965082096283
      ],
      [
         0.6509703619738114,
         0.5393437928531779,
         0.6860053820744674,
         0.5138740127899836,
         0.7500651624491279,
         0.7060258783867938,
         0.775688138296112,
         0.7531416501813873,
         0.5746377361882103,
         0.5518336440952232,
         0.7676127054752507,
         0.6399309738304653,
         0.6240188595897966,
         0.7327922969504944,
         0.7523378565301815
      ],
      [
         0.5499060577364997,
         0.6664345833702888,
         0.6031790255025966,
         0.6854018884291452,
         0.6569555693332106,
         0.7456456151847192,
         0.7614875071899274,
         0.5781895071584066,
         0.6468781767608884,
         0.4903099864586536,
         0.5708289185200294,
         0.6931273193218166,
         0.7594662635694367,
         0.6480750310825205,
         0.5798443527825796
      ]
   ],
   "mv_f1_micro": [
      0.82,
      0.88,
      0.82,
      0.88,
      0.92,
      0.88,
      0.92,
      0.8399999999999999,
      0.92,
      0.8000000000000002
   ],
   "mv_f1_macro": [
      0.8164014687882497,
      0.875,
      0.8181818181818181,
      0.875,
      0.9131944444444444,
      0.8726655348047538,
      0.9166666666666667,
      0.8357963875205254,
      0.9151103565365025,
      0.7771836007130126
   ],
   "mv_f1_weighted": [
      0.8225703794369644,
      0.8810000000000001,
      0.8225454545454545,
      0.8810000000000001,
      0.9190277777777777,
      0.88,
      0.9206666666666666,
      0.8421018062397373,
      0.92,
      0.7942959001782532
   ],
   "ct_f1_micro": [
      0.82,
      0.88,
      0.82,
      0.88,
      0.92,
      0.88,
      0.92,
      0.8399999999999999,
      0.92,
      0.8000000000000002
   ],
   "ct_f1_macro": [
      0.8164014687882497,
      0.875,
      0.8181818181818181,
      0.875,
      0.9131944444444444,
      0.8726655348047538,
      0.9166666666666667,
      0.8357963875205254,
      0.9151103565365025,
      0.7771836007130126
   ],
   "ct_f1_weighted": [
      0.8225703794369644,
      0.8810000000000001,
      0.8225454545454545,
      0.8810000000000001,
      0.9190277777777777,
      0.88,
      0.9206666666666666,
      0.8421018062397373,
      0.92,
      0.7942959001782532
   ],
   "gt": [
      0,
      0,
      0,
      0,
      0,
      0,
      0,
      0,
      0,
      0,
      0,
      0,
      0,
      0,
      0,
      0,
      0,
      0,
      0,
      1,
      1,
      1,
      1,
      1,
      1,
      1,
      1,
      1,
      1,
      1,
      1,
      1,
      1,
      1,
      1,
      1,
      1,
      1,
      1,
      1,
      1,
      1,
      1,
      1,
      1,
      1,
      1,
      1,
      1,
      1
   ],
   "em_f1_micro": [
      0.8000000000000002,
      0.78,
      0.8599999999999999,
      0.82,
      0.78,
      0.8599999999999999,
      0.8399999999999999,
      0.78,
      0.8599999999999999,
      0.8000000000000002
   ],
   "em_f1_macro": [
      0.797077922077922,
      0.7209538305428717,
      0.8417005879692447,
      0.8108448928121059,
      0.7799119647859143,
      0.8363721365123888,
      0.8333333333333333,
      0.7756017951856387,
      0.846153846153846,
      0.7877758913412564
   ],
   "em_f1_weighted": [
      0.8029220779220779,
      0.7517605276509386,
      0.8546178199909542,
      0.8208322824716267,
      0.780968387354942,
      0.851294997662459,
      0.8413333333333333,
      0.7831415748674011,
      0.8572307692307691,
      0.8
   ]
}