{
   "worker_count": 5,
   "expertise_scores": [
      [
         0.7736683590248181,
         0.590180060123022,
         0.5181225849382115,
         0.5050234547170325,
         0.5229835428194496
      ],
      [
         0.699517991906343,
         0.6694616149723267,
         0.7223522751682288,
         0.5743755030942429,
         0.6919667295409323
      ],
      [
         0.7325451642545691,
         0.5389337911814971,
         0.4993099391378867,
         0.697208805965309,
         0.5346004041582751
      ],
      [
         0.6631219706907857,
         0.6929629835956389,
         0.6337207020388453,
         0.6817921293818182,
         0.5412291946282474
      ],
      [
         0.6734899358864723,
         0.6407114464437217,
         0.5922173731504301,
         0.5943987939674931,
         0.5038789493268838
      ],
      [
         0.5973982902450643,
         0.6910273829702147,
         0.6704439700791205,
         0.5652947792433045,
         0.698599812994039
      ],
      [
         0.6810693038540848,
         0.6772264001587346,
         0.6930125550675383,
         0.5727708787692839,
         0.567546281426046
      ],
      [
         0.6830037040115655,
         0.5787747782686552,
         0.5751443759810774,
         0.49961605020373945,
         0.6252497316343157
      ],
      [
         0.6821656606999769,
         0.6843087741818336,
         0.5178032267749831,
         0.5306887228666327,
         0.68260121979688
      ],
      [
         0.799765892294984,
         0.6911274898531028,
         0.5705234784788703,
         0.5140521811147807,
         0.7164229258882812
      ]
   ],
   "mv_f1_micro": [
      0.66,
      0.8000000000000002,
      0.68,
      0.74,
      0.66,
      0.82,
      0.78,
      0.66,
      0.76,
      0.76
   ],
   "mv_f1_macro": [
      0.6532027743778049,
      0.7916666666666667,
      0.677938808373591,
      0.726775956284153,
      0.6263736263736264,
      0.8139727159983463,
      0.7688104245481295,
      0.6353496353496353,
      0.7536945812807883,
      0.7564935064935063
   ],
   "mv_f1_weighted": [
      0.6648551611587107,
      0.8016666666666667,
      0.684122383252818,
      0.7412021857923498,
      0.6532747252747252,
      0.8220090946672178,
      0.7810172341319883,
      0.6581038181038181,
      0.763152709359606,
      0.7635064935064935
   ],
   "ct_f1_micro": [
      0.66,
      0.8000000000000002,
      0.68,
      0.74,
      0.66,
      0.82,
      0.78,
      0.66,
      0.76,
      0.76
   ],
   "ct_f1_macro": [
      0.6532027743778049,
      0.7916666666666667,
      0.677938808373591,
      0.726775956284153,
      0.6263736263736264,
      0.8139727159983463,
      0.7688104245481295,
      0.6353496353496353,
      0.7536945812807883,
      0.7564935064935063
   ],
   "ct_f1_weighted": [
      0.6648551611587107,
      0.8016666666666667,
      0.684122383252818,
      0.7412021857923498,
      0.6532747252747252,
      0.8220090946672178,
      0.7810172341319883,
      0.6581038181038181,
      0.763152709359606,
      0.7635064935064935
   ],
   "gt": [
      0,
      0,
      0,
      0,
      0,
      0,
      0,
      0,
      0,
      0,
      0,
      0,
      0,
      0,
      0,
      0,
      0,
      0,
      0,
      1,
      1,
      1,
      1,
      1,
      1,
      1,
      1,
      1,
      1,
      1,
      1,
      1,
      1,
      1,
      1,
      1,
      1,
      1,
      1,
      1,
      1,
      1,
      1,
      1,
      1,
      1,
      1,
      1,
      1,
      1
   ],
   "em_f1_micro": [
      0.56,
      0.62,
      0.7,
      0.6,
      0.66,
      0.56,
      0.7,
      0.46,
      0.72,
      0.7
   ],
   "em_f1_macro": [
      0.5098039215686274,
      0.6161616161616161,
      0.6989160979526294,
      0.5238095238095237,
      0.587178241864983,
      0.5416666666666666,
      0.6782496782496783,
      0.45804897631473307,
      0.6527777777777778,
      0.6989160979526294
   ],
   "em_f1_weighted": [
      0.5474509803921568,
      0.606949494949495,
      0.7032517061421116,
      0.5695238095238094,
      0.6287906750849926,
      0.5636666666666666,
      0.6983268983268982,
      0.4502448815736652,
      0.6894444444444444,
      0.6945804897631472
   ]
}