{
   "worker_count": 18,
   "expertise_scores": [
      [
         0.5617023212976635,
         0.7412621850680676,
         0.6231573814688026,
         0.6825925506462995,
         0.6662789796608877,
         0.4938891588874558,
         0.5622985326489326,
         0.5051586072583142,
         0.5101277684592675,
         0.5603782769604619,
         0.655078230857249,
         0.6201243306254114,
         0.5868576274702206,
         0.7733712573928777,
         0.735241078791373,
         0.5705573715633973,
         0.5441019728903886,
         0.7436940618762284
      ],
      [
         0.565303187273731,
         0.6074784986948708,
         0.7644890533696597,
         0.7616956648323957,
         0.7304836263491825,
         0.5587479770745541,
         0.5668859106342665,
         0.5689959648275548,
         0.7860618087305407,
         0.5237575146585914,
         0.7984653698119528,
         0.7812315951536023,
         0.7554460554843367,
         0.7153416936752166,
         0.7686831908843346,
         0.5352028290340064,
         0.5997108135200406,
         0.7078295779905924
      ],
      [
         0.7868949578841289,
         0.4883950810921412,
         0.6165958049359558,
         0.4909550085410962,
         0.6452358699221642,
         0.7770596383311136,
         0.4919790168871782,
         0.5358736266555466,
         0.6373266029702558,
         0.6167408066450718,
         0.5567237603232665,
         0.7616642712021905,
         0.5855643656245161,
         0.7935073461372575,
         0.6196356123326745,
         0.5415551879012546,
         0.7108465474494529,
         0.6646319494896178
      ],
      [
         0.5499076923533007,
         0.6789433177238913,
         0.7676525924248665,
         0.6542383528099887,
         0.7946172286098082,
         0.7469488513253169,
         0.7259975540666112,
         0.6189678023073972,
         0.5983438700794873,
         0.5775791974386721,
         0.7726613790753245,
         0.527322904585013,
         0.49449335143293033,
         0.7468165626056573,
         0.6664983154199481,
         0.576804688159348,
         0.5383058728958915,
         0.5590819606987705
      ],
      [
         0.5530371984678124,
         0.6467705401386606,
         0.6964080434770734,
         0.5452388872996514,
         0.5976398927563862,
         0.6376515873805726,
         0.5582237278644631,
         0.7541360927408782,
         0.6463623018387127,
         0.5665039357078963,
         0.535655295932622,
         0.7878613320089619,
         0.5568331852317968,
         0.7189812811982984,
         0.6720183133948981,
         0.7206681402784807,
         0.7476429636178337,
         0.6657100390472341
      ],
      [
         0.5564917328987486,
         0.7104318448555065,
         0.619149695576603,
         0.7868935958136714,
         0.7707835137562623,
         0.5525589539036299,
         0.5779709158642156,
         0.7175544082225924,
         0.6568034561737484,
         0.5658444800595352,
         0.6821493688752873,
         0.6340339156957439,
         0.5662667688238419,
         0.7256359322562909,
         0.5008960918490873,
         0.7727113249465,
         0.6215903780227451,
         0.5443777208843621
      ],
      [
         0.6291808739678775,
         0.7085325732495033,
         0.6406976251697869,
         0.5896670815104446,
         0.5346892857301537,
         0.5144846500009991,
         0.6512927434773865,
         0.6428572843326269,
         0.5277607581463232,
         0.5156982447487303,
         0.48814974585466964,
         0.7308314288115614,
         0.6744585820797443,
         0.6947248308652979,
         0.6374098425109957,
         0.5317970874389445,
         0.6102437216498703,
         0.5236092445990397
      ],
      [
         0.5679791118871463,
         0.586697195596548,
         0.6095916817722999,
         0.7660796324175991,
         0.613161987523691,
         0.759278317383554,
         0.5513636181895506,
         0.7918995489405065,
         0.6725782312076906,
         0.6872305414488501,
         0.4910100636563005,
         0.7187528858809058,
         0.5970084784383674,
         0.6916315870518445,
         0.6612248146781321,
         0.6389366317717514,
         0.6316518682027344,
         0.6784309812770961
      ],
      [
         0.713369314668377,
         0.5181634073077452,
         0.772184001778322,
         0.4908872161818818,
         0.6464725630725979,
         0.7082508933279925,
         0.48663415872786925,
         0.5023065382090935,
         0.7978613473173899,
         0.6319832055263057,
         0.735792637977826,
         0.6842858427090608,
         0.6817242360684113,
         0.6979376387714502,
         0.4999658829036861,
         0.7516311807244924,
         0.7239958323699138,
         0.7969814120228971
      ],
      [
         0.5860369504665661,
         0.5873079610333406,
         0.7844983115816446,
         0.6998143234145626,
         0.7788740813786084,
         0.6492387094519783,
         0.7334441838172783,
         0.6853975782494083,
         0.6642511745576966,
         0.7103381775429856,
         0.60913543069256,
         0.5887915568194061,
         0.5408307640467082,
         0.5528556016695696,
         0.7574373907209817,
         0.5912428801673142,
         0.7119680579479127,
         0.7386416686967878
      ]
   ],
   "mv_f1_micro": [
      0.82,
      0.92,
      0.88,
      0.8399999999999999,
      0.88,
      0.8599999999999999,
      0.78,
      0.92,
      0.96,
      0.9
   ],
   "mv_f1_macro": [
      0.8108448928121059,
      0.9166666666666667,
      0.8768472906403941,
      0.830220713073005,
      0.8726655348047538,
      0.846153846153846,
      0.7688104245481295,
      0.9151103565365025,
      0.9565972222222222,
      0.898000815993472
   ],
   "mv_f1_weighted": [
      0.8208322824716267,
      0.9206666666666666,
      0.881576354679803,
      0.84,
      0.88,
      0.8572307692307691,
      0.7810172341319883,
      0.92,
      0.9595138888888889,
      0.9014279885760914
   ],
   "ct_f1_micro": [
      0.8599999999999999,
      0.94,
      0.9,
      0.8399999999999999,
      0.9,
      0.9,
      0.82,
      0.96,
      0.96,
      0.92
   ],
   "ct_f1_macro": [
      0.8528793610760824,
      0.9369482976040353,
      0.8966515088879703,
      0.830220713073005,
      0.8949138293400589,
      0.8927498927498927,
      0.8069498069498069,
      0.9575551782682512,
      0.9565972222222222,
      0.9166666666666667
   ],
   "ct_f1_weighted": [
      0.8606473308112653,
      0.9402774274905422,
      0.9011161637040099,
      0.84,
      0.9004623791509039,
      0.8994422994422995,
      0.818996138996139,
      0.96,
      0.9595138888888889,
      0.9206666666666666
   ],
   "gt": [
      0,
      0,
      0,
      0,
      0,
      0,
      0,
      0,
      0,
      0,
      0,
      0,
      0,
      0,
      0,
      0,
      0,
      0,
      0,
      1,
      1,
      1,
      1,
      1,
      1,
      1,
      1,
      1,
      1,
      1,
      1,
      1,
      1,
      1,
      1,
      1,
      1,
      1,
      1,
      1,
      1,
      1,
      1,
      1,
      1,
      1,
      1,
      1,
      1,
      1
   ],
   "em_f1_micro": [
      0.9,
      0.96,
      0.92,
      0.8000000000000002,
      0.8399999999999999,
      0.94,
      0.64,
      0.8399999999999999,
      0.92,
      0.92
   ],
   "em_f1_macro": [
      0.8901098901098901,
      0.9565972222222222,
      0.9151103565365025,
      0.7829861111111112,
      0.8263888888888888,
      0.9356499356499357,
      0.6376811594202899,
      0.8161764705882353,
      0.910873440285205,
      0.9166666666666667
   ],