{
   "worker_count": 13,
   "expertise_scores": [
      [
         0.4905353285881959,
         0.649931114536374,
         0.6441988489102162,
         0.761068829369701,
         0.5470093206226665,
         0.5657660058828304,
         0.6422010563003978,
         0.7832399446864932,
         0.61924739239207,
         0.6959546166336033,
         0.7038614076835523,
         0.6200146496295339,
         0.5011975046250914
      ],
      [
         0.5960361863698674,
         0.791094119940033,
         0.6479899493286503,
         0.5883086275743474,
         0.5874655205318278,
         0.7854108040841191,
         0.6067896414946481,
         0.5171134328039516,
         0.5575845705154796,
         0.7397061178292355,
         0.6332658010345689,
         0.6921268999436612,
         0.691662180567749
      ],
      [
         0.5105071643766277,
         0.6228642583981292,
         0.5633529755117708,
         0.7054781144279872,
         0.6133830868733507,
         0.751730397575567,
         0.6936659864323841,
         0.6595097219029532,
         0.5701501824241798,
         0.7816801426893444,
         0.5588295554133835,
         0.7056120143368935,
         0.6233510983664443
      ],
      [
         0.5271941249277479,
         0.7978896714423203,
         0.5104803905434526,
         0.5213377818077586,
         0.6896178649552747,
         0.6067018751956611,
         0.6351301325151077,
         0.7267053767880269,
         0.6018072131507285,
         0.702700784789151,
         0.5193404348623202,
         0.5621918177479946,
         0.6731663414106946
      ],
      [
         0.7318927990066011,
         0.5568427141861164,
         0.727902390864754,
         0.6485280785215066,
         0.5197145423963498,
         0.7945491653719502,
         0.6381574008421371,
         0.6121818311998145,
         0.7903221662949746,
         0.7189229795440748,
         0.7733567094910735,
         0.5087920792720521,
         0.5049648480211224
      ],
      [
         0.6062154614529196,
         0.7292207137278438,
         0.5761338396630105,
         0.7502192012208161,
         0.5388567212707072,
         0.7604438817360505,
         0.5534486487975654,
         0.7822720630728242,
         0.5161431712751011,
         0.5576688169972819,
         0.7165640653139683,
         0.6798990375946803,
         0.6633175488758625
      ],
      [
         0.5583129416683015,
         0.6408543942914644,
         0.6480104484813989,
         0.6849878688437441,
         0.6921523251158272,
         0.6818051009087869,
         0.5736681708136357,
         0.7712412573629241,
         0.6170154391478779,
         0.48395640455563493,
         0.640106522186999,
         0.7979690522154945,
         0.5535379623238176
      ],
      [
         0.6176965808783116,
         0.7095373282003182,
         0.7018780851362435,
         0.718736040964342,
         0.7275172242795969,
         0.627622848434705,
         0.7075493898175998,
         0.6720231315956381,
         0.5074598907298247,
         0.49837720836049104,
         0.5332988634666017,
         0.7069871481668439,
         0.7915691347452396
      ],
      [
         0.5204376743042574,
         0.5760751672871463,
         0.6463127989260264,
         0.6611493170033846,
         0.6012315976057073,
         0.5466139727894697,
         0.4964401999663038,
         0.5427312743721511,
         0.6282507881750612,
         0.6547900305623029,
         0.5496571983272414,
         0.719913507787282,
         0.557247804234575
      ],
      [
         0.5862979754455148,
         0.6124796208994913,
         0.6193080875499091,
         0.7747728885727498,
         0.6833721856850185,
         0.6547057712716503,
         0.5259108088002353,
         0.741040191163328,
         0.54408832598875,
         0.7479496934970012,
         0.6533217742807257,
         0.5677018928162703,
         0.5819493056938972
      ]
   ],
   "mv_f1_micro": [
      0.844,
      0.882,
      0.87,
      0.823,
      0.897,
      0.852,
      0.859,
      0.884,
      0.755,
      0.865
   ],
   "mv_f1_macro": [
      0.8360655737704918,
      0.8763367162577393,
      0.864002510722879,
      0.8152352618805292,
      0.8912996446659259,
      0.8447569817400644,
      0.852166391444523,
      0.8778721110437302,
      0.7467016942038112,
      0.8573901983755159
   ],
   "mv_f1_weighted": [
      0.8452262295081968,
      0.8830585577088338,
      0.8712566168009206,
      0.82485596179441,
      0.8976223095342878,
      0.8532742346938774,
      0.8602395848077377,
      0.884820699413786,
      0.7583468305144851,
      0.8657576858760307
   ],
   "ct_f1_micro": [
      0.844,
      0.882,
      0.871,
      0.823,
      0.903,
      0.854,
      0.859,
      0.885,
      0.755,
      0.865
   ],
   "ct_f1_macro": [
      0.8360655737704918,
      0.8763367162577393,
      0.8651077726156231,
      0.8152352618805292,
      0.8974316678139516,
      0.846992886217203,
      0.852166391444523,
      0.8788676761026992,
      0.7467016942038112,
      0.8573901983755159
   ],
   "ct_f1_weighted": [
      0.8452262295081968,
      0.8830585577088338,
      0.8722686613985501,
      0.82485596179441,
      0.9035018668493863,
      0.8553097408939808,
      0.8602395848077377,
      0.8857903884134298,
      0.7583468305144851,
      0.8657576858760307
   ],