{
   "worker_count": 10,
   "expertise_scores": [
      [
         0.4981094969282269,
         0.7672000054847607,
         0.6820621371537565,
         0.5183157267082541,
         0.6589998272585392,
         0.5460310168933731,
         0.7432926757540916,
         0.6823542928296196,
         0.505068225728532,
         0.6557525590044329
      ],
      [
         0.7493423287877142,
         0.6610836641253008,
         0.7719861164272777,
         0.6552797882145718,
         0.6892338401852544,
         0.49247466641589493,
         0.7411541255275065,
         0.6280983249304366,
         0.7722449176143119,
         0.545848260964636
      ],
      [
         0.498825611288307,
         0.7476214490607948,
         0.6473135608971758,
         0.7371125568645394,
         0.7073807794322416,
         0.6747862111424026,
         0.6643408293440566,
         0.5176591160301544,
         0.746817293622509,
         0.6185847772276056
      ],
      [
         0.5180069090490049,
         0.6969812172334567,
         0.7763487276295582,
         0.5322797815131568,
         0.7480130754445378,
         0.7165733034883035,
         0.6386707577737634,
         0.5181194131639517,
         0.5167569066633099,
         0.6537071244819506
      ],
      [
         0.7019477008107489,
         0.5146189048564856,
         0.7311160661030434,
         0.7623669652152532,
         0.7796784766895906,
         0.7951898386137386,
         0.6324936953993318,
         0.5102398424938501,
         0.5739012468750839,
         0.7779340835847419
      ],
      [
         0.6812184160612287,
         0.5536987710831424,
         0.7695438710066114,
         0.533076298358833,
         0.544769495388738,
         0.4947681230375982,
         0.789270726942447,
         0.4841592531283995,
         0.5507970261159197,
         0.6600831139106844
      ],
      [
         0.4887945404966056,
         0.6866877703440581,
         0.605969684483536,
         0.774705630749615,
         0.5106057067671359,
         0.6959383315009966,
         0.5651977617131986,
         0.6886614274556708,
         0.5706289438492265,
         0.7473471349795753
      ],
      [
         0.6407545034855358,
         0.739756379429695,
         0.6246668526534144,
         0.7378891391958322,
         0.6699476817577906,
         0.7245611442836508,
         0.703127512585562,
         0.652355805040237,
         0.7364292912909916,
         0.5410221740312458
      ],
      [
         0.6860943333276032,
         0.6927896131715497,
         0.780967713481754,
         0.5717417505241167,
         0.6463145162812829,
         0.7008052895799354,
         0.7123686633815107,
         0.5530864403151359,
         0.4975997855553466,
         0.7705268090270716
      ],
      [
         0.6570651125446508,
         0.6008151196545048,
         0.6413107004905167,
         0.6969710435963765,
         0.5466699120043819,
         0.5928345748998423,
         0.6880089832802737,
         0.5602016097045308,
         0.6988491168147287,
         0.7051581543040899
      ]
   ],
   "mv_f1_micro": [
      0.762,
      0.895,
      0.81,
      0.777,
      0.871,
      0.7829999999999999,
      0.78,
      0.874,
      0.853,
      0.827
   ],
   "mv_f1_macro": [
      0.7526923284744649,
      0.8884107674044663,
      0.801234438748823,
      0.7679961630934955,
      0.8637284117810486,
      0.7732855108546093,
      0.7726333195535345,
      0.8667010845876832,
      0.8460138000965818,
      0.8192552690223383
   ],
   "mv_f1_weighted": [
      0.7648786612965572,
      0.8952982780187279,
      0.811836593785961,
      0.7796051710846231,
      0.8717240109482074,
      0.7852057052648956,
      0.783028524183547,
      0.8746238389241295,
      0.8543447614837564,
      0.8287584654876816
   ],
   "ct_f1_micro": [
      0.839,
      0.912,
      0.871,
      0.835,
      0.91,
      0.811,
      0.847,
      0.903,
      0.88,
      0.836
   ],
   "ct_f1_macro": [
      0.8311970852664412,
      0.9067160223711939,
      0.8635946922474202,
      0.8276134068710161,
      0.9045959319705392,
      0.8016603859122204,
      0.8398708919819273,
      0.8972273637971204,
      0.8742407283977012,
      0.8274984327601512
   ],
   "ct_f1_weighted": [
      0.8404154124400409,
      0.9123552253868105,
      0.8716674311708335,
      0.8366771491645518,
      0.9103632986910561,
      0.8125924687615107,
      0.848452851397048,
      0.9034140709512614,
      0.8810764993649157,
      0.8372254511336719
   ],