{
   "worker_count": 18,
   "expertise_scores": [
      [
         0.5159255474041138,
         0.5103456645952398,
         0.6670716201138701,
         0.709260048701727,
         0.7601715524277078,
         0.6618667793055851,
         0.7964344809818851,
         0.6884954136377923,
         0.6717103720205323,
         0.7840751035462374,
         0.6507263040608023,
         0.6637353874199325,
         0.5952612861763431,
         0.5088297051892523,
         0.7041174060646311,
         0.6081945037395319,
         0.5321269686773294,
         0.5653970811981096
      ],
      [
         0.7792112475974682,
         0.6336583133471956,
         0.6009482787005471,
         0.49698127447473384,
         0.6114126827959128,
         0.7583249420963966,
         0.5932549195722698,
         0.6117619834323622,
         0.6632781394951175,
         0.7591045659792088,
         0.7575304168279855,
         0.7862227327096631,
         0.6617663169673569,
         0.7839853502882905,
         0.5285339440328681,
         0.5709567324182478,
         0.6175186875029189,
         0.6733210072423098
      ],
      [
         0.7069675544696679,
         0.6623801316897939,
         0.6482789517679881,
         0.5273594674956339,
         0.6852683849365883,
         0.7362155235194991,
         0.6925947624182708,
         0.5637729912912515,
         0.7222692670152373,
         0.6356028840515189,
         0.5546495668038954,
         0.5332864624355063,
         0.5852965761207313,
         0.6346961356388339,
         0.7034451913578653,
         0.5874899010934373,
         0.7165329005886951,
         0.5247742923136727
      ],
      [
         0.5786821258378857,
         0.6937190222988757,
         0.7675063036219738,
         0.6821431595149103,
         0.6380938655412361,
         0.5777216838870471,
         0.726073070843466,
         0.7095061683840472,
         0.7168310878702825,
         0.7390070799004064,
         0.6792811389672015,
         0.5665146994733881,
         0.5354843786157746,
         0.7232895455660167,
         0.49450817893547844,
         0.5289672444278755,
         0.5692421343582036,
         0.7563902187664502
      ],
      [
         0.5729021980169402,
         0.5233295188353638,
         0.7569129649975135,
         0.4902875038001795,
         0.49494843946679534,
         0.7311190198696645,
         0.7709528958202262,
         0.7250221989985033,
         0.6205506841924162,
         0.7064821985423195,
         0.7851365785556839,
         0.5703019335056149,
         0.6100527578065683,
         0.5888110498059378,
         0.7800461110586014,
         0.715434507947127,
         0.6858195313093264,
         0.607502737195949
      ],
      [
         0.5634449051739724,
         0.5914569620461149,
         0.6306703587456413,
         0.6991244539903874,
         0.5021198437921528,
         0.6975266812207932,
         0.583892803141249,
         0.5002366102313096,
         0.7338725134605337,
         0.7742159349107112,
         0.7315443507278199,
         0.572395777713962,
         0.674157954260705,
         0.6620583542321892,
         0.5930570212700093,
         0.6229494712144348,
         0.5967295203085979,
         0.7887644779712457
      ],
      [
         0.5873664827180705,
         0.6342461442462703,
         0.6379521608121019,
         0.6199666394938408,
         0.5998864987271536,
         0.5060017702554755,
         0.7013647382043947,
         0.614817030889213,
         0.580853872332238,
         0.5299583772502352,
         0.759110122163801,
         0.7452172209382188,
         0.6498323317290752,
         0.6354533473376671,
         0.7878838305023558,
         0.6156471647868986,
         0.7074432137170333,
         0.576937986477089
      ],
      [
         0.6643572733009613,
         0.5730574710472157,
         0.5113441282154675,
         0.5807977838702687,
         0.6473449961126609,
         0.5832206711464131,
         0.6841708561500983,
         0.6714266163173179,
         0.7785063232072398,
         0.6878170119194231,
         0.5412896304031195,
         0.6830196280963695,
         0.5051812697979826,
         0.5447339787395395,
         0.7914657117491644,
         0.7369722547084782,
         0.7865188420555262,
         0.6615981190894563
      ],
      [
         0.5730879703648177,
         0.6650713878279585,
         0.7706398828723815,
         0.6998558326635562,
         0.48491995718051595,
         0.48938815738637975,
         0.643068798545485,
         0.5914990563679063,
         0.6927164221586548,
         0.670570889978715,
         0.48704117847148304,
         0.7330043618177075,
         0.5213221418740073,
         0.514484660297373,
         0.6633400872220012,
         0.7115371141982971,
         0.71455745446224,
         0.5935444501791414
      ],
      [
         0.6010875687621621,
         0.5059909090750443,
         0.546155118399049,
         0.5483918670814711,
         0.5320014309747003,
         0.6211769349300413,
         0.5088046804908205,
         0.7373157729032678,
         0.6211298000486619,
         0.7683260804503711,
         0.6789956319659038,
         0.6286796432840873,
         0.6390365427405048,
         0.4879459068669424,
         0.6521308222700367,
         0.6364316678405305,
         0.5935741516298991,
         0.6693412444985098
      ]
   ],
   "mv_f1_micro": [
      0.878,
      0.926,
      0.898,
      0.889,
      0.895,
      0.866,
      0.8759999999999999,
      0.906,
      0.852,
      0.826
   ],
   "mv_f1_macro": [
      0.8711857248442615,
      0.9218667511350438,
      0.8925098321888794,
      0.8837247061953781,
      0.8889724239223189,
      0.859053597499148,
      0.8675915326920778,
      0.9012189995796553,
      0.8446155073723642,
      0.8171500630517023
   ],
   "mv_f1_weighted": [
      0.8787110547988598,
      0.9264312955337346,
      0.8986801977819089,
      0.8900154321407957,
      0.8955432579297482,
      0.8670012832433659,
      0.8760667338675232,
      0.9067388818831442,
      0.8532194574981418,
      0.8273677175283733
   ],
   "ct_f1_micro": [
      0.915,
      0.943,
      0.91,
      0.923,
      0.931,
      0.908,
      0.911,
      0.925,
      0.883,
      0.856
   ],
   "ct_f1_macro": [
      0.9102086434216212,
      0.9394229880195675,
      0.9050648934195203,
      0.9188940092165898,
      0.9265937923880955,
      0.9022769471318284,
      0.9051171696345092,
      0.9206160196872271,
      0.8772183341361366,
      0.8481038294712325
   ],
   "ct_f1_weighted": [
      0.915477061477501,
      0.9431619223530238,
      0.9105627753118091,
      0.9235292165898618,
      0.9311618606877844,
      0.9082837877455292,
      0.911118129123805,
      0.9253544494720963,
      0.8839858139952209,
      0.8569004404988946
   ],