{
   "worker_count": 15,
   "expertise_scores": [
      [
         0.4988321419111998,
         0.6947322438157543,
         0.5553093234913618,
         0.6305712934827954,
         0.7306235982172427,
         0.5078008666431236,
         0.5497575221110581,
         0.6235270470378623,
         0.5893899567645398,
         0.5938000232212867,
         0.7814106155288381,
         0.6667747393607137,
         0.7213629410218898,
         0.797957853628227,
         0.6274368106938606
      ],
      [
         0.6799225615979549,
         0.568318961938158,
         0.6379487291558648,
         0.5415795068958181,
         0.740087760043175,
         0.6599116042136024,
         0.6209835250694418,
         0.6310192967300357,
         0.6307506696638221,
         0.7605511059930041,
         0.664976772423749,
         0.636752190371278,
         0.6655053865470738,
         0.5190844323560284,
         0.6194136690514633
      ],
      [
         0.7671166709702464,
         0.740855614200602,
         0.6194024458843044,
         0.5561085630268495,
         0.6705404520362748,
         0.7085967125526217,
         0.7213682948926378,
         0.5131925004662357,
         0.5774341273808157,
         0.7164144336094257,
         0.7816484638029508,
         0.6240874511616942,
         0.6743286720583974,
         0.7760590947630757,
         0.75366042907607
      ],
      [
         0.7952514431077657,
         0.7221096069639404,
         0.6083062644629592,
         0.6689336529102802,
         0.5996503864887816,
         0.7127831915323015,
         0.7849890453207642,
         0.7491929179269059,
         0.6784379602753131,
         0.7689345355165177,
         0.524172428201904,
         0.6339447961322435,
         0.6830601554682515,
         0.6761277503765183,
         0.5742171608758077
      ],
      [
         0.7029655389502361,
         0.7940961618412079,
         0.4917416451356405,
         0.7400996878980364,
         0.5480273923896509,
         0.683931994471349,
         0.5719695531496738,
         0.660543030561412,
         0.5311747820649071,
         0.4842605582554288,
         0.5372083931140736,
         0.7361215782506259,
         0.5145464786834842,
         0.7394504222445545,
         0.51766415702404
      ],
      [
         0.7682420662312903,
         0.5487794805328062,
         0.5770494430976535,
         0.7290675066997123,
         0.5332780309423899,
         0.6011953483574843,
         0.7527156948984668,
         0.6849907749658106,
         0.5474773331884824,
         0.6405493243206279,
         0.7037397711276515,
         0.7349253898772691,
         0.4839969290551287,
         0.677775542816866,
         0.7110436321018838
      ],
      [
         0.7654211879472701,
         0.7197932014204691,
         0.6056201054311862,
         0.5108412471043208,
         0.6709524730857808,
         0.6618859001301505,
         0.5485063785264287,
         0.7883604684481378,
         0.6596619649624449,
         0.5319605601420199,
         0.7585891250320776,
         0.6398339319215626,
         0.7549592689475055,
         0.6352266582852215,
         0.6661891258840416
      ],
      [
         0.7586822952228277,
         0.6673750756885758,
         0.5401877248796076,
         0.6350065790662827,
         0.5111106470791231,
         0.5574644811289371,
         0.5461895637648239,
         0.7902616711473475,
         0.6718207758303522,
         0.7221944984210307,
         0.703884592812268,
         0.5545932438223758,
         0.6035064095896339,
         0.6665455306359119,
         0.5786056291096451
      ],
      [
         0.733749390734485,
         0.7295659056978155,
         0.7319519784071196,
         0.7572459018630969,
         0.6809064335291823,
         0.6122060847913204,
         0.5412061980050712,
         0.6227551596004806,
         0.7211298779471181,
         0.6039515482939223,
         0.6199584413510881,
         0.6552105116709526,
         0.7376114578535724,
         0.6302172576397729,
         0.7375200826472417
      ],
      [
         0.5341613171559957,
         0.6274127220656888,
         0.5251794832339982,
         0.5031646067100051,
         0.5830153478298438,
         0.6289880698061842,
         0.5089473763505287,
         0.6500393143966054,
         0.7481993174267485,
         0.5160283058675947,
         0.76581742432284,
         0.6916268111084973,
         0.6569936849695519,
         0.5280422018342411,
         0.6059519678297233
      ]
   ],
   "mv_f1_micro": [
      0.872,
      0.872,
      0.944,
      0.928,
      0.828,
      0.879,
      0.916,
      0.857,
      0.923,
      0.804
   ],
   "mv_f1_macro": [
      0.8664418437703467,
      0.8652381914965299,
      0.9403928113730515,
      0.9235993208828522,
      0.8200648603410399,
      0.8727867790768946,
      0.9111340563917889,
      0.8497960692786745,
      0.9188167060458359,
      0.7960024812759421
   ],
   "mv_f1_weighted": [
      0.8733622931935424,
      0.8729055993531433,
      0.9441173069472178,
      0.9282567062818337,
      0.8296626006904487,
      0.8799277660201923,
      0.9164158926160865,
      0.858151313128979,
      0.923497572408645,
      0.8062619244876124
   ],
   "ct_f1_micro": [
      0.8729999999999999,
      0.872,
      0.949,
      0.931,
      0.835,
      0.88,
      0.917,
      0.857,
      0.923,
      0.804
   ],
   "ct_f1_macro": [
      0.8675415184331101,
      0.8652381914965299,
      0.9457995155964551,
      0.9268198782664583,
      0.8271583470471837,
      0.8736608045279968,
      0.9121483951205314,
      0.8497960692786745,
      0.9188167060458359,
      0.7960024812759421
   ],
   "ct_f1_weighted": [
      0.8743713426596621,
      0.8729055993531433,
      0.9491448778948107,
      0.9312623507364147,
      0.8365094261552369,
      0.8808489993935719,
      0.9173922574157869,
      0.858151313128979,
      0.923497572408645,
      0.8062619244876124
   ],