{
   "worker_count": 5,
   "expertise_scores": [
      [
         0.5108534304110316,
         0.5681641291852315,
         0.4841752178659903,
         0.6889530485012871,
         0.5628790798102735
      ],
      [
         0.6327796741214124,
         0.6606910954812213,
         0.528995787830399,
         0.6105648052249849,
         0.49413114333422703
      ],
      [
         0.5271558295171789,
         0.5211132680352415,
         0.7018521225553664,
         0.5469862864580297,
         0.5307034776608716
      ],
      [
         0.7399065984553108,
         0.4930374551104461,
         0.5683008526914818,
         0.6494223166123003,
         0.5895237361971836
      ],
      [
         0.5893003898309668,
         0.7686199668446286,
         0.5589432315866355,
         0.6591395708646772,
         0.49705712272068364
      ],
      [
         0.6714176600712394,
         0.7380213302007159,
         0.6636443681985589,
         0.7081593430666333,
         0.6025638856538286
      ],
      [
         0.7591287730401561,
         0.696142253034558,
         0.7549622481352847,
         0.648743661073964,
         0.5938266285798119
      ],
      [
         0.6325166301064263,
         0.6771620073661906,
         0.7589920754179265,
         0.7945361351134441,
         0.5485605454454827
      ],
      [
         0.7566282439728504,
         0.7636460654204063,
         0.7982329594418172,
         0.5942364979148766,
         0.7621036544907034
      ],
      [
         0.512132029525677,
         0.6446588238819035,
         0.5747565052687009,
         0.4918446385198641,
         0.6831966903173112
      ]
   ],
   "mv_f1_micro": [
      0.61,
      0.655,
      0.612,
      0.709,
      0.7169999999999999,
      0.807,
      0.8289999999999998,
      0.818,
      0.886,
      0.642
   ],
   "mv_f1_macro": [
      0.5992206382873773,
      0.6438419236252556,
      0.6020659749998976,
      0.7018366249135479,
      0.7110921228195367,
      0.7990418565616999,
      0.8211893730021049,
      0.8110339557445677,
      0.8793962193888563,
      0.6313458964061374
   ],
   "mv_f1_weighted": [
      0.6159155033788782,
      0.6598540784229113,
      0.6180358632912016,
      0.7135753169907015,
      0.7215858347344855,
      0.8091994868799322,
      0.8306817139469151,
      0.8202494517908165,
      0.8865644256932602,
      0.6472643805993203
   ],
   "ct_f1_micro": [
      0.61,
      0.655,
      0.612,
      0.709,
      0.7169999999999999,
      0.807,
      0.8289999999999998,
      0.818,
      0.886,
      0.642
   ],
   "ct_f1_macro": [
      0.5992206382873773,
      0.6438419236252556,
      0.6020659749998976,
      0.7018366249135479,
      0.7110921228195367,
      0.7990418565616999,
      0.8211893730021049,
      0.8110339557445677,
      0.8793962193888563,
      0.6313458964061374
   ],
   "ct_f1_weighted": [
      0.6159155033788782,
      0.6598540784229113,
      0.6180358632912016,
      0.7135753169907015,
      0.7215858347344855,
      0.8091994868799322,
      0.8306817139469151,
      0.8202494517908165,
      0.8865644256932602,
      0.6472643805993203
   ],
   "gt": [
      0,
      0,
      0,
      0,
      0,
      0,
      0,
      0,
      0,
      0,
      0,
      0,
      0,
      0,
      0,
      0,
      0,
      0,
      0,
      0,
      0,
      0,
      0,
      0,
      0,
      0,
      0,
      0,
      0,
      0,
      0,
      0,
      0,
      0,
      0,
      0,
      0,
      0,
      0,
      0,
      0,
      0,
      0,
      0,
      0,
      0,
      0,
      0,
      0,
      0,
      0,
      0,
      0,
      0,
      0,
      0,
      0,
      0,
      0,
      0,
      0,
      0,
      0,
      0,
      0,
      0,
      0,
      0,
      0,
      0,
      0,
      0,
      0,
      0,
      0,
      0,
      0,
      0,
      0,
      0,
      0,
      0,
      0,
      0,
      0,
      0,
      0,
      0,
      0,
      0,
      0,
      0,
      0,
      0,
      0,
      0,
      0,
      0,
      0,
      0,
      0,
      0,
      0,
      0,
      0,
      0,
      0,
      0,
      0,
      0,
      0,
      0,
      0,
      0,
      0,
      0,
      0,
      0,
      0,
      0,
      0,
      0,
      0,
      0,
      0,
      0,
      0,
      0,
      0,
      0,
      0,
      0,
      0,
      0,
      0,
      0,
      0,
      0,
      0,
      0,
      0,
      0,
      0,
      0,
      0,
      0,
      0,
      0,
      0,
      0,
      0,
      0,
      0,
      0,
      0,
      0,
      0,
      0,
      0,
      0,
      0,
      0,
      0,
      0,
      0,
      0,
      0,
      0,
      0,
      0,
      0,
      0,
      0,
      0,
      0,
      0,
      0,
      0,
      0,
      0,
      0,
      0,
      0,
      0,
      0,
      0,
      0,
      0,
      0,
      0,
      0,
      0,
      0,
      0,
      0,
      0,
      0,
      0,
      0,
      0,
      0,
      0,
      0,
      0,
      0,
      0,
      0,
      0,
      0,
      0,
      0,
      0,
      0,
      0,
      0,
      0,
      0,
      0,
      0,
      0,
      0,
      0,
      0,
      0,
      0,
      0,
      0,
      0,
      0,
      0,
      0,
      0,
      0,
      0,
      0,
      0,
      0,
      0,
      0,
      0,
      0,
      0,
      0,
      0,
      0,
      0,
      0,
      0,
      0,
      0,
      0,
      0,
      0,
      0,
      0,
      0,
      0,
      0,
      0,
      0,
      0,
      0,
      0,
      0,
      0,
      0,
      0,
      0,
      0,
      0,
      0,
      0,
      0,
      0,
      0,
      0,
      0,
      0,
      0,
      0,
      0,
      0,
      0,
      0,
      0,
      0,
      0,
      0,
      0,
      0,
      0,
      0,
      0,
      0,
      0,
      0,
      0,
      0,
      0,
      0,
      0,
      0,
      0,
      0,
      0,
      0,
      0,
      0,
      0,
      0,
      0,
      0,
      0,
      0,
      0,
      0,
      0,
      0,
      0,
      0,
      0,
      0,
      0,
      0,
      0,
      0,
      0,
      0,
      0,
      0,
      0,
      0,
      0,
      0,
      0,
      0,
      0,
      0,
      0,
      0,
      0,
      0,
      0,
      0,
      0,
      0,
      0,
      0,
      0,
      0,
      0,
      0,
      0,
      0,
      0,
      0,
      0,
      0,
      0,
      0,
      0,
      0,
      0,
      0,
      0,
      0,
      0,
      0,
      0,
      0,
      0,
      0,
      0,
      1,
      1,
      1,
      1,
      1,
      1,
      1,
      1,
      1,
      1,
      1,
      1,
      1,
      1,
      1,
      1,
      1,
      1,
      1,
      1,
      1,
      1,
      1,
      1,
      1,
      1,
      1,
      1,
      1,
      1,
      1,
      1,
      1,
      1,
      1,
      1,
      1,
      1,
      1,
      1,
      1,
      1,
      1,
      1,
      1,
      1,
      1,
      1,
      1,
      1,
      1,
      1,
      1,
      1,
      1,
      1,
      1,
      1,
      1,
      1,
      1,
      1,
      1,
      1,
      1,
      1,
      1,
      1,
      1,
      1,
      1,
      1,
      1,
      1,
      1,
      1,
      1,
      1,
      1,
      1,
      1,
      1,
      1,
      1,
      1,
      1,
      1,
      1,
      1,
      1,
      1,
      1,
      1,
      1,
      1,
      1,
      1,
      1,
      1,
      1,
      1,
      1,
      1,
      1,
      1,
      1,
      1,
      1,
      1,
      1,
      1,
      1,
      1,
      1,
      1,
      1,
      1,
      1,
      1,
      1,
      1,
      1,
      1,
      1,
      1,
      1,
      1,
      1,
      1,
      1,
      1,
      1,
      1,
      1,
      1,
      1,
      1,
      1,
      1,
      1,
      1,
      1,
      1,
      1,
      1,
      1,
      1,
      1,
      1,
      1,
      1,
      1,
      1,
      1,
      1,
      1,
      1,
      1,
      1,
      1,
      1,
      1,
