{
   "worker_count": 20,
   "expertise_scores": [
      [
         0.7580578118096162,
         0.7485740575647636,
         0.7080064778303984,
         0.6201437048349496,
         0.7873490815888322,
         0.5569542473037847,
         0.5973705324870893,
         0.5392189199560885,
         0.7345404431226336,
         0.766473759590282,
         0.4832775666330931,
         0.6561902469317709,
         0.6080398563323918,
         0.7580391902688982,
         0.5679295554221414,
         0.5826599924337117,
         0.6677483968434482,
         0.6701534358502552,
         0.6262912032515617,
         0.6758874326346942
      ],
      [
         0.7832140845903355,
         0.7420358617948677,
         0.7525313147224504,
         0.5924484956799447,
         0.606139289551963,
         0.7402378819706372,
         0.6775819131984071,
         0.5518433922908665,
         0.5623329233368655,
         0.7293786621856464,
         0.5139665544255552,
         0.7018441407990448,
         0.5822649045596641,
         0.5043091756337017,
         0.7748487792217018,
         0.6326723529899357,
         0.4862144057180972,
         0.7772334915717278,
         0.6806312274826285,
         0.5969065938713705
      ],
      [
         0.5230462279269561,
         0.6129011808449236,
         0.7175210825418233,
         0.7516632507042363,
         0.7035707841521373,
         0.6203599139197347,
         0.48422896900501516,
         0.7868020439811843,
         0.6264510275171303,
         0.5158880075177118,
         0.684890702846785,
         0.605571952237125,
         0.6550151800944035,
         0.7576567429580003,
         0.6615355975914927,
         0.5703006471152972,
         0.7844433964856142,
         0.7865714229568581,
         0.4848897673096982,
         0.5770251219697904
      ],
      [
         0.6085730394016806,
         0.6498312168849171,
         0.5552934645989424,
         0.5796274101726153,
         0.7942144992142802,
         0.6501633878049549,
         0.6269776525328542,
         0.7712189720332696,
         0.7146073505966215,
         0.7487547105610979,
         0.7288902850173937,
         0.4985734658428574,
         0.5030249330474845,
         0.5905985066495504,
         0.7837142877419321,
         0.5027100986066296,
         0.7079417835772387,
         0.5557495874955947,
         0.7689203162439683,
         0.6138482125361365
      ],
      [
         0.7563531652169124,
         0.5693821563249546,
         0.59702834713079,
         0.7564152696502628,
         0.7863329606614452,
         0.6059977810881969,
         0.6227340140885038,
         0.7290154856982626,
         0.6623561955309645,
         0.5896282446034973,
         0.7301519135730664,
         0.7631743315123674,
         0.7775634526215554,
         0.777674922699281,
         0.746079586937469,
         0.499978363336133,
         0.5302455947482579,
         0.5383313707497838,
         0.6613431686046931,
         0.6095621496789008
      ],
      [
         0.580039951587983,
         0.5410819058809518,
         0.6664968029877397,
         0.7877488949731556,
         0.6608016650075614,
         0.7890050610828224,
         0.6078579361169844,
         0.6026738379625022,
         0.7821733089591623,
         0.7683404570229775,
         0.5132024616995853,
         0.5424932642050362,
         0.6248935743691174,
         0.7173146113481041,
         0.5289825123152846,
         0.642485096822651,
         0.5177884083694232,
         0.608372247588229,
         0.6952784636108197,
         0.6101354154820601
      ],
      [
         0.6724459006870562,
         0.611688387956155,
         0.6520058394212646,
         0.660081339193174,
         0.5958697718833488,
         0.6046295821942591,
         0.5978530497180738,
         0.5223838054297681,
         0.5567944235232232,
         0.7065751499255457,
         0.4942310937110702,
         0.6983113320298097,
         0.7623388670179025,
         0.5613729501747268,
         0.598929576581952,
         0.5189725134905308,
         0.7668837864056637,
         0.5357155080642856,
         0.7328081478335486,
         0.5973854436534853
      ],
      [
         0.7651370552047281,
         0.6841262965348842,
         0.6547089040789548,
         0.7119566320433615,
         0.5572405829733083,
         0.5795962233392934,
         0.6760693624869323,
         0.5951108625166517,
         0.52200807379178,
         0.6250126069133032,
         0.5598077971528969,
         0.5859496504735844,
         0.608778639347914,
         0.7070651391542182,
         0.7641169770643423,
         0.6640814791342545,
         0.5650595861249968,
         0.6087643139478467,
         0.5587548637942036,
         0.7970394432299267
      ],
      [
         0.5187624307939628,
         0.7890655631923107,
         0.6978858249646691,
         0.5609835311528789,
         0.507851974704831,
         0.5150998558757496,
         0.5257959105615365,
         0.7350746374144002,
         0.7520503634887765,
         0.5871255284959425,
         0.7400059961532054,
         0.5269902264140415,
         0.4920016679727673,
         0.689728302673917,
         0.7647157159406786,
         0.7080943091881928,
         0.7633774167950464,
         0.6151819286751177,
         0.7729838490856813,
         0.5861758123744298
      ],
      [
         0.537466696882961,
         0.4855738281268048,
         0.5550155664447328,
         0.6956049583246222,
         0.7989528080157857,
         0.6615036907101233,
         0.5297495008346519,
         0.5739098539574038,
         0.7434135970814542,
         0.6696040131021485,
         0.6782408659282253,
         0.7620753612458125,
         0.5636077913239389,
         0.7338713452496486,
         0.4956207002677413,
         0.717616932394844,
         0.5506817718049456,
         0.7907532047165295,
         0.7421428103264629,
         0.5135268197675061
      ]
   ],
   "mv_f1_micro": [
      0.923,
      0.93,
      0.899,
      0.914,
      0.952,
      0.897,
      0.867,
      0.908,
      0.889,
      0.878
   ],
   "mv_f1_macro": [
      0.9185797775430338,
      0.9258713295718328,
      0.8937145298551676,
      0.9091078192640694,
      0.9488000000000001,
      0.8900745891937984,
      0.860170591877909,
      0.9027665043290043,
      0.8831912159794417,
      0.8708043172537658
   ],
   "mv_f1_weighted": [
      0.9233983891484819,
      0.9303148985919789,
      0.8997347514551112,
      0.9144639136904763,
      0.9520512,
      0.8970827738343371,
      0.8680197758734344,
      0.9084962797619047,
      0.8898074991239341,
      0.8785488232603061
   ],
   "ct_f1_micro": [
      0.94,
      0.943,
      0.928,
      0.94,
      0.956,
      0.925,
      0.886,
      0.917,
      0.928,
      0.919
   ],
   "ct_f1_macro": [
      0.9362017046904506,
      0.9395468559592481,
      0.9240519147356163,
      0.9365868506493505,
      0.9530163503100921,
      0.9199572251411154,
      0.8796325625593918,
      0.9119717376248703,
      0.9239784605638264,
      0.913916877712017
   ],
   "ct_f1_weighted": [
      0.9401556678405553,
      0.9432167245213862,
      0.9284502202494472,
      0.9403236607142855,
      0.9560236797594437,
      0.9250602722094687,
      0.8866644282546722,
      0.9173155813206149,
      0.9284196388976877,
      0.9192301001858758
   ],