{
   "worker_count": 3,
   "expertise_scores": [
      [
         0.7820450920619644,
         0.5714052268442686,
         0.5119766595283587
      ],
      [
         0.6620815442880892,
         0.7827404825792461,
         0.6718927390546638
      ],
      [
         0.6937896939925651,
         0.5171918512054602,
         0.6449965813374265
      ],
      [
         0.5437573631932981,
         0.5349031682880976,
         0.7696118378776308
      ],
      [
         0.7776343012710403,
         0.585384957802735,
         0.6959217348578297
      ],
      [
         0.6487162336662803,
         0.700884034405549,
         0.5655340634534959
      ],
      [
         0.7659206304111557,
         0.5324000204703664,
         0.629308360318452
      ],
      [
         0.5277503655997128,
         0.7027755892722936,
         0.6894875548689293
      ],
      [
         0.6913135951641759,
         0.48853644064717,
         0.5122916888007235
      ],
      [
         0.6206748409052997,
         0.6594391314456636,
         0.583607214028539
      ]
   ],
   "mv_f1_micro": [
      0.678,
      0.7890000000000001,
      0.679,
      0.675,
      0.778,
      0.7110000000000001,
      0.722,
      0.702,
      0.609,
      0.677
   ],
   "mv_f1_macro": [
      0.6688755342209938,
      0.7823339780786589,
      0.6663114945814601,
      0.6654447680194022,
      0.7691309339589678,
      0.7009863312471353,
      0.7126911947085572,
      0.6935556186268823,
      0.5954520952167125,
      0.6665534531332103
   ],
   "mv_f1_weighted": [
      0.6828370661960997,
      0.7920092327530626,
      0.6828390862548404,
      0.6798058859074014,
      0.7806245195427545,
      0.714885084598106,
      0.7258269532864821,
      0.7064765395230985,
      0.6142562909268493,
      0.6815445429872475
   ],
   "ct_f1_micro": [
      0.678,
      0.7890000000000001,
      0.679,
      0.675,
      0.778,
      0.7110000000000001,
      0.722,
      0.702,
      0.609,
      0.677
   ],
   "ct_f1_macro": [
      0.6688755342209938,
      0.7823339780786589,
      0.6663114945814601,
      0.6654447680194022,
      0.7691309339589678,
      0.7009863312471353,
      0.7126911947085572,
      0.6935556186268823,
      0.5954520952167125,
      0.6665534531332103
   ],
   "ct_f1_weighted": [
      0.6828370661960997,
      0.7920092327530626,
      0.6828390862548404,
      0.6798058859074014,
      0.7806245195427545,
      0.714885084598106,
      0.7258269532864821,
      0.7064765395230985,
      0.6142562909268493,
      0.6815445429872475
   ],
   "gt": [
      0,
      0,
      0,
      0,
      0,
      0,
      0,
      0,
      0,
      0,
      0,
      0,
      0,
      0,
      0,
      0,
      0,
      0,
      0,
      0,
      0,
      0,
      0,
      0,
      0,
      0,
      0,
      0,
      0,
      0,
      0,
      0,
      0,
      0,
      0,
      0,
      0,
      0,
      0,
      0,
      0,
      0,
      0,
      0,
      0,
      0,
      0,
      0,
      0,
      0,
      0,
      0,
      0,
      0,
      0,
      0,
      0,
      0,
      0,
      0,
      0,
      0,
      0,
      0,
      0,
      0,
      0,
      0,
      0,
      0,
      0,
      0,
      0,
      0,
      0,
      0,
      0,
      0,
      0,
      0,
      0,
      0,
      0,
      0,
      0,
      0,
      0,
      0,
      0,
      0,
      0,
      0,
      0,
      0,
      0,
      0,
      0,
      0,
      0,
      0,
      0,
      0,
      0,
      0,
      0,
      0,
      0,
      0,
      0,
      0,
      0,
      0,
      0,
      0,
      0,
      0,
      0,
      0,
      0,
      0,
      0,
      0,
      0,
      0,
      0,
      0,
      0,
      0,
      0,
      0,
      0,
      0,
      0,
      0,
      0,
      0,
      0,
      0,
      0,
      0,
      0,
      0,
      0,
      0,
      0,
      0,
      0,
      0,
      0,
      0,
      0,
      0,
      0,
      0,
      0,
      0,
      0,
      0,
      0,
      0,
      0,
      0,
      0,
      0,
      0,
      0,
      0,
      0,
      0,
      0,
      0,
      0,
      0,
      0,
      0,
      0,
      0,
      0,
      0,
      0,
      0,
      0,
      0,
      0,
      0,
      0,
      0,
      0,
      0,
      0,
      0,
      0,
      0,
      0,
      0,
      0,
      0,
      0,
      0,
      0,
      0,
      0,
      0,
      0,
      0,
      0,
      0,
      0,
      0,
      0,
      0,
      0,
      0,
      0,
      0,
      0,
      0,
      0,
      0,
      0,
      0,
      0,
      0,
      0,
      0,
      0,
      0,
      0,
      0,
      0,
      0,
      0,
      0,
      0,
      0,
      0,
      0,
      0,
      0,
      0,
      0,
      0,
      0,
      0,
      0,
      0,
      0,
      0,
      0,
      0,
      0,
      0,
      0,
      0,
      0,
      0,
      0,
      0,
      0,
      0,
      0,
      0,
      0,
      0,
      0,
      0,
      0,
      0,
      0,
      0,
      0,
      0,
      0,
      0,
      0,
      0,
      0,
      0,
      0,
      0,
      0,
      0,
      0,
      0,
      0,
      0,
      0,
      0,
      0,
      0,
      0,
      0,
      0,
      0,
      0,
      0,
      0,
      0,
      0,
      0,
      0,
      0,
      0,
      0,
      0,
      0,
      0,
      0,
      0,
      0,
      0,
      0,
      0,
      0,
      0,
      0,
      0,
      0,
      0,
      0,
      0,
      0,
      0,
      0,
      0,
      0,
      0,
      0,
      0,
      0,
      0,
      0,
      0,
      0,
      0,
      0,
      0,
      0,
      0,
      0,
      0,
      0,
      0,
      0,
      0,
      0,
      0,
      0,
      0,
      0,
      0,
      0,
      0,
      0,
      0,
      0,
      0,
      0,
      0,
      0,
      0,
      0,
      0,
      0,
      0,
      0,
      0,
      0,
      0,
      0,
      0,
      0,
      0,
      1,
      1,
      1,
      1,
      1,
      1,
      1,
      1,
      1,
      1,
      1,
      1,
      1,
      1,
      1,
      1,
      1,
      1,
      1,
      1,
      1,
      1,
      1,
      1,
      1,
      1,
      1,
      1,
      1,
      1,
      1,
      1,
      1,
      1,
      1,
      1,
      1,
      1,
      1,
      1,
      1,
      1,
      1,
      1,
      1,
      1,
      1,
      1,
      1,
      1,
      1,
      1,
      1,
      1,
      1,
      1,
      1,
      1,
      1,
      1,
      1,
      1,
      1,
      1,
      1,
      1,
      1,
      1,
      1,
      1,
      1,
      1,
      1,
      1,
      1,
      1,
      1,
      1,
      1,
      1,
      1,
      1,
      1,
      1,
      1,
      1,
      1,
      1,
      1,
      1,
      1,
      1,
      1,
      1,
      1,
      1,
      1,
      1,
      1,
      1,
      1,
      1,
      1,
      1,
      1,
      1,
      1,
      1,
      1,
      1,
      1,
      1,
      1,
      1,
      1,
      1,
      1,
      1,
      1,
      1,
      1,
      1,
      1,
      1,
      1,
      1,
      1,
      1,
      1,
      1,
      1,
      1,
      1,
      1,
      1,
      1,
      1,
      1,
      1,
      1,
      1,
      1,
      1,
      1,
      1,
      1,
      1,
      1,
      1,
      1,
      1,
      1,
      1,
      1,
      1,
      1,
      1,
      1,
      1,
      1,
      1,
      1,
      1,
      1,
      1,
      1,
      1,
      1,
      1,
      1,
      1,
      1,
      1,
      1,
      1,
      1,
      1,
      1,
      1,
      1,
      1,
      1,
      1,
      1,
      1,
      1,
      1,
      1,
      1,
      1,
      1,
      1,
      1,
      1,
      1,
      1,
      1,
      1,
      1,
      1,
      1,
      1,
      1,
      1,
      1,
      1,
      1,
      1,
      1,
      1,
      1,
      1,
      1,
      1,
      1,
      1,
      1,
      1,
      1,
      1,
      1,
      1,
      1,
      1,
      1,
      1,
      1,
