{
   "worker_count": 15,
   "expertise_scores": [
      [
         0.5574328006364441,
         0.7136360275431068,
         0.6011632057008018,
         0.39559034081170674,
         0.20381665237584762,
         0.7873970764939455,
         0.33102021251853675,
         0.21925759530261218,
         0.7179547092215999,
         0.6143675781249042,
         0.7634881338693588,
         0.12115544349453013,
         0.17046211457160068,
         0.30570164195536276,
         0.6964265228896446
      ],
      [
         0.36509382270577173,
         0.2952527537617929,
         0.20144093038612293,
         0.21156442134673709,
         0.2775957956311521,
         0.6843985747783654,
         0.5063892573966524,
         0.5549827653171145,
         0.4565924295654219,
         0.5397778173783501,
         0.3371079786590238,
         0.6705037723230477,
         0.7112927934795594,
         0.31031646475523145,
         0.34595648546416835
      ],
      [
         0.2859377361820683,
         0.22488071697021128,
         0.4164121043519834,
         0.5943817640799179,
         0.48636499492823204,
         0.2894349970106803,
         0.37801849817728694,
         0.6742806962733271,
         0.46923589064973825,
         0.7113832752211137,
         0.37180634890828024,
         0.24471359938696388,
         0.389148303280587,
         0.4691759739427903,
         0.5183091968750115
      ],
      [
         0.3440300906198407,
         0.790794936906682,
         0.3800386001296965,
         0.11710496312610677,
         0.31951264947843677,
         0.36113093092991744,
         0.4717727002541424,
         0.31823021946128893,
         0.2925815785393337,
         0.11168106132784206,
         0.606547185558416,
         0.7932418682853271,
         0.58356121287757,
         0.4074899635486158,
         0.10007143054102355
      ],
      [
         0.23770241913632076,
         0.4526321454191351,
         0.20659520050185415,
         0.7489133474626889,
         0.4716945219414155,
         0.1684449212530571,
         0.6352812474586357,
         0.3085048645661511,
         0.09913046067455582,
         0.16461631787353598,
         0.14513956435792535,
         0.10130890187294805,
         0.7697613701921354,
         0.7088629559180609,
         0.25878806539175403
      ],
      [
         0.2485681441353542,
         0.14310373279248328,
         0.2011177146995547,
         0.421415664275843,
         0.6405616048597408,
         0.736564697865898,
         0.5641733420047188,
         0.5757980611966795,
         0.7119652783742813,
         0.6720645577686869,
         0.11580390696860564,
         0.5713730342301041,
         0.5543299651326454,
         0.16641460545771608,
         0.7349908735483807
      ],
      [
         0.6803655674986474,
         0.44048209076184586,
         0.21404997182197544,
         0.48849612173975165,
         0.5483593981271543,
         0.23817445029860873,
         0.10981193564888861,
         0.15497275963802792,
         0.5513308277723608,
         0.51624790289137,
         0.7705332507485246,
         0.1854945843871118,
         0.6164683349121102,
         0.1470723876963737,
         0.7939143027465063
      ],
      [
         0.40633107245224875,
         0.719694875152193,
         0.5297811018698886,
         0.5497797515514561,
         0.5580085273032954,
         0.3007588506703127,
         0.2064550427135765,
         0.7642279471643201,
         0.7508490038078868,
         0.5405827807574871,
         0.2651758149340316,
         0.7765205856310436,
         0.09471500441681796,
         0.45471502190772983,
         0.15646091707647844
      ],
      [
         0.38970131977999545,
         0.6389867257222007,
         0.4901865474931859,
         0.3787109835743393,
         0.2621919542171781,
         0.48304679950279206,
         0.15534353342107188,
         0.7568593911509907,
         0.19434904620788715,
         0.6242661538779027,
         0.12116689905334008,
         0.5709659505679691,
         0.6841354796454556,
         0.2673263051928033,
         0.6486647888163469
      ],
      [
         0.4438723207864532,
         0.6577569090004414,
         0.5179555312866894,
         0.509377119282478,
         0.6287320742135795,
         0.6644053927601359,
         0.3027448374660324,
         0.161888321625415,
         0.7277074290649583,
         0.593300876960549,
         0.11449647594240912,
         0.4631607680594183,
         0.7495144562384037,
         0.22291625943241022,
         0.5036982619529036
      ]
   ],
   "mv_f1_micro": [
      0.9879759519038076,
      0.9498997995991983,
      0.9458917835671342,
      0.935871743486974,
      0.9158316633266533,
      0.9779559118236473,
      0.9579158316633266,
      0.9859719438877755,
      0.9478957915831663,
      0.9759519038076152
   ],
   "mv_f1_macro": [
      0.9882345401873138,
      0.9503606865772559,
      0.9459697470070214,
      0.9355884006306254,
      0.916381727102727,
      0.9780390779934216,
      0.9574152815496311,
      0.9862108639147482,
      0.9474273757209222,
      0.9759861604016976
   ],
   "mv_f1_weighted": [
      0.9879942562444591,
      0.9498792717441095,
      0.9458131491979386,
      0.9357348373981232,
      0.9159217877537916,
      0.9778773324347313,
      0.9578441658962941,
      0.9859091676797462,
      0.9477944789784003,
      0.9757382941007797
   ],
   "ct_f1_micro": [
      0.9859719438877755,
      0.9619238476953907,
      0.9559118236472945,
      0.9559118236472945,
      0.9659318637274549,
      0.9859719438877755,
      0.9859719438877755,
      0.9859719438877755,
      0.9719438877755511,
      0.9939879759519038
   ],
   "ct_f1_macro": [
      0.986250714207299,
      0.9621065335350517,
      0.9562421047480093,
      0.9555206033208377,
      0.9660410484907427,
      0.986233996280431,
      0.9860091189108855,
      0.9863660315611392,
      0.9715043366217746,
      0.9938533874962469
   ],
   "ct_f1_weighted": [
      0.9860052483590097,
      0.9618421266972964,
      0.9560269748672201,
      0.9559148738277803,
      0.9659046382382375,
      0.985970976480547,
      0.9859881610254886,
      0.9860093484803591,
      0.9718610131923946,
      0.9939851410887943
   ],
   "em_f1_micro": [
      0.9899799599198397,
      0.9579158316633266,
      0.9458917835671342,
      0.9438877755511023,
      0.9418837675350702,
      0.9839679358717435,
      0.9679358717434869,
      0.9779559118236473,
      0.9679358717434869,
      0.9819639278557114
   ],
   "em_f1_macro": [
      0.9901755225208415,
      0.9579861657872595,
      0.9462207674359755,
      0.9431020534441418,
      0.9425760008454169,
      0.9842479714738547,
      0.9678320439755319,
      0.9782119165009373,
      0.9680030296371169,
      0.9820522951614767
   ],
   "em_f1_weighted": [
      0.9899978674272207,
      0.9578297848674221,
      0.9460739505428883,
      0.9436620017878835,
      0.9422676445700562,
      0.983922842719913,
      0.9679037247496566,
      0.9779360717533611,
      0.968060153297397,
      0.9819179390086917
   ]
}