{
   "worker_count": 13,
   "expertise_scores": [
      [
         0.7512221823221666,
         0.16473635508055956,
         0.20957445359776458,
         0.4146468858291832,
         0.46268153090407016,
         0.19994634573088707,
         0.6417853099820223,
         0.6302959440601917,
         0.6981924401590601,
         0.23054472556952715,
         0.7633729123473022,
         0.22298005818405567,
         0.49602734614043276
      ],
      [
         0.2019597516316163,
         0.100614770054173,
         0.5716062950882694,
         0.525916415275095,
         0.4269064506126733,
         0.32705273767733845,
         0.46796023531260833,
         0.4698670262919018,
         0.40622820060309883,
         0.30167230549488605,
         0.10839178511007602,
         0.5141508861379724,
         0.37752154543626726
      ],
      [
         0.6368034949591287,
         0.33375888152780575,
         0.4872923115314174,
         0.28418860509809213,
         0.17896201814609136,
         0.7559790308359594,
         0.15412220613721078,
         0.2561488511277664,
         0.42546018008914377,
         0.34050095053191787,
         0.13594852822498624,
         0.4816224225601068,
         0.3332092859589562
      ],
      [
         0.798400511869476,
         0.21919964716715118,
         0.6952926220958751,
         0.49897783273504315,
         0.23765977638352395,
         0.1382806614952783,
         0.7512835917642147,
         0.272802911203218,
         0.7468403757280893,
         0.6491042991493726,
         0.23975282387719293,
         0.7157877562196961,
         0.3206429414007285
      ],
      [
         0.3125611475911172,
         0.7087261753310744,
         0.6101694045555264,
         0.4351735409965569,
         0.45977508044731363,
         0.7146782688341121,
         0.5997872967202271,
         0.7324613935055021,
         0.3504399776081325,
         0.3342415613303996,
         0.3551784942670795,
         0.7042515281828889,
         0.26621856957006523
      ],
      [
         0.5234515885712777,
         0.5034518633808981,
         0.7886983448518218,
         0.5596332046385579,
         0.1425734546176154,
         0.16154333354400838,
         0.6394741193340882,
         0.3122929460376752,
         0.3288865889930357,
         0.12259191246305647,
         0.22056095656981753,
         0.09568436351706404,
         0.4181308154082841
      ],
      [
         0.6155645031105879,
         0.24321119161060162,
         0.5684064634290047,
         0.12435050186188376,
         0.38372352331808757,
         0.39454034247648573,
         0.4913877390468564,
         0.1910742258188837,
         0.23217932567504526,
         0.5403351456761365,
         0.5483539345583155,
         0.24153376397227902,
         0.3522222517175009
      ],
      [
         0.22331147267164192,
         0.7705408431551892,
         0.4754523922189855,
         0.6728350819595597,
         0.11662297437196756,
         0.12901590388963782,
         0.6225605281181107,
         0.41258916872616336,
         0.14264079395131457,
         0.378880229813513,
         0.17196490222343236,
         0.7834888572978603,
         0.424932238457993
      ],
      [
         0.13748882938380724,
         0.26465858944243936,
         0.1925772219641636,
         0.1483008542103257,
         0.38745623441072896,
         0.6224124146023178,
         0.3296167378129806,
         0.44474183737632156,
         0.21351772271624958,
         0.3045158626840459,
         0.18744312897689688,
         0.10334573535999066,
         0.28648244890218155
      ],
      [
         0.7197101423697835,
         0.43829081266680503,
         0.7896034476145742,
         0.7640304667836206,
         0.2882600000790343,
         0.167457664763707,
         0.5851632242442417,
         0.46113015063798934,
         0.2639429280729073,
         0.38723628217938255,
         0.7925256455976005,
         0.3227854590834458,
         0.5908621302700654
      ]
   ],
   "mv_f1_micro": [
      0.9559118236472945,
      0.8476953907815631,
      0.8697394789579159,
      0.9579158316633266,
      0.9739478957915831,
      0.8677354709418837,
      0.8597194388777556,
      0.9278557114228458,
      0.655310621242485,
      0.9839679358717435
   ],
   "mv_f1_macro": [
      0.9560941392507614,
      0.8475374094695713,
      0.8690116505934947,
      0.9575487785114991,
      0.9740228311274051,
      0.8676654610261156,
      0.8579031009944522,
      0.9279162760251252,
      0.6561958129061036,
      0.9841190182768609
   ],
   "mv_f1_weighted": [
      0.9559716411981635,
      0.8482586144850608,
      0.8701329823064449,
      0.957808211639105,
      0.9739626914803505,
      0.8672670224801259,
      0.8596384694888888,
      0.9281185012870693,
      0.654937268170968,
      0.9840006437923146
   ],
   "ct_f1_micro": [
      0.9799599198396793,
      0.9098196392785571,
      0.9018036072144289,
      0.9799599198396793,
      0.9819639278557114,
      0.9298597194388778,
      0.8997995991983968,
      0.9799599198396793,
      0.7414829659318637,
      0.9799599198396793
   ],
   "ct_f1_macro": [
      0.9803244295987452,
      0.9092685884990024,
      0.9009118649737902,
      0.9796651472486039,
      0.9823456848651034,
      0.9293505740145944,
      0.8985262412742643,
      0.979869807945221,
      0.7412815243826633,
      0.980126954887252
   ],
   "ct_f1_weighted": [
      0.9799510222554331,
      0.9095852541257918,
      0.9019287873473543,
      0.9799836638756616,
      0.9819587802738966,
      0.9296566004704659,
      0.8992764078680637,
      0.9799346803230183,
      0.7414444834772047,
      0.9799370582299469
   ],
   "em_f1_micro": [
      0.9619238476953907,
      0.8476953907815631,
      0.8677354709418837,
      0.9739478957915831,
      0.9759519038076152,
      0.8917835671342687,
      0.8416833667334669,
      0.9639278557114228,
      0.5851703406813628,
      0.9799599198396793
   ],
   "em_f1_macro": [
      0.9616120442007462,
      0.8481373854174115,
      0.8666693426515536,
      0.9735845204380992,
      0.975682677662651,
      0.8909082847075507,
      0.8402452582949085,
      0.9634224912872851,
      0.5859987882982525,
      0.9801035704330925
   ],
   "em_f1_weighted": [
      0.9618387777226177,
      0.8472284971253204,
      0.8682990995575098,
      0.9739268234708115,
      0.9759537167049076,
      0.8914528748221497,
      0.8414499297457771,
      0.9639493562356146,
      0.5854647378092384,
      0.9798952247748258
   ]
}