{
   "worker_count": 10,
   "expertise_scores": [
      [
         0.3402319790731061,
         0.566838349468744,
         0.5255209682314878,
         0.13284984170210234,
         0.26594356863600255,
         0.6974189238567596,
         0.33462582700275223,
         0.3981103448261857,
         0.5176727024441817,
         0.34668513723414895
      ],
      [
         0.40164068997702296,
         0.49154752006417346,
         0.5212053153805765,
         0.44362889963522223,
         0.6499833322354838,
         0.7164148890794904,
         0.5677966980106696,
         0.27353241318030364,
         0.6387731210834434,
         0.5111449292848282
      ],
      [
         0.6359968269959162,
         0.46774337861620663,
         0.4683832203421988,
         0.5028032976953791,
         0.3676971846826763,
         0.684542544949429,
         0.5305301381675925,
         0.40912217257823347,
         0.6791289314641571,
         0.7426101504166331
      ],
      [
         0.7032475639651933,
         0.31095178823404684,
         0.6004041394354569,
         0.6645485431052959,
         0.4571624666027583,
         0.11714166568225647,
         0.16567441636095492,
         0.5248620262944528,
         0.17255050148061235,
         0.34441736893960884
      ],
      [
         0.4051020770891791,
         0.6882103081426237,
         0.09825596449193444,
         0.40288955198248877,
         0.389763795354487,
         0.7550189827303442,
         0.3830951409212905,
         0.34844409697488365,
         0.535957716347673,
         0.4599525113321159
      ],
      [
         0.5353181571382972,
         0.6004508465851821,
         0.5276742334713388,
         0.26027758796178063,
         0.13434652280018258,
         0.6358140790515947,
         0.23457381752514972,
         0.157808124537696,
         0.1418008302241866,
         0.6459794146664122
      ],
      [
         0.353624368142219,
         0.28799974372959924,
         0.4209687906121816,
         0.5529311909740586,
         0.1333539470596598,
         0.23074786161357363,
         0.7819536091270696,
         0.14430603470820927,
         0.7703132798070782,
         0.2880185140415127
      ],
      [
         0.34930829429039467,
         0.7002202977869968,
         0.2081368388728242,
         0.19991048865353683,
         0.7668648884197152,
         0.2786981806246271,
         0.3375269356896736,
         0.5801880183363419,
         0.5576802545433273,
         0.7928379955911432
      ],
      [
         0.29393486587079226,
         0.513564809323814,
         0.4523728833237681,
         0.32005405310801843,
         0.44296123685178,
         0.2885569942104055,
         0.4692503080955118,
         0.555695603483688,
         0.5424053129752325,
         0.40552346780888004
      ],
      [
         0.4720045576546873,
         0.3305803284969442,
         0.6839283481903456,
         0.5289387302205509,
         0.38727934842712997,
         0.24290399017973668,
         0.29509108830392583,
         0.5406704043656969,
         0.7223499157041385,
         0.24906935852150786
      ]
   ],
   "mv_f1_micro": [
      0.8757515030060119,
      0.9599198396793587,
      0.9679358717434869,
      0.8717434869739479,
      0.8977955911823647,
      0.8256513026052104,
      0.8557114228456913,
      0.935871743486974,
      0.87374749498998,
      0.8797595190380761
   ],
   "mv_f1_macro": [
      0.8748402459231979,
      0.959823212765589,
      0.9678514354986583,
      0.8714732216354022,
      0.8968010851485678,
      0.8247430627589466,
      0.8556618651373642,
      0.9362540202345313,
      0.8737557234806426,
      0.8792909678763703
   ],
   "mv_f1_weighted": [
      0.8753640748562549,
      0.9598886382425205,
      0.9679837941645699,
      0.8715709090103273,
      0.8975549497273043,
      0.8254561161887831,
      0.8554277042601147,
      0.9362347003116354,
      0.8736770644641403,
      0.8800764696380301
   ],
   "ct_f1_micro": [
      0.8897795591182365,
      0.969939879759519,
      0.9759519038076152,
      0.9178356713426854,
      0.9338677354709419,
      0.8857715430861723,
      0.9218436873747495,
      0.9639278557114228,
      0.8537074148296594,
      0.9138276553106213
   ],
   "ct_f1_macro": [
      0.8900438909224654,
      0.9700451419834792,
      0.9761727243283982,
      0.9181727747765736,
      0.9337819019323954,
      0.8851535721274308,
      0.9209684784294139,
      0.963910648447636,
      0.8531368991965993,
      0.9139889762503273
   ],
   "ct_f1_weighted": [
      0.8898004708375916,
      0.9699365920293134,
      0.9759977278347112,
      0.9175440944622659,
      0.9339052813311758,
      0.8853652311751867,
      0.9212630729371313,
      0.9638603743996124,
      0.8533543478618594,
      0.9140891991308606
   ],
   "em_f1_micro": [
      0.8356713426853707,
      0.9498997995991983,
      0.9599198396793587,
      0.8496993987975952,
      0.8917835671342687,
      0.811623246492986,
      0.8897795591182365,
      0.9418837675350702,
      0.8156312625250501,
      0.8717434869739479
   ],
   "em_f1_macro": [
      0.83418934733157,
      0.9499119891979729,
      0.9599591019246969,
      0.8506880212167784,
      0.8912260438376378,
      0.8110372440605096,
      0.8899209607843768,
      0.9418907578830089,
      0.81589269480785,
      0.8713017574527242
   ],
   "em_f1_weighted": [
      0.8340285439475082,
      0.9499491537738602,
      0.9598117986798314,
      0.8503387758882434,
      0.8916477070460542,
      0.8130095104085721,
      0.8893518312438743,
      0.942198222127836,
      0.8158328105636297,
      0.8720656230173017
   ]
}