{
   "worker_count": 30,
   "expertise_scores": [
      [
         0.7668351238575827,
         0.40599996750540224,
         0.219383072799507,
         0.5076468342541528,
         0.6806132996495345,
         0.5326638794227281,
         0.2563970631312047,
         0.7691279863578041,
         0.6908873432324305,
         0.6194661857304481,
         0.4952479547756242,
         0.6302620178151007,
         0.7370107223166583,
         0.7391504057255227,
         0.18389285228079033,
         0.4051207011322375,
         0.26105794859255427,
         0.6572367655072958,
         0.33107349326517577,
         0.586608095603395,
         0.19769106104398318,
         0.21442230105155033,
         0.3818713137563987,
         0.13651946913393395,
         0.5304581655801093,
         0.4642980337026126,
         0.3671510033760276,
         0.3816296065250242,
         0.44014036221677655,
         0.258419033497721
      ],
      [
         0.4557492691677215,
         0.647010524916131,
         0.6540940035329998,
         0.5244806289098621,
         0.43816486601826266,
         0.32172617885608823,
         0.3584561973716489,
         0.3250894444159711,
         0.7231418427249637,
         0.5326126116340112,
         0.43488138904338347,
         0.5400374543597116,
         0.3348236101751614,
         0.5432877712047457,
         0.38184525352914556,
         0.26896968465363547,
         0.29835418514896955,
         0.7517429021119737,
         0.5638761774979643,
         0.7286287642545647,
         0.6706698171536883,
         0.16545253545762964,
         0.7871200374003263,
         0.14824903750386836,
         0.4008632354155336,
         0.3190025269854224,
         0.34051602485055066,
         0.12893434976561358,
         0.4449263382469375,
         0.12456397187101535
      ],
      [
         0.1463559619666875,
         0.21960830752693344,
         0.35648288544354156,
         0.6897498145081487,
         0.7584909297826358,
         0.3627434426610693,
         0.7450181471438055,
         0.13784786702841298,
         0.5834761918508167,
         0.492853824281947,
         0.10338392321088719,
         0.5536762023499983,
         0.25717125393277757,
         0.34443104946966707,
         0.38783998554411214,
         0.3803101102544568,
         0.518638708301524,
         0.47601307047188157,
         0.6342546256724441,
         0.6522369775656497,
         0.5381582703983588,
         0.4568172611034641,
         0.5754018912961023,
         0.14255441816482714,
         0.3296746338130986,
         0.17981080821604833,
         0.6932744709906602,
         0.3123238934751822,
         0.7829757078902893,
         0.3929652993510877
      ],
      [
         0.3978954399465625,
         0.2958292876053903,
         0.7695741680321305,
         0.4588503767749833,
         0.3766866098156477,
         0.5575459514003598,
         0.701233156886248,
         0.34806764179961747,
         0.5886711881701374,
         0.4949903360908454,
         0.7809521986076505,
         0.6362964400134695,
         0.5900409254378802,
         0.7643852061578533,
         0.6307746302474891,
         0.3501417239545126,
         0.5712234308328081,
         0.641953173108793,
         0.7202821312855696,
         0.10848401277894765,
         0.650264663259334,
         0.3737090560376367,
         0.45820388423999203,
         0.556148396710313,
         0.4015539412784166,
         0.4682405472699268,
         0.1163133912387109,
         0.09759338074346506,
         0.7758360898481671,
         0.433189570303702
      ],
      [
         0.1743986252414445,
         0.30438903098003145,
         0.6143970086962134,
         0.453504927653131,
         0.1399515926227268,
         0.7706586987547219,
         0.1984596407277085,
         0.7733964763466835,
         0.161213965240514,
         0.12469487610760249,
         0.2449838730279125,
         0.6717940561730488,
         0.2811716723526397,
         0.5923954359633061,
         0.7078937817138476,
         0.6804440335849575,
         0.37082975006588714,
         0.6800987234545393,
         0.46328135621697475,
         0.38060018793323114,
         0.5902832408974118,
         0.24931191617126444,
         0.6294045553002922,
         0.34233003102914106,
         0.6320128950135425,
         0.21369716278341885,
         0.09676473109282784,
         0.26410850892223603,
         0.22341481347588651,
         0.6873221272465908
      ],
      [
         0.1720840859272452,
         0.2170420086159443,
         0.47027727734676505,
         0.622044386133932,
         0.7911218379843304,
         0.515007657865016,
         0.2729435266328136,
         0.6967898636322531,
         0.53531451283091,
         0.4087931503596871,
         0.6194327846532804,
         0.3505669349456496,
         0.12312611845764686,
         0.23560685434709297,
         0.3860977101095674,
         0.16722969554442213,
         0.20856399909283485,
         0.5038829358699629,
         0.5158837332868855,
         0.25866789811851065,
         0.7647883217226032,
         0.7464773510969833,
         0.6543755818039629,
         0.24093116435162035,
         0.7848989089521533,
         0.7956705459000596,
         0.18170592597929983,
         0.6392446648113177,
         0.313784489694824,
         0.5389514031370386
      ],
      [
         0.39335541226436965,
         0.24562009562107445,
         0.3102369790116115,
         0.5238748333623641,
         0.5688829677784871,
         0.27433375096895596,
         0.34009357367963067,
         0.5357913842138616,
         0.7361585754992487,
         0.45596865180613866,
         0.3883900307522218,
         0.26700416231255486,
         0.6258267859756275,
         0.3001725873702477,
         0.5283544169399333,
         0.09780116892816719,
         0.5310650906783995,
         0.5379748681323183,
         0.19282136171708217,
         0.6922172495812731,
         0.388989110102125,
         0.42779368330105705,
         0.44468647288408936,
         0.3501164444445296,
         0.7227682114950744,
         0.44122705633999726,
         0.1760753818654502,
         0.786935606302658,
         0.32918258402868916,
         0.34589557290097217
      ],
      [
         0.5243041967858028,
         0.2680688291393424,
         0.1397298451702637,
         0.6436409078978234,
         0.41048671265706727,
         0.3049010497596633,
         0.19773268905888003,
         0.6471916638871329,
         0.1059000741290978,
         0.21095684460855596,
         0.5992563910944608,
         0.12449696523583406,
         0.6133856339306207,
         0.38221455488936795,
         0.24212431709253907,
         0.2337168678493562,
         0.205965572037053,
         0.49200546051007343,
         0.34813709003951065,
         0.40142851257675116,
         0.21365118232319313,
         0.23777442768666857,
         0.4041838804493336,
         0.24101286474588998,
         0.6298510557727639,
         0.5588229133571258,
         0.5571455491809526,
         0.1645054258928818,
         0.7127195556984408,
         0.7174434114664294
      ],
      [
         0.46995453319714386,
         0.593788404405976,
         0.4261864183314583,
         0.12900493354886458,
         0.463087860620195,
         0.6466531466185426,
         0.11761668034996993,
         0.688608447157751,
         0.3698828749184778,
         0.6474470151951193,
         0.3407001243460462,
         0.6945157198170414,
         0.3416462652454363,
         0.5750313199335132,
         0.7317049677765548,
         0.7794891179252624,
         0.2312250644356767,
         0.2993367917855767,
         0.6144828436238651,
         0.15250993902300783,
         0.7250438802870476,
         0.2576644031039743,
         0.5501183602235489,
         0.19439345089813487,
         0.48865208482740163,
         0.14982928176477803,
         0.16277662073737775,
