{
   "worker_count": 40,
   "expertise_scores": [
      [
         0.41568487188263625,
         0.6971515775243305,
         0.2632812250954349,
         0.44522408066567154,
         0.4026573180452161,
         0.7374632341882148,
         0.26014385367264836,
         0.5540751509831527,
         0.1978024055537213,
         0.7996308493857402,
         0.4973310496265838,
         0.3836124118553679,
         0.694232216028273,
         0.5115473275549347,
         0.20968435089877124,
         0.17558191011322538,
         0.39249520485491474,
         0.2561180091160642,
         0.5177197673881552,
         0.5241269594004594,
         0.1916127470542605,
         0.4224156800935279,
         0.34215610852424694,
         0.38567933682439015,
         0.797045775440447,
         0.37509755419388335,
         0.30011917544565136,
         0.5226577695251954,
         0.10562887606523999,
         0.6651506961060237,
         0.6099753514946811,
         0.232742572780443,
         0.4844973566743681,
         0.7723400700557912,
         0.2807244978495764,
         0.28981117348990426,
         0.5896206763703671,
         0.4690173938294141,
         0.255900929968496,
         0.7056074348933532
      ],
      [
         0.22951992173891841,
         0.41723231503785474,
         0.18351269527742065,
         0.16368692135794083,
         0.3038582821086865,
         0.5125483196287551,
         0.5355551512613467,
         0.15897442877439388,
         0.18772307361501595,
         0.39596251005219707,
         0.7476014748899455,
         0.10798539009892265,
         0.36023570966022045,
         0.19173742640571653,
         0.7542452789629045,
         0.4239288642495671,
         0.6182557584567786,
         0.2414450762168901,
         0.4728867952379253,
         0.32476055935012604,
         0.2572062575970194,
         0.6651625747531156,
         0.1990609744634056,
         0.17298317637907895,
         0.7931720558542888,
         0.434751061172559,
         0.3361672550390017,
         0.49074885917807454,
         0.3635684884256988,
         0.37924397597418846,
         0.5064255007794481,
         0.4507528181371936,
         0.4917456211171859,
         0.7779298924922806,
         0.7636244745467307,
         0.7731654252166811,
         0.16390745202328783,
         0.5816095742939126,
         0.49663647002219247,
         0.2918244184293035
      ],
      [
         0.2684000157434887,
         0.5343274878801408,
         0.5611265025430111,
         0.21865832406350844,
         0.20150273585679812,
         0.6054593250915509,
         0.49649574893945425,
         0.29649424275960556,
         0.3355704510530487,
         0.5351948132678713,
         0.5353764919691656,
         0.22808479809172444,
         0.7638970365327631,
         0.4295711858065535,
         0.4025557315381143,
         0.7765129823925965,
         0.6498516322337493,
         0.13394435233691454,
         0.2163693283235268,
         0.22090754105485452,
         0.14808138790755399,
         0.27495535396647885,
         0.6570131341157904,
         0.1324295778084962,
         0.5947069103565076,
         0.6774103163048643,
         0.7106601012036873,
         0.44131599059932614,
         0.28934616730183904,
         0.4051708002836709,
         0.2454963798416944,
         0.633928865390913,
         0.28422444611353304,
         0.19347804312448574,
         0.5482674542618426,
         0.1664638668483927,
         0.7728902767715459,
         0.7952740638319605,
         0.4426323196899199,
         0.30216872801922945
      ],
      [
         0.604982828315734,
         0.5748003509477702,
         0.6320858869937925,
         0.670744297330579,
         0.6079571503008936,
         0.6282236531150929,
         0.5507354268714529,
         0.18775228997220397,
         0.17719338138466428,
         0.6930049963116846,
         0.362001004628806,
         0.7638795004139254,
         0.28891340339303506,
         0.30030453106550004,
         0.19745773938224315,
         0.4750163308074338,
         0.18318274053712377,
         0.7183548098411029,
         0.544999140153103,
         0.3869263618363943,
         0.2289515967387462,
         0.5901398782580438,
         0.5191466684254291,
         0.415989321206117,
         0.7236965812523889,
         0.31410609380513654,
         0.5546096970691605,
         0.5844334783850792,
         0.1723792323694647,
         0.7493717477761048,
         0.7571596231594618,
         0.5526355291999752,
         0.6043747159825316,
         0.30328159149009604,
         0.1984720226575208,
         0.756902921067964,
         0.7335530540339816,
         0.12128949635636876,
         0.5523221106313461,
         0.6557087586491243
      ],
      [
         0.7863739082562166,
         0.25878373821326245,
         0.43493987802583445,
         0.6027712974696601,
         0.7862555109411646,
         0.1633436916717985,
         0.5348542461575845,
         0.5901538015546991,
         0.40386732473494147,
         0.14167228437389728,
         0.44322171103931995,
         0.5280834105004929,
         0.38769884875407845,
         0.7534016900181859,
         0.6836399946798942,
         0.7819589137128591,
         0.4634752072733287,
         0.4742880886291925,
         0.13344075547797707,
         0.15486656754707046,
         0.42467494172613773,
         0.2861887580169245,
         0.6959984906237372,
         0.37822854372618986,
         0.7777659009311576,
         0.4563378799573212,
         0.6517628428698277,
         0.6017639636373532,
         0.5066100053612711,
         0.33210415499000123,
         0.6229903731085575,
         0.20189179048838696,
         0.7952977032192893,
         0.18004739936226144,
         0.19856485984956276,
         0.7684460434953754,
         0.6286320472660145,
         0.23873833974020475,
         0.37263626412017237,
         0.6119054894352413
      ],
      [
         0.09799196393804081,
         0.45184358759559506,
         0.6907439274964721,
         0.3027897821587814,
         0.3237006689780043,
         0.799074295471071,
         0.483280405702033,
         0.13512566548944538,
         0.6705488401175607,
         0.5248268021105137,
         0.35873060050980443,
         0.21621633573164065,
         0.7018123679455337,
         0.31814783160066823,
         0.27588002261018585,
         0.28685821360526875,
         0.5254685930399539,
         0.2619117089316249,
         0.4289966695508223,
         0.5268795155231303,
         0.24016421499690938,
         0.7487332833002559,
         0.6544517615637453,
         0.7680200964424316,
         0.5120994025282148,
         0.35214504479531383,
         0.3669459445920483,
         0.3403719219273252,
         0.45704682492748194,
         0.47527803514466616,
         0.7651443419829324,
         0.4387999846043752,
         0.595520256771901,
         0.6027893344389842,
         0.6231960854210449,
         0.33737104136677265,
         0.6090326764623109,
         0.5730887783131784,
         0.7785213326760368,
         0.13716921222016884
      ],
      [
         0.4558657418500244,
         0.5712961961979804,
         0.25129248018272476,
         0.4118417132079931,
         0.6932510158115004,
         0.7753426757876818,
         0.7431277717987085,
         0.5643516653035706,
         0.1507264723168774,
         0.471696611024077,
         0.4404753600086112,
         0.11178788582802851,
         0.23048320257219082,
         0.18010634280545829,
         0.6318463184260564,
         0.6651980119161234,
         0.36159952836600473,
         0.7204169675990264,
         0.7347627983092915,
         0.22982654214638967,
         0.3219299266989493,
         0.3118358125645422,
         0.5287282018623228,
         0.09509570338096708,
         0.701569260232616,
         0.7958593090313468,
         0.43462817280788457,
         0.403746269630197,
