{
   "worker_count": 20,
   "expertise_scores": [
      [
         0.28346982508659346,
         0.6363609565696929,
         0.4160406744825812,
         0.43781212210468734,
         0.4620429188960975,
         0.13635268548061028,
         0.43210842173966,
         0.5237412480442682,
         0.7855619851114983,
         0.44738444181513004,
         0.18476397166437136,
         0.5356183091276314,
         0.6315130901567763,
         0.3738247377746281,
         0.21548423344865247,
         0.25133488681449423,
         0.1115175839506391,
         0.422821751106091,
         0.324847519025241,
         0.25758961088812027
      ],
      [
         0.5631154682722692,
         0.5056837100351541,
         0.5158935467589176,
         0.6158806097833701,
         0.7451767828899658,
         0.6847193346752003,
         0.16444105433560474,
         0.5704921585182625,
         0.5911304129959281,
         0.23994680471357846,
         0.5764834168865979,
         0.23376529308766103,
         0.6765106715658706,
         0.4982934910183121,
         0.4487588790034899,
         0.4733815319049798,
         0.3436625952920663,
         0.6083056625514074,
         0.7530535616874159,
         0.6265471390221418
      ],
      [
         0.3103168140612482,
         0.3445947365425458,
         0.10123898244037625,
         0.5273377740252864,
         0.734044190507692,
         0.2186586904489677,
         0.3878537178713407,
         0.15132220897030213,
         0.7496934763458609,
         0.12857049176048582,
         0.7560911078147183,
         0.11638960573546052,
         0.7329625112651809,
         0.5424262527165806,
         0.3473067404253528,
         0.3553580524331643,
         0.2760269415464832,
         0.7347090256934483,
         0.6475432748262849,
         0.37870593847465006
      ],
      [
         0.3773047525759864,
         0.48816807430578724,
         0.38875983087174837,
         0.47796500070857983,
         0.6581438497039546,
         0.5586738387509307,
         0.36448560270772923,
         0.7931749873267275,
         0.21741364614773595,
         0.635222235847187,
         0.3053393052156029,
         0.6149702824680362,
         0.7267612118091551,
         0.16182056452387544,
         0.6963635785358638,
         0.29961220143332934,
         0.7799678010734389,
         0.6894663498699346,
         0.17649562233667965,
         0.4492450529687039
      ],
      [
         0.2792608241062863,
         0.5335274656861436,
         0.23861929849544222,
         0.1644375486148522,
         0.712842889104568,
         0.4900996925333776,
         0.6154905207504779,
         0.36767100648305606,
         0.4337765135683249,
         0.5206436580790577,
         0.7616976792581833,
         0.3945497575898458,
         0.20838753599298726,
         0.7170331063094619,
         0.7347969322308503,
         0.24576685662502598,
         0.7191815945797231,
         0.7873460713412902,
         0.7832952371590809,
         0.4022977231861241
      ],
      [
         0.5310815674536498,
         0.13041166460051623,
         0.44686159876405973,
         0.3314544305838943,
         0.33982549015873653,
         0.7995790837868216,
         0.6151135860912672,
         0.7921382294222407,
         0.4443355619726944,
         0.45397593777186585,
         0.7785690126802746,
         0.1519086458798234,
         0.708321934663641,
         0.3786536265059639,
         0.7174163915177924,
         0.42730385006111327,
         0.6495611434940392,
         0.5450586015132489,
         0.3354920006927021,
         0.14162563781989393
      ],
      [
         0.4534568795085151,
         0.14481539668700266,
         0.7302878521187834,
         0.3733961572075559,
         0.6900484644172313,
         0.5153970596097458,
         0.5237831884423975,
         0.5190940570453352,
         0.1375460568279844,
         0.1101875186238166,
         0.5005297110258989,
         0.494399058775709,
         0.2643097499256134,
         0.7500402119595961,
         0.4274989682388256,
         0.16400068053450015,
         0.6241963258431955,
         0.7994763992716284,
         0.5015039207460781,
         0.21021014867717858
      ],
      [
         0.5430667091443532,
         0.27510742726184234,
         0.6212448946574254,
         0.5847398524674342,
         0.7475229053822322,
         0.315055896938618,
         0.39933491365871565,
         0.6628571481033722,
         0.5299959280434536,
         0.6504803743282375,
         0.6687259562948455,
         0.7195673638714705,
         0.5874783176068921,
         0.6895414215309974,
         0.5596182645079152,
         0.45648802714997727,
         0.26080095626125455,
         0.6236456856326246,
         0.6919926663380876,
         0.2770838648977664
      ],
      [
         0.4624631680871264,
         0.22274935231306794,
         0.46057247511696564,
         0.4657908593194423,
         0.6541039637409648,
         0.30235750413923523,
         0.39014790520736764,
         0.3740068082764394,
         0.2564698695629805,
         0.2783813552964934,
         0.23914680870373486,
         0.4746971484274535,
         0.44877520852138375,
         0.23844769462738355,
         0.5663064817642859,
         0.12647073204369674,
         0.38669454887870836,
         0.4352633157029019,
         0.5256702639711165,
         0.6479146969780769
      ],
      [
         0.271066505935967,
         0.6672412398602361,
         0.7583338389409682,
         0.5406879451133727,
         0.6028948801046877,
         0.6316013112039426,
         0.7994220512832236,
         0.7940034475535345,
         0.5169318414693249,
         0.6180550715774586,
         0.39390614350600306,
         0.6076916010690068,
         0.5797878921065492,
         0.620839779045646,
         0.3117258700649556,
         0.14444395237350033,
         0.5922277662100315,
         0.45214204913491707,
         0.4779321814277927,
         0.4306337220766826
      ]
   ],
   "mv_f1_micro": [
      0.9619238476953907,
      1.0,
      0.9899799599198397,
      0.9959919839679359,
      1.0,
      0.9939879759519038,
      0.9919839679358717,
      0.9979959919839679,
      0.969939879759519,
      1.0
   ],
   "mv_f1_macro": [
      0.961274784337023,
      1.0,
      0.9901524693171332,
      0.9960590176664725,
      1.0,
      0.9940782428899657,
      0.9922108105401385,
      0.9980390272036912,
      0.96986207430358,
      1.0
   ],
   "mv_f1_weighted": [
      0.9619092607522298,
      1.0,
      0.9899556319876532,
      0.9959919839679359,
      1.0,
      0.9939877833143939,
      0.9920020900941889,
      0.997995799346458,
      0.9698127090809168,
      1.0
   ],
   "ct_f1_micro": [
      0.9819639278557114,
      1.0,
      0.9899799599198397,
      0.9979959919839679,
      1.0,
      0.9979959919839679,
      0.9979959919839679,
      0.9959919839679359,
      0.969939879759519,
      0.9979959919839679
   ],
   "ct_f1_macro": [
      0.9819256323037407,
      1.0,
      0.9899103192398415,
      0.9978050817129904,
      1.0,
      0.998019801980198,
      0.9980582524271846,
      0.9960580524071825,
      0.9700372964266567,
      0.9980390272036912
   ],
   "ct_f1_weighted": [
      0.9820190470850939,
      1.0,
      0.9899563082026429,
      0.9979981434896513,
      1.0,
      0.9979959919839679,
      0.9979959919839678,
      0.9959913982720723,
      0.969806401471473,
      0.9979961846214779
   ],
   "em_f1_micro": [
      0.9559118236472945,
      1.0,
      0.9939879759519038,
      0.9959919839679359,
      1.0,
      1.0,
      0.9919839679358717,
      0.9979959919839679,
      0.9599198396793587,
      0.9979959919839679
   ],