{
   "worker_count": 3,
   "expertise_scores": [
      [
         0.4507074010444845,
         0.2604259088852537,
         0.6288838100655639
      ],
      [
         0.468091858804918,
         0.6057641160310772,
         0.31425806156344815
      ],
      [
         0.4594856188743863,
         0.46352079880778996,
         0.4976118103964199
      ],
      [
         0.14905360058857886,
         0.7193316383691676,
         0.43567595967110795
      ],
      [
         0.7549157246901012,
         0.5037414846700687,
         0.45076890159216054
      ],
      [
         0.23043920378135582,
         0.3523584063821318,
         0.6925317570034479
      ],
      [
         0.7524864077034422,
         0.36631266934093043,
         0.5316614162278794
      ],
      [
         0.7352096001586395,
         0.5663051890857135,
         0.6758093859912241
      ],
      [
         0.3355439164707001,
         0.1043700344870219,
         0.6917190922136445
      ],
      [
         0.5390919745764889,
         0.7198220482010427,
         0.5480740085426471
      ]
   ],
   "mv_f1_micro": [
      0.5771543086172345,
      0.5871743486973948,
      0.5531062124248497,
      0.5390781563126252,
      0.6973947895791583,
      0.531062124248497,
      0.655310621242485,
      0.779559118236473,
      0.4709418837675351,
      0.7394789579158316
   ],
   "mv_f1_macro": [
      0.5754575614611512,
      0.5876991016175402,
      0.5537104595281062,
      0.5360985421281426,
      0.6965022102774525,
      0.5297929385798472,
      0.6532788818850712,
      0.7808903567808577,
      0.47048296681776663,
      0.7394477837053687
   ],
   "mv_f1_weighted": [
      0.5761545822215167,
      0.5884067732255117,
      0.5541985737659714,
      0.538237509613391,
      0.697701531519247,
      0.5305920893598907,
      0.6537094615627003,
      0.7798449635719362,
      0.46967047414873114,
      0.7391404283995404
   ],
   "ct_f1_micro": [
      0.6533066132264529,
      0.6432865731462926,
      0.5811623246492986,
      0.49298597194388777,
      0.7675350701402807,
      0.6833667334669339,
      0.7635270541082164,
      0.7775551102204409,
      0.3767535070140281,
      0.7875751503006013
   ],
   "ct_f1_macro": [
      0.6510667335158412,
      0.6419748955886064,
      0.5817554666897407,
      0.49112616497954853,
      0.7677920533017721,
      0.6826591450838808,
      0.7624060375250207,
      0.7772089704563346,
      0.37911745156689214,
      0.7875213937787918
   ],
   "ct_f1_weighted": [
      0.6536210976661011,
      0.6434542469781537,
      0.580490222127731,
      0.49197324495251177,
      0.767605967206125,
      0.6830431225382004,
      0.762127570213459,
      0.7771844047410161,
      0.37863224473332074,
      0.7878751411525767
   ],
   "em_f1_micro": [
      0.501002004008016,
      0.4969939879759519,
      0.5130260521042084,
      0.47695390781563124,
      0.6913827655310621,
      0.4969939879759519,
      0.6693386773547094,
      0.781563126252505,
      0.43286573146292584,
      0.7254509018036073
   ],
   "em_f1_macro": [
      0.5002689970941533,
      0.495270248130636,
      0.5168417190215207,
      0.48079846042464247,
      0.6922771752456461,
      0.49816431453639476,
      0.6681016744821592,
      0.7815332530343373,
      0.43103586027672136,
      0.7259127334623905
   ],
   "em_f1_weighted": [
      0.5007324670443973,
      0.4947175737838444,
      0.5170519786515815,
      0.48290442014226503,
      0.6932001454580916,
      0.5025769925418008,
      0.6687069623371094,
      0.7815696198650531,
      0.4295432348496427,
      0.726652509719926
   ]
}