{
   "worker_count": 8,
   "expertise_scores": [
      [
         0.6073091624927596,
         0.79741286124906,
         0.26189514075671405,
         0.641768119877087,
         0.44459216308457783,
         0.7429658587045344,
         0.10522370612946776,
         0.21477952106804843
      ],
      [
         0.2065010926039081,
         0.3268860317462783,
         0.2713934315373121,
         0.28718746196987444,
         0.5029234515222885,
         0.6492382507899281,
         0.45013418556004625,
         0.09487569353542447
      ],
      [
         0.39515312011000303,
         0.5702469479245427,
         0.1994048452999569,
         0.6232045874319582,
         0.7758480116471688,
         0.7038965481897486,
         0.2084850367027748,
         0.16672690809512733
      ],
      [
         0.5790821456181481,
         0.24114083054434768,
         0.7200644862841233,
         0.5999166146695352,
         0.6655982976237453,
         0.5588159557110772,
         0.629173966908887,
         0.7044750901455654
      ],
      [
         0.3819100799917726,
         0.11208790144630329,
         0.22578225037743008,
         0.2662303649437737,
         0.7340860399073525,
         0.5894951670619254,
         0.7893090542455187,
         0.5082801040800158
      ],
      [
         0.47358964260502134,
         0.33049155700313226,
         0.5329266149914975,
         0.6489258600787866,
         0.7456596325121323,
         0.6506382962621929,
         0.6030501754092904,
         0.5715751922038727
      ],
      [
         0.1849509683335236,
         0.3505110440957867,
         0.13317932563668933,
         0.7293002874735824,
         0.7780440147349018,
         0.44412436137388767,
         0.6372404829184283,
         0.1531197937882736
      ],
      [
         0.791324639020409,
         0.19448635193572306,
         0.37179847985807657,
         0.6741760215684746,
         0.5549742816614678,
         0.39353275928813247,
         0.33313253463671705,
         0.7856715955952998
      ],
      [
         0.4822295175148058,
         0.5510229090475315,
         0.5038479667737269,
         0.468942564398397,
         0.7363596099749425,
         0.33984916819158295,
         0.635621135636213,
         0.6155714092495796
      ],
      [
         0.22005481272122884,
         0.7839010748038935,
         0.7279077621797553,
         0.26560798262660223,
         0.3454156825969358,
         0.40650270703945224,
         0.7391917380842621,
         0.45164780467279775
      ]
   ],
   "mv_f1_micro": [
      0.8757515030060119,
      0.6533066132264529,
      0.8757515030060119,
      0.969939879759519,
      0.8496993987975952,
      0.9278557114228458,
      0.8036072144288579,
      0.9218436873747495,
      0.9498997995991983,
      0.9098196392785571
   ],
   "mv_f1_macro": [
      0.8735320743048506,
      0.6531942961951737,
      0.874931105903863,
      0.9698649024135337,
      0.8470297979326423,
      0.9270850844441405,
      0.8037204157277756,
      0.9223951223868883,
      0.9486722857086617,
      0.9099597327397705
   ],
   "mv_f1_weighted": [
      0.8755631401594337,
      0.6513807112057914,
      0.8757548672081373,
      0.9699657516090382,
      0.8490228891792201,
      0.9279460543592951,
      0.8026353960062492,
      0.9219000778052051,
      0.950106601669479,
      0.9097996500157205
   ],
   "ct_f1_micro": [
      0.9458917835671342,
      0.7334669338677353,
      0.9138276553106213,
      0.9799599198396793,
      0.9118236472945892,
      0.9378757515030061,
      0.9018036072144289,
      0.9478957915831663,
      0.9639278557114228,
      0.9438877755511023
   ],
   "ct_f1_macro": [
      0.9449283250516789,
      0.7338555245030658,
      0.914134873343207,
      0.9801047672560715,
      0.9109097594762927,
      0.9376877075582895,
      0.9011311759555356,
      0.9480609289073907,
      0.9626713159838758,
      0.943641866434325
   ],
   "ct_f1_weighted": [
      0.94585608092022,
      0.7331093626308766,
      0.9138229306368114,
      0.9799559511672257,
      0.9112286770895947,
      0.9379816484134818,
      0.9014387989261805,
      0.9477486107384978,
      0.9639253509792454,
      0.9439988468441524
   ],
   "em_f1_micro": [
      0.9018036072144289,
      0.6312625250501002,
      0.8797595190380761,
      0.9639278557114228,
      0.8677354709418837,
      0.9178356713426854,
      0.8717434869739479,
      0.9158316633266533,
      0.9218436873747495,
      0.9158316633266533
   ],
   "em_f1_macro": [
      0.9000827080164712,
      0.6336232200076545,
      0.8793259486628612,
      0.9639935560315356,
      0.867314204742538,
      0.9171732029678334,
      0.8718608741479039,
      0.9162177369717128,
      0.9206242737233759,
      0.9167441783609653
   ],
   "em_f1_weighted": [
      0.9022592245551804,
      0.6318380977783363,
      0.8799637495997727,
      0.9639898055278863,
      0.8674800935274058,
      0.9180402684637488,
      0.8716879511332621,
      0.9156932931952835,
      0.9223393050052693,
      0.9161323165735914
   ]
}