{
   "worker_count": 20,
   "expertise_scores": [
      [
         0.7974850134911027,
         0.20098673231200057,
         0.23023857909234507,
         0.5966181180717005,
         0.43799005309079203,
         0.6872318794084042,
         0.23435508428747875,
         0.19155193052612515,
         0.5861229641294674,
         0.701822739634528,
         0.673709486316044,
         0.5969606397313727,
         0.6276932606322,
         0.2078712460518678,
         0.1423369472546912,
         0.3769568899833516,
         0.5685171914064133,
         0.42819369337353347,
         0.7958486180070645,
         0.27708542555700866
      ],
      [
         0.6184966067050188,
         0.7377084674802874,
         0.34378744418014107,
         0.16538198679814256,
         0.7762822777029517,
         0.3463069119444912,
         0.35935809146169495,
         0.6714531336201197,
         0.5265259845694121,
         0.7787009946797308,
         0.3796748452575299,
         0.7513814483326198,
         0.7631133896714142,
         0.7612970386981539,
         0.38948940640407936,
         0.17116863836150104,
         0.5572067329469819,
         0.1959155363772418,
         0.3652756879314255,
         0.6592181610610499
      ],
      [
         0.43343467326131363,
         0.24335286551704996,
         0.7815589344446092,
         0.4530315026196894,
         0.5851634104194664,
         0.4316612626002015,
         0.14913661493382585,
         0.7917794521737427,
         0.5256057162206196,
         0.6273122407398435,
         0.17729095234525366,
         0.16568393292137085,
         0.5010793779246265,
         0.38760557963215103,
         0.27394330977003606,
         0.5187007120157654,
         0.666676979647524,
         0.5163683270844943,
         0.3946857224685231,
         0.14801344925880544
      ],
      [
         0.3686407285730997,
         0.6425641276255485,
         0.43482628320520567,
         0.7581012083480836,
         0.5428266904951466,
         0.7136806481422673,
         0.5015945058555319,
         0.715369203901288,
         0.7529091557314957,
         0.15361078120699664,
         0.690708999711223,
         0.6536156849672949,
         0.33589218070862514,
         0.48347790999983603,
         0.23715627142338325,
         0.3427005667020243,
         0.7690832470960784,
         0.4421473799150002,
         0.17735478025873352,
         0.20879355054743828
      ],
      [
         0.6879669338744818,
         0.5106943921439029,
         0.7752333867223848,
         0.24361403542427618,
         0.5603257153855041,
         0.667951606392269,
         0.34913505721254534,
         0.1719505547254527,
         0.21062899769182492,
         0.6868722541976999,
         0.5137111725033675,
         0.4158826710142655,
         0.4882953090977538,
         0.4939116766221191,
         0.689985014642299,
         0.4516059854389352,
         0.49863211053012096,
         0.5684595132291779,
         0.759289592650541,
         0.5625778727528511
      ],
      [
         0.5900121079566538,
         0.692026777241447,
         0.15001928821291458,
         0.2860993776330878,
         0.6334979361435021,
         0.6068794584218555,
         0.1459471788386974,
         0.4454369889603834,
         0.396155391683157,
         0.3284357316779199,
         0.31375852331316384,
         0.39741674436123237,
         0.5928489658911202,
         0.537951728026189,
         0.3069594252439244,
         0.6738868884921998,
         0.5762639847101791,
         0.46234621728993924,
         0.5073655246956036,
         0.18191702901605006
      ],
      [
         0.3686772458660009,
         0.480483168654783,
         0.4854802487529309,
         0.2105524073238968,
         0.2755413527488195,
         0.5671445187342439,
         0.2603314869223349,
         0.2597671024721039,
         0.6360983425451057,
         0.35712802614312866,
         0.20305105937296364,
         0.28406687426004884,
         0.29067642504942803,
         0.20559820474378032,
         0.67298200403171,
         0.42817286607774213,
         0.14749900470618102,
         0.5164776230070218,
         0.6142696683957296,
         0.18015019747444452
      ],
      [
         0.7016416294570678,
         0.43856067157338086,
         0.37903897327507863,
         0.7803753858988871,
         0.44844512681006443,
         0.7354273170061485,
         0.3749494321173772,
         0.7918600431290088,
         0.2015995098319098,
         0.5219550606072869,
         0.5435970383007278,
         0.30925412563436405,
         0.32311033570104464,
         0.5522775723602844,
         0.20522203720128868,
         0.6606630014926846,
         0.30281604209970925,
         0.37269440375808166,
         0.7598453912283296,
         0.35846386541590736
      ],
      [
         0.7792921772695982,
         0.7171843897511381,
         0.4056395941415152,
         0.3717212494494922,
         0.26588538521301985,
         0.28933895522986103,
         0.7210443002039144,
         0.7048406981606092,
         0.2387725914947538,
         0.17352767921121154,
         0.4672361380054262,
         0.7596531406082332,
         0.3549212303441486,
         0.19682589612081172,
         0.5539539015025119,
         0.3314317388101198,
         0.7675724883760351,
         0.6559007224008124,
         0.4510193941477328,
         0.3024270367367491
      ],
      [
         0.5773427009884604,
         0.2589906860929327,
         0.43674546567620226,
         0.5978329025653306,
         0.6471999066484833,
         0.5253792859987689,
         0.6314302398113334,
         0.15713274773724156,
         0.22775655367994446,
         0.760701790499521,
         0.3317672140125837,
         0.4768722212216072,
         0.4434676489771182,
         0.3439999939093583,
         0.7905064165757516,
         0.6224637273231872,
         0.42328576247838057,
         0.2238107108398798,
         0.30231913735692345,
         0.6920038102061623
      ]
   ],
   "mv_f1_micro": [
      0.9435483870967742,
      1.0,
      0.967741935483871,
      0.9838709677419355,
      0.9919354838709677,
      0.9758064516129032,
      0.8709677419354839,
      0.9838709677419355,
      0.9758064516129032,
      0.9838709677419355
   ],
   "mv_f1_macro": [
      0.9425937186848002,
      1.0,
      0.9679121309730091,
      0.9843188557474273,
      0.9913100724160632,
      0.9760039499670837,
      0.870494584780299,
      0.9833735644795553,
      0.9763332053469161,
      0.9843188557474273
   ],
   "mv_f1_weighted": [
      0.9437911621605078,
      1.0,
      0.9679570618477458,
      0.9838591516010871,
      0.9919503493384867,
      0.9759941281403298,
      0.8722105851138111,
      0.9838858332094544,
      0.9757447003876645,
      0.9838591516010871
   ],
   "ct_f1_micro": [
      0.9919354838709677,
      1.0,
      0.9838709677419355,
      1.0,
      0.9919354838709677,
      0.967741935483871,
      0.9274193548387096,
      0.9838709677419355,
      1.0,
      0.9919354838709677
   ],
   "ct_f1_macro": [
      0.9920573634859349,
      1.0,
      0.9843353557639272,
      1.0,
      0.9922553636839352,
      0.9684387932508233,
      0.9287789069743957,
      0.984120855549427,
      1.0,
      0.9920573634859349
   ],
   "ct_f1_weighted": [
      0.9919292564453854,
      1.0,
      0.9838647403163532,
      1.0,
      0.9919236677301193,
      0.9677117816336831,
      0.9283941864587025,
      0.9838647403163532,
      1.0,
      0.9919292564453854
   ],