{
   "worker_count": 5,
   "expertise_scores": [
      [
         0.14091874666601914,
         0.5333753086119019,
         0.2522061979009208,
         0.48968356078982384,
         0.4010074290556839
      ],
      [
         0.646525347081895,
         0.31233201742038297,
         0.22746342099449263,
         0.6417756144334632,
         0.2812259781923067
      ],
      [
         0.527247700333307,
         0.25048905937459764,
         0.5472846661288983,
         0.5497831638940138,
         0.2680807642799764
      ],
      [
         0.760458292925303,
         0.5819994607222688,
         0.3436819949521378,
         0.7644929502584146,
         0.44728579845478506
      ],
      [
         0.6119872299100168,
         0.3020983324674747,
         0.2086057098317331,
         0.3421377009452972,
         0.2125399589203649
      ],
      [
         0.16125493995828774,
         0.4794302379975368,
         0.2579223711272769,
         0.6518607621001147,
         0.7410357255998588
      ],
      [
         0.19537111725777337,
         0.49109935762259593,
         0.5692524903513863,
         0.65317157067955,
         0.37933359392444616
      ],
      [
         0.44678094536314833,
         0.4684651644589178,
         0.1778766496230294,
         0.19551796633273086,
         0.2879413965579025
      ],
      [
         0.35488198371915913,
         0.7512136349401202,
         0.24389672691923286,
         0.1763676883323118,
         0.4360749208752942
      ],
      [
         0.6536443315959335,
         0.5640214976501399,
         0.19806091616844548,
         0.650100061604377,
         0.5027886676227283
      ]
   ],
   "mv_f1_micro": [
      0.5403225806451613,
      0.6290322580645161,
      0.6693548387096774,
      0.8225806451612904,
      0.5241935483870968,
      0.6854838709677419,
      0.7661290322580645,
      0.3951612903225807,
      0.5725806451612904,
      0.7741935483870968
   ],
   "mv_f1_macro": [
      0.5346272023903603,
      0.6294279874111808,
      0.6670996078661584,
      0.8203980985958192,
      0.5231969207952216,
      0.6835720253013485,
      0.765044887087125,
      0.39322228891556626,
      0.5618756748787709,
      0.7688160355039344
   ],
   "mv_f1_weighted": [
      0.5342412127747442,
      0.6307248967590524,
      0.6676311121629769,
      0.8195503540939254,
      0.5219463453123607,
      0.6851215740965315,
      0.767218964284654,
      0.3944234548658173,
      0.5669059276993962,
      0.7707345623022993
   ],
   "ct_f1_micro": [
      0.5967741935483871,
      0.7016129032258065,
      0.75,
      0.8870967741935484,
      0.5645161290322581,
      0.7741935483870968,
      0.7338709677419355,
      0.47580645161290325,
      0.7016129032258065,
      0.8225806451612904
   ],
   "ct_f1_macro": [
      0.5919799498746868,
      0.704435807892029,
      0.7463356783790219,
      0.8864553721696578,
      0.5641924178578314,
      0.768365923894451,
      0.7316176699635345,
      0.4745229625813438,
      0.697846902106537,
      0.8176842437469615
   ],
   "ct_f1_weighted": [
      0.5916242218449349,
      0.7029322893266702,
      0.7467669861819967,
      0.8863240943886104,
      0.5627205420499138,
      0.7704784809348876,
      0.7322148163404529,
      0.47661157101384805,
      0.6990343303927024,
      0.8192432534682732
   ],
   "gt": [
      2,
      2,
      2,
      2,
      2,
      2,
      2,
      2,
      2,
      2,
      2,
      2,
      2,
      2,
      2,
      2,
      2,
      2,
      3,
      3,
      3,
      3,
      3,
      3,
      3,
      3,
      3,
      3,
      3,
      3,
      3,
      3,
      3,
      3,
      3,
      3,
      5,
      5,
      5,
      5,
      5,
      5,
      5,
      5,
      5,
      5,
      5,
      5,
      5,
      5,
      5,
      5,
      5,
      5,
      5,
      4,
      4,
      4,
      4,
      4,
      4,
      4,
      4,
      4,
      4,
      4,
      4,
      4,
      4,
      4,
      4,
      4,
      4,
      6,
      6,
      6,
      6,
      6,
      6,
      6,
      6,
      6,
      6,
      6,
      6,
      6,
      6,
      6,
      6,
      6,
      6,
      0,
      0,
      0,
      0,
      0,
      0,
      0,
      0,
      0,
      0,
      0,
      0,
      0,
      0,
      0,
      1,
      1,
      1,
      1,
      1,
      1,
      1,
      1,
      1,
      1,
      1,
      1,
      1,
      1,
      1,
      1,
      1,
      1
   ],
   "em_f1_micro": [
      0.4274193548387097,
      0.6129032258064516,
      0.6774193548387096,
      0.8629032258064516,
      0.3387096774193548,
      0.7419354838709677,
      0.7096774193548389,
      0.43548387096774194,
      0.6209677419354839,
      0.7661290322580645
   ],
   "em_f1_macro": [
      0.4242908584376304,
      0.6067194489131686,
      0.6721809936095652,
      0.8633299535002321,
      0.3420205511536781,
      0.7385059935398485,
      0.7068805480872233,
      0.4385815487227554,
      0.6094169764968714,
      0.7603771243562772
   ],
   "em_f1_weighted": [
      0.4288182957738867,
      0.6037759612137921,
      0.6744082530372854,
      0.8633438098071575,
      0.3398757213335761,
      0.7406823574909519,
      0.7076612559841678,
      0.439920677644807,
      0.6132597859452457,
      0.7617635520934563
   ]
}