{
   "worker_count": 8,
   "expertise_scores": [
      [
         0.4712311866895552,
         0.15471998517748708,
         0.31600603969399865,
         0.4132367797145233,
         0.4401065288687915,
         0.30075162387820575,
         0.6546583868182172,
         0.2644077617115762
      ],
      [
         0.7142639653719285,
         0.6220578992727432,
         0.7945344830714207,
         0.738299095294815,
         0.26510848130356174,
         0.6066708114712551,
         0.6324096416717756,
         0.5403173106895307
      ],
      [
         0.7350157767278502,
         0.3538965551455372,
         0.6362831951065295,
         0.14804754103985285,
         0.4712291856882354,
         0.40877435476599405,
         0.6453835475846488,
         0.5492107963548887
      ],
      [
         0.45998896627901104,
         0.43113918596898265,
         0.2118655082487215,
         0.37922468427579126,
         0.7088273863616086,
         0.2700861528183838,
         0.4755636594687876,
         0.2621598768329562
      ],
      [
         0.5269017345271301,
         0.7623586562532634,
         0.5385706409628708,
         0.45619396384993754,
         0.49202796366067536,
         0.28270017852332663,
         0.36257372632085116,
         0.3997315604261563
      ],
      [
         0.6102167810012646,
         0.6180109540331489,
         0.25521837803064573,
         0.16980080449558138,
         0.6091241822438644,
         0.7032806204305637,
         0.7865587868496551,
         0.3115651556567948
      ],
      [
         0.41137072312119016,
         0.3431588167005266,
         0.5034946433992424,
         0.5297076072104077,
         0.5994892815511605,
         0.7042641297514924,
         0.46854100589440306,
         0.6272886517322851
      ],
      [
         0.46402391116473074,
         0.41187888718896015,
         0.5910675800975188,
         0.6503403001626302,
         0.6258683517172723,
         0.5519715901689473,
         0.4696909694407056,
         0.5754501744418008
      ],
      [
         0.7202149918098295,
         0.20635838242200788,
         0.41423928468190174,
         0.3551163386475721,
         0.34034794576463445,
         0.398947226733724,
         0.7450186491033974,
         0.19512825747040505
      ],
      [
         0.3072842895204343,
         0.6340114485766818,
         0.6885429842824791,
         0.7465363959662759,
         0.7101969836969391,
         0.2603119796102694,
         0.7203158639377218,
         0.7411844091584707
      ]
   ],
   "mv_f1_micro": [
      0.6451612903225806,
      0.9193548387096774,
      0.8790322580645161,
      0.7016129032258065,
      0.8629032258064516,
      0.8870967741935484,
      0.8709677419354839,
      0.9354838709677419,
      0.7741935483870968,
      0.9516129032258065
   ],
   "mv_f1_macro": [
      0.646549590194346,
      0.9193114425257282,
      0.878159269440782,
      0.6990264428344924,
      0.8643895111387371,
      0.8853542721023924,
      0.8686378447831417,
      0.9353322172871046,
      0.7719147051624587,
      0.9504395218680933
   ],
   "mv_f1_weighted": [
      0.6486114129790918,
      0.9189017635590216,
      0.8769381439862939,
      0.6979458106056028,
      0.8627253489382724,
      0.8861048927899522,
      0.8713282799712377,
      0.9350060344118069,
      0.7741367755447014,
      0.9510462800785381
   ],
   "ct_f1_micro": [
      0.7419354838709677,
      0.9435483870967742,
      0.9193548387096774,
      0.7983870967741935,
      0.9032258064516129,
      0.9354838709677419,
      0.8870967741935484,
      0.9274193548387096,
      0.8387096774193549,
      0.967741935483871
   ],
   "ct_f1_macro": [
      0.7422375804728746,
      0.9443345254405163,
      0.9180838551636871,
      0.798286017928875,
      0.9017018664484102,
      0.9347669911966684,
      0.8881449481572457,
      0.9278071205994461,
      0.8357093089134293,
      0.9654333021472981
   ],
   "ct_f1_weighted": [
      0.741573308224162,
      0.9435632525642931,
      0.9178714979889079,
      0.7984167831950091,
      0.9020544980092327,
      0.9348024944502648,
      0.8869702600669418,
      0.9263249058752836,
      0.8373128409510548,
      0.9671717731653608
   ],
   "gt": [
      2,
      2,
      2,
      2,
      2,
      2,
      2,
      2,
      2,
      2,
      2,
      2,
      2,
      2,
      2,
      2,
      2,
      2,
      3,
      3,
      3,
      3,
      3,
      3,
      3,
      3,
      3,
      3,
      3,
      3,
      3,
      3,
      3,
      3,
      3,
      3,
      5,
      5,
      5,
      5,
      5,
      5,
      5,
      5,
      5,
      5,
      5,
      5,
      5,
      5,
      5,
      5,
      5,
      5,
      5,
      4,
      4,
      4,
      4,
      4,
      4,
      4,
      4,
      4,
      4,
      4,
      4,
      4,
      4,
      4,
      4,
      4,
      4,
      6,
      6,
      6,
      6,
      6,
      6,
      6,
      6,
      6,
      6,
      6,
      6,
      6,
      6,
      6,
      6,
      6,
      6,
      0,
      0,
      0,
      0,
      0,
      0,
      0,
      0,
      0,
      0,
      0,
      0,
      0,
      0,
      0,
      1,
      1,
      1,
      1,
      1,
      1,
      1,
      1,
      1,
      1,
      1,
      1,
      1,
      1,
      1,
      1,
      1,
      1
   ],
   "em_f1_micro": [
      0.5887096774193549,
      0.9112903225806451,
      0.8548387096774194,
      0.6693548387096774,
      0.8387096774193549,
      0.9032258064516129,
      0.8387096774193549,
      0.9112903225806451,
      0.7741935483870968,
      0.9596774193548389
   ],
   "em_f1_macro": [
      0.5884995026470038,
      0.9114428203713919,
      0.8541756096377944,
      0.6695007732822859,
      0.8384596250142468,
      0.9022046875430334,
      0.8380529945167344,
      0.9109841447247461,
      0.7727781303909123,
      0.957812126929774
   ],
   "em_f1_weighted": [
      0.592796624914247,
      0.9108726958525345,
      0.8528709430986471,
      0.6689275274189886,
      0.8379901420698385,
      0.9015190931733802,
      0.8392911021286069,
      0.9097164158762207,
      0.7736447515416106,
      0.9599490884476652
   ]
}