{
   "worker_count": 13,
   "expertise_scores": [
      [
         0.23929918110623422,
         0.745541430155588,
         0.1897531972738379,
         0.19419733778745862,
         0.27053778680291174,
         0.1552199582765549,
         0.3710189018154768,
         0.2799027501524902,
         0.5549668991449322,
         0.4786742628165351,
         0.4944517440268389,
         0.3516022922585843,
         0.21070274903831018
      ],
      [
         0.16184464239400734,
         0.6376634073201504,
         0.5841007006508652,
         0.5902528442179432,
         0.3201283080984504,
         0.4979000919628644,
         0.20387208976256244,
         0.464844982449145,
         0.158274949527817,
         0.378763644746378,
         0.49695452210632884,
         0.6200515203549122,
         0.7602073019404052
      ],
      [
         0.46547633964352,
         0.5408318744607907,
         0.16278198372675093,
         0.5888578487431195,
         0.20700166415725818,
         0.23820774551545015,
         0.5144071749951382,
         0.4958182930272103,
         0.26832082371263666,
         0.4826582615308208,
         0.31240412857957356,
         0.5090404130299333,
         0.25278242744882307
      ],
      [
         0.3814608114778051,
         0.7769293675688826,
         0.7833524249077333,
         0.7957498254673727,
         0.7477076928835005,
         0.3527616984407865,
         0.3964252346907492,
         0.7108889484956911,
         0.15064941920242725,
         0.31330721851250215,
         0.7769517435856743,
         0.6489981058613821,
         0.1816441485539783
      ],
      [
         0.40708635498281415,
         0.22152867632316375,
         0.7605887238916464,
         0.7100506851463435,
         0.3514331266803623,
         0.42649748916644,
         0.6771029914625677,
         0.5976623941029803,
         0.4319372472126193,
         0.2543687889606773,
         0.375137052527082,
         0.3776986492764651,
         0.7982521503310194
      ],
      [
         0.6611937835130077,
         0.6250980701049138,
         0.5622131591197487,
         0.2995915059046842,
         0.7772199851389698,
         0.7648701236111508,
         0.751854318552259,
         0.24213493271496256,
         0.42162171266155346,
         0.7232313486245976,
         0.36603009636795447,
         0.3319093500952698,
         0.5375614550972856
      ],
      [
         0.3822308055386824,
         0.3093649565975013,
         0.5559332134833487,
         0.7032336048047709,
         0.7369734209289469,
         0.4729155612060139,
         0.517518948292758,
         0.7212191369296252,
         0.5529593607369266,
         0.4256498761716718,
         0.31926877199951764,
         0.3308920816429477,
         0.3205472555205985
      ],
      [
         0.1793098189448127,
         0.49470901803835793,
         0.3601475274740231,
         0.28047022727814697,
         0.7749041897155908,
         0.5828683437589901,
         0.6437751133245013,
         0.4628845978480318,
         0.1548201680528414,
         0.37606466373183833,
         0.6682536639108969,
         0.6992822413542512,
         0.3505012111453246
      ],
      [
         0.24812319734041044,
         0.1484211298367818,
         0.2413703832811036,
         0.6782329176911062,
         0.3368507975898569,
         0.5858895607132286,
         0.5540919049137425,
         0.1651344260651918,
         0.7227341331739192,
         0.27307619542271955,
         0.46709205593770886,
         0.35440417498971544,
         0.6398123628934393
      ],
      [
         0.48955682056779426,
         0.2827623891785955,
         0.3898444725346563,
         0.5774132872117606,
         0.6959152634219621,
         0.49792819453141846,
         0.6469795112699059,
         0.2970054012344034,
         0.16417617339259882,
         0.519540784435064,
         0.6221440590466616,
         0.3487564152916712,
         0.6789215510775417
      ]
   ],
   "mv_f1_micro": [
      0.7096774193548389,
      0.9112903225806451,
      0.7903225806451614,
      0.9919354838709677,
      0.967741935483871,
      0.9838709677419355,
      0.9516129032258065,
      0.8951612903225806,
      0.8709677419354839,
      0.9516129032258065
   ],
   "mv_f1_macro": [
      0.7088403338403337,
      0.9099218334016232,
      0.7878289622428498,
      0.9920573634859349,
      0.9676924202269825,
      0.9843127271698701,
      0.9504968654128317,
      0.8946672789552047,
      0.8720603212335388,
      0.9513530850936867
   ],
   "mv_f1_weighted": [
      0.7066870756386885,
      0.9109417033682562,
      0.785731850366442,
      0.9919292564453854,
      0.9677449848105414,
      0.9838529241755047,
      0.9523193955001354,
      0.8955445289741953,
      0.8696251413396544,
      0.9513893099684695
   ],
   "ct_f1_micro": [
      0.8629032258064516,
      0.9516129032258065,
      0.8870967741935484,
      1.0,
      0.9758064516129032,
      0.9919354838709677,
      0.9758064516129032,
      0.9516129032258065,
      0.9354838709677419,
      0.9516129032258065
   ],
   "ct_f1_macro": [
      0.8651150648240146,
      0.952332720313016,
      0.888275803446082,
      1.0,
      0.9756227995859332,
      0.9920573634859349,
      0.9766020585569458,
      0.9512493098019413,
      0.936430029222355,
      0.9513260370759907
   ],
   "ct_f1_weighted": [
      0.864384755139999,
      0.9517778061159596,
      0.8869969040247677,
      1.0,
      0.9758032735139914,
      0.9919292564453854,
      0.9758002241873209,
      0.9517571452259482,
      0.9358145191849307,
      0.950372643599191
   ],
   "gt": [
      2,
      2,
      2,
      2,
      2,
      2,
      2,
      2,
      2,
      2,
      2,
      2,
      2,
      2,
      2,
      2,
      2,
      2,
      3,
      3,
      3,
      3,
      3,
      3,
      3,
      3,
      3,
      3,
      3,
      3,
      3,
      3,
      3,
      3,
      3,
      3,
      5,
      5,
      5,
      5,
      5,
      5,
      5,
      5,
      5,
      5,
      5,
      5,
      5,
      5,
      5,
      5,
      5,
      5,
      5,
      4,
      4,
      4,
      4,
      4,
      4,
      4,
      4,
      4,
      4,
      4,
      4,
      4,
      4,
      4,
      4,
      4,
      4,
      6,
      6,
      6,
      6,
      6,
      6,
      6,
      6,
      6,
      6,
      6,
      6,
      6,
      6,
      6,
      6,
      6,
      6,
      0,
      0,
      0,
      0,
      0,
      0,
      0,
      0,
      0,
      0,
      0,
      0,
      0,
      0,
      0,
      1,
      1,
      1,
      1,
      1,
      1,
      1,
      1,
      1,
      1,
      1,
      1,
      1,
      1,
      1,
      1,
      1,
      1
   ],
   "em_f1_micro": [
      0.75,
      0.9274193548387096,
      0.7741935483870968,
      1.0,
      0.967741935483871,
      0.9758064516129032,
      0.9032258064516129,
      0.9032258064516129,
      0.8709677419354839,
      0.967741935483871
   ],
   "em_f1_macro": [
      0.7518059855521156,
      0.9270142667357815,
      0.7766002258483462,
      1.0,
      0.9679121309730091,
      0.9761299946173896,
      0.9031016942506571,
      0.9027743792891957,
      0.8737497417300373,
      0.9674882914514252
   ],
   "em_f1_weighted": [
      0.7512553125381448,
      0.9276859786710774,
      0.7742130815135909,
      1.0,
      0.9679570618477458,
      0.9755382120657262,
      0.9037811472263757,
      0.9050276451579756,
      0.8710219882633675,
      0.9672963174263903
   ]
}