{
   "worker_count": 30,
   "expertise_scores": [
      [
         0.14531779398384467,
         0.25791904931177945,
         0.4685844031595982,
         0.19615609274843274,
         0.5897027913152694,
         0.398059022397201,
         0.4272044262230147,
         0.2702370770921728,
         0.7356239140083718,
         0.6458072949472136,
         0.5585424630568673,
         0.5825466030572484,
         0.7181611409409832,
         0.5858181369285362,
         0.257292622320865,
         0.7124041407854969,
         0.7556868173595412,
         0.2545596477969011,
         0.7147473028475246,
         0.685948019735835,
         0.3561170340038536,
         0.4818463068677742,
         0.19245658539030822,
         0.6095747942759202,
         0.6084879570399788,
         0.6129498170505139,
         0.33537205504139456,
         0.2608853799420764,
         0.34661949084746413,
         0.5828430332886898
      ],
      [
         0.47637919223611014,
         0.7109877559971334,
         0.7147456682881106,
         0.5304360978021267,
         0.7628558649764046,
         0.26046384313594284,
         0.7899405556770958,
         0.33822364559026774,
         0.714492748473915,
         0.7594243492345865,
         0.7235915796386396,
         0.5723991469533691,
         0.44274054165988247,
         0.4166776747387932,
         0.1986336840644144,
         0.39433666704505643,
         0.35202708095998686,
         0.6094408151148114,
         0.4596820972037226,
         0.15718336339010838,
         0.2455591192319178,
         0.6575784142826346,
         0.1786627290184324,
         0.593128855210362,
         0.714968708035743,
         0.3070863102725231,
         0.5877502028877782,
         0.17355594172527608,
         0.4162754398489305,
         0.6378737611876653
      ],
      [
         0.25399725310394977,
         0.49456756345995456,
         0.3047684174559919,
         0.615884826439954,
         0.16677960732696004,
         0.34016107506815474,
         0.4985738823546404,
         0.6274822634656912,
         0.18153928989682863,
         0.6338980154926208,
         0.43655830549625846,
         0.7884189601223703,
         0.45534937069318354,
         0.3353225743834081,
         0.6008832709766256,
         0.7369108245267968,
         0.18707478438731173,
         0.7594248608876313,
         0.3444155416541358,
         0.2308327672854477,
         0.5420190955866191,
         0.27371979785967687,
         0.7991914186550684,
         0.3189813974769743,
         0.798351062053474,
         0.39634228520048437,
         0.733147221224846,
         0.181868717586516,
         0.682676454500474,
         0.6835144440460468
      ],
      [
         0.1782184507891391,
         0.5050505945432785,
         0.7604313994426868,
         0.27074376121039867,
         0.22073476278962506,
         0.7816133595424775,
         0.2780335129833257,
         0.6313570332039906,
         0.4013144308868693,
         0.4602721554350379,
         0.5218930137125433,
         0.41490349160037754,
         0.6438804805223854,
         0.6978523661355029,
         0.3210260655436869,
         0.3287180077781435,
         0.20179151414990365,
         0.4680605048135393,
         0.3236721822281313,
         0.46855755836758456,
         0.5351538263512727,
         0.272058365582561,
         0.2473776629840781,
         0.27666593099522363,
         0.5779962011009285,
         0.3940100056842569,
         0.7237388691637634,
         0.4714814106990564,
         0.6020912185035623,
         0.29934417502426985
      ],
      [
         0.4107422708348149,
         0.2790030369543761,
         0.7319658882626263,
         0.606402751103525,
         0.6507585079882423,
         0.4988812807521021,
         0.30758902189495246,
         0.2708651112959608,
         0.48897552906387964,
         0.6899894611602577,
         0.3532191615302003,
         0.7731285422065732,
         0.38069905591119496,
         0.3955775131461345,
         0.7734591668444732,
         0.787273706316157,
         0.13989628115523273,
         0.7817499608910292,
         0.5484571963681364,
         0.793623893589976,
         0.7909320986859478,
         0.7345208333829671,
         0.29765167790284114,
         0.340876474204576,
         0.33642532660664226,
         0.6466208907814717,
         0.7636562894287748,
         0.6198631142295514,
         0.3194728182707277,
         0.5755708984085196
      ],
      [
         0.314674226336444,
         0.37726838074309155,
         0.19178451872291555,
         0.2723016091689898,
         0.5651242547966835,
         0.31000494260986367,
         0.7277097390750205,
         0.6825469746037143,
         0.7312756361000288,
         0.42405384203006474,
         0.4315625965753962,
         0.45916799843792144,
         0.32203399710427316,
         0.5097895996265733,
         0.6747453769522136,
         0.6946583110578466,
         0.5852806928739552,
         0.15975416607032786,
         0.7216872311718576,
         0.27834961925954615,
         0.2400974321689072,
         0.69528430020615,
         0.24121667861102997,
         0.6785244189639621,
         0.6914357453328712,
         0.49817725342235997,
         0.38009758245486835,
         0.2703707067418162,
         0.5142126906514597,
         0.5242977229686876
      ],
      [
         0.21336716292902275,
         0.5193666566626368,
         0.1672949464170014,
         0.2775337021162052,
         0.4650212236967621,
         0.7828626886777406,
         0.46333722911722497,
         0.22293985023768453,
         0.537905855195564,
         0.6607181226016459,
         0.1636054638591508,
         0.48197408385982693,
         0.1707312633783663,
         0.23944128642562168,
         0.3031313263335549,
         0.31068012795830613,
         0.45070777412188345,
         0.3463933742024365,
         0.27082630375299177,
         0.2564027358251418,
         0.4948076785288904,
         0.7279929671154188,
         0.4441295499842759,
         0.13975903549092036,
         0.7836764075117209,
         0.6174817878714949,
         0.27570993567455127,
         0.4978416666683101,
         0.19145931800945526,
         0.678703301593174
      ],
      [
         0.5963274069133739,
         0.25548443595255066,
         0.4070032795835406,
         0.5957206951075882,
         0.7507167549142617,
         0.39801655758554516,
         0.2832156721595649,
         0.6828773024871291,
         0.527530796080883,
         0.7389632881541257,
         0.22737871231569573,
         0.2195455383303385,
         0.5901919266460951,
         0.671721558772181,
         0.7763779521054412,
         0.2900105405240072,
         0.42733617879777674,
         0.18792819414384182,
         0.2302934003194903,
         0.4548473692048764,
         0.6659160887354814,
         0.6200966580158578,
         0.5764305054333438,
         0.246272599853107,
         0.3094034309178832,
         0.49911429156320336,
         0.3287506188788685,
         0.6067143227711065,
         0.5346922419592439,
         0.40914959661615663
      ],
      [
         0.22648478092289132,
         0.42100179952174277,
         0.27544440772745227,
         0.453637825296621,
         0.6707353802370786,
         0.28208150190112075,
         0.24801608923593116,
         0.490543264778458,
         0.3928749692051269,
         0.7561869090583044,
         0.6890527740828243,
         0.3062298103685659,
         0.4910677838381225,
         0.376532179091365,
         0.7502534745164571,
         0.14782009237358937,
         0.6739019213413218,
         0.6464848034381043,
         0.5056198514005289,
         0.2055645535451955,
         0.2628377971580055,
         0.6900617297612068,
         0.5949218021828995,
         0.47388834356242787,
         0.4523680973321226,
         0.42238066930250495,
         0.7508012929765333,
