{
   "worker_count": 10,
   "expertise_scores": [
      [
         0.37736560884820136,
         0.307527158407223,
         0.39889207144700417,
         0.5088932464855616,
         0.41489006573654863,
         0.7080282765921029,
         0.48176117549292374,
         0.4801727001523183,
         0.775439391920689,
         0.2802742511884537
      ],
      [
         0.7007507903467349,
         0.23744743498666793,
         0.39816345676185855,
         0.7217251366364259,
         0.46725845145979794,
         0.5807708680266228,
         0.7385102686532552,
         0.3663031290803548,
         0.45735127752091026,
         0.37902800921771257
      ],
      [
         0.2620505127587639,
         0.3895849974240189,
         0.4088539480422028,
         0.16335131877046632,
         0.6937402551489438,
         0.3871426182069364,
         0.7649154118359018,
         0.3875610464519236,
         0.15330201552619602,
         0.4860949296098039
      ],
      [
         0.38436004715188155,
         0.3826062893695955,
         0.18343905698734028,
         0.3696703035153789,
         0.7804784827284403,
         0.6438169639527271,
         0.29338677342608255,
         0.32065577782820054,
         0.4288805639064193,
         0.5442603298720228
      ],
      [
         0.7385068279638249,
         0.4557852379134525,
         0.24849031923914533,
         0.14628529873394794,
         0.6462768747355228,
         0.3950797293337058,
         0.6507976347730189,
         0.7715289129235954,
         0.3540394261979156,
         0.3937715555269882
      ],
      [
         0.27743182124432175,
         0.231821856801258,
         0.6142455155672302,
         0.3094617498123851,
         0.2532045399534281,
         0.19995844607390917,
         0.18863748207406855,
         0.24773666373687311,
         0.41021540879738505,
         0.3002226054783601
      ],
      [
         0.41853985542624234,
         0.5507815632384373,
         0.28385892781856414,
         0.19180151544547083,
         0.7567715032553479,
         0.3488992488600442,
         0.3803897509743889,
         0.22454774181350456,
         0.48108436924521786,
         0.22916894290661535
      ],
      [
         0.5953479417851102,
         0.20819243929951659,
         0.14962479106065998,
         0.16465743874790112,
         0.32816495807802004,
         0.22266287688516828,
         0.14372091393734202,
         0.5246176934862017,
         0.16504832338292436,
         0.491785436927944
      ],
      [
         0.3991911989412511,
         0.674503238437786,
         0.7524943651219564,
         0.5164723380765963,
         0.7782617763239201,
         0.41804886863956214,
         0.7169602225087053,
         0.21568702978080256,
         0.7994674110304529,
         0.4547298715897979
      ],
      [
         0.20167211550935968,
         0.6527032915490161,
         0.14141491693517683,
         0.712391382127975,
         0.7081552855983639,
         0.5919691468832946,
         0.27530731822918975,
         0.6663710511625909,
         0.1479801292499749,
         0.2055384934821819
      ]
   ],
   "mv_f1_micro": [
      0.9193548387096774,
      0.9032258064516129,
      0.7661290322580645,
      0.8548387096774194,
      0.9193548387096774,
      0.532258064516129,
      0.7903225806451614,
      0.5403225806451613,
      0.9838709677419355,
      0.8225806451612904
   ],
   "mv_f1_macro": [
      0.9189001438936621,
      0.9028628995457832,
      0.7576055784126671,
      0.8523419570586824,
      0.9212433952728712,
      0.5259133496824498,
      0.7921492921492922,
      0.5378384878477614,
      0.9843127271698701,
      0.8222813593481115
   ],
   "mv_f1_weighted": [
      0.9192459661313944,
      0.9037155269578119,
      0.7632680300754907,
      0.8543895227098999,
      0.9200623202598054,
      0.5260955023702162,
      0.790061028770706,
      0.5398566332568259,
      0.9838529241755047,
      0.8217037502023422
   ],
   "ct_f1_micro": [
      0.9193548387096774,
      0.9435483870967742,
      0.8548387096774194,
      0.8870967741935484,
      0.9193548387096774,
      0.6451612903225806,
      0.8064516129032258,
      0.6612903225806451,
      0.967741935483871,
      0.9274193548387096
   ],
   "ct_f1_macro": [
      0.919133915374517,
      0.9436595150880865,
      0.8493684390106478,
      0.8815120168503628,
      0.918666176432804,
      0.6445609528808972,
      0.8047920898272584,
      0.657888641632484,
      0.9679234204579827,
      0.9268706276613419
   ],
   "ct_f1_weighted": [
      0.9188221795182746,
      0.9437433534207726,
      0.8532375628879054,
      0.8860653340704273,
      0.9196391615410683,
      0.6475841879651796,
      0.806210577112598,
      0.6602207085521881,
      0.9675326136304283,
      0.927419232254958
   ],
   "gt": [
      2,
      2,
      2,
      2,
      2,
      2,
      2,
      2,
      2,
      2,
      2,
      2,
      2,
      2,
      2,
      2,
      2,
      2,
      3,
      3,
      3,
      3,
      3,
      3,
      3,
      3,
      3,
      3,
      3,
      3,
      3,
      3,
      3,
      3,
      3,
      3,
      5,
      5,
      5,
      5,
      5,
      5,
      5,
      5,
      5,
      5,
      5,
      5,
      5,
      5,
      5,
      5,
      5,
      5,
      5,
      4,
      4,
      4,
      4,
      4,
      4,
      4,
      4,
      4,
      4,
      4,
      4,
      4,
      4,
      4,
      4,
      4,
      4,
      6,
      6,
      6,
      6,
      6,
      6,
      6,
      6,
      6,
      6,
      6,
      6,
      6,
      6,
      6,
      6,
      6,
      6,
      0,
      0,
      0,
      0,
      0,
      0,
      0,
      0,
      0,
      0,
      0,
      0,
      0,
      0,
      0,
      1,
      1,
      1,
      1,
      1,
      1,
      1,
      1,
      1,
      1,
      1,
      1,
      1,
      1,
      1,
      1,
      1,
      1
   ],
   "em_f1_micro": [
      0.9032258064516129,
      0.9193548387096774,
      0.7903225806451614,
      0.8225806451612904,
      0.9032258064516129,
      0.5161290322580645,
      0.7580645161290323,
      0.5564516129032258,
      0.967741935483871,
      0.8629032258064516
   ],
   "em_f1_macro": [
      0.9019940859226574,
      0.9183673469387756,
      0.7833731082579009,
      0.8176642511617881,
      0.9023911129174288,
      0.5063427134307661,
      0.7561198003922461,
      0.5498275123890887,
      0.9679234204579827,
      0.8614462598333565
   ],
   "em_f1_weighted": [
      0.9042957560094657,
      0.9194700460829492,
      0.7892138774032635,
      0.8230041578206204,
      0.9025917413014187,
      0.5098807003847843,
      0.7562659451803564,
      0.5552575344566445,
      0.9675326136304283,
      0.8616675338189386
   ]
}