{
   "worker_count": 3,
   "expertise_scores": [
      [
         0.24792687794645096,
         0.516590254709611,
         0.12922048300360156
      ],
      [
         0.38166871467053165,
         0.23087670367896734,
         0.4786280060449727
      ],
      [
         0.687467402640025,
         0.4899404837410413,
         0.2490772779118191
      ],
      [
         0.6113189460187612,
         0.7703870406553291,
         0.6635798284824678
      ],
      [
         0.630831684461077,
         0.16485788083204522,
         0.5203974453119801
      ],
      [
         0.7695313765835554,
         0.4845170337764483,
         0.17373264862080443
      ],
      [
         0.7473681725381679,
         0.21429569042085045,
         0.14593331811358712
      ],
      [
         0.6681534849584579,
         0.7893157198543561,
         0.09188212594661693
      ],
      [
         0.245893701757603,
         0.21581651536359592,
         0.39843773234167434
      ],
      [
         0.5138096410839678,
         0.26751704826822326,
         0.35202045488055694
      ]
   ],
   "mv_f1_micro": [
      0.376,
      0.46,
      0.592,
      0.82,
      0.53,
      0.582,
      0.436,
      0.68,
      0.338,
      0.47
   ],
   "mv_f1_macro": [
      0.37408033358685605,
      0.45960567171781475,
      0.5895974758354139,
      0.8204534774203508,
      0.5314637671707999,
      0.5781193307362731,
      0.43814103925965064,
      0.6809555809611406,
      0.3377449351884418,
      0.46722799104263024
   ],
   "mv_f1_weighted": [
      0.3758738375584967,
      0.45916101545994364,
      0.590605263861439,
      0.8197082351642911,
      0.5314590695220339,
      0.5800036285814599,
      0.43826227708487836,
      0.6805621431087621,
      0.33717325647456314,
      0.4693349941650566
   ],
   "ct_f1_micro": [
      0.502,
      0.504,
      0.708,
      0.844,
      0.636,
      0.78,
      0.708,
      0.78,
      0.416,
      0.542
   ],
   "ct_f1_macro": [
      0.49977292533829676,
      0.5052816125390642,
      0.7059599722839972,
      0.8441778401684937,
      0.6338157885986071,
      0.7792828726361449,
      0.7084076480955162,
      0.7794285581434572,
      0.41524256448601565,
      0.5426012476364732
   ],
   "ct_f1_weighted": [
      0.5000689837286295,
      0.5053381827407835,
      0.7083569727816719,
      0.8442362312310969,
      0.6346396093246416,
      0.7791795132233804,
      0.7081751341089061,
      0.7804328531078086,
      0.41564271818541115,
      0.5433365767184746
   ],
   "em_f1_micro": [
      0.284,
      0.35,
      0.582,
      0.83,
      0.532,
      0.626,
      0.434,
      0.732,
      0.254,
      0.39200000000000007
   ],
   "em_f1_macro": [
      0.280482307747172,
      0.3533227931847282,
      0.5827001867585708,
      0.8305902071733532,
      0.5324853245118973,
      0.6222812446056094,
      0.4307234152212968,
      0.7325319739852458,
      0.25224595915276055,
      0.3948549943478959
   ],
   "em_f1_weighted": [
      0.2832551067573313,
      0.35061543952461327,
      0.5828417886301578,
      0.8302102375958376,
      0.5342613057150286,
      0.6238323032209184,
      0.4312023281057673,
      0.7323951583658378,
      0.251606950349244,
      0.39586848310913736
   ]
}