{
   "worker_count": 13,
   "expertise_scores": [
      [
         0.24237267916349597,
         0.22877498047002282,
         0.6482285484522607,
         0.3603930347282909,
         0.6560162640938753,
         0.3175974627645013,
         0.17274630196380475,
         0.6235329875770234,
         0.3147503291678297,
         0.319002679637151,
         0.7300829925756684,
         0.7165844350735615,
         0.6314219751332848
      ],
      [
         0.7381033793492227,
         0.6906645573989825,
         0.14278479595885618,
         0.7642863518539522,
         0.3739302470003185,
         0.09752046896574243,
         0.77528280742932,
         0.11378864347372414,
         0.7482222175556255,
         0.568329504623312,
         0.10170693310864547,
         0.2851622140403627,
         0.4483187990544525
      ],
      [
         0.6054659699657556,
         0.7379388332057506,
         0.45196660999919946,
         0.7794128200200884,
         0.7078611587846964,
         0.30399704474777606,
         0.5485215932305154,
         0.7771234674494689,
         0.6791338430517827,
         0.37095628057052,
         0.7670943562031299,
         0.5009771328419984,
         0.5840352577154043
      ],
      [
         0.455634315976895,
         0.2509201586228873,
         0.6609888888181279,
         0.16769805576928326,
         0.2528179521239096,
         0.17952956918587723,
         0.6437119545267345,
         0.09538626416038724,
         0.6384420939026407,
         0.3711444179330871,
         0.21389161156777847,
         0.36694339994571684,
         0.4864820795427796
      ],
      [
         0.5351863642272205,
         0.1561773382514935,
         0.3099872386176903,
         0.1276586524479556,
         0.720778281548477,
         0.24899114561229374,
         0.35688132531252026,
         0.13099078511376555,
         0.16905937769722368,
         0.3827823623810208,
         0.3703183671886129,
         0.5310711543598673,
         0.3669256671073622
      ],
      [
         0.4426566396457404,
         0.3243011562097966,
         0.6796602264280396,
         0.49426790157652234,
         0.16736675173080026,
         0.5460234536732543,
         0.5610578248454642,
         0.2688014223969921,
         0.6862221273855474,
         0.2351923722890394,
         0.41003217613722265,
         0.3463603220674776,
         0.07371581985128732
      ],
      [
         0.35140179440235697,
         0.6788683796063201,
         0.13586177629633583,
         0.6470804447960848,
         0.2942572361115505,
         0.7227047020244145,
         0.328851279655833,
         0.6868998060705824,
         0.37969136056272623,
         0.5831818378341787,
         0.5710469292828871,
         0.32777743552037725,
         0.4992710283583969
      ],
      [
         0.1746647513491323,
         0.5286113891109152,
         0.10779710553756135,
         0.7780889387433737,
         0.44859865235194046,
         0.5857335835483346,
         0.508538206119179,
         0.4372514350464161,
         0.5266081333124845,
         0.3575047069046253,
         0.10774989041539745,
         0.36194954856542166,
         0.5784010591098427
      ],
      [
         0.13594394079231414,
         0.28406234935124774,
         0.13869558830687007,
         0.29748140646021054,
         0.19769997430957503,
         0.43295307504364183,
         0.6041720051003253,
         0.50624556909609,
         0.3091386051109348,
         0.22310152440048908,
         0.37759480961158515,
         0.6784269423540764,
         0.12361416511941928
      ],
      [
         0.6531858563890042,
         0.6235689210619233,
         0.710922565236665,
         0.3018928578459139,
         0.43807474879818104,
         0.6526585417776406,
         0.742525334152338,
         0.43887016507401566,
         0.20439227361142692,
         0.3770146010451193,
         0.5807859024491082,
         0.4230670473648746,
         0.7219891114389891
      ]
   ],
   "mv_f1_micro": [
      0.972,
      0.98,
      1.0,
      0.908,
      0.856,
      0.932,
      0.976,
      0.96,
      0.848,
      0.994
   ],
   "mv_f1_macro": [
      0.9715650487280827,
      0.9797309292961468,
      1.0,
      0.9083682162946295,
      0.8558193048529762,
      0.9322761494924976,
      0.9761323586998996,
      0.9599523377351704,
      0.8478661702804136,
      0.9941163746484966
   ],
   "mv_f1_weighted": [
      0.9719400217169046,
      0.9798003619568838,
      1.0,
      0.9079318275391359,
      0.8561632758651208,
      0.931919612077302,
      0.9759403205592121,
      0.9596848052357944,
      0.8479692670950031,
      0.9939987021414666
   ],
   "ct_f1_micro": [
      0.99,
      0.994,
      0.998,
      0.922,
      0.9,
      0.9500000000000001,
      0.978,
      0.97,
      0.898,
      0.994
   ],
   "ct_f1_macro": [
      0.9901353485702838,
      0.9938398208612356,
      0.9980387915494989,
      0.9217200250348359,
      0.8990507342826587,
      0.9501183113225562,
      0.9782121208689136,
      0.9701461704579863,
      0.8980609798171925,
      0.994087533347754
   ],
   "ct_f1_weighted": [
      0.9899986755187273,
      0.9940019319637748,
      0.9979995673804889,
      0.9215668998209969,
      0.9002405193645822,
      0.9499712573520124,
      0.9778957662713664,
      0.9701599200779721,
      0.8981403618066985,
      0.9939991347609776
   ],
   "em_f1_micro": [
      0.98,
      0.984,
      0.998,
      0.908,
      0.854,
      0.93,
      0.98,
      0.968,
      0.852,
      0.988
   ],
   "em_f1_macro": [
      0.979417599008507,
      0.9837308028045266,
      0.9980387915494989,
      0.9074374210923397,
      0.8535389585902527,
      0.9297631181250288,
      0.9800765395276215,
      0.9679813775400139,
      0.8520111184881858,
      0.9881759149690591
   ],
   "em_f1_weighted": [
      0.9799495350405852,
      0.9838282999627432,
      0.9979995673804889,
      0.9077219291187533,
      0.8538664824666284,
      0.9299222150229862,
      0.9800222085329006,
      0.9680133989007081,
      0.8523136504505446,
      0.9879991347609778
   ]
}