{
   "worker_count": 10,
   "expertise_scores": [
      [
         0.16804561004310625,
         0.16116648252418042,
         0.4701468372893481,
         0.6363011624309376,
         0.2541438650172425,
         0.4651051264149596,
         0.41686373711594016,
         0.5660595097288801,
         0.6700055963999286,
         0.21485747491271073
      ],
      [
         0.7562792221260298,
         0.27357133713115184,
         0.2957705345717212,
         0.5020117179020089,
         0.4945323711532377,
         0.14876596705842765,
         0.20459709953353034,
         0.3111008518307792,
         0.6159470399732166,
         0.7896010597484564
      ],
      [
         0.32265999807609563,
         0.5901123194072363,
         0.6420335092744297,
         0.24510845992932573,
         0.6004693267861365,
         0.28683003184732503,
         0.4408406838807011,
         0.09622067700677062,
         0.20249885277625224,
         0.4859135108280374
      ],
      [
         0.25775598740505734,
         0.10473816691367879,
         0.1286660974252007,
         0.7419768884573634,
         0.4100166982452254,
         0.5815480542740878,
         0.10169607873778341,
         0.6804869734155553,
         0.3104831159305683,
         0.5143235002386957
      ],
      [
         0.6463587670588548,
         0.35534393098241807,
         0.06487315716093728,
         0.20638310066185495,
         0.4112904267043424,
         0.38479931440236365,
         0.6799317609594294,
         0.21461960418126702,
         0.40542453596385325,
         0.7254409613617367
      ],
      [
         0.0942389612218923,
         0.4735340353225523,
         0.26577432721605904,
         0.6813756799683656,
         0.666724010156172,
         0.5092230546522071,
         0.7709213763060195,
         0.6036656785142117,
         0.7546935521717694,
         0.08572500938734764
      ],
      [
         0.4170883258599319,
         0.3671411440196189,
         0.07893855522812228,
         0.4976259049696375,
         0.43861162494577727,
         0.6437627678173656,
         0.47709508098198744,
         0.5739078786484954,
         0.17022986502961873,
         0.6021959051992661
      ],
      [
         0.3019412157187704,
         0.0859556681715549,
         0.5786871599216425,
         0.14999860653439762,
         0.09553333240700623,
         0.616447078389246,
         0.48956331020614086,
         0.3611914712673485,
         0.2065038523318113,
         0.3453696239505697
      ],
      [
         0.19339242583012317,
         0.35693182703815374,
         0.5684695543247641,
         0.6771261433163726,
         0.4846211436175083,
         0.6477257408541184,
         0.30130924817760035,
         0.46546194352595616,
         0.3498338540891724,
         0.5933435004472131
      ],
      [
         0.7056193039498861,
         0.7889312284970278,
         0.10132609661979972,
         0.3710081782210307,
         0.7299578791052208,
         0.17099089650652666,
         0.26138516175406584,
         0.6431201471836807,
         0.15421113616035115,
         0.0654754233996383
      ]
   ],
   "mv_f1_micro": [
      0.888,
      0.916,
      0.8459999999999999,
      0.868,
      0.9,
      0.968,
      0.89,
      0.756,
      0.94,
      0.89
   ],
   "mv_f1_macro": [
      0.8881415252784297,
      0.9154247080011652,
      0.8457649224266461,
      0.8668187249513623,
      0.9004299240275372,
      0.9674187099389612,
      0.8905584329228676,
      0.754653294233822,
      0.939918389932494,
      0.890186042741124
   ],
   "mv_f1_weighted": [
      0.8876577489286958,
      0.9157358773596836,
      0.8462115739719732,
      0.8672894777262347,
      0.8996595620350096,
      0.9676807630055728,
      0.8902715091106297,
      0.7562726301719742,
      0.9399509582938842,
      0.8895391142452972
   ],
   "ct_f1_micro": [
      0.902,
      0.958,
      0.89,
      0.91,
      0.928,
      0.98,
      0.924,
      0.806,
      0.96,
      0.938
   ],
   "ct_f1_macro": [
      0.9023707406103668,
      0.9579144356214251,
      0.8897990972565009,
      0.909289336581953,
      0.9280008873111607,
      0.9803508943288307,
      0.9244372307442242,
      0.8058748602390179,
      0.9596323969622241,
      0.9376183632483017
   ],
   "ct_f1_weighted": [
      0.901903411932641,
      0.9579400903012195,
      0.8904183261301407,
      0.9097019667638344,
      0.927834704673261,
      0.9800492875067827,
      0.924077712548202,
      0.8063056143361597,
      0.9599724917328657,
      0.9378304624479997
   ],
   "em_f1_micro": [
      0.884,
      0.92,
      0.83,
      0.872,
      0.898,
      0.978,
      0.8960000000000001,
      0.764,
      0.942,
      0.926
   ],
   "em_f1_macro": [
      0.8836358349075368,
      0.9206761085906529,
      0.8305171646409419,
      0.8705372453350742,
      0.898080745186619,
      0.9780147997247032,
      0.8956246293708033,
      0.7639220514572177,
      0.9420441966367075,
      0.9260496696947431
   ],
   "em_f1_weighted": [
      0.8831119720036974,
      0.9204249219992425,
      0.8304655434614515,
      0.8717401215912063,
      0.8978995056247809,
      0.9779568937214168,
      0.8960567416418415,
      0.7643825577037535,
      0.9420624291208022,
      0.9258238099417848
   ]
}