{
   "worker_count": 30,
   "expertise_scores": [
      [
         0.3920846721578924,
         0.7302380987651718,
         0.21478030245919555,
         0.5506229657629036,
         0.5213784041754849,
         0.7927337820851339,
         0.5358688694871347,
         0.2583291586542467,
         0.640450931230499,
         0.30292107467085455,
         0.546444268389275,
         0.29081358392954487,
         0.268359392686545,
         0.4434931480181722,
         0.21074886522710112,
         0.6326404380995618,
         0.42134258459762214,
         0.7259530151627396,
         0.13099961092547427,
         0.18444006742070218,
         0.3157556578039306,
         0.4227360545023813,
         0.12706057455251585,
         0.49619546051484004,
         0.24975821175991159,
         0.22550356251398251,
         0.352316095882268,
         0.45627958058466606,
         0.7541269111893683,
         0.45215102770707993
      ],
      [
         0.7036319756638113,
         0.47701482608021295,
         0.5202672101234985,
         0.2998800463285451,
         0.6550748069802165,
         0.1708355653886588,
         0.12983068876940995,
         0.10828112630743403,
         0.5727246872394244,
         0.5432125494891236,
         0.5742096654829236,
         0.07221724413031852,
         0.28250330806410134,
         0.7468934765516699,
         0.6941495571728359,
         0.2677566536268527,
         0.3288411777084671,
         0.36029661903393967,
         0.1352168060405486,
         0.5227690683603284,
         0.08910897850948835,
         0.6124063153279173,
         0.29216194040256005,
         0.43309819717458875,
         0.7931788388428209,
         0.7798876139542196,
         0.5163109769476835,
         0.4357509292754926,
         0.7456431165396555,
         0.23839135304851622
      ],
      [
         0.12019750997211068,
         0.35916574749427926,
         0.6587189950249153,
         0.5026532847129525,
         0.45846741875122715,
         0.7219160368938115,
         0.515737836436193,
         0.661934361088635,
         0.7062774326730044,
         0.2920755111200116,
         0.47647574405250764,
         0.1982394167909738,
         0.45072929040791304,
         0.22445873891127532,
         0.103542104884234,
         0.12453978262094074,
         0.2497367071193493,
         0.6430444625472215,
         0.5512043979206115,
         0.36740773009595695,
         0.140558265999372,
         0.4141688799478874,
         0.4971809520040634,
         0.2504158934105799,
         0.31579031267667224,
         0.3957539834973101,
         0.08756996697157718,
         0.3000921650216574,
         0.6583206286332696,
         0.12175410226516309
      ],
      [
         0.21651970933794112,
         0.7401747858137805,
         0.29620157353904913,
         0.5489761370855911,
         0.07530903090607229,
         0.40447615870855685,
         0.273330003189455,
         0.43920930232902755,
         0.5405582656293406,
         0.19409919630795924,
         0.567280932485503,
         0.3790381484277575,
         0.7137119976520399,
         0.15638410318510354,
         0.6221988284417991,
         0.33922846346609303,
         0.26037691622596776,
         0.5784988512080992,
         0.7755001318108063,
         0.15835729377781743,
         0.11440077486603742,
         0.2422837966893625,
         0.2583468036214759,
         0.1410227060796394,
         0.20713226291656656,
         0.2176468795858813,
         0.17940954987980873,
         0.5919935397458033,
         0.45369876219920896,
         0.3999744859321515
      ],
      [
         0.7427230614126774,
         0.5567671051012848,
         0.5369290795130873,
         0.5861607748404493,
         0.7946967201285269,
         0.7418947832630144,
         0.578688441786337,
         0.171246556222227,
         0.22200504646435187,
         0.2811738613825641,
         0.7606895790812107,
         0.517704748061273,
         0.7932514015625813,
         0.6747758983594433,
         0.3820487043246394,
         0.4412225965966727,
         0.22458787549096348,
         0.6348266576121327,
         0.22863157169299425,
         0.4262803965314814,
         0.6305100353780073,
         0.5496574977562443,
         0.3271161238253664,
         0.08234583851029642,
         0.7175138545868357,
         0.2815419697313378,
         0.4742095057231228,
         0.6055489010801314,
         0.4284734033766492,
         0.7831880202734793
      ],
      [
         0.20112869208871315,
         0.10656861385017063,
         0.09310279706574476,
         0.4056013281747575,
         0.5164830247281379,
         0.5147974439619049,
         0.316692906743187,
         0.13244892646858086,
         0.7474764498898692,
         0.6913109585673834,
         0.35887617669021116,
         0.15192969050692143,
         0.30799557904711744,
         0.13359903275332388,
         0.34898492662641034,
         0.49413784642643516,
         0.14972657822114838,
         0.18033956288831784,
         0.6277705495648603,
         0.3929437480854859,
         0.12079398440303873,
         0.3963694050908084,
         0.22766983935369295,
         0.1949184394176285,
         0.2039743205691525,
         0.6904064213224685,
         0.2019908258877794,
         0.35250959148848826,
         0.118999525323047,
         0.2583683745517108
      ],
      [
         0.5861683336923356,
         0.29097967669189007,
         0.5753862860744718,
         0.7153544723500497,
         0.6690201036167079,
         0.1659418640853914,
         0.2596036464970624,
         0.6028362979681036,
         0.2619634305708295,
         0.09742681659597109,
         0.48478773728398794,
         0.1688482652836992,
         0.4769588344705428,
         0.16413912455298552,
         0.3367142331171862,
         0.08515605542105187,
         0.08508374991297561,
         0.6643882171895182,
         0.6356697982488737,
         0.7992288098976125,
         0.7591828761058538,
         0.6345668207170131,
         0.14467846926593286,
         0.0771878526621052,
         0.27784560173932366,
         0.605598740799073,
         0.6673988310424585,
         0.2515152189978274,
         0.5709908796640765,
         0.6591740855371482
      ],
      [
         0.08011611531340333,
         0.7147800700939194,
         0.6866996500344499,
         0.3234321933083721,
         0.3609507721211786,
         0.6844560061547543,
         0.24648000167162226,
         0.47459371602697853,
         0.12240598800109964,
         0.7232839489554305,
         0.7674170280073407,
         0.1928704611540103,
         0.28905625747446523,
         0.23352576721182478,
         0.4783602508364585,
         0.7113421596401998,
         0.7604289028883114,
         0.24883200015995205,
         0.6865053687267366,
         0.3967496822792192,
         0.0755098785783325,
         0.5172713776036398,
         0.67936859221081,
         0.2663458039450928,
         0.2505109862885712,
         0.40761657560930364,
         0.6983495588494254,
         0.29414715335787306,
         0.589604265308339,
         0.6329408828549882
      ],
      [
         0.5041097339267078,
         0.24617007725946138,
         0.348860638476066,
         0.23355410970212226,
         0.4847542825109803,
         0.08900358200910016,
         0.26852093717508346,
         0.21026648622945587,
         0.13322438506886064,
         0.07060528289590509,
         0.5201114001765089,
         0.5869459320917153,
         0.602152176393809,
         0.789190073031498,
         0.5398631994957531,
         0.16006658589284994,
         0.6323552319582093,
         0.27850163715275245,
         0.27349625749774187,
         0.46109810800643175,
         0.6006299232074114,
         0.13687966528127019,
         0.39707534385137777,
         0.3962913209498025,
         0.17004859563313474,
         0.7065983751196,
