{
   "worker_count": 8,
   "expertise_scores": [
      [
         0.3266502516439322,
         0.2707096646041739,
         0.12974804432784823,
         0.672946834872797,
         0.2085354240130028,
         0.7292003291304692,
         0.6007536629562347,
         0.6934342911201447
      ],
      [
         0.168107762538331,
         0.4173892854738967,
         0.6998919794190909,
         0.45860009409511115,
         0.2222157976060199,
         0.3889903793412514,
         0.3783160400560647,
         0.24136792433960924
      ],
      [
         0.09830726361904993,
         0.7405408641848308,
         0.7810730689592148,
         0.6745450122764172,
         0.6888502128891243,
         0.12365722174347224,
         0.458705353592721,
         0.5385602385607088
      ],
      [
         0.6464882909974969,
         0.2078833149904823,
         0.18003712070018163,
         0.09148666787942517,
         0.493931069010626,
         0.6681648621260642,
         0.0878484711976477,
         0.7643559640118015
      ],
      [
         0.6508366515465344,
         0.533807570797955,
         0.28146161545744397,
         0.37127997624299897,
         0.33051251825389993,
         0.27072209085472737,
         0.39475693239922166,
         0.2825004872129729
      ],
      [
         0.20323040075638432,
         0.7868636185644097,
         0.1147519969234053,
         0.3560845645279988,
         0.43329072528499857,
         0.5509433645260384,
         0.08986045731923267,
         0.5878160106737701
      ],
      [
         0.5211952949700859,
         0.47087518740472367,
         0.658426733803708,
         0.27075718841473445,
         0.41082718638995497,
         0.4303957539894166,
         0.24726685885427546,
         0.5684778301262143
      ],
      [
         0.3054420771406243,
         0.7321534586479125,
         0.6336904987734979,
         0.4221004299777235,
         0.635852037595432,
         0.782444723406704,
         0.656274465095132,
         0.546169706268426
      ],
      [
         0.5829012418503291,
         0.661123529989046,
         0.40037957257664647,
         0.12485782407042104,
         0.37135458969999796,
         0.15523497842543,
         0.4374866635234674,
         0.21093487472895084
      ],
      [
         0.3564252966431139,
         0.20278258116072323,
         0.06911304362519279,
         0.10752108879372389,
         0.7226850585795747,
         0.6988689724480929,
         0.54026830300548,
         0.06558388777341694
      ]
   ],
   "mv_f1_micro": [
      0.882,
      0.778,
      0.932,
      0.826,
      0.798,
      0.818,
      0.872,
      0.972,
      0.7699999999999999,
      0.722
   ],
   "mv_f1_macro": [
      0.8816546666372164,
      0.7771028834101517,
      0.930253062793667,
      0.8265639277266011,
      0.7952821579349317,
      0.817878086273622,
      0.8713522166988183,
      0.971753309129106,
      0.7697779488893225,
      0.7199321441303369
   ],
   "mv_f1_weighted": [
      0.8815547841088426,
      0.7778943357106203,
      0.9310335654663608,
      0.8261862881524784,
      0.7961136636747104,
      0.8182499023850591,
      0.8715155989128659,
      0.9719354906963035,
      0.7700741532059883,
      0.7209388771307114
   ],
   "ct_f1_micro": [
      0.928,
      0.802,
      0.956,
      0.9,
      0.828,
      0.898,
      0.87,
      0.968,
      0.8140000000000001,
      0.832
   ],
   "ct_f1_macro": [
      0.9278077438050472,
      0.8014374113959352,
      0.956222850419606,
      0.8984284577046867,
      0.8249423350796403,
      0.8973369166117345,
      0.8706474819553754,
      0.9674658539989736,
      0.8135266593126921,
      0.8318572060570543
   ],
   "ct_f1_weighted": [
      0.9279396951014112,
      0.8019319930028721,
      0.9560146165035848,
      0.8996202820492486,
      0.8262434274981648,
      0.8978503197344891,
      0.8706613734195449,
      0.9682488312041387,
      0.8138523244637552,
      0.8316310685323051
   ],
   "em_f1_micro": [
      0.904,
      0.74,
      0.944,
      0.85,
      0.75,
      0.836,
      0.83,
      0.974,
      0.748,
      0.782
   ],
   "em_f1_macro": [
      0.90389573807597,
      0.7386031538457819,
      0.9435235195278316,
      0.848884624913605,
      0.7481705515079238,
      0.8354905319905118,
      0.8298727514868894,
      0.973902390781041,
      0.7474651380892988,
      0.7827260957194232
   ],
   "em_f1_weighted": [
      0.9039982125764953,
      0.7405576932406112,
      0.9438153428444541,
      0.8503239397736692,
      0.7490216939637124,
      0.8359979712307911,
      0.8307453456540802,
      0.9740333523495754,
      0.7477878618329016,
      0.7819244702769503
   ]
}