{
   "worker_count": 18,
   "expertise_scores": [
      [
         0.6058748453943367,
         0.7559844480150846,
         0.4932212805073761,
         0.7464344857973474,
         0.21118232796290215,
         0.7991199706633096,
         0.36659532535967576,
         0.5440659091398203,
         0.44894299975061436,
         0.30166669599137147,
         0.2825646245662784,
         0.7416938995274611,
         0.08248923836364405,
         0.45425662651008847,
         0.7879799220927419,
         0.7283050959449089,
         0.27959948771649884,
         0.14063795499889553
      ],
      [
         0.5396346404225678,
         0.49006121663432434,
         0.37909694637616925,
         0.23039720766110328,
         0.6366451691068244,
         0.2988288494146479,
         0.09813952394229664,
         0.48678653853133713,
         0.38953139665137404,
         0.08592058618965603,
         0.06805410330186494,
         0.6635565563802489,
         0.6523911562727154,
         0.22744919310661604,
         0.29932088198793905,
         0.4822664859523933,
         0.1722352071255122,
         0.40167503867103654
      ],
      [
         0.532699859182699,
         0.5327385785667503,
         0.20044167989727457,
         0.2111564061217996,
         0.37268836077231954,
         0.1741495248452454,
         0.6142386980858235,
         0.08840393266981227,
         0.4443246271771774,
         0.6893380268909854,
         0.381458398114118,
         0.1172665466750864,
         0.4725149509538447,
         0.5181589832356134,
         0.405007251821489,
         0.6648117002649123,
         0.4505979196935931,
         0.26609734659763457
      ],
      [
         0.36555152566396787,
         0.5410641337575919,
         0.09054650214780403,
         0.5384522788461077,
         0.20135688810168967,
         0.7498138981773124,
         0.27279177181715775,
         0.4952600454320159,
         0.296970204125088,
         0.4428881721998778,
         0.7044645480618721,
         0.757060856932669,
         0.7206866060138265,
         0.07673089607626626,
         0.5371350363911449,
         0.7113731794312037,
         0.3597585194594445,
         0.20603943798763652
      ],
      [
         0.5990214266829971,
         0.5407421386493514,
         0.3468905991049982,
         0.31319866858736206,
         0.4089449136499767,
         0.1708768000767351,
         0.7303120747637298,
         0.5484354380313304,
         0.7467589888006599,
         0.3227641964724096,
         0.35897107992673494,
         0.34420718654749677,
         0.32316712553140853,
         0.5353307065722249,
         0.7927324187093512,
         0.6616098113797438,
         0.3692442187654772,
         0.3135469029757385
      ],
      [
         0.4168324332327738,
         0.24943758024523027,
         0.15088945634655407,
         0.6574722642936864,
         0.6091287386494795,
         0.1206043309990665,
         0.33518647528082657,
         0.7298504958965576,
         0.17040452186886618,
         0.2931709465602715,
         0.22754191048326605,
         0.10564611888637016,
         0.6010870250629452,
         0.6160399992197035,
         0.2003345651850323,
         0.5844111337003243,
         0.20473775773132746,
         0.5871202280168394
      ],
      [
         0.24838955349654868,
         0.3507927365346046,
         0.20688084159617048,
         0.4195412543272789,
         0.6421699270539086,
         0.7856058404686149,
         0.7131075985708342,
         0.223572404394408,
         0.34556581014922133,
         0.1383552608161157,
         0.7373046417589552,
         0.2053036407634981,
         0.4460368949203896,
         0.07670771960532013,
         0.5755630058242192,
         0.6808163356060254,
         0.622497828745692,
         0.7288151928176833
      ],
      [
         0.3825104901591925,
         0.19343747898798846,
         0.11205631378763864,
         0.26146650683820744,
         0.60431527514271,
         0.4124885680287941,
         0.13535731244001484,
         0.30039136536304983,
         0.33292134673696233,
         0.6881278020424375,
         0.7800454342917017,
         0.5759833065509788,
         0.5659116046772797,
         0.5922709880279008,
         0.6012861015386033,
         0.20991057941572067,
         0.7124697161700854,
         0.531072682629082
      ],
      [
         0.13617162194286542,
         0.4338870393782724,
         0.48755417150834,
         0.6120427159912375,
         0.5634547792598021,
         0.7113746317236188,
         0.7090304271673454,
         0.5352850679918586,
         0.6756701411422662,
         0.3332455758114617,
         0.40121155221732596,
         0.08186078058937439,
         0.237369900926713,
         0.1792089085737771,
         0.28209839225622685,
         0.36487506623688104,
         0.39232794923129966,
         0.4609163530190863
      ],
      [
         0.62374589627629,
         0.622788841719482,
         0.759719926865882,
         0.3295479238340925,
         0.5412709713598013,
         0.6930846998186553,
         0.6760331595130403,
         0.7669342894934563,
         0.43117292530840234,
         0.34826652371740735,
         0.09298561882851393,
         0.20132116422593382,
         0.47836798140459963,
         0.12624235995361027,
         0.5452914673247804,
         0.5852200196860814,
         0.2896322649345074,
         0.38213211979677414
      ]
   ],
   "mv_f1_micro": [
      1.0,
      0.964,
      0.98,
      0.996,
      0.992,
      0.98,
      0.994,
      0.992,
      0.984,
      0.994
   ],
   "mv_f1_macro": [
      1.0,
      0.9637297970060187,
      0.9798689820155542,
      0.9955696557470297,
      0.992089911997678,
      0.9799602113943451,
      0.9940857584984774,
      0.9921560144715467,
      0.9837981592696511,
      0.9941444040302688
   ],
   "mv_f1_weighted": [
      1.0,
      0.9637807824916245,
      0.9800894677164712,
      0.9959995673804889,
      0.9919942102376317,
      0.9799361055989221,
      0.9939982428992162,
      0.9919991347609778,
      0.9839926409735623,
      0.9940272921108741
   ],
   "ct_f1_micro": [
      0.998,
      0.974,
      0.988,
      0.998,
      0.994,
      0.986,
      0.998,
      0.996,
      0.994,
      0.992
   ],
   "ct_f1_macro": [
      0.9980387915494989,
      0.9739102244681762,
      0.9879215574594339,
      0.9977928539122569,
      0.994087533347754,
      0.9862074134845826,
      0.9980387915494989,
      0.9960491659350307,
      0.9940861826352533,
      0.9921526191740339
   ],
   "ct_f1_weighted": [
      0.9979995673804888,
      0.9739964997148643,
      0.9879970340631681,
      0.9980032564450474,
      0.9939991347609777,
      0.985992181731312,
      0.9979995673804889,
      0.996,
      0.9939986755187276,
      0.9919956715575144
   ],
   "em_f1_micro": [
      0.996,
      0.96,
      0.986,
      0.994,
      0.994,
      0.984,
      0.998,
      0.992,
      0.992,
      0.994
   ],
   "em_f1_macro": [
      0.9960487417982551,
      0.9593975021428548,
      0.985786118578948,
      0.9938704370112547,
      0.9938109795604928,
      0.9838828968446864,
      0.9980387915494989,
      0.9921560144715468,
      0.9918617132883781,
      0.9941138276245349
   ],
   "em_f1_weighted": [
      0.9959995673804888,
      0.9600926985625235,
      0.9860643409505265,
      0.9940023912060252,
      0.994002364583286,
      0.9839064894439327,
      0.9979995673804889,
      0.9919991347609777,
      0.9919938677283111,
      0.9939961041770254
   ]
}