{
   "worker_count": 40,
   "expertise_scores": [
      [
         0.42829227219444865,
         0.4300285874375951,
         0.7558399351684068,
         0.2340091182466234,
         0.48907470263265157,
         0.2619837223625746,
         0.27539829135132204,
         0.6463267166315393,
         0.40098762957857736,
         0.6354420128352676,
         0.5894569983323202,
         0.7524623592064128,
         0.5415154464847839,
         0.6311325976628878,
         0.6001892131817466,
         0.4607240541687348,
         0.13161261587941717,
         0.48209288879588513,
         0.26821756677454994,
         0.5176119186334368,
         0.553600470207523,
         0.6958248164737664,
         0.5059918002383359,
         0.07808773184392667,
         0.08310436584349931,
         0.5405785749186214,
         0.4191844875582082,
         0.29719199222360665,
         0.13894093714081568,
         0.5106268169853143,
         0.44256476221828456,
         0.7943673173776667,
         0.5763386743323743,
         0.5726616152039866,
         0.30635860868827164,
         0.7330923562848352,
         0.7104048617518519,
         0.3436132265703857,
         0.6576391081756443,
         0.35936541421775015
      ],
      [
         0.09376962121542066,
         0.40594577989828834,
         0.704295634177393,
         0.2857413794933891,
         0.12193727386184863,
         0.23763549890086666,
         0.48727906951884636,
         0.30675756506472146,
         0.25061323088435633,
         0.3449181229620762,
         0.549908214570032,
         0.19999638168294215,
         0.7179411712653059,
         0.44432229059138856,
         0.628303504860904,
         0.7002124123446559,
         0.08644915484352553,
         0.23593645340711106,
         0.5954520677932563,
         0.508865770550628,
         0.520065259619221,
         0.5593694207290473,
         0.6199586313671805,
         0.6422668177954889,
         0.20212784486779123,
         0.38380182699192156,
         0.5488251276516485,
         0.36695307426023716,
         0.7062673023321042,
         0.5199405515766232,
         0.26258113932674265,
         0.6452788749068318,
         0.5346778986064272,
         0.32742269267798924,
         0.313150394599422,
         0.4786533930439466,
         0.7995417011355231,
         0.16130299515183166,
         0.4000437898415245,
         0.4645389202985218
      ],
      [
         0.3895801364841533,
         0.5130890650681939,
         0.6977696509261495,
         0.47669790008244173,
         0.7824696422086965,
         0.2995640636300298,
         0.09185058639686816,
         0.5588337744619379,
         0.16476865080859793,
         0.47608315878652935,
         0.13997972321033547,
         0.6713110782051017,
         0.17559902091467033,
         0.20113407013789253,
         0.20734671045543596,
         0.6061550989585689,
         0.29546288623190087,
         0.24612317684091828,
         0.3021945135848546,
         0.3730781276028432,
         0.28730705343339363,
         0.6821713311108704,
         0.5633153172362002,
         0.0799647773496586,
         0.2880037663042643,
         0.5856751007736658,
         0.4113859189194907,
         0.2793304313566737,
         0.4781942573489182,
         0.15381210911892096,
         0.33758743910763916,
         0.1975444990810724,
         0.5812814092492553,
         0.4230964104192124,
         0.1632570718124679,
         0.21770086888900242,
         0.5370303525694755,
         0.1276781131522145,
         0.7625466865526686,
         0.14329049122525522
      ],
      [
         0.5103379348404562,
         0.7464774605315205,
         0.49244470519787203,
         0.3966120034004177,
         0.3885991760769561,
         0.5727539219293785,
         0.6771197056896818,
         0.1387295810035741,
         0.08152901542196897,
         0.5563359061881964,
         0.5499639879177792,
         0.28627323797154447,
         0.07184530703446333,
         0.36696911879132715,
         0.771693667426072,
         0.7819163758990826,
         0.17597804005079443,
         0.6606544342742418,
         0.47715314638149703,
         0.2541421388385729,
         0.19917041902225702,
         0.10758463495419611,
         0.6534246523035712,
         0.7258120365589383,
         0.5776935639139686,
         0.7960621448526456,
         0.47299542404928285,
         0.1451815917847714,
         0.7527987850111512,
         0.6895457835461796,
         0.5378184549007614,
         0.2090884568193616,
         0.07332372719508108,
         0.10822501131790066,
         0.7073656251292303,
         0.21857165753339236,
         0.47559620490294746,
         0.38004640981566545,
         0.48475830750150073,
         0.3336577820333332
      ],
      [
         0.5915964140740909,
         0.791275321441308,
         0.07678855019616905,
         0.1360911650716703,
         0.23769312374614165,
         0.2186119615139966,
         0.6944254581167003,
         0.7074260548932634,
         0.7371453944840931,
         0.5627309427071077,
         0.32032479220039833,
         0.39957838252969086,
         0.5827928912196102,
         0.4847713879983899,
         0.45911924733417075,
         0.6520501931525805,
         0.20444313352643967,
         0.3802579272373333,
         0.18491489128657898,
         0.7414192901868498,
         0.2232819897086018,
         0.4388735409195416,
         0.754895086279729,
         0.07707077070780739,
         0.32664093063172867,
         0.2648926894674864,
         0.5210752965215072,
         0.7731261320464433,
         0.4607349208750418,
         0.6693545614718587,
         0.7076170323356945,
         0.32722630376437706,
         0.6110005579870166,
         0.0948972825163937,
         0.32238712682406584,
         0.7561376870217632,
         0.31336354231707847,
         0.06698211830607077,
         0.3866015907593452,
         0.30928305962498615
      ],
      [
         0.41660122093263613,
         0.5550696417249048,
         0.32764252178009934,
         0.3235376836316879,
         0.0846502561343932,
         0.2599172992415997,
         0.6679303845950243,
         0.6362819926656249,
         0.5480943204541591,
         0.30293869304347093,
         0.3081541382148645,
         0.4979915017619778,
         0.3025149695429937,
         0.1039609041057935,
         0.4647545730201267,
         0.5944621498893824,
         0.35433240951229544,
         0.21074698132468728,
         0.33700067792241,
         0.19598128921216063,
         0.4406143733151735,
         0.18762265560158825,
         0.12118670470088092,
         0.2203699508476254,
         0.7045267431849058,
         0.6104747768430437,
         0.09237203721860232,
         0.27284118230325005,
         0.7353084429892462,
         0.15996428726764947,
         0.6660490218654033,
         0.7587039544922941,
         0.4217283518079898,
         0.38968393724440326,
         0.08596317960156274,
         0.24855664598341254,
         0.21169735773509357,
         0.18799878408739046,
         0.6088167386097387,
         0.21850705741744142
      ],
      [
         0.09122733228180509,
         0.1835551426046643,
         0.31908430924653514,
         0.5685278231054327,
         0.7699493771343632,
         0.29209179069695557,
         0.5386782592725623,
         0.3291623955357384,
         0.4052699837538334,
         0.3840423710511456,
         0.7795680184179566,
         0.6691975803794931,
         0.7836289643209667,
         0.21632224935442695,
         0.1017834148931198,
         0.23697708328775186,
         0.497690917942205,
         0.35595250187480226,
         0.7012134189012217,
         0.16237491706241253,
         0.3223902115306776,
         0.6577233648912144,
         0.12957549394553447,
         0.31678783156653334,
         0.6242841578020255,
         0.2999172535259482,
         0.7412751021290028,
