{
   "worker_count": 15,
   "expertise_scores": [
      [
         0.44489473124306367,
         0.6563589300224345,
         0.5160182091364992,
         0.48490004845351947,
         0.47382201066286866,
         0.5531068825092542,
         0.6052853555209449,
         0.4477838984337956,
         0.2549873651275793,
         0.07563504596499224,
         0.6648486176740385,
         0.10088139272515023,
         0.5463880801041847,
         0.27808764359511473,
         0.20430909344415404
      ],
      [
         0.6980059454458589,
         0.06823765862504379,
         0.7560388438505882,
         0.6571768122217635,
         0.6376880148799072,
         0.16312504137417713,
         0.16701720229745343,
         0.7277931513992575,
         0.7248505804251695,
         0.49062482360653037,
         0.5980803854393401,
         0.7248678036102779,
         0.2396834465365289,
         0.07630490274982214,
         0.3634174628006361
      ],
      [
         0.7320733665893798,
         0.08139198432825495,
         0.06411883144348336,
         0.3832097927411927,
         0.2600540595984389,
         0.7562123341389637,
         0.2771991270459952,
         0.5108182921551405,
         0.5938497412612029,
         0.44608403898004634,
         0.09569911353829777,
         0.37516774209313275,
         0.27744841363155026,
         0.16633016260859868,
         0.24221852331957866
      ],
      [
         0.6887105027318713,
         0.2903007039978611,
         0.4558200625589331,
         0.6728733090988831,
         0.7274026435842381,
         0.4153281044799867,
         0.7227679971482331,
         0.09115938893726852,
         0.08499754394643973,
         0.6834123711497314,
         0.11329549812475512,
         0.5594884127127978,
         0.3185297592321221,
         0.7236232903157864,
         0.73884405331843
      ],
      [
         0.2538394948203169,
         0.4784060869500701,
         0.48630012864563643,
         0.6217021088677536,
         0.7001262990376241,
         0.652016557483663,
         0.08648217098044828,
         0.7111894983122756,
         0.41094528455462315,
         0.6728587526853341,
         0.7413644380567419,
         0.7311349292116838,
         0.24257805558075407,
         0.5533965319463483,
         0.3598513222622636
      ],
      [
         0.6017094212965431,
         0.22267324768080377,
         0.5997671842162556,
         0.3741472092946096,
         0.2734798474347877,
         0.5535549426755317,
         0.2719306601431952,
         0.08133074568029147,
         0.5032138278071115,
         0.6766168712633586,
         0.1324813131215674,
         0.7093026626417035,
         0.49032913130206895,
         0.7710844079268865,
         0.6952939579295556
      ],
      [
         0.3676142394010826,
         0.49790681842647694,
         0.6140923641836135,
         0.5545516943295788,
         0.3156268400510756,
         0.2909802656320007,
         0.4041252632722601,
         0.0994568225677975,
         0.06932593598244839,
         0.4706791804521655,
         0.0784419300965007,
         0.38280219515684066,
         0.7607103260301247,
         0.14426417189859292,
         0.6344632329377431
      ],
      [
         0.45137307300567137,
         0.4369366584057504,
         0.16852986253515753,
         0.49551624803381505,
         0.16177033623210163,
         0.6663902301596115,
         0.06678589808784471,
         0.7301960324507369,
         0.45082853257967337,
         0.42777694423424173,
         0.3334920636778291,
         0.479360666722499,
         0.7025397030076089,
         0.7799972177192894,
         0.5114160125217451
      ],
      [
         0.5488294119823611,
         0.6430301851622339,
         0.5538129348227835,
         0.2837913387315141,
         0.11139137366870208,
         0.1805326015286834,
         0.5673040634874741,
         0.21282114306568317,
         0.6026861706382208,
         0.3570527269010738,
         0.7111237049260055,
         0.7863781772422339,
         0.07609529018458054,
         0.4458948251302532,
         0.23824106108113746
      ],
      [
         0.13426836665128603,
         0.26426831774704745,
         0.5380319350481961,
         0.5722544742158296,
         0.2494727653797919,
         0.3518464822547373,
         0.08563008625793636,
         0.5599203324759092,
         0.5238937299873997,
         0.7218150956000483,
         0.7036070214162088,
         0.5451276935249235,
         0.2580836597624709,
         0.27625715496538955,
         0.2775028453531005
      ]
   ],
   "mv_f1_micro": [
      0.958,
      0.986,
      0.928,
      0.996,
      0.996,
      0.986,
      0.942,
      0.99,
      0.976,
      0.946
   ],
   "mv_f1_macro": [
      0.958161002382526,
      0.9861845145053146,
      0.9279278960815016,
      0.996018125648236,
      0.9960163507989596,
      0.9858769601755439,
      0.9417934627931387,
      0.9901651164467519,
      0.9757667262066143,
      0.9456613594943685
   ],
   "mv_f1_weighted": [
      0.9577922876982415,
      0.985968824772459,
      0.9281354716521492,
      0.9959991081382386,
      0.9959982162764772,
      0.9859404340414075,
      0.9411851125868713,
      0.9899684187756869,
      0.9760238249447933,
      0.9457319312744361
   ],
   "ct_f1_micro": [
      0.976,
      0.996,
      0.948,
      0.998,
      1.0,
      0.996,
      0.946,
      0.994,
      0.984,
      0.966
   ],
   "ct_f1_macro": [
      0.9760430395526017,
      0.9958316454617557,
      0.9474000708689289,
      0.9980387915494989,
      1.0,
      0.9960473910857544,
      0.94566628926129,
      0.9938402847422964,
      0.9838184462426741,
      0.9657879834831394
   ],
   "ct_f1_weighted": [
      0.9759387672677743,
      0.9960028238255363,
      0.9479431695761384,
      0.9979995673804889,
      1.0,
      0.9959991081382387,
      0.9458840095054487,
      0.9939716358916879,
      0.983933184151485,
      0.9659279994934765
   ],
   "em_f1_micro": [
      0.972,
      0.994,
      0.942,
      0.998,
      1.0,
      0.994,
      0.944,
      0.98,
      0.972,
      0.954
   ],
   "em_f1_macro": [
      0.9720461449805936,
      0.9938402847422964,
      0.9420705465046421,
      0.9980387915494989,
      1.0,
      0.9938402847422964,
      0.9428443900682014,
      0.9799855381647189,
      0.97188948192163,
      0.9536709451468698
   ],
   "em_f1_weighted": [
      0.9718647333117887,
      0.9939716358916879,
      0.9421490456509427,
      0.9979995673804889,
      1.0,
      0.9939716358916878,
      0.943436887113263,
      0.9798397943825587,
      0.9719213692534138,
      0.9538819071037681
   ]
}