{
   "worker_count": 5,
   "expertise_scores": [
      [
         0.12390217196355877,
         0.31084761380004644,
         0.08719509883369707,
         0.4385807879278794,
         0.6053943777706944
      ],
      [
         0.17242225391259014,
         0.5289240304374818,
         0.7998453455245598,
         0.3286638167162332,
         0.3665423929068301
      ],
      [
         0.40707384637469857,
         0.35146531862154473,
         0.7999072892290714,
         0.18644916827758168,
         0.08840022889499996
      ],
      [
         0.7000719944194428,
         0.7702398409568094,
         0.09668837889362962,
         0.7446772270012099,
         0.3686304446221557
      ],
      [
         0.21106959539714226,
         0.2732962514135203,
         0.4523003777988886,
         0.6319840934601145,
         0.6812045554812686
      ],
      [
         0.6804151548712944,
         0.2066836923147623,
         0.5039598475965913,
         0.32255426839388845,
         0.4513931805804889
      ],
      [
         0.15175059532028373,
         0.213122968691544,
         0.6082663083501285,
         0.49970064927202873,
         0.6878902138213364
      ],
      [
         0.09771557949799958,
         0.5469052418014817,
         0.45104934501665783,
         0.5432235960686155,
         0.6590649034867653
      ],
      [
         0.17298466369912868,
         0.5717244356394671,
         0.1462119252990069,
         0.4866687433361419,
         0.7646633591871274
      ],
      [
         0.5178466413444406,
         0.41433835985684836,
         0.17569507817087376,
         0.07077716218687256,
         0.3473272164457374
      ]
   ],
   "mv_f1_micro": [
      0.514,
      0.754,
      0.622,
      0.9,
      0.7419999999999999,
      0.736,
      0.744,
      0.764,
      0.734,
      0.504
   ],
   "mv_f1_macro": [
      0.5142695250176337,
      0.7547245084716034,
      0.6219170823748716,
      0.89945718215773,
      0.7413226040180205,
      0.7373853659458464,
      0.7432661264565253,
      0.7628101143150182,
      0.7335030550497059,
      0.5011316305216886
   ],
   "mv_f1_weighted": [
      0.5138341483222192,
      0.7543423572268939,
      0.6220038445016719,
      0.8997303388905166,
      0.7411004208626493,
      0.735691362034817,
      0.7429220861064817,
      0.7631848947278774,
      0.7327832235843368,
      0.503059874448036
   ],
   "ct_f1_micro": [
      0.66,
      0.818,
      0.816,
      0.93,
      0.798,
      0.736,
      0.778,
      0.7940000000000002,
      0.83,
      0.566
   ],
   "ct_f1_macro": [
      0.6591544262820263,
      0.8172421858391583,
      0.8157563518862967,
      0.929829965242854,
      0.7984490255548177,
      0.7365252052946888,
      0.7774499104191969,
      0.793651974782047,
      0.8308850081895887,
      0.5640876781473866
   ],
   "ct_f1_weighted": [
      0.6592592850552217,
      0.8174494853796876,
      0.8151291015348441,
      0.929964406986962,
      0.7973575606493363,
      0.7366985447995823,
      0.7778859412515755,
      0.7936522724107733,
      0.8300021447759217,
      0.5660581713232119
   ],
   "em_f1_micro": [
      0.462,
      0.736,
      0.628,
      0.9,
      0.7299999999999999,
      0.666,
      0.748,
      0.75,
      0.7419999999999999,
      0.446
   ],
   "em_f1_macro": [
      0.46407126111961516,
      0.7384329381208786,
      0.623593697790055,
      0.8990987621831081,
      0.7288657813850835,
      0.6678625225897218,
      0.7468090884414271,
      0.7487996079920191,
      0.7428756544931819,
      0.44175514544103517
   ],
   "em_f1_weighted": [
      0.46387086638911795,
      0.7398413515413784,
      0.6246590671059976,
      0.8998780599249824,
      0.7287816076387956,
      0.6666623959923359,
      0.7468796284990258,
      0.7498458144124847,
      0.7418907637234955,
      0.44415518874571736
   ]
}