{
   "worker_count": 8,
   "expertise_scores": [
      [
         0.7577716719744149,
         0.7837504664101889,
         0.7128386536251936,
         0.6194226431251573,
         0.49656802674933553,
         0.6787507219860817,
         0.6832981351732746,
         0.5671241898507301
      ],
      [
         0.48799930842592015,
         0.746127816394665,
         0.6712822116577064,
         0.6241711051456758,
         0.7989043102208615,
         0.599788158753472,
         0.6489112861295188,
         0.5857808267727813
      ],
      [
         0.5135754253076328,
         0.699978974450658,
         0.4929320325654014,
         0.6565021964071637,
         0.7561355214525092,
         0.7114929687768321,
         0.7236051093060695,
         0.6553329026498359
      ],
      [
         0.7625564914983127,
         0.5741540125853674,
         0.5251705220247073,
         0.6290352779708843,
         0.6133799924035592,
         0.6202435009734191,
         0.5306686513675509,
         0.7669339506661841
      ],
      [
         0.5717977834021144,
         0.6781051810503542,
         0.5697028514206552,
         0.7201639454228397,
         0.6181401125894328,
         0.5557468301260283,
         0.562342924870844,
         0.6246118989769396
      ],
      [
         0.5735370688442614,
         0.7564286518872603,
         0.6107908913371952,
         0.5902221609586296,
         0.6204772436207155,
         0.6252574673954201,
         0.7771934311346111,
         0.7832027858286497
      ],
      [
         0.545989002913937,
         0.6770559086981494,
         0.574398329681695,
         0.5969334828374142,
         0.7588400144076323,
         0.6906345891122011,
         0.5146403374752633,
         0.6245519181308634
      ],
      [
         0.7214013998449078,
         0.6490516901019017,
         0.6442180735034665,
         0.7818276396457069,
         0.7426768085923626,
         0.7218624651075412,
         0.6459617761487756,
         0.6317050218007546
      ],
      [
         0.5793619536851486,
         0.6581740022591311,
         0.7655511770652428,
         0.5690238379423967,
         0.5247585618841287,
         0.7793406508628253,
         0.5844384787416113,
         0.7341798613060099
      ],
      [
         0.626272135143448,
         0.7508099172483184,
         0.5060874771765618,
         0.6183753097959261,
         0.631917898092695,
         0.5148597244387796,
         0.5001759198523442,
         0.6990745420676232
      ]
   ],
   "mv_f1_micro": [
      0.8541300527240775,
      0.7627416520210897,
      0.7627416520210897,
      0.8084358523725835,
      0.7047451669595782,
      0.8084358523725835,
      0.7328646748681898,
      0.859402460456942,
      0.7715289982425307,
      0.7328646748681898
   ],
   "mv_f1_macro": [
      0.8486784557365178,
      0.7483661736524004,
      0.7542116630669546,
      0.7998270058127338,
      0.6959077721789586,
      0.8001289054317526,
      0.725532509076138,
      0.8534147409640105,
      0.7640961857379767,
      0.7248689367333436
   ],
   "mv_f1_weighted": [
      0.8559977294698153,
      0.7636929704425471,
      0.76588004418346,
      0.8104056731955999,
      0.7091183107685446,
      0.8105125891077912,
      0.7369643804723479,
      0.8609644742377066,
      0.7747670551752077,
      0.7368213287905879
   ],
   "ct_f1_micro": [
      0.875219683655536,
      0.8400702987697716,
      0.827768014059754,
      0.827768014059754,
      0.7486818980667839,
      0.8857644991212654,
      0.7855887521968365,
      0.875219683655536,
      0.8488576449912126,
      0.7680140597539543
   ],
   "ct_f1_macro": [
      0.8703751832921026,
      0.8326259612556204,
      0.8171689749239324,
      0.8193252805930687,
      0.7406720401834517,
      0.8794731164924835,
      0.7764574799701162,
      0.8687854231287657,
      0.8426519010135309,
      0.7598357720249668
   ],
   "ct_f1_weighted": [
      0.8767611155893558,
      0.841621202418553,
      0.8283869360530866,
      0.8292780964684293,
      0.7522863341142833,
      0.8864904278861248,
      0.7879708232125028,
      0.8761899292905252,
      0.8506150238167508,
      0.7711295979364258
   ],
   "em_f1_micro": [
      0.8840070298769771,
      0.8224956063268892,
      0.8418277680140598,
      0.836555360281195,
      0.7574692442882249,
      0.8875219683655536,
      0.7803163444639719,
      0.875219683655536,
      0.8576449912126539,
      0.8224956063268892
   ],
   "em_f1_macro": [
      0.8790671612953087,
      0.8170691724201594,
      0.8187590248874543,
      0.8256998586942559,
      0.7401241759114617,
      0.8787555934370339,
      0.7546610096410893,
      0.8666809669169211,
      0.8521181668543707,
      0.7985981881581945
   ],
   "em_f1_weighted": [
      0.8852956912461081,
      0.8250980797311374,
      0.8352366985493154,
      0.8367847018640178,
      0.7572332569633711,
      0.8870635958202716,
      0.774878528930861,
      0.8752789802995542,
      0.859403526235744,
      0.8162774005789125
   ]
}