{
   "worker_count": 18,
   "expertise_scores": [
      [
         0.7650153962783637,
         0.6012997582214493,
         0.5035168143827481,
         0.6070379551297451,
         0.5613572683569311,
         0.4891145401166192,
         0.6636903230343807,
         0.7849958011359266,
         0.565398184319117,
         0.5358360137418318,
         0.6331948987059876,
         0.7212747899954725,
         0.7620271629459201,
         0.6706711129685439,
         0.5250028912351192,
         0.6810694595213821,
         0.5788693066855357,
         0.6551247928631464
      ],
      [
         0.7591609313335508,
         0.7217998571619735,
         0.4931285878932742,
         0.7589147948204634,
         0.5966628333885144,
         0.727132563985206,
         0.6529418691901462,
         0.5302597998457699,
         0.7955852668911729,
         0.7601045534204425,
         0.7364205413277007,
         0.7055877261623832,
         0.6032358920431576,
         0.6740296315521652,
         0.7883717058852063,
         0.5807130307074135,
         0.7885497930069709,
         0.6131417046045022
      ],
      [
         0.7769165511682066,
         0.5340073187620463,
         0.5931429419701572,
         0.7727241583257205,
         0.515357316904296,
         0.6983457519618295,
         0.5758700747597827,
         0.48562542437539113,
         0.566942276045244,
         0.5531531813865433,
         0.7861753520579158,
         0.5909557428347496,
         0.7001945388324555,
         0.5080200253994508,
         0.6122922076400863,
         0.6527934298701908,
         0.7449917154080927,
         0.6531714956522795
      ],
      [
         0.5116501158495973,
         0.556559583336441,
         0.6463609753066637,
         0.5849586735145228,
         0.698824922722169,
         0.7612608919927264,
         0.5266758717637816,
         0.5023168746656339,
         0.5291555892050589,
         0.6712541211008533,
         0.5708340806360298,
         0.7101999167706168,
         0.489726056201908,
         0.5093525086086557,
         0.6407581617364071,
         0.4912751384088062,
         0.4926380210279098,
         0.6214658344463202
      ],
      [
         0.6178207007326256,
         0.6413821171812983,
         0.742231550183041,
         0.7232864200925142,
         0.6048328442801539,
         0.6625871214479666,
         0.6832939576965821,
         0.7124888958097323,
         0.5346508085394238,
         0.6687755036047203,
         0.6893238602047327,
         0.7245316155873286,
         0.5668749581493957,
         0.6996398369837196,
         0.7643806789440599,
         0.6574326167671622,
         0.5346441456434504,
         0.6621191042771425
      ],
      [
         0.5524550839176539,
         0.7298210480752155,
         0.6429925488774935,
         0.6388255403639187,
         0.6324533090954431,
         0.6234555793850123,
         0.6816851095651413,
         0.7488953543960077,
         0.5818437885604515,
         0.5455313812557429,
         0.6674758293251256,
         0.6159808424904718,
         0.7096258551039996,
         0.6268465903012438,
         0.5983226245650826,
         0.5446338305128418,
         0.6883109292574154,
         0.6712427474169087
      ],
      [
         0.7986952546499548,
         0.6771582801198501,
         0.5102900486760064,
         0.7981352168399103,
         0.5679741495119695,
         0.7312743146177244,
         0.6694846751811784,
         0.614989388832305,
         0.5905625320624881,
         0.6085498962526258,
         0.5868898288627847,
         0.5235993068006756,
         0.7233881381356962,
         0.5604661746557169,
         0.5503031593690663,
         0.5433601040302856,
         0.5751877096287683,
         0.49491806962504115
      ],
      [
         0.7784449754811688,
         0.6184294591638109,
         0.6032438985766222,
         0.7984837753423141,
         0.5704426986085467,
         0.5121249177753366,
         0.7156061452165441,
         0.6259785558036289,
         0.7392456148087339,
         0.6740090772535432,
         0.6840551783820855,
         0.6335598289571851,
         0.7524588833916709,
         0.6402417365876236,
         0.6064051691928884,
         0.5969560653753238,
         0.7838375368681392,
         0.6793620025691185
      ],
      [
         0.6737274453487566,
         0.5120036822565956,
         0.7998062161676842,
         0.606205191089022,
         0.5289482093410101,
         0.6384808042846327,
         0.693454514921998,
         0.5056310498674429,
         0.7558216383956449,
         0.7282678058815918,
         0.5782701506341534,
         0.7814418469298527,
         0.6627275932564988,
         0.5122396000729391,
         0.48582535297194585,
         0.6101619258560237,
         0.7081261489486156,
         0.6539313763376753
      ],
      [
         0.6345050839152788,
         0.525184976376589,
         0.6921959846091321,
         0.7574895468067409,
         0.6561274655426683,
         0.7157403761656318,
         0.6425863207264034,
         0.6671499180135774,
         0.6305834170765482,
         0.5259985373019808,
         0.7487437684379306,
         0.5310852086880894,
         0.7887220473703254,
         0.7654709591687915,
         0.7495271326695718,
         0.6601640101878103,
         0.60490070152096,
         0.643792354905915
      ]
   ],
   "mv_f1_micro": [
      0.9015817223198594,
      0.9490333919156414,
      0.9050966608084359,
      0.7557117750439367,
      0.8910369068541301,
      0.8804920913884007,
      0.8646748681898067,
      0.9314586994727593,
      0.8804920913884007,
      0.9349736379613357
   ],
   "mv_f1_macro": [
      0.8957111436950147,
      0.9458481148081662,
      0.8999544152122949,
      0.7462274715155249,
      0.8858760351966875,
      0.8742263483642794,
      0.8581538929735786,
      0.9275601706617222,
      0.874016671008075,
      0.930783368018911
   ],
   "mv_f1_weighted": [
      0.902016579995774,
      0.9491949639428322,
      0.9057344587118332,
      0.7587295079847951,
      0.8920605508192426,
      0.8813801494548116,
      0.8659042323699153,
      0.931842645492028,
      0.88129524430379,
      0.9351232904592794
   ],
   "ct_f1_micro": [
      0.9068541300527241,
      0.9578207381370826,
      0.9068541300527241,
      0.7961335676625659,
      0.9349736379613357,
      0.8945518453427066,
      0.875219683655536,
      0.9384885764499121,
      0.9033391915641477,
      0.945518453427065
   ],
   "ct_f1_macro": [
      0.9013848694429456,
      0.955225055083412,
      0.901556129360802,
      0.7868087855297157,
      0.9311554748941319,
      0.888457617815416,
      0.8687854231287657,
      0.9351009088805681,
      0.8976635437615474,
      0.942007686718547
   ],
   "ct_f1_weighted": [
      0.907303099207258,
      0.9579723108701436,
      0.9073759028481407,
      0.798170915019323,
      0.9352870692578971,
      0.8951017004579508,
      0.8761899292905252,
      0.9388794611694519,
      0.9038051029509283,
      0.9456438379523693
   ],
   "em_f1_micro": [
      0.9279437609841827,
      0.9648506151142355,
      0.9314586994727593,
      0.8611599297012302,
      0.9314586994727593,
      0.9068541300527241,
      0.9209138840070299,
      0.945518453427065,
      0.9209138840070299,
      0.9543057996485061
   ],
   "em_f1_macro": [
      0.9224065962209429,
      0.9626875459028434,
      0.926339619134239,
      0.850185805462514,
      0.9271750509489132,
      0.8992836269516573,
      0.9165583114178733,
      0.9424196228336766,
      0.914662800579913,
      0.9511323397283442
   ],
   "em_f1_weighted": [
      0.9276887599753494,
      0.9649769257251197,
      0.9312880634614752,
      0.8605185847781883,
      0.9316759859920847,
      0.9063203125263667,
      0.9214164500750095,
      0.9458236412885349,
      0.9205485609496009,
      0.9543057996485061
   ]
}