{
   "worker_count": 3,
   "expertise_scores": [
      [
         0.6659123530505637,
         0.5613366848897047,
         0.6028932143964244
      ],
      [
         0.786089518820521,
         0.7982662537085974,
         0.5186212371271715
      ],
      [
         0.5204221655512166,
         0.49434830618088454,
         0.6771506319872627
      ],
      [
         0.7359107182070261,
         0.5171022140570554,
         0.5295868990510753
      ],
      [
         0.6444889428624472,
         0.7788677596823763,
         0.6796650634635338
      ],
      [
         0.5584148985239987,
         0.5663009779266114,
         0.7178523510857333
      ],
      [
         0.7224651796799686,
         0.7211032220553673,
         0.7661280813586984
      ],
      [
         0.7423218463348861,
         0.7101017369163365,
         0.48352599977428135
      ],
      [
         0.689523258745251,
         0.6882762337806746,
         0.6390126165168913
      ],
      [
         0.5587866883485212,
         0.6048947556296531,
         0.6286413183572124
      ]
   ],
   "mv_f1_micro": [
      0.6467486818980668,
      0.789103690685413,
      0.5975395430579965,
      0.648506151142355,
      0.7926186291739895,
      0.6660808435852372,
      0.827768014059754,
      0.7363796133567663,
      0.7609841827768015,
      0.648506151142355
   ],
   "mv_f1_macro": [
      0.6350201208206614,
      0.7794573643410851,
      0.5867356809611255,
      0.639690982776089,
      0.7824528888773685,
      0.6547682914367465,
      0.8223913874378902,
      0.7230119168159514,
      0.7544238239102288,
      0.6400920959417064
   ],
   "mv_f1_weighted": [
      0.6516930752934436,
      0.7912112913992996,
      0.6037635070920634,
      0.6540527739346121,
      0.7944368916660679,
      0.6706937289273405,
      0.830266244611327,
      0.7385184448032966,
      0.7646523404226272,
      0.6541155212761208
   ],
   "ct_f1_micro": [
      0.6467486818980668,
      0.789103690685413,
      0.5975395430579965,
      0.648506151142355,
      0.7926186291739895,
      0.6660808435852372,
      0.827768014059754,
      0.7363796133567663,
      0.7609841827768015,
      0.648506151142355
   ],
   "ct_f1_macro": [
      0.6350201208206614,
      0.7794573643410851,
      0.5867356809611255,
      0.639690982776089,
      0.7824528888773685,
      0.6547682914367465,
      0.8223913874378902,
      0.7230119168159514,
      0.7544238239102288,
      0.6400920959417064
   ],
   "ct_f1_weighted": [
      0.6516930752934436,
      0.7912112913992996,
      0.6037635070920634,
      0.6540527739346121,
      0.7944368916660679,
      0.6706937289273405,
      0.830266244611327,
      0.7385184448032966,
      0.7646523404226272,
      0.6541155212761208
   ],
   "em_f1_micro": [
      0.6660808435852372,
      0.789103690685413,
      0.5202108963093146,
      0.4903339191564148,
      0.7926186291739895,
      0.44112478031634444,
      0.8330404217926186,
      0.7047451669595782,
      0.6889279437609842,
      0.5588752196836555
   ],
   "em_f1_macro": [
      0.6533602667692702,
      0.7794573643410851,
      0.5095214789788605,
      0.4549376354315311,
      0.7824528888773685,
      0.43326693227091634,
      0.8222816205890959,
      0.701752196485623,
      0.6819974424148656,
      0.5480654521750413
   ],
   "em_f1_weighted": [
      0.6702821350106942,
      0.7912112913992996,
      0.5279734493707158,
      0.4903339191564148,
      0.7944368916660679,
      0.45027272281699215,
      0.8334246646927445,
      0.7093658933053337,
      0.6939608078337609,
      0.5658770009108262
   ]
}