{
   "worker_count": 40,
   "expertise_scores": [
      [
         0.600163784151774,
         0.6283145046061474,
         0.49244893079915875,
         0.7676310854590809,
         0.5293752746918682,
         0.7503014159206934,
         0.7376120181857952,
         0.7535635155316025,
         0.7449367126207666,
         0.7293282843836703,
         0.6606816707191483,
         0.6369526765830928,
         0.5117557541118858,
         0.5566761434519552,
         0.7451903375506633,
         0.7567995758979051,
         0.5744726662267579,
         0.5366850058700897,
         0.6450044443339679,
         0.7364253167776333,
         0.5086717780722686,
         0.6232317861719329,
         0.7795678966067499,
         0.5845452500531194,
         0.7006591191886754,
         0.5715722246910119,
         0.7226890113009877,
         0.7070383589395753,
         0.6939947382789065,
         0.5497402101052614,
         0.5849762923465649,
         0.5256603852280091,
         0.6082620926678072,
         0.6979296256409034,
         0.7340647733152997,
         0.6347234960477174,
         0.5656788659637433,
         0.6972506512505796,
         0.6609322621799539,
         0.6579742517634839
      ],
      [
         0.6503196440277346,
         0.7045965607767622,
         0.5441749892576091,
         0.6524882419903801,
         0.49021611077180527,
         0.780674416360797,
         0.749996617409537,
         0.7411429606905175,
         0.7334975316347165,
         0.7070267443544147,
         0.5660506696853758,
         0.5389839143731849,
         0.7418462944106261,
         0.48602282383767387,
         0.5588145352571388,
         0.7014547218306666,
         0.5478554144961003,
         0.6408331670849394,
         0.5098204603181048,
         0.6345971148256777,
         0.5028628000511346,
         0.4994417309365477,
         0.6697832665401543,
         0.7179668615048438,
         0.7172932317049929,
         0.644708712968431,
         0.7482022529519783,
         0.681523529943444,
         0.7953588025345171,
         0.6105622100162881,
         0.5772484568762645,
         0.668116123364268,
         0.5518123607597505,
         0.7497462138925376,
         0.48912714495272264,
         0.49162593038838354,
         0.4992998399812585,
         0.5492054898537836,
         0.6629050949669592,
         0.7281942463192692
      ],
      [
         0.4909086627887717,
         0.589985406373632,
         0.6916604868138061,
         0.5974316727804974,
         0.6317609294382502,
         0.514698545883199,
         0.7594403739682808,
         0.5296394467710485,
         0.7767402939204988,
         0.5841099800772998,
         0.6204588608821798,
         0.6986862158039271,
         0.6782137678735422,
         0.793155219858142,
         0.5160087621319502,
         0.6810973601704498,
         0.7035391108169923,
         0.7681835305158811,
         0.5338256922215137,
         0.5486528217974147,
         0.6961860574106402,
         0.5356082817062733,
         0.7352690401990231,
         0.5296973563986631,
         0.6540951059382369,
         0.7823121436755127,
         0.4902449899161789,
         0.6643037305346057,
         0.67140244641939,
         0.5319723346745339,
         0.7617833882458576,
         0.5290948582592511,
         0.5110810339194697,
         0.6294288832806975,
         0.6464634810567835,
         0.6256302322430911,
         0.7173528340245537,
         0.788089306591765,
         0.7674478490387371,
         0.6876368695937893
      ],
      [
         0.627754591236355,
         0.5898334177224732,
         0.7042630716142658,
         0.7309333333090579,
         0.6309148632878212,
         0.7887646383269786,
         0.706359819413181,
         0.5130013847382926,
         0.7542886770713206,
         0.7890181978044196,
         0.6525447298240048,
         0.5718650956006169,
         0.7046719737647635,
         0.7401586456821238,
         0.7507919098735161,
         0.658392855104406,
         0.7970570407363005,
         0.6660948822999193,
         0.7493139677782932,
         0.6604623696417806,
         0.7206091472480693,
         0.5515444312640266,
         0.7156601700901639,
         0.773378396743861,
         0.5445475787259848,
         0.549928967457862,
         0.7183324014930954,
         0.5363245193356889,
         0.7174615983971573,
         0.7455307942693139,
         0.6581895287075916,
         0.7482064466011062,
         0.5494954299743448,
         0.5763124179198238,
         0.6643667234972872,
         0.6056368977472302,
         0.5377460015616062,
         0.6114923511556637,
         0.6062640406489817,
         0.6584931508602385
      ],
      [
         0.7241038739322506,
         0.6534487231602706,
         0.7958241367886245,
         0.7701575751409697,
         0.6882863336248415,
         0.5327055671464175,
         0.5810248439152487,
         0.718775554203255,
         0.6051480343903834,
         0.7999321342396942,
         0.7087259092906433,
         0.7921107009609081,
         0.5486625482713127,
         0.5111931477586094,
         0.7716711912408656,
         0.7301039837834552,
         0.5570886616782176,
         0.6976238527208584,
         0.6121488140026776,
         0.6396391840004645,
         0.7488191264779535,
         0.6023637939809011,
         0.6162648988686562,
         0.5451050589054022,
         0.7278312384349599,
         0.7153491260687399,
         0.766410262137158,
         0.5083633524135682,
         0.7192165386712648,
         0.5778315117083476,
         0.5800272294826093,
         0.564947192162654,
         0.6218342595037958,
         0.6945676170342662,
         0.6031993612734954,
         0.6187616869095147,
         0.7268044328461183,
         0.6214148687143213,
         0.7497368890482881,
         0.6360108306289382
      ],
      [
         0.539346849851475,
         0.6523287407639702,
         0.5752680655044679,
         0.668078493263732,
         0.557671541401419,
         0.7421296370187153,
         0.6131965763069209,
         0.5847507728634143,
         0.5830450991574077,
         0.5798825296246531,
         0.5788077190723586,
         0.5644312777688151,
         0.7063218667028559,
         0.6301465657827874,
         0.5876925561701167,
         0.7400776271539411,
         0.7099830896477415,
         0.534001924854748,
         0.7944575598141344,
         0.5837270680848456,
         0.5934405497964743,
         0.6319734796893087,
         0.6429618344003072,
         0.5776429025634778,
         0.49626392292403426,
         0.605524737884272,
         0.5538974919744166,
         0.6578065658350781,
         0.6193116314484925,
         0.4981668385876449,
         0.7607939054822912,
         0.5597889529120962,
         0.7543386910021341,
         0.5409376986039764,
         0.750449770410426,
         0.5748792995223644,
         0.6570967996670579,
         0.6909200734779612,
         0.5628034971441028,
         0.7705824389565008
      ],
      [
         0.6238951182727601,
         0.5772313251005292,
         0.7184257909900171,
         0.5141612278897318,
         0.6136089562765212,
         0.615496592086394,
         0.7489828546952209,
         0.5911412794079604,
         0.5461387827235897,
         0.5682576391683719,
         0.5731027974775356,
         0.7343450452574565,
         0.7762859316506246,
         0.5981481637372127,
         0.7066054348647107,
         0.6395253744791729,
         0.5577538795987425,
         0.5870986340067917,
         0.5290093532841488,
         0.4989950074317791,
         0.6939699036316501,
         0.6249704123606572,
         0.7014192047674084,
         0.7439149793957283,
         0.6889320165714675,
         0.5632186476979291,
         0.6122922136013995,
         0.756536833754744,
         0.7640993748009459,
         0.7200938275005333,
         0.5443347051303238,
