{
   "worker_count": 15,
   "expertise_scores": [
      [
         0.6126315250090095,
         0.653826076330511,
         0.5862608301915994,
         0.65899080452241,
         0.5549438876525965,
         0.7858547266044364,
         0.7247416856849668,
         0.6531820225125873,
         0.7059577969119524,
         0.6355376670488344,
         0.6614826412351464,
         0.771135570066632,
         0.7427086336080471,
         0.5224841818115336,
         0.575923458673174
      ],
      [
         0.5054543145344205,
         0.6675295086148236,
         0.6451620043686936,
         0.796940888388983,
         0.7116606947752577,
         0.7976984221852108,
         0.5099668448865365,
         0.6484453967188217,
         0.727140152573813,
         0.7764317554648169,
         0.6355307466288549,
         0.5677876375650317,
         0.7292526380708735,
         0.6843197290785047,
         0.5584969681919488
      ],
      [
         0.6805859878183375,
         0.5017892237654503,
         0.726892495844364,
         0.765596566829085,
         0.7507232943347852,
         0.58282078348183,
         0.7539928313313218,
         0.5051473614301439,
         0.7167882734297603,
         0.486541165897956,
         0.78329057894299,
         0.5228233333582122,
         0.6761709025233269,
         0.6206477943846842,
         0.7768475279815712
      ],
      [
         0.5781782115386994,
         0.640385000392129,
         0.5185181470692733,
         0.651728660371528,
         0.7704194482477509,
         0.6340232955044633,
         0.7797467865469017,
         0.63581476587902,
         0.6833769661864306,
         0.7146165759152486,
         0.6742173033259576,
         0.7912416144475753,
         0.7579712693137899,
         0.578321843263033,
         0.74321461394055
      ],
      [
         0.5739362790239729,
         0.5707498417531485,
         0.4974605152247616,
         0.6503378709612089,
         0.7710313226957359,
         0.7298041397377386,
         0.5069534457856988,
         0.7044415159642732,
         0.750857973740291,
         0.6991408793773467,
         0.6483366746499168,
         0.6311085450756931,
         0.6483553763749977,
         0.6730470150230203,
         0.7537235796685289
      ],
      [
         0.4980662335678968,
         0.5023050145009729,
         0.538104121955343,
         0.7066471040492766,
         0.5263943151949639,
         0.6741149829070342,
         0.7041192790272077,
         0.5921659119559814,
         0.7717563785479341,
         0.6447168720253172,
         0.502546054935892,
         0.6821170226247745,
         0.7192003103216877,
         0.7038967412921858,
         0.5270902483719825
      ],
      [
         0.7015791340121516,
         0.6729181985334628,
         0.5227454564192608,
         0.695602187144913,
         0.5636075862000933,
         0.4865698198546134,
         0.5021060106455518,
         0.7255142594642396,
         0.5791638392017546,
         0.551963331015663,
         0.5697980649855389,
         0.7822704478215974,
         0.7012623745157898,
         0.5709263029207139,
         0.7837561185158046
      ],
      [
         0.558955419059606,
         0.6180926525805968,
         0.759983979259552,
         0.5234131914236216,
         0.7839883233016806,
         0.4867456246058691,
         0.7734005671298189,
         0.5415658954072032,
         0.7851255120779814,
         0.4906499863407716,
         0.49580028295204986,
         0.6969743520112546,
         0.5882267828031175,
         0.5596742591688728,
         0.7769905791381571
      ],
      [
         0.4988569070708129,
         0.5940563383534541,
         0.5030786665626031,
         0.6788707997086121,
         0.7030677858616766,
         0.742490635179182,
         0.6665384855603598,
         0.5337338087025977,
         0.7618241513454304,
         0.6757235051625421,
         0.683714558528026,
         0.628766586637385,
         0.7327113100864526,
         0.7428364288747115,
         0.6614352654633607
      ],
      [
         0.7254125889021383,
         0.7762635846873798,
         0.7724376421347046,
         0.6189057076665736,
         0.5129217803275529,
         0.7607975097553866,
         0.66269664115216,
         0.49321406103879933,
         0.5620837487119105,
         0.7034439276249546,
         0.7501310569899198,
         0.5880527037824153,
         0.49524632795003354,
         0.48315338539977465,
         0.5889321001835359
      ]
   ],
   "mv_f1_micro": [
      0.8840070298769771,
      0.9086115992970123,
      0.9086115992970123,
      0.9156414762741653,
      0.8857644991212654,
      0.8383128295254832,
      0.8383128295254832,
      0.8576449912126539,
      0.9103690685413006,
      0.8681898066783831
   ],
   "mv_f1_macro": [
      0.8781252433990185,
      0.9028117198791223,
      0.9031603477167993,
      0.9113638133811044,
      0.8804471151825861,
      0.829262883235486,
      0.8311746949095693,
      0.8503044968088735,
      0.9054327529402564,
      0.8616177829660976
   ],
   "mv_f1_weighted": [
      0.8849481157134506,
      0.9088619538042594,
      0.9090153957103614,
      0.9163259023370549,
      0.8868722874418234,
      0.8392799993580021,
      0.8400211010574968,
      0.8587518911624302,
      0.9109386434183442,
      0.8693028106941734
   ],
   "ct_f1_micro": [
      0.8840070298769771,
      0.9156414762741653,
      0.9279437609841827,
      0.9173989455184535,
      0.8875219683655536,
      0.8400702987697716,
      0.8453427065026362,
      0.875219683655536,
      0.9103690685413006,
      0.875219683655536
   ],
   "ct_f1_macro": [
      0.8781252433990185,
      0.9099541066624466,
      0.9233004888858203,
      0.9131396462965069,
      0.8823772609819122,
      0.8309737315440184,
      0.8385149255656751,
      0.8683475580148667,
      0.9054327529402564,
      0.8692068363782348
   ],
   "ct_f1_weighted": [
      0.8849481157134506,
      0.9157210199050984,
      0.9281095921305528,
      0.9180412207979531,
      0.8886460220796265,
      0.840966172814732,
      0.846976705359345,
      0.8760126212294593,
      0.9109386434183442,
      0.8763532532242075
   ],
   "em_f1_micro": [
      0.9226713532513181,
      0.9349736379613357,
      0.9384885764499121,
      0.929701230228471,
      0.9349736379613357,
      0.9050966608084359,
      0.8734622144112478,
      0.9314586994727593,
      0.9209138840070299,
      0.9279437609841827
   ],
   "em_f1_macro": [
      0.9183431180691455,
      0.9295407919088879,
      0.9341533171320405,
      0.9255079597821534,
      0.9302550545456955,
      0.8974897910160942,
      0.8699890832465917,
      0.9264850574941115,
      0.9137486736395332,
      0.9233004888858203
   ],
   "em_f1_weighted": [
      0.9231339127364356,
      0.9345266316405646,
      0.9384588828929404,
      0.9300118428541242,
      0.9348779910002077,
      0.9046058950153817,
      0.8754041802237437,
      0.9313578824056244,
      0.9200837681717711,
      0.9281095921305528
   ]
}