{
   "worker_count": 5,
   "expertise_scores": [
      [
         0.5384656690688551,
         0.7158283039515936,
         0.7896612023973673,
         0.7656934265991566,
         0.7893077949835825
      ],
      [
         0.6053244046113586,
         0.632723289303524,
         0.5219854609158056,
         0.7038101590921044,
         0.4856545955119387
      ],
      [
         0.6402189692631044,
         0.5379797083701479,
         0.7343534110180752,
         0.7712396406582047,
         0.49536330634717624
      ],
      [
         0.7690018588062906,
         0.6740681469048757,
         0.527036920088062,
         0.6938463544814159,
         0.6474788868103136
      ],
      [
         0.7262812777350115,
         0.5391179383335937,
         0.5970021875611029,
         0.601782618729524,
         0.5167752270482189
      ],
      [
         0.6442225315645163,
         0.692089794934872,
         0.5856095893594809,
         0.5133904973908644,
         0.6870193329001256
      ],
      [
         0.5580625902397193,
         0.745757561583227,
         0.5307573109518798,
         0.7049772636435382,
         0.6630860472630824
      ],
      [
         0.7764149216005979,
         0.764005461660964,
         0.7137868162149439,
         0.5873911618854075,
         0.6052164109537653
      ],
      [
         0.6025200003025756,
         0.5906468370861115,
         0.501419002685515,
         0.6774077487215076,
         0.713536250118568
      ],
      [
         0.7710453742067784,
         0.5861206268623185,
         0.7102678650652625,
         0.6648162170180811,
         0.564944023324445
      ]
   ],
   "mv_f1_micro": [
      0.8646748681898067,
      0.6678383128295254,
      0.7311072056239016,
      0.789103690685413,
      0.6818980667838312,
      0.7275922671353251,
      0.7539543057996485,
      0.8260105448154658,
      0.7293497363796134,
      0.789103690685413
   ],
   "mv_f1_macro": [
      0.8562174082837519,
      0.6534345240972592,
      0.7214398848092152,
      0.7801221114460158,
      0.670461563074954,
      0.7206021649807864,
      0.7434757966870186,
      0.819255537266453,
      0.7205447123357571,
      0.7810696421700654
   ],
   "mv_f1_weighted": [
      0.8651038697792444,
      0.671439260012592,
      0.7346640500745881,
      0.7914467113565601,
      0.6861058370163426,
      0.7318639962297656,
      0.7566878299159867,
      0.8281598653992425,
      0.733185588438323,
      0.7917571379014909
   ],
   "ct_f1_micro": [
      0.8646748681898067,
      0.6678383128295254,
      0.7311072056239016,
      0.789103690685413,
      0.6818980667838312,
      0.7275922671353251,
      0.7539543057996485,
      0.8260105448154658,
      0.7293497363796134,
      0.789103690685413
   ],
   "ct_f1_macro": [
      0.8562174082837519,
      0.6534345240972592,
      0.7214398848092152,
      0.7801221114460158,
      0.670461563074954,
      0.7206021649807864,
      0.7434757966870186,
      0.819255537266453,
      0.7205447123357571,
      0.7810696421700654
   ],
   "ct_f1_weighted": [
      0.8651038697792444,
      0.671439260012592,
      0.7346640500745881,
      0.7914467113565601,
      0.6861058370163426,
      0.7318639962297656,
      0.7566878299159867,
      0.8281598653992425,
      0.733185588438323,
      0.7917571379014909
   ],
   "em_f1_micro": [
      0.8787346221441125,
      0.7451669595782073,
      0.8154657293497364,
      0.8154657293497364,
      0.7012302284710018,
      0.718804920913884,
      0.7838312829525483,
      0.8418277680140598,
      0.7135325131810193,
      0.7785588752196836
   ],
   "em_f1_macro": [
      0.8635164307987526,
      0.720190191310482,
      0.8077486203401285,
      0.7949451024673857,
      0.6261440232514995,
      0.7163438769660262,
      0.7567032027282113,
      0.8360293552601245,
      0.7019860740255193,
      0.7756309148264984
   ],
   "em_f1_weighted": [
      0.8751303136675799,
      0.741493905421189,
      0.8175642414488403,
      0.8114756074559459,
      0.6688401007292557,
      0.7230769217290337,
      0.7774062113204686,
      0.8438870174033077,
      0.7169345890036221,
      0.7821625187805271
   ]
}