{
   "worker_count": 30,
   "expertise_scores": [
      [
         0.7088103559484846,
         0.6900965691035628,
         0.6374443029182091,
         0.779210661834859,
         0.4962928094470643,
         0.5897225295993924,
         0.6529392257142249,
         0.7706477120670974,
         0.7766454793405426,
         0.5771949540458854,
         0.6569930390604671,
         0.6710346110247192,
         0.7349075389488758,
         0.5261874317022669,
         0.5453145239666669,
         0.517754733920882,
         0.4918658225216083,
         0.6306180158672506,
         0.6228652446590482,
         0.6490590900477663,
         0.6167073695830344,
         0.6219627966288,
         0.5601793337624603,
         0.5623335155094591,
         0.5554849965570805,
         0.7408285535497185,
         0.7594657395544867,
         0.6704631052598098,
         0.7208863589595002,
         0.7832132817302402
      ],
      [
         0.6682672586144173,
         0.6920827677503545,
         0.7937487380184312,
         0.5224597715966799,
         0.7838292662263653,
         0.7821178280214924,
         0.5845768400806326,
         0.49810950421014355,
         0.7205900475826367,
         0.6640596475631478,
         0.4933942933016129,
         0.7229484520626029,
         0.7549937836764163,
         0.4840329983821664,
         0.6479363281439148,
         0.6021011604238319,
         0.7574576020564883,
         0.620857932977776,
         0.5668863866102397,
         0.7095708099270954,
         0.7638313340685892,
         0.5562495598624133,
         0.7136444704264561,
         0.7845533277338148,
         0.6348176296460788,
         0.6381790436113137,
         0.6929757741242965,
         0.5358587984478256,
         0.7661843768570946,
         0.4830507913508583
      ],
      [
         0.5630328471188394,
         0.6967942628299059,
         0.5439373819199259,
         0.6478158886669361,
         0.5901809966323469,
         0.767822486272806,
         0.6478506875928388,
         0.6459950934262113,
         0.6442569548011352,
         0.5180425389788087,
         0.7165678967833475,
         0.6384338868208919,
         0.5159061026922392,
         0.7323381634372054,
         0.5201388452420406,
         0.6974818442565089,
         0.7666600371686856,
         0.4975291920629404,
         0.7429624617996679,
         0.6877887423865086,
         0.6454529693198976,
         0.65401534436184,
         0.5906193168154077,
         0.5114676530088818,
         0.5687024893528176,
         0.770455610233835,
         0.7025774652774049,
         0.7716663233922133,
         0.6842308601557276,
         0.5645640199260031
      ],
      [
         0.7879063701951365,
         0.5690204260566136,
         0.6263222602458773,
         0.6812377540846777,
         0.5449684907041663,
         0.6656671089930984,
         0.7779462279106382,
         0.7028762916962253,
         0.5168877766220406,
         0.5122013782743347,
         0.5945089252774317,
         0.534786084245171,
         0.49183712628141163,
         0.7989307596333892,
         0.6079542663877504,
         0.5703393996718242,
         0.7100320552207864,
         0.745271646457834,
         0.7322347043461228,
         0.6277685495891352,
         0.7815061205969311,
         0.6249479129047802,
         0.5273166922599818,
         0.7285462215002172,
         0.6578828567934637,
         0.5122229643522527,
         0.5211171086642143,
         0.4970708848803403,
         0.6023469760012544,
         0.778407598798166
      ],
      [
         0.5019979286512929,
         0.6175690499142916,
         0.7264897675782075,
         0.7869959650264349,
         0.7767572571139301,
         0.6419181917930701,
         0.5402882638804796,
         0.755759139223019,
         0.6767895974461005,
         0.7317121067034283,
         0.7909623345316559,
         0.5101972301350123,
         0.7863050246166445,
         0.6768090962559706,
         0.6442225417419193,
         0.6689740124135833,
         0.7685041696994759,
         0.5431272804395904,
         0.6886796885273947,
         0.5191194963838319,
         0.6798930034148525,
         0.574449376184083,
         0.603307581839651,
         0.5237194617090388,
         0.6864667312429062,
         0.6544398136354963,
         0.7729393455253668,
         0.7398358525516437,
         0.4998621920479841,
         0.5712311464439175
      ],
      [
         0.6883659353655871,
         0.5068272193383192,
         0.7282578629137592,
         0.7549502807980654,
         0.5639668856358635,
         0.6670628653197683,
         0.5120326000694252,
         0.6866119568480183,
         0.4830673286855184,
         0.7196386824691446,
         0.7295390114788702,
         0.7162611040911536,
         0.6281724132753428,
         0.5505916635458533,
         0.7406518506931159,
         0.6468560487191317,
         0.5282114608347072,
         0.5156467444367253,
         0.7881374349949575,
         0.7007578700903659,
         0.5318739037555366,
         0.7295375053811504,
         0.7682628713676638,
         0.6190072855299578,
         0.7526365537769342,
         0.5586555933829609,
         0.5557195561047116,
         0.5579106836770725,
         0.7836924692398715,
         0.6710326877232107
      ],
      [
         0.5487871047406391,
         0.5871769897858203,
         0.6679376502402445,
         0.4862071233049747,
         0.5777428900966673,
         0.7204906846721416,
         0.5695915292226108,
         0.6908943710993435,
         0.5505273107034654,
         0.6104436471767303,
         0.6896698439000052,
         0.5117519257046016,
         0.727982175972929,
         0.7237247758860439,
         0.5169156048222965,
         0.6324932876401985,
         0.6909280475609181,
         0.7178063161668327,
         0.6451111442202739,
         0.6915502821730937,
         0.6470369748856399,
         0.7149275228941893,
         0.6111473505963281,
         0.696561838678974,
         0.7471927824714211,
         0.6069172418161826,
         0.6578948834026263,
         0.5731129134551681,
         0.7699285560117441,
         0.5191200957066218
      ],
      [
         0.5145211686321878,
         0.5664108193202813,
         0.5230356210807616,
         0.7225980711649266,
         0.7050651016957357,
         0.6945560045193844,
         0.6023981532408645,
         0.608075792089649,
         0.7643765334890311,
         0.6353234666412282,
         0.5247006728486951,
         0.6068500322617313,
         0.6176617020357661,
         0.746318807436958,
         0.5963949395247832,
         0.513065487302643,
         0.49494553839006566,
         0.4831920987516926,
         0.7521328548903439,
         0.7389411467628214,
         0.5057929210924081,
         0.6586402530912527,
         0.7833632141695335,
         0.6551267799885769,
         0.6381026078251607,
         0.6517882203264356,
         0.7253211167366992,
         0.6109536019708581,
         0.731583619924089,
         0.5290861643435739
      ],
      [
         0.6303013274083538,
         0.5956369960969797,
         0.7068242233902249,
         0.6991641641844792,
         0.5451155605389723,
         0.6317898663173409,
         0.587790963856631,
         0.761452400026206,
         0.5559809218776002,
         0.576225860430839,
         0.7878786016335507,
         0.6448117686011855,
         0.7797193171312324,
         0.656217991236235,
         0.7695866497208352,
         0.5508542746780456,
         0.5251803676525522,
         0.528956723600607,
         0.547827147763656,
         0.6877167776909847,
         0.5108425159700567,
         0.5351189611566529,
         0.608928546727348,
         0.7080395545367147,
         0.5157583041402297,
         0.6068790132205748,
         0.6548359505137934,
         0.6958395470171289,
         0.7161861055326224,
         0.6652318959354424
      ],
