{
   "worker_count": 10,
   "expertise_scores": [
      [
         0.6655993580765474,
         0.6767706835762273,
         0.588663845523366,
         0.6184355271365173,
         0.5051810585613797,
         0.5597695683732352,
         0.538716562741088,
         0.7353683362565766,
         0.7753153882564129,
         0.7186274542933562
      ],
      [
         0.674514607511807,
         0.5075710439151974,
         0.7427809383119072,
         0.537264990208772,
         0.6852552594399899,
         0.7025923117602175,
         0.5837885788523983,
         0.533057911358531,
         0.5816359033812557,
         0.7802696274625867
      ],
      [
         0.510259891760356,
         0.78318647602252,
         0.758747895751457,
         0.6578339036439835,
         0.4939777162642552,
         0.7947498642808184,
         0.48501127677117467,
         0.5752133634871663,
         0.5390050350236919,
         0.5286001797971356
      ],
      [
         0.7281312264056126,
         0.755244501257952,
         0.5363875743571705,
         0.5951180725762752,
         0.726262139878986,
         0.5596040230926389,
         0.5204119619309073,
         0.5535561160704889,
         0.6296351058927007,
         0.6794490749351944
      ],
      [
         0.5977037872371984,
         0.5763638127169695,
         0.6674113219224922,
         0.5431623449477936,
         0.5810093529489778,
         0.7327029805196424,
         0.6423072897973976,
         0.7776173757506379,
         0.4852230712726573,
         0.6796865404098767
      ],
      [
         0.674036714281478,
         0.7972160290331538,
         0.7001640903648265,
         0.6733186813631179,
         0.573864359657718,
         0.6989711139888009,
         0.5145544172757661,
         0.5159394840287708,
         0.7887447284678981,
         0.5654638008444189
      ],
      [
         0.5800251805726924,
         0.5705845559983017,
         0.7099939808808736,
         0.728318056654137,
         0.6941503464480534,
         0.662495317256623,
         0.7052090910760375,
         0.497018922738718,
         0.7800639102262041,
         0.5805895860596826
      ],
      [
         0.5302666329079527,
         0.6551440357901127,
         0.4999911653243705,
         0.5634479047406725,
         0.5711836720433938,
         0.5083730599865082,
         0.5801366002015895,
         0.5846155237284486,
         0.5968765735631619,
         0.665592868986418
      ],
      [
         0.5777505788005493,
         0.6402974415767505,
         0.6710434710361252,
         0.7552298763376994,
         0.7719843923722807,
         0.5402642773624566,
         0.7094287926849417,
         0.4968900253441589,
         0.6810991239507439,
         0.5373041257834331
      ],
      [
         0.6686662477938871,
         0.7955522283915482,
         0.717841166038591,
         0.7847556701845839,
         0.6861104131383193,
         0.6004925330444827,
         0.7189673522332491,
         0.6264319945813102,
         0.6958549716346231,
         0.634885412665336
      ]
   ],
   "mv_f1_micro": [
      0.797891036906854,
      0.804920913884007,
      0.7539543057996485,
      0.81195079086116,
      0.804920913884007,
      0.8330404217926186,
      0.8224956063268892,
      0.680140597539543,
      0.7768014059753954,
      0.8787346221441125
   ],
   "mv_f1_macro": [
      0.7906247500199985,
      0.7973471175411746,
      0.7442203955818134,
      0.8019272749750306,
      0.7938251011141324,
      0.8235440054580413,
      0.8163607023598396,
      0.6721187943262411,
      0.7664120558182835,
      0.8720560775074055
   ],
   "mv_f1_weighted": [
      0.8005644820822068,
      0.8073307581749084,
      0.7569358638843907,
      0.8132820390647865,
      0.8060136833234643,
      0.8339756749164785,
      0.8249141742369761,
      0.6851880242804971,
      0.7789658539247938,
      0.8795052234483478
   ],
   "ct_f1_micro": [
      0.843585237258348,
      0.8558875219683656,
      0.836555360281195,
      0.8400702987697716,
      0.8154657293497364,
      0.875219683655536,
      0.8646748681898067,
      0.7152899824253075,
      0.8506151142355008,
      0.8980667838312829
   ],
   "ct_f1_macro": [
      0.837280739805345,
      0.8492958656330749,
      0.8286793772278286,
      0.8331351412320137,
      0.8074636244984772,
      0.8681223619739045,
      0.85880665796555,
      0.7048528394682241,
      0.8439017935236914,
      0.8923613829093281
   ],
   "ct_f1_weighted": [
      0.8454428124007508,
      0.8573277157895214,
      0.8380401767584692,
      0.841804088154211,
      0.8174662555625511,
      0.8759186623059997,
      0.8661419207458709,
      0.7189966313259539,
      0.8521512130424401,
      0.8986765213343926
   ],
   "em_f1_micro": [
      0.8769771528998243,
      0.8629173989455184,
      0.8769771528998243,
      0.8646748681898067,
      0.8400702987697716,
      0.8927943760984183,
      0.8822495606326889,
      0.6942003514938488,
      0.8875219683655536,
      0.9121265377855887
   ],
   "em_f1_macro": [
      0.8700913242009132,
      0.8513066202090593,
      0.8668391772981359,
      0.8574616838605361,
      0.8340932466508809,
      0.8840811555481339,
      0.8729423919745372,
      0.6884958091066979,
      0.8787555934370339,
      0.9056572489720122
   ],
   "em_f1_weighted": [
      0.8777130429897841,
      0.861895066226585,
      0.8762022757837716,
      0.8656328692335379,
      0.8421179925512433,
      0.8921799823416675,
      0.881705635191628,
      0.6992381291863978,
      0.8870635958202716,
      0.911952865602674
   ]
}