{
   "worker_count": 13,
   "expertise_scores": [
      [
         0.5200018970623058,
         0.6513724870263665,
         0.7783525882834081,
         0.7871231972377077,
         0.6175792786869521,
         0.6033735600425535,
         0.792511183865982,
         0.7019838439004384,
         0.7551818722452197,
         0.6566405188988416,
         0.5732718071897909,
         0.48774764027344014,
         0.6618949000073937
      ],
      [
         0.5778944127059709,
         0.7347052221875567,
         0.5935651481291784,
         0.752387739858109,
         0.5678888143947488,
         0.6261616149821843,
         0.49519893797263587,
         0.49448217501758757,
         0.49217320813702803,
         0.6316791651036178,
         0.7648861261307354,
         0.7613166540033836,
         0.6319450098573869
      ],
      [
         0.6488973879211591,
         0.48413973260687343,
         0.5283603996231067,
         0.7363478949941247,
         0.6561518677447189,
         0.5109511321999107,
         0.6218532835009573,
         0.7823353434852902,
         0.5653053401241581,
         0.4887839290228774,
         0.6748167411959805,
         0.711886754065433,
         0.604399998342331
      ],
      [
         0.6721086470511474,
         0.588553848658281,
         0.5728977821340625,
         0.5736633447661823,
         0.518260453651533,
         0.6092958514149127,
         0.7456523411420114,
         0.5104284994541634,
         0.616209021260526,
         0.6181381560189254,
         0.5088740900211574,
         0.5189437686539196,
         0.5903777291867189
      ],
      [
         0.679840060717069,
         0.758875138733788,
         0.5760266773533689,
         0.7357882809278098,
         0.7428677593048448,
         0.6223538959959205,
         0.6601666029270739,
         0.5894567969726381,
         0.6165559334890744,
         0.7295616703896819,
         0.6380948078915227,
         0.7841880185717337,
         0.6670283318307253
      ],
      [
         0.6340442748282217,
         0.6051474795624274,
         0.5474293165078777,
         0.48506337538785743,
         0.5565211403834789,
         0.5793663903208258,
         0.6257956504618081,
         0.4912085968523279,
         0.6019123069568448,
         0.6764490003574198,
         0.6353409061994192,
         0.6628190918919522,
         0.5096723977040596
      ],
      [
         0.6801788120198706,
         0.7386207179400589,
         0.4838487864137346,
         0.6385947707226913,
         0.5564218942090742,
         0.7651357835157113,
         0.6888893744403972,
         0.5579227144596962,
         0.5339264634173914,
         0.48637110246005155,
         0.5417590481337435,
         0.6029338386957704,
         0.5132574946919991
      ],
      [
         0.7071943218664111,
         0.7303258506191492,
         0.4986823450815793,
         0.5899238381190375,
         0.7086844924312302,
         0.6127697874642157,
         0.5262390031290659,
         0.7055288539349995,
         0.6717441943534399,
         0.5308906926893413,
         0.6128572208142019,
         0.6645225031901357,
         0.7848607100567015
      ],
      [
         0.6287513771633507,
         0.7641161250050267,
         0.789390069784673,
         0.5825777807447048,
         0.608677850035779,
         0.6372350789242436,
         0.5579874557834692,
         0.7389317626727181,
         0.5122889950695546,
         0.5136575012350884,
         0.6819797241626417,
         0.7967809064211249,
         0.6051345969308607
      ],
      [
         0.4940479515876709,
         0.5833758276721567,
         0.540939278967206,
         0.6136061568427339,
         0.49330938917224953,
         0.7094491861225282,
         0.5585360812444686,
         0.5700453473892177,
         0.7702584508135668,
         0.49576067466377544,
         0.6243223991219382,
         0.6179700520104834,
         0.6624672763060008
      ]
   ],
   "mv_f1_micro": [
      0.9068541300527241,
      0.8224956063268892,
      0.8101933216168719,
      0.7398945518453427,
      0.8927943760984183,
      0.7381370826010545,
      0.7697715289982425,
      0.8611599297012302,
      0.8699472759226714,
      0.7697715289982425
   ],
   "mv_f1_macro": [
      0.9020510905045716,
      0.8127197656267822,
      0.8032352263121494,
      0.731432580686312,
      0.8864995667173525,
      0.7294427761307392,
      0.7614942804575634,
      0.8551392984321876,
      0.863998708010336,
      0.7611672012226968
   ],
   "mv_f1_weighted": [
      0.9075783979210963,
      0.8236235879461323,
      0.8126644208839694,
      0.7435809551225442,
      0.8933111141819386,
      0.7418023294463837,
      0.7728169317632094,
      0.8626650875184908,
      0.8712469630295681,
      0.7727193079583831
   ],
   "ct_f1_micro": [
      0.9086115992970123,
      0.8242530755711774,
      0.8101933216168719,
      0.7398945518453427,
      0.8927943760984183,
      0.7381370826010545,
      0.7697715289982425,
      0.8611599297012302,
      0.8787346221441125,
      0.7697715289982425
   ],
   "ct_f1_macro": [
      0.9039774644961964,
      0.8144161774298762,
      0.8032352263121494,
      0.731432580686312,
      0.8864995667173525,
      0.7294427761307392,
      0.7614942804575634,
      0.8551392984321876,
      0.8726883603288098,
      0.7611672012226968
   ],
   "ct_f1_weighted": [
      0.9093530608651428,
      0.8253043471282632,
      0.8126644208839694,
      0.7435809551225442,
      0.8933111141819386,
      0.7418023294463837,
      0.7728169317632094,
      0.8626650875184908,
      0.8797585858386398,
      0.7727193079583831
   ],
   "em_f1_micro": [
      0.9402460456942003,
      0.8629173989455184,
      0.8910369068541301,
      0.7820738137082601,
      0.9209138840070299,
      0.7838312829525483,
      0.8312829525483304,
      0.8945518453427066,
      0.9173989455184535,
      0.820738137082601
   ],
   "em_f1_macro": [
      0.93597262305065,
      0.8513066202090593,
      0.8832441949747147,
      0.7702656941911956,
      0.914662800579913,
      0.7547284865688904,
      0.8055476448140344,
      0.8892047667263805,
      0.9106854805042999,
      0.7974325682693919
   ],
   "em_f1_weighted": [
      0.9401879038895261,
      0.861895066226585,
      0.8909308835632538,
      0.7835383866716169,
      0.9205485609496009,
      0.7762586165465966,
      0.8235747927438554,
      0.8954073779213186,
      0.9169255601648914,
      0.8149419334399377
   ]
}