{
   "worker_count": 20,
   "expertise_scores": [
      [
         0.628988502157366,
         0.5710213163136265,
         0.7978150064947728,
         0.7564719589621416,
         0.7677111046656665,
         0.6638978059088849,
         0.5050622360516942,
         0.6799544719062096,
         0.52370336299868,
         0.6682560559860758,
         0.6758890941580258,
         0.7869819865643063,
         0.7863670720038042,
         0.6350877522233338,
         0.61218066417407,
         0.673824673667247,
         0.6988712975144298,
         0.7743438943107224,
         0.6155950061071557,
         0.6504240259704474
      ],
      [
         0.61394772022731,
         0.6601869001612037,
         0.5182938116758018,
         0.515877604657638,
         0.5190790264707226,
         0.7563359813695472,
         0.6169900782776461,
         0.5477950979946857,
         0.7860511845033149,
         0.5875957738487125,
         0.6018568857665584,
         0.4870101354723661,
         0.6133753089961984,
         0.5680311172741432,
         0.5199803512580051,
         0.5222505416475903,
         0.6010805080679815,
         0.6360199795359792,
         0.7072694568309421,
         0.6428043232487314
      ],
      [
         0.7055693846163051,
         0.6149759002483329,
         0.556398718365423,
         0.7883189232439725,
         0.5119842586091158,
         0.6527175241656162,
         0.5060348108798972,
         0.518313558823495,
         0.7481415666933514,
         0.6416850130639343,
         0.7171387949791517,
         0.6929771913173893,
         0.5127744248107728,
         0.7293793860690672,
         0.7478639425244398,
         0.579576597241867,
         0.7934677700337762,
         0.7732352298230663,
         0.5790354619943227,
         0.49711521259292046
      ],
      [
         0.7883591407259145,
         0.728248779561359,
         0.6720252254548926,
         0.5856391140553138,
         0.593661017283099,
         0.49032615120698997,
         0.79500087670226,
         0.733162249609653,
         0.634038671074209,
         0.5958903628661784,
         0.7569634092012161,
         0.5520205544891279,
         0.5715847878633206,
         0.7282148697326782,
         0.4851400701390838,
         0.54044494001409,
         0.5116226007142514,
         0.53528253140354,
         0.744478812461728,
         0.6300752919710081
      ],
      [
         0.48374782956203677,
         0.4940308490767065,
         0.5346048530282935,
         0.6720283433402409,
         0.6917811261390429,
         0.5902761394201848,
         0.5271374842020794,
         0.5023295842909382,
         0.6167734782168139,
         0.6275355109328904,
         0.5968026055591702,
         0.5008588768690986,
         0.5102470669780785,
         0.6450464261296256,
         0.6692261247914321,
         0.5372446093034948,
         0.4908678742016476,
         0.5015367234634988,
         0.7305983453770023,
         0.5447671094806156
      ],
      [
         0.5829965998289125,
         0.5450855903752728,
         0.5149194052565903,
         0.5983045325189914,
         0.6329494861193635,
         0.5321211811468664,
         0.7594637285733652,
         0.6772737371568001,
         0.700178843244772,
         0.5798270403399358,
         0.6371262851617929,
         0.7486315763719311,
         0.5525789856289502,
         0.6584606650763125,
         0.6846485698708655,
         0.6853023903026884,
         0.717992424742238,
         0.7382233054212402,
         0.7754799878589913,
         0.7214586483984013
      ],
      [
         0.6865524560564698,
         0.556824477621246,
         0.5456855271835342,
         0.5405988188849047,
         0.5131092925249279,
         0.6059921467254298,
         0.7396334444391632,
         0.512147233993693,
         0.7673824319284608,
         0.6097734781877675,
         0.5714080622010613,
         0.5742026984192152,
         0.5540742086616642,
         0.5510993751102822,
         0.7528327909169485,
         0.7977993922743281,
         0.7853632216667328,
         0.5918573653937178,
         0.6822261496832739,
         0.5854765213904669
      ],
      [
         0.6875319628904977,
         0.5961011255809274,
         0.7143428949771635,
         0.4957505206408145,
         0.7778661111399474,
         0.6230831406318422,
         0.7242437747846528,
         0.7318747137176663,
         0.5872883590687465,
         0.5542509238739523,
         0.6896718722495758,
         0.58365150803968,
         0.5697090198759835,
         0.7066990687262067,
         0.7935259406372077,
         0.5157465810764083,
         0.5249352576008284,
         0.6288528610910418,
         0.7839179659742017,
         0.5692999775397183
      ],
      [
         0.6654507930818909,
         0.6474756521673792,
         0.6074572381717477,
         0.5264433361003855,
         0.7447875157510764,
         0.6914843924817624,
         0.6510998001514982,
         0.4864031864417895,
         0.49669745678077987,
         0.7986004422254707,
         0.4890575938944593,
         0.5907598947260586,
         0.6450595092645759,
         0.6106624628974354,
         0.676513740767587,
         0.7713468398659041,
         0.5866378510257416,
         0.487039351859158,
         0.6142535338194527,
         0.7469871498312575
      ],
      [
         0.7895237117926093,
         0.7890324318688424,
         0.764008691138698,
         0.7361090094610484,
         0.6298788957286034,
         0.5238692321383247,
         0.4830027923887495,
         0.5111504104618034,
         0.6505603022418681,
         0.6422963425325812,
         0.5053886934246058,
         0.5118683134003863,
         0.5915604170254843,
         0.7611508167698025,
         0.7345040574390476,
         0.791737294165512,
         0.5318749252394099,
         0.6067853416665641,
         0.7797561181220091,
         0.6968318717407352
      ]
   ],
   "mv_f1_micro": [
      0.9437609841827768,
      0.8084358523725835,
      0.8980667838312829,
      0.8998242530755711,
      0.7170474516695958,
      0.9121265377855887,
      0.8717047451669596,
      0.9068541300527241,
      0.8681898066783831,
      0.9437609841827768
   ],
   "mv_f1_macro": [
      0.9395002658160554,
      0.7998270058127338,
      0.8927224736048265,
      0.8939422180801491,
      0.708397393659858,
      0.9062021944400486,
      0.865522521910016,
      0.9020510905045716,
      0.8604502869475645,
      0.9406131767775603
   ],
   "mv_f1_weighted": [
      0.943591684115225,
      0.8104056731955999,
      0.8988242451232217,
      0.9003071066945982,
      0.7211959488783477,
      0.9122093957344775,
      0.8728702462727769,
      0.9075783979210963,
      0.8688251403876294,
      0.9440973910810442
   ],
   "ct_f1_micro": [
      0.9666080843585237,
      0.8383128295254832,
      0.9226713532513181,
      0.9156414762741653,
      0.7715289982425307,
      0.9349736379613357,
      0.9068541300527241,
      0.9332161687170475,
      0.8980667838312829,
      0.9543057996485061
   ],
   "ct_f1_macro": [
      0.9642546578716791,
      0.8295519666579838,
      0.9182022530646384,
      0.9107660942523328,
      0.7631535131535132,
      0.930783368018911,
      0.9020510905045716,
      0.9291063372154024,
      0.8921756972215688,
      0.9514938096736965
   ],
   "ct_f1_weighted": [
      0.9665919649990248,
      0.8393994481757158,
      0.9230745803358307,
      0.9160813603663606,
      0.7745034695825557,
      0.9351232904592794,
      0.9075783979210963,
      0.9334561588777275,
      0.8985983104426858,
      0.9544700034426556
   ],
   "em_f1_micro": [
      0.968365553602812,
      0.8769771528998243,
      0.9543057996485061,
      0.9560632688927944,
      0.843585237258348,
      0.9507908611599297,
      0.945518453427065,
      0.9578207381370826,
      0.9314586994727593,
      0.961335676625659
   ],