{
   "worker_count": 15,
   "expertise_scores": [
      [
         0.5241572555052546,
         0.5189230270038567,
         0.6691891773338174,
         0.8682706184663045,
         0.8172378329823599,
         0.8940158356390033,
         0.7200700306153317,
         0.7711398793352162,
         0.7988014550439619,
         0.6931841025440384,
         0.9468711215388853,
         0.6324022379160059,
         0.9784179319180116,
         0.6912613487876865,
         0.872707660712588
      ],
      [
         0.8459118595093955,
         0.7459008825611704,
         0.9035557013658765,
         0.582358781967811,
         0.5876626717252567,
         0.8129946885726542,
         0.5844596600120113,
         0.5976211314150351,
         0.926917803995364,
         0.6970990677299108,
         0.7588436608235992,
         0.9412337578918532,
         0.7062434861905083,
         0.6561796384108844,
         0.958851604722868
      ],
      [
         0.7294604403282066,
         0.5483821717422787,
         0.7159775983191986,
         0.6163785233481937,
         0.8244796876971447,
         0.911435505819733,
         0.9775765042118694,
         0.7491201917501578,
         0.6666139561612793,
         0.9674917970288028,
         0.8652450113151713,
         0.5694288207750354,
         0.5343181502425707,
         0.7198955122466868,
         0.9459951283544814
      ],
      [
         0.6919461082613625,
         0.5273506909321171,
         0.7893067429029395,
         0.6633033170142613,
         0.6403847563218987,
         0.7153269137729491,
         0.9710695281668587,
         0.651190549015787,
         0.530829392175862,
         0.7151629338963188,
         0.9439453774980637,
         0.9526134381931,
         0.9166085165814037,
         0.6882060071789518,
         0.6033462322399389
      ],
      [
         0.5224300385445129,
         0.686811548356566,
         0.5932452861442122,
         0.5683776892580964,
         0.7862238583961401,
         0.5647597016649744,
         0.8487189903657769,
         0.8746747379774847,
         0.774443431383539,
         0.9481593168852007,
         0.9560154910897072,
         0.9426085051294932,
         0.7297728021201543,
         0.9750918168282222,
         0.682479788660497
      ],
      [
         0.6576481938830901,
         0.5892080590111498,
         0.5743619339038263,
         0.6160640884985039,
         0.7528606796674248,
         0.6074569541356198,
         0.7244826449845644,
         0.9269623905321264,
         0.8426031312215216,
         0.8732071534091624,
         0.6775805061862352,
         0.8855625868205996,
         0.5557198553194885,
         0.8877883856334106,
         0.5344779994297528
      ],
      [
         0.8456807839908584,
         0.7892012233570358,
         0.7902560577331799,
         0.6601044060152197,
         0.838271781583065,
         0.9266228556622272,
         0.5353499221411943,
         0.5514213436555057,
         0.8865163382404997,
         0.6741125014815312,
         0.6344623316658566,
         0.9181243069560301,
         0.7504607228611524,
         0.7435288347573067,
         0.5109529789543489
      ],
      [
         0.5839842365055272,
         0.5182411970757783,
         0.6558653340506073,
         0.6366522200282679,
         0.5455569793479315,
         0.6445683766263908,
         0.5130696312845153,
         0.8713071919183487,
         0.8908331463580543,
         0.8500379213729354,
         0.6078343524104769,
         0.9647889318246899,
         0.8403423467750377,
         0.611553395321345,
         0.5450965812086634
      ],
      [
         0.8226030401246058,
         0.9450786653740655,
         0.8501392778746061,
         0.5340425116547906,
         0.7868169276154864,
         0.8193336530069474,
         0.6726121386639214,
         0.9389658216268926,
         0.7074474183726449,
         0.7765568849037512,
         0.535808869966819,
         0.9744468287891261,
         0.7224980415939184,
         0.8959424260619222,
         0.6142582713090108
      ],
      [
         0.8127349577480797,
         0.6551847665209991,
         0.5984944198293789,
         0.511527019310893,
         0.7557988762686185,
         0.5582281419076988,
         0.541081103526373,
         0.5859778156490439,
         0.5809296008405344,
         0.5189105070700569,
         0.7370416776393289,
         0.8538393345274636,
         0.8399051339637644,
         0.6674104230395375,
         0.8161746303843829
      ]
   ],
   "mv_f1_micro": [
      1.0,
      1.0,
      0.996,
      0.998,
      1.0,
      0.996,
      0.998,
      0.99,
      1.0,
      0.988
   ],
   "mv_f1_macro": [
      1.0,
      1.0,
      0.9960401130063236,
      0.9981218272768877,
      1.0,
      0.9960296514750798,
      0.9979208178116608,
      0.9899775726270326,
      1.0,
      0.9877101496643643
   ],
   "mv_f1_weighted": [
      1.0,
      1.0,
      0.9959993726535773,
      0.9979999365124713,
      1.0,
      0.9960050381069675,
      0.9980006353056687,
      0.9900092110847113,
      1.0,
      0.9880031765283432
   ],
   "ct_f1_micro": [
      1.0,
      1.0,
      1.0,
      1.0,
      1.0,
      1.0,
      1.0,
      0.996,
      1.0,
      0.992
   ],
   "ct_f1_macro": [
      1.0,
      1.0,
      1.0,
      1.0,
      1.0,
      1.0,
      1.0,
      0.9962441016525952,
      1.0,
      0.9918739684678343
   ],
   "ct_f1_weighted": [
      1.0,
      1.0,
      1.0,
      1.0,
      1.0,
      1.0,
      1.0,
      0.996000063479972,
      1.0,
      0.991990670229428
   ],
   "em_f1_micro": [
      1.0,
      1.0,
      1.0,
      1.0,
      1.0,
      1.0,
      1.0,
      0.996,
      1.0,
      0.992
   ],
   "em_f1_macro": [
      1.0,
      1.0,
      1.0,
      1.0,
      1.0,
      1.0,
      1.0,
      0.9962441016525952,
      1.0,
      0.9918554327679893
   ],
   "em_f1_weighted": [
      1.0,
      1.0,
      1.0,
      1.0,
      1.0,
      1.0,
      1.0,
      0.996000063479972,
      1.0,
      0.9919925154508462
   ],