{
   "worker_count": 5,
   "expertise_scores": [
      [
         0.6731098603458225,
         0.5777157131549975,
         0.8365780038391171,
         0.9735008113127928,
         0.5913773670086891
      ],
      [
         0.7802412729058334,
         0.8456168900090133,
         0.7558017253358508,
         0.6512745418988223,
         0.6214635124745131
      ],
      [
         0.7821748308291588,
         0.982404063323399,
         0.5427233687440285,
         0.5602805988398616,
         0.9589616464384064
      ],
      [
         0.90975131501036,
         0.9290408749612353,
         0.9579050142949792,
         0.9745171474044494,
         0.6679761454167539
      ],
      [
         0.7303871217126878,
         0.6376049607601758,
         0.9028721594343514,
         0.9493561656272611,
         0.9668637587856532
      ],
      [
         0.6048683769527846,
         0.6670698929419049,
         0.818430300674568,
         0.9704409261628212,
         0.517453027907487
      ],
      [
         0.983372178698592,
         0.8255744139423036,
         0.8909472093974413,
         0.5750604736832086,
         0.6148108577420128
      ],
      [
         0.7409208284040794,
         0.8788281657958457,
         0.7417904795920517,
         0.8213806195838868,
         0.5642268993059296
      ],
      [
         0.5922768399886693,
         0.881284097850322,
         0.6244885856423761,
         0.6959986371665049,
         0.9408529338763447
      ],
      [
         0.651440210470341,
         0.6322522398392443,
         0.5411076637921635,
         0.7576916664855078,
         0.9519422558141827
      ]
   ],
   "mv_f1_micro": [
      0.932,
      0.924,
      0.958,
      0.998,
      0.988,
      0.93,
      0.958,
      0.946,
      0.944,
      0.9
   ],
   "mv_f1_macro": [
      0.9330736544945045,
      0.9236566219668942,
      0.9580378824672171,
      0.9979208178116608,
      0.9883110386612003,
      0.9292713436575105,
      0.9582083149173594,
      0.9459949973568721,
      0.9437471263577063,
      0.8986553352750536
   ],
   "mv_f1_weighted": [
      0.9320842028048297,
      0.9240285297453953,
      0.958,
      0.9980006353056687,
      0.9879799907649686,
      0.9297585170940622,
      0.9580109538396071,
      0.9460442994260129,
      0.9440399426246144,
      0.8998421297012846
   ],
   "ct_f1_micro": [
      0.958,
      0.938,
      0.996,
      1.0,
      0.99,
      0.968,
      0.986,
      0.964,
      0.956,
      0.936
   ],
   "ct_f1_macro": [
      0.9581082522623542,
      0.9376500082919638,
      0.9960296514750798,
      1.0,
      0.9902096210423941,
      0.9673498503087816,
      0.9862241610387353,
      0.9638749484506332,
      0.9559667689601438,
      0.935385841046776
   ],
   "ct_f1_weighted": [
      0.958046839894888,
      0.9380184294769308,
      0.9960050381069675,
      1.0,
      0.9900053805680546,
      0.9679530436412481,
      0.9860069034789426,
      0.963993319760606,
      0.9559996604238964,
      0.9359550030403351
   ],
   "em_f1_micro": [
      0.974,
      0.938,
      0.994,
      1.0,
      0.992,
      0.97,
      0.99,
      0.956,
      0.964,
      0.956
   ],
   "em_f1_macro": [
      0.9741121821320989,
      0.9382322030063447,
      0.9939397486208867,
      1.0,
      0.9920926838168217,
      0.9700658488537276,
      0.9899775726270326,
      0.9554347527661093,
      0.9637227530703996,
      0.9557528910760466
   ],
   "em_f1_weighted": [
      0.9740120817592465,
      0.9379839213774246,
      0.9939974105461393,
      1.0,
      0.9920107936507936,
      0.9699750417932236,
      0.9900092110847113,
      0.9559355901490817,
      0.9640218394872399,
      0.956
   ],
   "gt": [
      0,
      0,
      0,
      0,
      0,
      0,
      0,
      0,
      0,
      0,
      0,
      0,
      0,
      0,
      0,
      0,
      0,
      0,
      0,
      0,
      0,
      0,
      0,
      0,
      0,
      0,
      0,
      0,
      0,
      0,
      0,
      0,
      0,
      0,
      0,
      0,
      0,
      0,
      0,
      0,
      0,
      0,
      0,
      0,
      0,
      0,
      0,
      0,
      0,
      0,
      0,
      0,
      0,
      0,
      0,
      0,
      0,
      0,
      0,
      0,
      0,
      0,
      0,
      0,
      0,
      0,
      0,
      0,
      0,
      0,
      0,
      0,
      0,
      0,
      0,
      0,
      0,
      0,
      0,
      0,
      0,
      0,
      0,
      0,
      0,
      0,
      0,
      0,
      0,
      0,
      0,
      0,
      0,
      0,
      0,
      0,
      0,
      0,
      0,
      0,
      0,
      0,
      0,
      0,
      0,
      0,
      0,
      0,
      0,
      0,
      0,
      0,
      0,
      0,
      0,
      0,
      0,
      0,
      0,
      0,
      0,
      0,
      0,
      0,
      0,
      0,
      0,
      0,
      0,
      0,
      0,
      0,
      0,
      0,
      0,
      0,
      0,
      0,
      0,
      0,
      0,
      0,
      0,
      0,
      0,
      1,
      1,
      1,
      1,
      1,
      1,
      1,
      1,
      1,
      1,
      1,
      1,
      1,
      1,
      1,
      1,
      1,
      1,
      1,
      1,
      1,
      1,
      1,
      1,
      1,
      1,
      1,
      1,
      1,
      1,
      1,
      1,
      1,
      1,
      1,
      1,
      1,
      1,
      1,
      1,
      1,
      1,
      1,
      1,
      1,
      1,
      1,
      1,
      1,
      1,
      1,
      1,
      1,
      1,
      1,
      1,
      1,
      1,
      1,
      1,
      1,
      1,
      1,
      1,
      1,
      1,
      1,
      1,
      1,
      1,
      1,
      1,
      1,
      1,
      1,
      1,
      1,
      1,
      1,
      1,
      1,
      1,
      1,
      1,
      1,
      1,
      1,
      1,
      1,
      1,
      1,
      1,
      1,
      1,
      1,
      1,
      1,
      1,
      1,
      1,
      1,
      1,
      1,
      1,
      1,
      1,
      1,
      1,
      1,
      1,
      1,
      1,
      1,
      1,
      1,
      1,
      1,
      1,
      1,
      1,
      1,
      1,
      1,
      1,
      1,
      1,
      1,
      1,
      1,
      1,
      1,
      1,
      1,
      1,
      1,
      1,
      1,
      1,
      1,
      1,
      1,
      1,
      1,
      1,
      1,
      1,
      1,
      1,
      1,
      1,
      1,
      1,
      1,
      1,
      1,
      1,
      1,
      1,
      1,
      1,
      1,
      1,
      1,
      1,
      1,
      1,
      1,
      1,
      1,
      1,
      1,
      1,
      1,
      1,
      1,
      1,
      2,
      2,
      2,
      2,
      2,
      2,
      2,
      2,
      2,
      2,
      2,
      2,
      2,
      2,
      2,
      2,
      2,
      2,
      2,
      2,
      2,
      2,
      2,
      2,
      2,
      2,
      2,
      2,
      2,
      2,
      2,
      2,
      2,
      2,
      2,
      2,
      2,
      2,
      2,
      2,
      2,
      2,
      2,
      2,
      2,
      2,
      2,
      2,
      2,
      2,
      2,
      2,
      2,
      2,
      2,
      2,
      2,
      2,
      2,
      2,
      2,
      2,
      2,
      2,
      2,
      2,
      2,
      2,
      2,
      2,
      2,
      2,
      2,
      2,
      2,
      2,
      2,
      2,
      2,
      2,
      2,
      2,
      2,
      2,
      2,
      2,
      2,
      2,
      2,
      2,
      2,
      2,
      2,
      2,
      2,
      2,
      2,
      2,
      2,
      2,
      2,
      2,
      2,
      2,
      2,
      2,
      2,
      2,
      2,
      2,
      2,
      2,
      2,
      2,
      2,
      2,
      2,
      2,
      2,
      2,
      2,
      2,
      2,
      2,
      2,
      2,
      2,
      2,
      2,
      2,
      2,
      2,
      2,
      2,
      2,
      2,
      2,
      2,
      2,
      2,
      2,
      2,
      2,
      2,
      2,
      2,
      2,
      2,
      2,
      2,
      2,
