{
   "worker_count": 10,
   "expertise_scores": [
      [
         0.7786601951887795,
         0.8500299096058952,
         0.6241001495227501,
         0.6706204409024039,
         0.6281154609308214,
         0.7901275484851709,
         0.5261270674254925,
         0.6292387668184666,
         0.5890985123283032,
         0.5810235613466235
      ],
      [
         0.930808508804704,
         0.8008977624204154,
         0.914988675307373,
         0.6504746728350037,
         0.6227387930695308,
         0.9589668634619268,
         0.5955050956915146,
         0.9090932516363034,
         0.8075553620872152,
         0.6368938952983607
      ],
      [
         0.7125275214333262,
         0.7795106546436057,
         0.7736312732898352,
         0.900407274744057,
         0.8094320763770873,
         0.732155730768941,
         0.6697471506328929,
         0.738424685741831,
         0.6111556015211695,
         0.6772220765210283
      ],
      [
         0.5407080704152694,
         0.8448418614699382,
         0.93069731783245,
         0.6842719259825139,
         0.77677585553883,
         0.5822920168979592,
         0.9185370466914989,
         0.6788060233547988,
         0.6508924793829309,
         0.5784188485694998
      ],
      [
         0.7996018137880713,
         0.8556152198651831,
         0.7089445482103679,
         0.5185899717512997,
         0.6310228488980192,
         0.7841648888482815,
         0.8297092110778448,
         0.5925466929135106,
         0.7219966180895104,
         0.8561241302369581
      ],
      [
         0.5711630216216674,
         0.5912041556799733,
         0.8669647712120092,
         0.5873841604853569,
         0.6304406693918314,
         0.7162775674348932,
         0.8441731850992005,
         0.9050891864660069,
         0.6006552677310953,
         0.74119169092069
      ],
      [
         0.7765478323419639,
         0.6007022549723822,
         0.9026214129616963,
         0.8271469115517036,
         0.6218068350708429,
         0.8211879641756619,
         0.8787206475975051,
         0.5131521736175906,
         0.852039859908182,
         0.6945255767035534
      ],
      [
         0.8385971043083693,
         0.9320273074441598,
         0.6587247401395459,
         0.7238903525291905,
         0.8269700251608516,
         0.6637787889940628,
         0.7309080042189333,
         0.7085751639895839,
         0.8663328479501042,
         0.5751067861271613
      ],
      [
         0.819119361565366,
         0.9142692256184166,
         0.6457248658342539,
         0.6989754406216406,
         0.6805082369165533,
         0.7445136447443684,
         0.5979216961592938,
         0.760960005520724,
         0.6056780834996132,
         0.5641631866974401
      ],
      [
         0.8846205099731774,
         0.8543971863774587,
         0.9201458959738833,
         0.9594047495262386,
         0.9751520676252066,
         0.9474962916134975,
         0.8227780287572939,
         0.6637832491407812,
         0.8682953744811286,
         0.6957359479057299
      ]
   ],
   "mv_f1_micro": [
      0.954,
      1.0,
      0.98,
      0.98,
      0.994,
      0.976,
      0.986,
      0.992,
      0.972,
      1.0
   ],
   "mv_f1_macro": [
      0.953572891072891,
      1.0,
      0.9792185579514565,
      0.979514398852919,
      0.9939345769606748,
      0.9760037702374241,
      0.9857998902710837,
      0.9918554327679893,
      0.9720340785516943,
      1.0
   ],
   "mv_f1_weighted": [
      0.9540856879606879,
      1.0,
      0.9799286583201349,
      0.9799939845566586,
      0.994008662103339,
      0.9759963363507238,
      0.9860029371163391,
      0.9919925154508462,
      0.9719915499502085,
      1.0
   ],
   "ct_f1_micro": [
      0.966,
      1.0,
      0.986,
      0.99,
      0.996,
      0.99,
      0.994,
      0.994,
      0.988,
      1.0
   ],
   "ct_f1_macro": [
      0.9654008267793085,
      1.0,
      0.9857735686042494,
      0.9899901762483113,
      0.9958019460138104,
      0.9899492841356432,
      0.994143324385794,
      0.9937466276438643,
      0.988283160007298,
      1.0
   ],
   "ct_f1_weighted": [
      0.9660455869954279,
      1.0,
      0.9859899887127643,
      0.9900017622698035,
      0.9959974105461393,
      0.989987736780856,
      0.9939948894175697,
      0.9940019061844843,
      0.9879879365079365,
      1.0
   ],
   "em_f1_micro": [
      0.966,
      0.996,
      0.986,
      0.992,
      0.994,
      0.992,
      0.996,
      0.986,
      0.996,
      1.0
   ],
   "em_f1_macro": [
      0.9655855736694215,
      0.9960212576161805,
      0.9862269791787023,
      0.991852373641235,
      0.9939345769606748,
      0.9918438000911399,
      0.9962438632131368,
      0.9860066534204597,
      0.9958121330724069,
      1.0
   ],
   "em_f1_weighted": [
      0.9660203955074309,
      0.9959947933700084,
      0.9859981650331208,
      0.9920017622698035,
      0.994008662103339,
      0.9920050584602441,
      0.996,
      0.985970068353226,
      0.9960022700587083,
      1.0
   ],