{
   "worker_count": 13,
   "expertise_scores": [
      [
         0.745783915352363,
         0.5934890150537365,
         0.7739497272263183,
         0.56640156050479,
         0.8575385773204718,
         0.9716080674736971,
         0.5191773619420622,
         0.7166720444258701,
         0.8456709072757871,
         0.9707389408948084,
         0.8780451682799129,
         0.6971605540692112,
         0.6944634221889721
      ],
      [
         0.9784934468392943,
         0.9531631319605709,
         0.597901105933106,
         0.8438973644638978,
         0.5810102660602339,
         0.7641709126475813,
         0.7093726506756635,
         0.5985854507974736,
         0.8558359509010605,
         0.686703623661783,
         0.5543465415467627,
         0.5957297764098665,
         0.8683919939922468
      ],
      [
         0.5660944461805087,
         0.806966125529984,
         0.603982579937233,
         0.9588715957008089,
         0.6533903540373713,
         0.6926595521939747,
         0.6094197916174624,
         0.7458242120181147,
         0.8102111951051697,
         0.7530939435304957,
         0.7374149473276195,
         0.762908462583864,
         0.7344097073447577
      ],
      [
         0.8131579352117759,
         0.7773137652466364,
         0.7173403786073304,
         0.5773360419716965,
         0.9322022702768783,
         0.6159627104597093,
         0.7759231481282303,
         0.6912905704566205,
         0.7237768043725055,
         0.590708923336125,
         0.635021313430914,
         0.539269971717654,
         0.5479247868325641
      ],
      [
         0.9884023808206924,
         0.8496638408681094,
         0.7368046023157694,
         0.7463092439107546,
         0.924103002205894,
         0.9021720165032676,
         0.5964394961407091,
         0.93098027693993,
         0.7136423171499124,
         0.6163069064717295,
         0.8414246939136303,
         0.8207024280425468,
         0.6557196313710141
      ],
      [
         0.5315716357976588,
         0.5522795963702596,
         0.5709661132318005,
         0.9278080033648862,
         0.8466590956826368,
         0.546575195726176,
         0.7447787218581443,
         0.5425529991128504,
         0.6820243866888879,
         0.985782161634764,
         0.9778017277288904,
         0.726399212202533,
         0.7977906204228173
      ],
      [
         0.6926655993731137,
         0.9656167821001018,
         0.8165222868391631,
         0.7352562495982247,
         0.6083221649081665,
         0.7277183116724705,
         0.8138316595164587,
         0.5951206792777564,
         0.778668176724875,
         0.8887697694058745,
         0.9148243694878267,
         0.8158418952819724,
         0.5307244667555604
      ],
      [
         0.8073320927010718,
         0.6948204942122473,
         0.6534414701591518,
         0.8630153386358226,
         0.7549862276682429,
         0.5653102767207684,
         0.6212418530288739,
         0.9595375675168871,
         0.7123960903055981,
         0.9676882065814176,
         0.8604886876039275,
         0.6183436946321108,
         0.7400034846771674
      ],
      [
         0.5102253690342279,
         0.7759658913458822,
         0.6694454593484843,
         0.7756582835426824,
         0.6370431015709591,
         0.6741339577232028,
         0.7782062239230838,
         0.7221046603155233,
         0.7913568876244688,
         0.6821120357428325,
         0.6401784051483329,
         0.7687624667705706,
         0.739406414539743
      ],
      [
         0.6709564150968702,
         0.7213217662934146,
         0.6615919245486789,
         0.7642617328695006,
         0.5676737230889587,
         0.811757329527991,
         0.9889493748017484,
         0.659750709165215,
         0.9344725738389246,
         0.5712516731429687,
         0.8907166341436608,
         0.810081360626828,
         0.9690896776165261
      ]
   ],
   "mv_f1_micro": [
      0.998,
      0.994,
      0.994,
      0.972,
      1.0,
      0.998,
      0.998,
      1.0,
      0.99,
      0.998
   ],
   "mv_f1_macro": [
      0.9981220061206729,
      0.9937647039243593,
      0.9941717524552595,
      0.9715852212177613,
      1.0,
      0.9979023103992471,
      0.9979048570113863,
      1.0,
      0.9897512844188744,
      0.9979180923557364
   ],
   "mv_f1_weighted": [
      0.9980000317407416,
      0.9940166317656444,
      0.9940100419688814,
      0.9719722447102458,
      1.0,
      0.9979993726535773,
      0.9980005874232679,
      1.0,
      0.9899886059615978,
      0.9979993253077077
   ],
   "ct_f1_micro": [
      1.0,
      0.996,
      0.996,
      0.988,
      1.0,
      0.998,
      0.998,
      1.0,
      0.99,
      1.0
   ],
   "ct_f1_macro": [
      1.0,
      0.9958335205447749,
      0.9962433862433863,
      0.9878727254458469,
      1.0,
      0.9979023103992471,
      0.9979048570113863,
      1.0,
      0.9897512844188744,
      1.0
   ],
   "ct_f1_weighted": [
      1.0,
      0.99600804850684,
      0.9959996825396824,
      0.9879927738635416,
      1.0,
      0.9979993726535773,
      0.9980005874232679,
      1.0,
      0.9899886059615978,
      1.0
   ],
   "em_f1_micro": [
      1.0,
      0.996,
      0.994,
      0.988,
      1.0,
      1.0,
      0.998,
      1.0,
      0.988,
      1.0
   ],
   "em_f1_macro": [
      1.0,
      0.9958335205447749,
      0.9941642474026243,
      0.9876802807598656,
      1.0,
      1.0,
      0.9979048570113863,
      1.0,
      0.9878776053085444,
      1.0
   ],
   "em_f1_weighted": [
      1.0,
      0.99600804850684,
      0.9940003644006492,
      0.9879963741756129,
      1.0,
      1.0,
      0.9980005874232679,
      1.0,
      0.9879935639743928,
      1.0
   ],