{
   "worker_count": 18,
   "expertise_scores": [
      [
         0.5160396372492944,
         0.7774033427905797,
         0.7812620245467674,
         0.7052015916284268,
         0.9852100089673178,
         0.806942213225899,
         0.8250223599824997,
         0.9736416258686044,
         0.690063334797604,
         0.7227076898398677,
         0.5173251394546328,
         0.8646234629862535,
         0.5202616762266336,
         0.9685296896242928,
         0.9879371388009202,
         0.8135398540458652,
         0.6842211044373117,
         0.7851628819855122
      ],
      [
         0.7798307184998369,
         0.5331143800950149,
         0.7522837433944134,
         0.8117593210294158,
         0.7039497985605895,
         0.9598210797113744,
         0.7309118988951522,
         0.9113546691942261,
         0.6482990556820867,
         0.7955605471892133,
         0.5220530144947578,
         0.6687429750952558,
         0.9604508106312968,
         0.6627078066728977,
         0.8645122198482804,
         0.9270173807846418,
         0.5626029589096968,
         0.9625821808588694
      ],
      [
         0.7523630618260736,
         0.6178322313690677,
         0.9648321777776288,
         0.6764373340910588,
         0.5791258369018395,
         0.7926883353119798,
         0.6841413548040765,
         0.6398470927265628,
         0.6076148773595694,
         0.7078806633899649,
         0.9847456780279449,
         0.5645690518991996,
         0.7166852807824424,
         0.7847631720944255,
         0.6067540257381949,
         0.6858162289232649,
         0.7712892873285375,
         0.8947364657074933
      ],
      [
         0.661681480220486,
         0.7388150759613539,
         0.6951645166700884,
         0.9898337094115576,
         0.5135747277834743,
         0.5984697766300102,
         0.682687964203039,
         0.7298711792679398,
         0.9297326601393936,
         0.6060681065150136,
         0.6322519358093356,
         0.6777339074476249,
         0.9875718759154856,
         0.6361176015927944,
         0.7146718029926022,
         0.7821750705881886,
         0.9546508818781115,
         0.8419421877216192
      ],
      [
         0.6159542851736516,
         0.5394828629006917,
         0.9408854290771209,
         0.8175105332463202,
         0.8641585951013312,
         0.520988997890183,
         0.950745377788386,
         0.9717470453715813,
         0.679812793596392,
         0.5911115719201177,
         0.7745967692875451,
         0.6666486545220174,
         0.8060575771903409,
         0.5394431637204664,
         0.6907581521608143,
         0.8295458419322385,
         0.6230270437425924,
         0.6647291034189452
      ],
      [
         0.5709083013505645,
         0.8321949038689029,
         0.6313098287625245,
         0.7592575081712509,
         0.8369390623555267,
         0.5898089092726182,
         0.5310589520713695,
         0.9180978050663338,
         0.5428964358674906,
         0.9100166962886824,
         0.9261770618891894,
         0.6785174795455143,
         0.9648994176349316,
         0.7298978124328829,
         0.7441268281880767,
         0.6093479011246716,
         0.8284191927345965,
         0.9394424124424077
      ],
      [
         0.5780490056776227,
         0.5225942619704367,
         0.790961080769258,
         0.9134292510907595,
         0.6904608878097185,
         0.8970213088935024,
         0.9472161518570688,
         0.8298644985631098,
         0.7876452861100954,
         0.8891724021880225,
         0.7545296735052008,
         0.8185311948042129,
         0.7049710819676069,
         0.7091752505471313,
         0.9114141378022185,
         0.8741722613845876,
         0.6104826615883514,
         0.8935997871529289
      ],
      [
         0.7241437048014492,
         0.8628369915660058,
         0.5956001834938168,
         0.5280867085778203,
         0.9650035108400086,
         0.7343171738395649,
         0.9829707710757013,
         0.8499201429067598,
         0.9407458527430472,
         0.7890227402636909,
         0.7955297724742099,
         0.9524845894262253,
         0.5390618868079744,
         0.8902710953442304,
         0.871233648401494,
         0.744721294107563,
         0.7183502416220313,
         0.5123320915420815
      ],
      [
         0.6699616037582313,
         0.8763732765186014,
         0.958248365985557,
         0.5188985082872217,
         0.9463229292243449,
         0.9567646458893558,
         0.6274830519204638,
         0.9032967386591038,
         0.9739047242220884,
         0.8898163342368975,
         0.7349124443886954,
         0.8680003961320568,
         0.9327771167370127,
         0.6571514518544916,
         0.9290423081325838,
         0.5798293667612718,
         0.9729336199447542,
         0.727253135508025
      ],
      [
         0.5635349415998498,
         0.7201086315718717,
         0.9865896044412199,
         0.5804584206079222,
         0.6140395918499176,
         0.764426140139588,
         0.5576628711859828,
         0.8727689955032925,
         0.5202644141353546,
         0.5515819753666127,
         0.7158747324954888,
         0.7698755996644217,
         0.9604432288131499,
         0.9837331216740511,
         0.5518840619745459,
         0.5633401566646834,
         0.8236070231415415,
         0.8195523889402541
      ]
   ],
   "mv_f1_micro": [
      1.0,
      1.0,
      1.0,
      1.0,
      0.998,
      0.998,
      1.0,
      1.0,
      1.0,
      0.998
   ],
   "mv_f1_macro": [
      1.0,
      1.0,
      1.0,
      1.0,
      0.9979180923557364,
      0.9981220061206729,
      1.0,
      1.0,
      1.0,
      0.9981220061206729
   ],
   "mv_f1_weighted": [
      1.0,
      1.0,
      1.0,
      1.0,
      0.9979993253077077,
      0.9980000317407416,
      1.0,
      1.0,
      1.0,
      0.9980000317407416
   ],
   "ct_f1_micro": [
      1.0,
      1.0,
      1.0,
      1.0,
      1.0,
      1.0,
      1.0,
      1.0,
      1.0,
      1.0
   ],
   "ct_f1_macro": [
      1.0,
      1.0,
      1.0,
      1.0,
      1.0,
      1.0,
      1.0,
      1.0,
      1.0,
      1.0
   ],
   "ct_f1_weighted": [
      1.0,
      1.0,
      1.0,
      1.0,
      1.0,
      1.0,
      1.0,
      1.0,
      1.0,
      1.0
   ],
   "em_f1_micro": [
      1.0,
      1.0,
      1.0,
      1.0,
      1.0,
      1.0,
      1.0,
      1.0,
      1.0,
      1.0
   ],
   "em_f1_macro": [
      1.0,
      1.0,
      1.0,
      1.0,
      1.0,
      1.0,
      1.0,
      1.0,
      1.0,
      1.0
   ],
   "em_f1_weighted": [
      1.0,
      1.0,
      1.0,
      1.0,
      1.0,
      1.0,
      1.0,
      1.0,
      1.0,
      1.0
   ],