{
   "worker_count": 20,
   "expertise_scores": [
      [
         0.866520299992249,
         0.7417527987113723,
         0.6239196694646758,
         0.7626772353757547,
         0.540307310033917,
         0.5232241547314672,
         0.7621499185339914,
         0.9480937650955652,
         0.7976263398413255,
         0.734425834500147,
         0.8061319547250194,
         0.7749865494740439,
         0.9738181437642615,
         0.9578430846848773,
         0.8922192382437761,
         0.530997095048822,
         0.8073602566633425,
         0.7411989767791249,
         0.9354181896137904,
         0.673943957787731
      ],
      [
         0.7215914862379915,
         0.7946576459744217,
         0.5215760955587484,
         0.714924559556306,
         0.6644181564830488,
         0.5528570106071867,
         0.573262864787397,
         0.8482239378662952,
         0.7899435725409313,
         0.6175245625138588,
         0.6094386609296983,
         0.7029609131002352,
         0.7306522190362292,
         0.638549156663166,
         0.868359780725164,
         0.5242201989286892,
         0.875768027182369,
         0.6239285263526633,
         0.8430174607557842,
         0.724530797783725
      ],
      [
         0.5801336300234105,
         0.7237851870406157,
         0.7478970351712424,
         0.7764480401142682,
         0.7052168780530518,
         0.5874939413111216,
         0.920077543022578,
         0.6666445158387511,
         0.5324569315993479,
         0.9044364904529054,
         0.5665835214542377,
         0.7066078049920151,
         0.8025907836454305,
         0.7102638741402977,
         0.5392737140570926,
         0.9819780370008282,
         0.8711688612892801,
         0.7479455254559115,
         0.8128772773401647,
         0.8138970888821989
      ],
      [
         0.9306396821528995,
         0.9415407865183094,
         0.5882034070565378,
         0.5876766248700712,
         0.6311723781048426,
         0.6879477127144233,
         0.8839528885824868,
         0.6177879558809907,
         0.8513240786217865,
         0.9589998662602235,
         0.5447888434624011,
         0.5849110275642125,
         0.9706451860822056,
         0.6519627032872648,
         0.8466623547495509,
         0.6764505896774444,
         0.632219113077639,
         0.9854255903887807,
         0.5212442680077866,
         0.9124530851378005
      ],
      [
         0.9818608735357861,
         0.7777500434014897,
         0.8026297104000639,
         0.8749222571614254,
         0.5896032895819839,
         0.6902949870691784,
         0.8540154764305146,
         0.9298535641245991,
         0.6865676990807132,
         0.8059519438261687,
         0.7854710188208243,
         0.5425942228790742,
         0.7253383400072144,
         0.5930958991747741,
         0.9562386196882762,
         0.9647278531594901,
         0.6438191544515677,
         0.7078290789002833,
         0.6693518114601033,
         0.8367450862259402
      ],
      [
         0.9233789692893892,
         0.5310796697259023,
         0.5919577143823933,
         0.8679357830424097,
         0.8782497240292662,
         0.8790560153432547,
         0.6326251359938413,
         0.6786897949193125,
         0.9371461985644995,
         0.8940105068908408,
         0.6018027349841635,
         0.6533010280335183,
         0.8116257171335239,
         0.7105744692362004,
         0.5739497379252494,
         0.5766171059339225,
         0.7620544811676419,
         0.8568790705162468,
         0.8235983386315375,
         0.7088966100863392
      ],
      [
         0.8589779423915129,
         0.7919357127835945,
         0.6934174232285776,
         0.6821589565728237,
         0.6514309262029232,
         0.8566803376813245,
         0.7111429364578018,
         0.8050626695320002,
         0.8560353747712284,
         0.857823889016712,
         0.7200758885735006,
         0.8926854121186167,
         0.9455715613648868,
         0.6005886605716727,
         0.858880544355608,
         0.5326976920015696,
         0.730319287612152,
         0.8152266048754906,
         0.935278899321742,
         0.5558588511328153
      ],
      [
         0.6945601549192616,
         0.6680513951032069,
         0.7147956292546053,
         0.6737773955662275,
         0.7165682906396805,
         0.6893801638216988,
         0.7564069007643481,
         0.6365532931354831,
         0.7720011459885239,
         0.5356530059917274,
         0.8250081486011334,
         0.8601963428890296,
         0.9096971557073741,
         0.8944765818180532,
         0.5679357891067812,
         0.5711141747961602,
         0.8933608543644067,
         0.8693689919097298,
         0.6191549120598698,
         0.7234651247884801
      ],
      [
         0.6371528816124626,
         0.8370441820377821,
         0.71902776104086,
         0.5495489381247749,
         0.7030407256195602,
         0.8896979820674231,
         0.8559535928776123,
         0.6918070563962428,
         0.657160647114696,
         0.5279581289397624,
         0.9073376026810223,
         0.8215911170583887,
         0.9789645802823634,
         0.8500132998264645,
         0.6352485085000219,
         0.6583240009003908,
         0.6571344693425628,
         0.8287377874767525,
         0.60086198103434,
         0.7530871699643741
      ],
      [
         0.551866936594127,
         0.8478138787005328,
         0.5972780111832859,
         0.7374347469181356,
         0.7937727063888214,
         0.5290705137960957,
         0.9166437628027215,
         0.752593642484561,
         0.622097740703726,
         0.7084931825241465,
         0.9637608065160654,
         0.7318120938846032,
         0.5645367028397452,
         0.8668761345668892,
         0.5265655309446404,
         0.8261000804474359,
         0.7375054572684129,
         0.9628004230474441,
         0.572425766194586,
         0.9797282190598362
      ]
   ],
   "mv_f1_micro": [
      1.0,
      0.998,
      1.0,
      1.0,
      1.0,
      1.0,
      1.0,
      1.0,
      1.0,
      1.0
   ],
   "mv_f1_macro": [
      1.0,
      0.9981220061206729,
      1.0,
      1.0,
      1.0,
      1.0,
      1.0,
      1.0,
      1.0,
      1.0
   ],
   "mv_f1_weighted": [
      1.0,
      0.9980000317407416,
      1.0,
      1.0,
      1.0,
      1.0,
      1.0,
      1.0,
      1.0,
      1.0
   ],
   "ct_f1_micro": [
      1.0,
      0.998,
      1.0,
      1.0,
      1.0,
      1.0,
      1.0,
      1.0,
      1.0,
      1.0
   ],
   "ct_f1_macro": [
      1.0,
      0.9981220061206729,
      1.0,
      1.0,
      1.0,
      1.0,
      1.0,
      1.0,
      1.0,
      1.0
   ],
   "ct_f1_weighted": [
      1.0,
      0.9980000317407416,
      1.0,
      1.0,
      1.0,
      1.0,
      1.0,
      1.0,
      1.0,
      1.0
   ],
   "em_f1_micro": [
      1.0,
      0.998,
      1.0,
      1.0,
      1.0,
      1.0,
      1.0,
      1.0,
      1.0,
      1.0
   ],
   "em_f1_macro": [
      1.0,
      0.9981220061206729,
      1.0,
      1.0,
      1.0,
      1.0,
      1.0,
      1.0,
      1.0,
      1.0
   ],
   "em_f1_weighted": [
      1.0,
      0.9980000317407416,
      1.0,
      1.0,
      1.0,
      1.0,
      1.0,
      1.0,
      1.0,
      1.0
   ],