{
   "worker_count": 8,
   "expertise_scores": [
      [
         0.8462744153801431,
         0.8601827723538679,
         0.606785355626232,
         0.7045025406035494,
         0.9273572367690593,
         0.7681080524281262,
         0.7601811125380573,
         0.8249655613275688
      ],
      [
         0.6194268534229498,
         0.5470510843604015,
         0.9727322744187266,
         0.8622180994654258,
         0.5655117364842097,
         0.9167407336600333,
         0.5114798152691625,
         0.6767601470106034
      ],
      [
         0.9165231530648736,
         0.9764707571849238,
         0.8094164767172726,
         0.6248258021836355,
         0.7806215341093945,
         0.7256282486668122,
         0.7912223967108807,
         0.5258069703309225
      ],
      [
         0.7511612830593901,
         0.5550258879537565,
         0.8080066680820619,
         0.6862419956376683,
         0.6104092888799106,
         0.6569111565258133,
         0.8319585869926115,
         0.6510597476378662
      ],
      [
         0.8434434161814502,
         0.8192734273999496,
         0.696034991022614,
         0.8790835968590784,
         0.6387355941960462,
         0.5296678079435317,
         0.8485435654098248,
         0.9223817132845323
      ],
      [
         0.8054024336131597,
         0.5476472167569093,
         0.6734008267158451,
         0.9428521262210838,
         0.9338003801150615,
         0.9493388754929517,
         0.581513641283049,
         0.8370742525679139
      ],
      [
         0.6985386364707934,
         0.5147802069746837,
         0.8070515196710364,
         0.6128916753732779,
         0.7691213870773574,
         0.8708893150321382,
         0.8120355495628953,
         0.7161280528955863
      ],
      [
         0.7729460052234851,
         0.857187939796042,
         0.7722909590324881,
         0.6505777313109924,
         0.9618797779599758,
         0.8662856574827116,
         0.5480124607754087,
         0.6815336899902484
      ],
      [
         0.8351772446295788,
         0.8104535704754183,
         0.9070672548182779,
         0.9651331213277063,
         0.6700126827697476,
         0.8606247156644595,
         0.7011673251502919,
         0.6373543117257349
      ],
      [
         0.6469370684988354,
         0.9652542271829624,
         0.6251414003121101,
         0.60060204194427,
         0.8693385067374515,
         0.6287024543783526,
         0.7555626186751329,
         0.6958926830676466
      ]
   ],
   "mv_f1_micro": [
      1.0,
      0.994,
      0.998,
      0.992,
      1.0,
      1.0,
      0.996,
      0.998,
      0.998,
      0.998
   ],
   "mv_f1_macro": [
      1.0,
      0.9937602543068088,
      0.9980081753994798,
      0.9921521552929727,
      1.0,
      1.0,
      0.9960775830989979,
      0.9980387915494989,
      0.9980099502487562,
      0.9977928539122569
   ],
   "mv_f1_weighted": [
      1.0,
      0.9939621103363413,
      0.9979991081382387,
      0.9920259676296015,
      1.0,
      1.0,
      0.9959991347609777,
      0.9979995673804888,
      0.998,
      0.9980032564450474
   ],
   "ct_f1_micro": [
      0.998,
      1.0,
      0.998,
      0.998,
      1.0,
      1.0,
      1.0,
      1.0,
      0.998,
      1.0
   ],
   "ct_f1_macro": [
      0.9980081753994798,
      1.0,
      0.9980081753994798,
      0.9980387915494989,
      1.0,
      1.0,
      1.0,
      1.0,
      0.9980099502487562,
      1.0
   ],
   "ct_f1_weighted": [
      0.9979991081382387,
      1.0,
      0.9979991081382387,
      0.9979995673804889,
      1.0,
      1.0,
      1.0,
      1.0,
      0.998,
      1.0
   ],
   "em_f1_micro": [
      0.998,
      0.996,
      0.998,
      0.988,
      1.0,
      1.0,
      0.998,
      0.998,
      0.998,
      0.998
   ],
   "em_f1_macro": [
      0.9980081753994798,
      0.996018125648236,
      0.9980081753994798,
      0.9878909810537001,
      1.0,
      1.0,
      0.9980387915494989,
      0.9980387915494989,
      0.9980099502487562,
      0.9977928539122569
   ],
   "em_f1_weighted": [
      0.9979991081382387,
      0.9959991081382386,
      0.9979991081382387,
      0.9879658461293194,
      1.0,
      1.0,
      0.9979995673804889,
      0.9979995673804888,
      0.998,
      0.9980032564450474
   ]
}