{
   "worker_count": 18,
   "expertise_scores": [
      [
         0.8512336948916298,
         0.6871408723411333,
         0.6355018130055337,
         0.8876317009607981,
         0.8865846001247173,
         0.5756557590203091,
         0.8041910709997112,
         0.6230201151227376,
         0.8092115115327074,
         0.8688832338857613,
         0.7241304192241633,
         0.8191109356652803,
         0.9809291245085685,
         0.5564084639366434,
         0.8668902497714378,
         0.7034767915167447,
         0.8341089047964456,
         0.668610221625328
      ],
      [
         0.5565996943019145,
         0.8207681341141233,
         0.7670533509568738,
         0.9083012747711534,
         0.516974096252023,
         0.7530636392882724,
         0.7938271956887286,
         0.5893363385358561,
         0.9186315800503144,
         0.5978220228924574,
         0.921708345739644,
         0.8974931620748161,
         0.7905117240049317,
         0.69300906558509,
         0.6540531174686987,
         0.5283872696130216,
         0.8713540222584776,
         0.8284971952408293
      ],
      [
         0.625957835289494,
         0.8544751001070017,
         0.901409643611599,
         0.577887482976223,
         0.9012997107223985,
         0.9111712555348841,
         0.7540024895141229,
         0.931915586713059,
         0.9725628947847009,
         0.9055796258573839,
         0.8116802403398657,
         0.7097047672980025,
         0.8857732164551705,
         0.5694979936043848,
         0.9885058453544525,
         0.9394552736961299,
         0.839969776182832,
         0.744465156169736
      ],
      [
         0.9651139906097272,
         0.7093094655351602,
         0.9687608051757134,
         0.9189215455242811,
         0.7093778926049975,
         0.6724803941043601,
         0.654073650789514,
         0.9614378853258119,
         0.5709797337962963,
         0.6670705569245615,
         0.986171087050798,
         0.8165222319670551,
         0.7524824796580215,
         0.7997117440516744,
         0.7983073764079753,
         0.7527873929906032,
         0.9789261876863419,
         0.9369643557264393
      ],
      [
         0.9291659133592707,
         0.8102074058962765,
         0.5246570373925477,
         0.7875401397688906,
         0.7810007891499386,
         0.9258304282770748,
         0.8177952808658941,
         0.7885316650799777,
         0.5229303589174112,
         0.7670939209758579,
         0.7584677207097726,
         0.5317440821160864,
         0.772443914423811,
         0.9877780642937228,
         0.6385504992915911,
         0.5302613666031751,
         0.5934225642097856,
         0.8148565262731018
      ],
      [
         0.8081732532224856,
         0.868596232046188,
         0.7993326798026468,
         0.7648363233105357,
         0.8880220224068822,
         0.8901835877622293,
         0.8818850833114837,
         0.6266449236969669,
         0.7167944920068712,
         0.7135838147212251,
         0.725252939786896,
         0.7246991756496625,
         0.6249615795619926,
         0.5163187622317162,
         0.5525352328394963,
         0.7604031209314859,
         0.6520683215949569,
         0.5776548338795849
      ],
      [
         0.6399551310253713,
         0.9450775195463367,
         0.9664055039438464,
         0.7802087492444236,
         0.5602471986285922,
         0.9589885829829718,
         0.9295095639220508,
         0.941678088343657,
         0.7561147338140451,
         0.8750554714066132,
         0.9688898953918237,
         0.5814057206933155,
         0.7692866650139489,
         0.6257918990157879,
         0.5392438190451665,
         0.7011115657882749,
         0.5533972927837287,
         0.796818566869361
      ],
      [
         0.6479381068725923,
         0.8668921309556747,
         0.7566842042748732,
         0.590379450701727,
         0.753317612770434,
         0.7199278220513899,
         0.7766006241798533,
         0.8669981029301135,
         0.6635912482866803,
         0.6799494518182012,
         0.8272513859533981,
         0.7989694911958347,
         0.693803731262841,
         0.5259963360687341,
         0.6072499404644925,
         0.8115734892661814,
         0.9102391822152927,
         0.6643440035484418
      ],
      [
         0.8180852972200003,
         0.5448705243643523,
         0.5586421329891071,
         0.6716367715661069,
         0.9354755691562686,
         0.6878471504498783,
         0.8894086910483384,
         0.6530973035451868,
         0.8408400796832302,
         0.6655345302006391,
         0.7001592009873223,
         0.8187598100170185,
         0.9355816107111583,
         0.8478178282634661,
         0.8219909943531415,
         0.9890055217199686,
         0.7964009221556035,
         0.7871648537403404
      ],
      [
         0.8374694991495464,
         0.9053678506191092,
         0.984731511712362,
         0.6844228257759881,
         0.5940085892379661,
         0.6302722858302423,
         0.8828535278002985,
         0.7064060356498095,
         0.7371971442658709,
         0.5656671684831094,
         0.5187490617562117,
         0.8939708796058344,
         0.5372624201124974,
         0.8444316196594144,
         0.9655628533811836,
         0.9686919904626887,
         0.5533161749101728,
         0.5181453828598355
      ]
   ],
   "mv_f1_micro": [
      1.0,
      1.0,
      1.0,
      1.0,
      1.0,
      1.0,
      1.0,
      1.0,
      1.0,
      1.0
   ],
   "mv_f1_macro": [
      1.0,
      1.0,
      1.0,
      1.0,
      1.0,
      1.0,
      1.0,
      1.0,
      1.0,
      1.0
   ],
   "mv_f1_weighted": [
      1.0,
      1.0,
      1.0,
      1.0,
      1.0,
      1.0,
      1.0,
      1.0,
      1.0,
      1.0
   ],
   "ct_f1_micro": [
      1.0,
      1.0,
      1.0,
      1.0,
      1.0,
      1.0,
      1.0,
      1.0,
      1.0,
      1.0
   ],
   "ct_f1_macro": [
      1.0,
      1.0,
      1.0,
      1.0,
      1.0,
      1.0,
      1.0,
      1.0,
      1.0,
      1.0
   ],
   "ct_f1_weighted": [
      1.0,
      1.0,
      1.0,
      1.0,
      1.0,
      1.0,
      1.0,
      1.0,
      1.0,
      1.0
   ],
   "em_f1_micro": [
      1.0,
      1.0,
      1.0,
      1.0,
      1.0,
      1.0,
      1.0,
      1.0,
      1.0,
      1.0
   ],
   "em_f1_macro": [
      1.0,
      1.0,
      1.0,
      1.0,
      1.0,
      1.0,
      1.0,
      1.0,
      1.0,
      1.0
   ],
   "em_f1_weighted": [
      1.0,
      1.0,
      1.0,
      1.0,
      1.0,
      1.0,
      1.0,
      1.0,
      1.0,
      1.0
   ]
}