{
   "worker_count": 30,
   "expertise_scores": [
      [
         0.5769293646071505,
         0.9609122593354571,
         0.7594496521324849,
         0.7454550618227732,
         0.6870717071241481,
         0.6491726363615954,
         0.6569237672945609,
         0.5151905101347085,
         0.8961163409389588,
         0.6444175090740417,
         0.7378056219731346,
         0.6482635399071845,
         0.9377680198596903,
         0.9299432599229099,
         0.525243630723663,
         0.7022821311721517,
         0.8674001860961607,
         0.7625253200405457,
         0.7474803428925004,
         0.7989781221732908,
         0.8742286469838942,
         0.5757400012969578,
         0.8917358904670649,
         0.8530371775991085,
         0.8743659302337458,
         0.5482996614034189,
         0.6572591594822885,
         0.8917096392872195,
         0.5471794740862556,
         0.7235069497886788
      ],
      [
         0.6048709455242284,
         0.6071936166132639,
         0.7716882677653093,
         0.8427298080331868,
         0.5689094484006276,
         0.5372649552784773,
         0.6020881253210846,
         0.6450154311707759,
         0.759784011369048,
         0.7136508403825527,
         0.5537054835714291,
         0.981354487826992,
         0.6204310742520524,
         0.514008126644213,
         0.8944535492796986,
         0.8078067589855507,
         0.5365960364334248,
         0.5587456679538451,
         0.922886773110324,
         0.5902132026245573,
         0.8063201756129388,
         0.9878754120106649,
         0.9448419109636877,
         0.8384718619206135,
         0.5838954734705385,
         0.8366498310055039,
         0.6520990424938897,
         0.9388021829331257,
         0.565671699302942,
         0.8377906111270578
      ],
      [
         0.7225975408100975,
         0.9136376834153321,
         0.9013343313146608,
         0.6412939791428602,
         0.8310106665510684,
         0.903063173381962,
         0.624141819213382,
         0.9720861234070941,
         0.5548776197973763,
         0.8999035303201357,
         0.8241289782393959,
         0.9079262490453021,
         0.5133530426756124,
         0.7268932504843115,
         0.7598219636050696,
         0.8065867923814314,
         0.7767318895393596,
         0.5549463023647541,
         0.641588393696247,
         0.8589109475532553,
         0.8997996112731443,
         0.6100188198454728,
         0.8888969476471003,
         0.7549462344939412,
         0.9877322883279268,
         0.5977042031955889,
         0.7673446048948955,
         0.8517628802403125,
         0.7910179201441588,
         0.9481973255627038
      ],
      [
         0.5834049877217593,
         0.6585241542091635,
         0.735227264450182,
         0.7934631557431043,
         0.9080782185813328,
         0.8517004111801805,
         0.7078736338654454,
         0.6521918310984326,
         0.5613316922889454,
         0.7327232492914448,
         0.7318374908578731,
         0.5934448882913392,
         0.9017356273352627,
         0.5236119282023206,
         0.8984313398764251,
         0.7926789449852392,
         0.6011681459717139,
         0.5691508561864296,
         0.7130550984889124,
         0.6468741148517549,
         0.6682717208160583,
         0.8471992515455649,
         0.686076247366993,
         0.9521273225299371,
         0.9730724441691412,
         0.6599670001909919,
         0.9570057187233925,
         0.5208923560206219,
         0.8832150349213952,
         0.759475388508079
      ],
      [
         0.9485005514588741,
         0.6025788604212341,
         0.5963511574450763,
         0.8359014752758868,
         0.9779601671010012,
         0.9156319654280363,
         0.897090202748362,
         0.5904986795769029,
         0.9894577295050899,
         0.8380298347127954,
         0.9742611038740363,
         0.938348359078384,
         0.9394833762855012,
         0.7232752002778624,
         0.6048289393197838,
         0.9292443329977846,
         0.9707979190026422,
         0.9668247024362031,
         0.7979668698439848,
         0.8864330990407281,
         0.8141283191626183,
         0.7099139159996859,
         0.6135171409164148,
         0.5494728615065958,
         0.7451252252915823,
         0.7323352298000521,
         0.958037439085922,
         0.9485485215472567,
         0.946711084334053,
         0.6358265438793286
      ],
      [
         0.8088892109739534,
         0.5857421970334808,
         0.521212603564646,
         0.7937429408994293,
         0.9403333400234911,
         0.5746734237481121,
         0.9898411721596196,
         0.96478098735509,
         0.6067803423741417,
         0.8802961663920059,
         0.6053592650467285,
         0.8363606818481768,
         0.7975707780969503,
         0.526282382456892,
         0.762101241774706,
         0.7944328245974706,
         0.693887932129237,
         0.8825891538738055,
         0.9738833072417123,
         0.9845676338660524,
         0.8061757252586559,
         0.8339868995134252,
         0.9210252580547633,
         0.9370320697650171,
         0.889497986293506,
         0.6249162919818008,
         0.7915170579706086,
         0.5799364951429334,
         0.6415983877417684,
         0.6550702335665054
      ],
      [
         0.563717118025765,
         0.7867653558490766,
         0.8192504618362426,
         0.555741900244454,
         0.563383388511832,
         0.797053773640686,
         0.9877498396552792,
         0.7198705100485763,
         0.6514986123006407,
         0.551966880171994,
         0.834402367442721,
         0.907221284620414,
         0.7740167345979259,
         0.9540488427472393,
         0.5754273773065659,
         0.5505015256553321,
         0.7412241072634469,
         0.60555646756864,
         0.5691705325987224,
         0.6990180523795166,
         0.912653804217015,
         0.6593118336839747,
         0.9266084960789654,
         0.5818148659791175,
         0.5682948928399155,
         0.7806791126672048,
         0.6227954499238497,
         0.8503399934793294,
         0.8703117161105116,
         0.5126691118659363
      ],
      [
         0.7065685602266767,
         0.7876954963081091,
         0.9194390406717148,
         0.9831207699388685,
         0.8827205578170885,
         0.8785110117951553,
         0.9580368408885891,
         0.788127249171534,
         0.8104612225159926,
         0.6812780636170358,
         0.7448288800190775,
         0.774491710599523,
         0.5301196450247195,
         0.6788979033751424,
         0.5947502791300188,
         0.9135489239073741,
         0.6316611886108645,
         0.854758229602786,
         0.6806725332587482,
         0.7943363376008283,
         0.8826607566067591,
         0.650285119441358,
         0.878486396654964,
         0.8915114444142707,
         0.6862630641842719,
         0.9202672200011317,
         0.8677423272958112,
         0.6911834872269342,
         0.5485452228882826,
         0.8918502225980951
      ],
      [
         0.7062978335505768,
         0.5692222186583057,
         0.6673412007908859,
         0.7699637441344269,
         0.7158547368266297,
         0.7240308890741478,
         0.9777556033762942,
         0.6032899062950803,
         0.9494452839753793,
         0.8775373551476733,
         0.5133806902396338,
         0.8254276823856357,
         0.897988351190402,
         0.6856898051596969,
         0.6155296680308956,
         0.6088105166789742,
         0.8750023993999954,
         0.9250897041725386,
         0.9467165454082692,
         0.8752527775817782,
         0.5427766888047343,
         0.5731213502695364,
         0.634186023878076,
         0.8635606901755022,
         0.9643834363455119,
         0.9847036462771062,
         0.6414723638992494,
         0.8508071567438966,
         0.8103023761234465,
         0.9264194970164557
      ],
      [
