{
   "worker_count": 10,
   "expertise_scores": [
      [
         0.7758864813049161,
         0.8020370479523915,
         0.9410292724874711,
         0.6712181876909932,
         0.9073288917294806,
         0.8886959798891058,
         0.7236032566092979,
         0.7467077520847318,
         0.7504499868403631,
         0.9158792376479412
      ],
      [
         0.7087890970139339,
         0.9055087902854533,
         0.8929574442019299,
         0.8213914851963491,
         0.9744906838276094,
         0.609720532699599,
         0.5758270177101337,
         0.8142651951824318,
         0.7021803480755331,
         0.9814689438903459
      ],
      [
         0.9017778190594348,
         0.7425478538365621,
         0.7694646792011155,
         0.9299621615273868,
         0.8828352104758841,
         0.9192096425119993,
         0.5300922273259433,
         0.5208487438036039,
         0.9860241478251941,
         0.6619916919788822
      ],
      [
         0.6450574635575352,
         0.5610407117434675,
         0.7702837018016679,
         0.8254639709032587,
         0.9851172570430714,
         0.7300278073120947,
         0.6847957354091601,
         0.5947663327804191,
         0.8348680687220302,
         0.8817845863811347
      ],
      [
         0.6437301787985481,
         0.7256201315795564,
         0.9049920102636022,
         0.5494286068413882,
         0.8588925584405991,
         0.5213884800966786,
         0.5820171731476881,
         0.8590599620630468,
         0.5449586327507969,
         0.9545051890486387
      ],
      [
         0.795177607495811,
         0.6831264778118469,
         0.6018805239117808,
         0.8808047794333396,
         0.8809900798609211,
         0.6057830523526766,
         0.8114974003435877,
         0.6804685658460278,
         0.7908395213628784,
         0.9426466944767264
      ],
      [
         0.8512949548313977,
         0.7795531481390872,
         0.6551010964672472,
         0.9797500863560046,
         0.9681601248316659,
         0.7616638148895963,
         0.9401678045549051,
         0.7203571993869244,
         0.8214400200626586,
         0.6402548618629795
      ],
      [
         0.6293881191395065,
         0.8019308566107538,
         0.6522451496418914,
         0.5161977277742777,
         0.5617425546797837,
         0.5434037140419591,
         0.9252321450156278,
         0.6626616940841659,
         0.7090847114491703,
         0.5975003164719559
      ],
      [
         0.7095249091926293,
         0.7398239963128808,
         0.6660429784476791,
         0.6661772485616143,
         0.7593686980158223,
         0.7845429074712946,
         0.5674453527202697,
         0.7014108613364343,
         0.6349747200538237,
         0.9262498236550494
      ],
      [
         0.5197096632480022,
         0.9837087040861969,
         0.8645700947440127,
         0.7584270848912404,
         0.8157174810195358,
         0.7683000876962089,
         0.9868532923601661,
         0.8021260341769016,
         0.7031154613366012,
         0.8209617248676331
      ]
   ],
   "mv_f1_micro": [
      1.0,
      1.0,
      1.0,
      1.0,
      1.0,
      1.0,
      1.0,
      0.998,
      0.998,
      1.0
   ],
   "mv_f1_macro": [
      1.0,
      1.0,
      1.0,
      1.0,
      1.0,
      1.0,
      1.0,
      0.9980387915494989,
      0.9980387915494989,
      1.0
   ],
   "mv_f1_weighted": [
      1.0,
      1.0,
      1.0,
      1.0,
      1.0,
      1.0,
      1.0,
      0.9979995673804888,
      0.9979995673804889,
      1.0
   ],
   "ct_f1_micro": [
      1.0,
      1.0,
      1.0,
      1.0,
      1.0,
      1.0,
      1.0,
      0.996,
      0.998,
      1.0
   ],
   "ct_f1_macro": [
      1.0,
      1.0,
      1.0,
      1.0,
      1.0,
      1.0,
      1.0,
      0.9960780072357733,
      0.9980387915494989,
      1.0
   ],
   "ct_f1_weighted": [
      1.0,
      1.0,
      1.0,
      1.0,
      1.0,
      1.0,
      1.0,
      0.9959995673804889,
      0.9979995673804889,
      1.0
   ],
   "em_f1_micro": [
      1.0,
      1.0,
      1.0,
      1.0,
      1.0,
      1.0,
      1.0,
      0.994,
      0.998,
      1.0
   ],
   "em_f1_macro": [
      1.0,
      1.0,
      1.0,
      1.0,
      1.0,
      1.0,
      1.0,
      0.9941163746484966,
      0.9980387915494989,
      1.0
   ],
   "em_f1_weighted": [
      1.0,
      1.0,
      1.0,
      1.0,
      1.0,
      1.0,
      1.0,
      0.9939987021414666,
      0.9979995673804889,
      1.0
   ]
}