{
   "worker_count": 5,
   "expertise_scores": [
      [
         0.7260901074869303,
         0.6717715610535661,
         0.7043789940666683,
         0.708565851558397,
         0.931685037438488
      ],
      [
         0.8612631355352047,
         0.9713099606492306,
         0.5460819167928797,
         0.8417773441054973,
         0.7881149200818651
      ],
      [
         0.7962728837630553,
         0.9327749645737446,
         0.7595447640021753,
         0.855635623355908,
         0.7895086373155249
      ],
      [
         0.5649128913994399,
         0.8640434164007883,
         0.6688460956321731,
         0.9827279500454998,
         0.6626389579117004
      ],
      [
         0.615335221955635,
         0.9091077524758158,
         0.6318052820164177,
         0.8616807940492692,
         0.8024302877867526
      ],
      [
         0.8502801908707253,
         0.8610327531566788,
         0.7139647282326966,
         0.7804760868227791,
         0.9778052725786112
      ],
      [
         0.5315599849959161,
         0.7674984864025386,
         0.9308942723719581,
         0.5766282043674493,
         0.7268179828712096
      ],
      [
         0.882506559672293,
         0.731931818343831,
         0.7301604461036617,
         0.8695730334210732,
         0.6311347870969354
      ],
      [
         0.712861723572875,
         0.8104515326957501,
         0.5683874811039563,
         0.7077384301183316,
         0.6057589479828837
      ],
      [
         0.6779569698514545,
         0.9266530888934377,
         0.5361687161317439,
         0.7728107321522486,
         0.6877135645734327
      ]
   ],
   "mv_f1_micro": [
      0.978,
      0.994,
      0.994,
      0.986,
      0.994,
      0.994,
      0.964,
      0.988,
      0.954,
      0.984
   ],
   "mv_f1_macro": [
      0.9776679826908385,
      0.9940849863237922,
      0.9940569171977349,
      0.9861837059760487,
      0.9940861826352532,
      0.9938708611480302,
      0.9640632972948378,
      0.9878980899578679,
      0.954042425958624,
      0.9840048971825613
   ],
   "mv_f1_weighted": [
      0.977944462321693,
      0.9939965367965368,
      0.9939688247724588,
      0.9859679861561755,
      0.9939986755187274,
      0.9940028238255364,
      0.9639825252657026,
      0.9879712032721768,
      0.9540055939012924,
      0.9840414968158776
   ],
   "ct_f1_micro": [
      0.982,
      0.998,
      1.0,
      0.998,
      0.996,
      0.998,
      0.98,
      0.992,
      0.958,
      0.998
   ],
   "ct_f1_macro": [
      0.981435977091976,
      0.9980099502487562,
      1.0,
      0.9980387915494989,
      0.9960775830989977,
      0.9980387915494989,
      0.9801517971489473,
      0.9918200827220945,
      0.9581787715172699,
      0.9980387915494989
   ],
   "ct_f1_weighted": [
      0.9820091308159855,
      0.998,
      1.0,
      0.9979995673804888,
      0.9959991347609777,
      0.9979995673804889,
      0.9800488347815908,
      0.9919716358916878,
      0.9582209367673815,
      0.9979995673804889
   ],
   "em_f1_micro": [
      0.984,
      0.994,
      1.0,
      0.996,
      0.986,
      0.996,
      0.974,
      0.994,
      0.954,
      0.988
   ],
   "em_f1_macro": [
      0.9836818311363742,
      0.9940263010477158,
      1.0,
      0.9960775830989979,
      0.9862952483550261,
      0.9960775830989979,
      0.9744168794098176,
      0.9938114434415536,
      0.9543642382262966,
      0.988129690717809
   ],
   "em_f1_weighted": [
      0.9839952123152641,
      0.9939982162764772,
      1.0,
      0.9959991347609778,
      0.9860519225528959,
      0.9959991347609777,
      0.9739947692368198,
      0.9940028238255363,
      0.9541037868455976,
      0.9879547845321651
   ]
}