{
   "worker_count": 20,
   "expertise_scores": [
      [
         0.7554805301470817,
         0.6149864634983,
         0.6776711123880221,
         0.6673867854931821,
         0.8705497984047075,
         0.8584996187122146,
         0.8094563053463482,
         0.8031119530244388,
         0.606393610258876,
         0.9607972604722561,
         0.7564663038339864,
         0.7346751612949521,
         0.7960750907121205,
         0.6954835386279203,
         0.538116010316597,
         0.7031486458384852,
         0.6575383805414718,
         0.8560862588475614,
         0.9078834443719325,
         0.8578409914051235
      ],
      [
         0.9667471901399644,
         0.8079135779244555,
         0.5553687873407612,
         0.8251684042386873,
         0.6235731133799971,
         0.9439487150622505,
         0.6628565201337024,
         0.6347358958406162,
         0.7902475489818568,
         0.6695226040854312,
         0.6407989913073524,
         0.7152730619964064,
         0.9153487667886324,
         0.5786780761498749,
         0.98174270445118,
         0.9338087943899531,
         0.8821768104109163,
         0.9519486112188578,
         0.9326119733084826,
         0.9054068608514572
      ],
      [
         0.5489654738917245,
         0.5766186073876898,
         0.5125790459481854,
         0.8060396708144056,
         0.6671678660523817,
         0.8843948204656673,
         0.5688112374226976,
         0.6995451377350378,
         0.717470077508585,
         0.804159646846978,
         0.9077739361832003,
         0.9011589457258051,
         0.8172952748192286,
         0.9390277310905297,
         0.6898848872268324,
         0.6518298315432121,
         0.979264117870676,
         0.5540762574722977,
         0.7003229053279925,
         0.9761224324714424
      ],
      [
         0.9101915214005604,
         0.5672134055786304,
         0.5806960548899247,
         0.78956228837335,
         0.7381881581881695,
         0.6318747603368755,
         0.9359886957396403,
         0.6595527532054701,
         0.9277780573629115,
         0.6726553780198002,
         0.7764584514118036,
         0.9155831945090525,
         0.513904706407329,
         0.533392137146706,
         0.6285664617350409,
         0.9190733978633845,
         0.5326486792815146,
         0.8893876430424451,
         0.9825328787208705,
         0.5729151687744322
      ],
      [
         0.5372762018756198,
         0.5545068943315831,
         0.5389282837692667,
         0.6327886662154428,
         0.7450570324857483,
         0.6468474691177248,
         0.5870928589226176,
         0.9866301372379553,
         0.7301926543341458,
         0.8653350569437892,
         0.7993257482053064,
         0.6829973872462565,
         0.8829414234382614,
         0.8628472012749577,
         0.9695229876015112,
         0.8173506370450294,
         0.8200247656590278,
         0.5220060537733505,
         0.7035379583916851,
         0.9277925485153045
      ],
      [
         0.8835371584438857,
         0.5709577338154596,
         0.5564342272399607,
         0.7940385956902617,
         0.8051152955184457,
         0.7967821940079083,
         0.5901116601212583,
         0.6592292951202585,
         0.824028331525588,
         0.5791097429258485,
         0.8603676802418696,
         0.6373159242421897,
         0.5373446290944324,
         0.6039092983586909,
         0.8467986028519408,
         0.5147403718054886,
         0.8670273710065299,
         0.7315655343882462,
         0.9844082839727385,
         0.9536242969717443
      ],
      [
         0.5195164129257889,
         0.5366844815881675,
         0.9148845932174041,
         0.6081539674158332,
         0.6560298340824937,
         0.9563111598828257,
         0.9065251072930515,
         0.5448072203520833,
         0.5194829786791982,
         0.5274187043374533,
         0.8460938272087613,
         0.5131710504819467,
         0.8186832361296016,
         0.6511680161286311,
         0.6057870402964547,
         0.9550432156150284,
         0.861914493366102,
         0.933336231064972,
         0.9480324795705884,
         0.9671226652904827
      ],
      [
         0.8908331922263325,
         0.6195207341919333,
         0.5948551364564445,
         0.8805013472822483,
         0.975215164637572,
         0.7485267409986166,
         0.6546045711208432,
         0.6950392075854771,
         0.725030656632375,
         0.808951125253407,
         0.801919451181049,
         0.5943024354631188,
         0.9628143473071827,
         0.8977661496041403,
         0.6994292288116322,
         0.8350472743478451,
         0.6948919781226409,
         0.5500902709921178,
         0.9143687819006053,
         0.6007445714643639
      ],
      [
         0.8167965829163429,
         0.5587881077647406,
         0.6649009988013151,
         0.8340595326530746,
         0.5154261303917063,
         0.9491428086900842,
         0.7416116164217601,
         0.5435946219407194,
         0.7371721620173561,
         0.9079809114827319,
         0.6942099358878344,
         0.8589075019111234,
         0.9062040486114205,
         0.5103686698008634,
         0.718970741609017,
         0.7140616967402991,
         0.9067099563706726,
         0.5725087816754029,
         0.5290897817706359,
         0.8981508458037953
      ],
      [
         0.7784088172432226,
         0.9441687238364773,
         0.9772182572139658,
         0.5781181016219383,
         0.6606561889468812,
         0.6053765970411701,
         0.9779843112821263,
         0.6674699343283209,
         0.90077223088561,
         0.5979831027142045,
         0.7362846675928614,
         0.8055583810560782,
         0.6401812809965644,
         0.5532190000925795,
         0.7808236153036474,
         0.6297001868570992,
         0.8879621375779997,
         0.9509968493640477,
         0.7626890695445894,
         0.7466077929845508
      ]
   ],
   "mv_f1_micro": [
      1.0,
      1.0,
      1.0,
      1.0,
      1.0,
      1.0,
      1.0,
      1.0,
      1.0,
      1.0
   ],
   "mv_f1_macro": [
      1.0,
      1.0,
      1.0,
      1.0,
      1.0,
      1.0,
      1.0,
      1.0,
      1.0,
      1.0
   ],
   "mv_f1_weighted": [
      1.0,
      1.0,
      1.0,
      1.0,
      1.0,
      1.0,
      1.0,
      1.0,
      1.0,
      1.0
   ],
   "ct_f1_micro": [
      1.0,
      1.0,
      1.0,
      1.0,
      1.0,
      1.0,
      1.0,
      1.0,
      1.0,
      1.0
   ],
   "ct_f1_macro": [
      1.0,
      1.0,
      1.0,
      1.0,
      1.0,
      1.0,
      1.0,
      1.0,
      1.0,
      1.0
   ],
   "ct_f1_weighted": [
      1.0,
      1.0,
      1.0,
      1.0,
      1.0,
      1.0,
      1.0,
      1.0,
      1.0,
      1.0
   ],
   "em_f1_micro": [
      1.0,
      1.0,
      1.0,
      1.0,
      1.0,
      1.0,
      1.0,
      1.0,
      1.0,
      1.0
   ],
   "em_f1_macro": [
      1.0,
      1.0,
      1.0,
      1.0,
      1.0,
      1.0,
      1.0,
      1.0,
      1.0,
      1.0
   ],
   "em_f1_weighted": [
      1.0,
      1.0,
      1.0,
      1.0,
      1.0,
      1.0,
      1.0,
      1.0,
      1.0,
      1.0
   ]
}