{
   "worker_count": 5,
   "expertise_scores": [
      [
         0.159917987786712,
         0.30747146475875087,
         0.4839321706663915,
         0.5224263606008762,
         0.5727014827707007
      ],
      [
         0.11707555556381112,
         0.45068005751418616,
         0.19279432810448963,
         0.2349830366892082,
         0.6390323443944451
      ],
      [
         0.33529700983290567,
         0.5517417736593995,
         0.30011835255743535,
         0.19764307807909354,
         0.6537209114945546
      ],
      [
         0.6451269621318311,
         0.2630249109191152,
         0.7319544616588984,
         0.4229170233869268,
         0.6994223704419038
      ],
      [
         0.7834557412014622,
         0.6965014033707811,
         0.6138086033636987,
         0.6351182466993236,
         0.7762756532251108
      ],
      [
         0.7030276440820739,
         0.7918529427721138,
         0.17476447798351386,
         0.3231104798294516,
         0.27678291665666754
      ],
      [
         0.7035929055505069,
         0.17534363267269182,
         0.2841966610043457,
         0.4786052520981,
         0.7069441617747746
      ],
      [
         0.1656380378598058,
         0.5768506550055209,
         0.25988179573196135,
         0.2269678307890141,
         0.2689629633158723
      ],
      [
         0.4729598829224535,
         0.6432191188415287,
         0.3651805154262642,
         0.2055357524594707,
         0.25070062748583216
      ],
      [
         0.3116566263714017,
         0.3313053749781922,
         0.16139270661470664,
         0.7514877925174301,
         0.7672785214175701
      ]
   ],
   "mv_f1_micro": [
      0.656,
      0.502,
      0.666,
      0.849,
      0.945,
      0.7590000000000001,
      0.776,
      0.436,
      0.614,
      0.765
   ],
   "mv_f1_macro": [
      0.6557524554491033,
      0.5009705071114923,
      0.6656403145562866,
      0.8489850988863168,
      0.9442261725110839,
      0.758366505901031,
      0.7750862965282524,
      0.43501772886485374,
      0.6130794461388989,
      0.7641645308835395
   ],
   "mv_f1_weighted": [
      0.6559584899163994,
      0.5017100465515444,
      0.665836919573816,
      0.8487428906833823,
      0.9449495406061535,
      0.7588594020875907,
      0.7758748599844927,
      0.4356462419342639,
      0.6134669708288978,
      0.7644674641273719
   ],
   "ct_f1_micro": [
      0.712,
      0.625,
      0.728,
      0.89,
      0.958,
      0.832,
      0.828,
      0.561,
      0.691,
      0.834
   ],
   "ct_f1_macro": [
      0.7116300052093061,
      0.6239167840753788,
      0.7280556566140679,
      0.8897968207890962,
      0.9574900914492263,
      0.8318307784294221,
      0.8277345872701579,
      0.5610707180434215,
      0.6908309523843166,
      0.8342829845183962
   ],
   "ct_f1_weighted": [
      0.7120047271275057,
      0.6243196125923757,
      0.7285642836088954,
      0.8899851424469688,
      0.958034221062754,
      0.8320954180803743,
      0.8277348341091626,
      0.5607355049649053,
      0.6907705014466313,
      0.8339886821972993
   ],
   "gt": [
      7,
      7,
      7,
      7,
      7,
      7,
      7,
      7,
      7,
      7,
      7,
      7,
      7,
      7,
      7,
      7,
      7,
      7,
      7,
      7,
      7,
      7,
      7,
      7,
      7,
      7,
      7,
      7,
      7,
      7,
      7,
      7,
      7,
      7,
      7,
      7,
      7,
      7,
      7,
      7,
      7,
      7,
      7,
      7,
      7,
      7,
      7,
      7,
      7,
      7,
      7,
      7,
      7,
      7,
      7,
      7,
      7,
      7,
      7,
      7,
      7,
      7,
      7,
      7,
      7,
      7,
      7,
      7,
      7,
      7,
      7,
      7,
      7,
      7,
      7,
      7,
      7,
      7,
      7,
      7,
      7,
      7,
      7,
      7,
      7,
      7,
      7,
      7,
      7,
      7,
      7,
      7,
      7,
      7,
      7,
      7,
      7,
      7,
      7,
      7,
      7,
      7,
      7,
      5,
      5,
      5,
      5,
      5,
      5,
      5,
      5,
      5,
      5,
      5,
      5,
      5,
      5,
      5,
      5,
      5,
      5,
      5,
      5,
      5,
      5,
      5,
      5,
      5,
      5,
      5,
      5,
      5,
      5,
      5,
      5,
      5,
      5,
      5,
      5,
      5,
      5,
      5,
      5,
      5,
      5,
      5,
      5,
      5,
      5,
      5,
      5,
      5,
      5,
      5,
      5,
      5,
      5,
      5,
      5,
      5,
      5,
      5,
      5,
      5,
      5,
      5,
      5,
      5,
      5,
      5,
      5,
      5,
      5,
      5,
      5,
      5,
      5,
      5,
      5,
      5,
      5,
      5,
      5,
      5,
      5,
      5,
      5,
      5,
      5,
      5,
      5,
      5,
      5,
      5,
      5,
      5,
      5,
      5,
      5,
      5,
      5,
      5,
      5,
      5,
      5,
      4,
      4,
      4,
      4,
      4,
      4,
      4,
      4,
      4,
      4,
      4,
      4,
      4,
      4,
      4,
      4,
      4,
      4,
      4,
      4,
      4,
      4,
      4,
      4,
      4,
      4,
      4,
      4,
      4,
      4,
      4,
      4,
      4,
      4,
      4,
      4,
      4,
      4,
      4,
      4,
      4,
      4,
      4,
      4,
      4,
      4,
      4,
      4,
      4,
      4,
      4,
      4,
      4,
      4,
      4,
      4,
      4,
      4,
      4,
      4,
      4,
      4,
      4,
      4,
      4,
      4,
      4,
      4,
      4,
      4,
      4,
      4,
      4,
      4,
      4,
      4,
      4,
      4,
      4,
      4,
      4,
      4,
      4,
      4,
      4,
      4,
      4,
      4,
      4,
      4,
      4,
      4,
      4,
      4,
      4,
      4,
      4,
      4,
      4,
      4,
      6,
      6,
      6,
      6,
      6,
      6,
      6,
      6,
      6,
      6,
      6,
      6,
      6,
      6,
      6,
      6,
      6,
      6,
      6,
      6,
      6,
      6,
      6,
      6,
      6,
      6,
      6,
      6,
      6,
      6,
      6,
      6,
      6,
      6,
      6,
      6,
      6,
      6,
      6,
      6,
      6,
      6,
      6,
      6,
      6,
      6,
      6,
      6,
      6,
      6,
      6,
      6,
      6,
      6,
      6,
      6,
      6,
      6,
      6,
      6,
      6,
      6,
      6,
      6,
      6,
      6,
      6,
      6,
      6,
      6,
      6,
      6,
      6,
      6,
      6,
      6,
      6,
      6,
      6,
      6,
      6,
      6,
      6,
      6,
      6,
      6,
      6,
      6,
      6,
      6,
      6,
      6,
      6,
      6,
      6,
      6,
      6,
      6,
      6,
      6,
      6,
      3,
      3,
      3,
      3,
      3,
      3,
      3,
      3,
      3,
      3,
      3,
      3,
      3,
      3,
      3,
      3,
      3,
      3,
      3,
      3,
      3,
      3,
      3,
      3,
      3,
      3,
      3,
      3,
      3,
      3,
      3,
      3,
      3,
      3,
      3,
      3,
      3,
      3,
      3,
      3,
      3,
      3,
      3,
      3,
      3,
      3,
      3,
      3,
      3,
      3,
      3,
      3,
      3,
      3,
      3,
      3,
      3,
      3,
      3,
      3,
      3,
      3,
      3,
      3,
      3,
      3,
      3,
      3,
      3,
      3,
      3,
      3,
      3,
      3,
      3,
      3,
      3,
      3,
      3,
      3,
      3,
      3,
      3,
      3,
      3,
      3,
      3,
      3,
      3,
      3,
      3,
      3,
      3,
      3,
      3,
      3,
      3,
      3,
      3,
      3,
      3,
      3,
      9,
      9,
      9,
      9,
      9,
      9,
      9,
      9,
      9,
      9,
      9,
      9,
      9,
      9,
      9,
      9,
      9,
      9,
      9,
      9,
      9,
      9,
      9,
      9,
      9,
      9,
      9,
      9,
      9,
      9,
