{
   "worker_count": 30,
   "expertise_scores": [
      [
         0.2500836734150256,
         0.5166547541341483,
         0.2818144609912676,
         0.4735122124970633,
         0.5069909888797373,
         0.29735009019080594,
         0.6185185548803088,
         0.21869198774453474,
         0.35355207938214983,
         0.4261478218927124,
         0.46718382808745795,
         0.3339338838620639,
         0.151657418031728,
         0.2986188105983717,
         0.7547557964428555,
         0.12360912373586627,
         0.1138194450682896,
         0.14090125878786247,
         0.3045600031489257,
         0.5492094533961895,
         0.4356511166508312,
         0.10497905216869913,
         0.5437445838623768,
         0.4920418793300646,
         0.730428777657475,
         0.6543127692698373,
         0.4447114207474083,
         0.19051594002852612,
         0.14031604812516807,
         0.746462584676761
      ],
      [
         0.3185811513503073,
         0.16531762012279186,
         0.5523247249005522,
         0.21658878059289322,
         0.5744795576774999,
         0.2962570102739881,
         0.24686917402892683,
         0.34455981617848064,
         0.6620846291380413,
         0.26814664219447015,
         0.7025533507079976,
         0.13017808604513648,
         0.2754445530972903,
         0.33708459695280746,
         0.28326525846314465,
         0.5642185757739417,
         0.6178951368293466,
         0.7149357849054576,
         0.7703673965895333,
         0.6523159734893506,
         0.1653183535516662,
         0.24753914914749817,
         0.561681860573665,
         0.59712345942435,
         0.621217440817515,
         0.6068452301382409,
         0.16758667338484215,
         0.6884976787542713,
         0.19404057094509358,
         0.6786565649819406
      ],
      [
         0.7555531657973776,
         0.7779439077634835,
         0.36481246858250715,
         0.64180107995169,
         0.6372112500773636,
         0.3594757143344971,
         0.673064254177352,
         0.5577224443622966,
         0.24448674219836614,
         0.1877520263858891,
         0.6343743449673195,
         0.4296517040784673,
         0.7820846029496471,
         0.45559706351962426,
         0.6668072528631434,
         0.31838777540072694,
         0.46584861610159334,
         0.4681820598441345,
         0.5010136759880817,
         0.14867907401278008,
         0.33812322656408,
         0.5099642450013658,
         0.7983998065851794,
         0.33705292409386867,
         0.26755601055090233,
         0.31297379893047594,
         0.7576430638676517,
         0.5997553452842711,
         0.09982675697917859,
         0.43197152070901135
      ],
      [
         0.24799275456668474,
         0.38132736711231596,
         0.3542808249087058,
         0.20223493514504293,
         0.4676537091025539,
         0.2181773632439053,
         0.683738101372953,
         0.10144186320243066,
         0.47751555530263257,
         0.5257261728142771,
         0.2064452493734273,
         0.19313956530768017,
         0.3934700569427769,
         0.516974482536447,
         0.5096399052347024,
         0.3388636951503028,
         0.7367534400445206,
         0.4249546355701632,
         0.48488924547661005,
         0.17011205887514486,
         0.2383302672709022,
         0.6737190623172835,
         0.22632543316346143,
         0.4182877533537369,
         0.47260555627750234,
         0.5516601501524768,
         0.31822502708190514,
         0.6843394064159805,
         0.7570738328327834,
         0.5994707150990171
      ],
      [
         0.6966665348439797,
         0.6942512231326377,
         0.4424729297806891,
         0.7894076483736606,
         0.5513224041230463,
         0.2526701505942079,
         0.10084311757267414,
         0.7375827647775028,
         0.6020532736201764,
         0.557838870453284,
         0.38100012048155285,
         0.19663601697274447,
         0.762139968472422,
         0.2804023570987631,
         0.5662537006171291,
         0.5895410886011202,
         0.5256578723098899,
         0.4639734623217273,
         0.3279070070514426,
         0.7052331381999132,
         0.4626163697426502,
         0.5910409365028586,
         0.43547599556453376,
         0.42649921400598567,
         0.43286929565284615,
         0.4452645439233287,
         0.5210220586774119,
         0.13846443535604486,
         0.17894181355972388,
         0.45011708213410395
      ],
      [
         0.7454115749800078,
         0.4602354500409841,
         0.2382861690211191,
         0.43415272536116034,
         0.2810844411457494,
         0.1103526987524309,
         0.29072462442225144,
         0.2796437739310441,
         0.6945655318437169,
         0.696923509928713,
         0.713960337403295,
         0.4397080072245406,
         0.7954200217765749,
         0.7441256449873358,
         0.2656879646220188,
         0.513742157651849,
         0.1080274536510103,
         0.13373792503834603,
         0.13447398304849584,
         0.4993239475626544,
         0.5873130347752068,
         0.1660886187545528,
         0.196558339173195,
         0.5539919128224515,
         0.17366900539019536,
         0.7272155243667888,
         0.5333934949751853,
         0.1696191996612008,
         0.4192087127421942,
         0.6232617972740847
      ],
      [
         0.1032629324951733,
         0.7187307932228422,
         0.755621502084042,
         0.1376218437866353,
         0.6788097833687001,
         0.1402706776132937,
         0.6432997233596579,
         0.6831060347116219,
         0.6168649780895585,
         0.523178421686221,
         0.3753364366712285,
         0.7510329072243833,
         0.7945412355059119,
         0.7369566394289909,
         0.7605013250567533,
         0.22469612840262893,
         0.6755601152863446,
         0.30835666087379426,
         0.4662182579653469,
         0.13576431601551034,
         0.12880462993205072,
         0.7294287789127312,
         0.6759168345068359,
         0.6831335538166938,
         0.619986897465652,
         0.19633868774435406,
         0.3474825024084226,
         0.15219351332258682,
         0.31289762130236687,
         0.5178953734464391
      ],
      [
         0.552163718513897,
         0.19928652549218967,
         0.3576806593081444,
         0.15571440698857372,
         0.5509993545587956,
         0.5881655996475758,
         0.7520615033997825,
         0.7932473729065272,
         0.35246256712740165,
         0.22960437619749818,
         0.5020575253824154,
         0.7722533463005925,
         0.4716958048625627,
         0.6473637804904068,
         0.33638194024350054,
         0.43188406628688125,
         0.19985785943421586,
         0.7161170420678211,
         0.24582786143400887,
         0.4552234129413507,
         0.18115823511758206,
         0.7983472093437755,
         0.7393531814677984,
         0.5414910047872048,
         0.5297901268655442,
         0.47202006357501336,
         0.4773607103993107,
         0.31872923995895874,
         0.7335601107118179,
         0.19302841652819785
      ],
      [
         0.4229341766197585,
         0.7937977534878184,
         0.3411772308207812,
         0.4638249900948963,
         0.6320705497624461,
         0.6663732786481581,
         0.5665358317828614,
         0.3499732801169503,
         0.4633530335379026,
         0.6788532897850109,
         0.2067356408997687,
         0.6044886276134765,
         0.4278975139407176,
         0.6026090022884113,
         0.765041578463478,
         0.32577753362935113,
         0.1967802250111127,
         0.5067236137283145,
         0.5537436268990159,
         0.422453713002376,
         0.7434805470040445,
         0.36360788699488045,
         0.6111054882654798,
         0.6464444878160336,
         0.42011886329106773,
         0.3081416746002661,
         0.49826053541296067,
