{
   "worker_count": 8,
   "expertise_scores": [
      [
         0.4634572476210419,
         0.27958533183726364,
         0.7997415257996503,
         0.09874251336986663,
         0.5190108443403207,
         0.2574244491106215,
         0.3367657424453989,
         0.44226996614596326
      ],
      [
         0.6856622950656809,
         0.6555332884419262,
         0.5341841916413471,
         0.2758209506508269,
         0.3174839679947896,
         0.6876290487736467,
         0.3353315023481092,
         0.5716882260845398
      ],
      [
         0.24359288610514335,
         0.7083009179508372,
         0.349894111130971,
         0.70078172716773,
         0.5802222006902216,
         0.7276276649264479,
         0.4947891710351989,
         0.7673890619959134
      ],
      [
         0.763490682201914,
         0.22201975229522403,
         0.2590664133415054,
         0.1278928256684642,
         0.7541381924366966,
         0.18048735860214368,
         0.289479799323073,
         0.3203751445103292
      ],
      [
         0.2604947878412597,
         0.43248825651567513,
         0.7311223755966488,
         0.3928791601758367,
         0.7256033207104273,
         0.1979994059361958,
         0.1564570731991971,
         0.7934697997973789
      ],
      [
         0.3604333699537321,
         0.7697339177067042,
         0.5288326705328352,
         0.7613835627301458,
         0.5755125541505501,
         0.40877960334851615,
         0.34020946142331987,
         0.15723526457969517
      ],
      [
         0.11189557812890141,
         0.32295765017539535,
         0.4789296316557651,
         0.3110474593295599,
         0.7519933259734106,
         0.7109599190692102,
         0.6761823778270349,
         0.6460412002089924
      ],
      [
         0.6388632486122212,
         0.1100187120031087,
         0.5326407479194004,
         0.6064039316624408,
         0.6708235673021364,
         0.4963497200789406,
         0.49394308730084724,
         0.7462613769201767
      ],
      [
         0.3621095718424209,
         0.4187406472183528,
         0.14529753770617249,
         0.2516655804814206,
         0.7443616704151389,
         0.21323764246216548,
         0.3039017371324563,
         0.5388870928952039
      ],
      [
         0.3037063949291058,
         0.15891495210674206,
         0.5943289741193782,
         0.561703336843075,
         0.45936781140459637,
         0.19620889670835573,
         0.09619606424471101,
         0.4912799101029113
      ]
   ],
   "mv_f1_micro": [
      0.764,
      0.908,
      0.956,
      0.714,
      0.884,
      0.889,
      0.91,
      0.925,
      0.72,
      0.693
   ],
   "mv_f1_macro": [
      0.7619519198150799,
      0.9075722546307515,
      0.9559537187010481,
      0.7132516734994967,
      0.8840302563669841,
      0.8884587583806492,
      0.9097090041413372,
      0.9242813530782266,
      0.7194941384681545,
      0.692658037151467
   ],
   "mv_f1_weighted": [
      0.7637186716968302,
      0.9081601136398292,
      0.955976531183442,
      0.7140330888223034,
      0.8841772825242443,
      0.8889447455154812,
      0.9100445940026244,
      0.9251646065500858,
      0.7196267163280063,
      0.6933268307963195
   ],
   "ct_f1_micro": [
      0.8729999999999999,
      0.926,
      0.972,
      0.831,
      0.934,
      0.927,
      0.943,
      0.955,
      0.815,
      0.787
   ],
   "ct_f1_macro": [
      0.8727185873811804,
      0.925683345230229,
      0.9720223092213693,
      0.8307253594849208,
      0.9331280536609702,
      0.9273858166064978,
      0.9426757848128033,
      0.9541021860265367,
      0.8140487826350036,
      0.7868929743969084
   ],
   "ct_f1_weighted": [
      0.8732268462939294,
      0.9259178583567318,
      0.9719871719144304,
      0.8307533181195581,
      0.9338839139291994,
      0.9270350222118059,
      0.9431078276106447,
      0.9548455550719617,
      0.8150598374786843,
      0.787058394029525
   ],