{
   "worker_count": 18,
   "expertise_scores": [
      [
         0.3678741121078083,
         0.1497141882499484,
         0.3855308397688245,
         0.3699014117239987,
         0.49319363752433487,
         0.4153165678891205,
         0.2809341890467233,
         0.6968117356307735,
         0.300539931644512,
         0.32628202052192823,
         0.748070262568328,
         0.7736357543403688,
         0.370806495317457,
         0.5428433377732167,
         0.20645983075329388,
         0.3964695817374204,
         0.574994499577756,
         0.4957055023210023
      ],
      [
         0.15947790485333324,
         0.27266335176342205,
         0.6552490840785843,
         0.10313899825638745,
         0.4544856032205229,
         0.24025133027441103,
         0.7526020519900722,
         0.18107475362979064,
         0.4165690918666417,
         0.31990756545226673,
         0.3872154819682627,
         0.35162944468708646,
         0.7338135984224479,
         0.5875566140099866,
         0.45825868153123894,
         0.5359600755594776,
         0.20767346264863798,
         0.42627914153930846
      ],
      [
         0.7280113612755869,
         0.6579182415008645,
         0.12960859421751367,
         0.2914838601172349,
         0.592490100037295,
         0.11724129387729977,
         0.666905333414201,
         0.17548179920886336,
         0.3335839043891368,
         0.5724187757271014,
         0.7492112336786901,
         0.25854114366608016,
         0.22939394941054408,
         0.20934348731817504,
         0.6098931040827855,
         0.10335559233277689,
         0.11591456839065416,
         0.7517507686885473
      ],
      [
         0.6345300181203295,
         0.14006102709066365,
         0.6960788320908499,
         0.26468963209199947,
         0.22842277063022345,
         0.7759713744119328,
         0.4106454805071439,
         0.7026643580648676,
         0.5354500409459805,
         0.44678867600432814,
         0.114818119942618,
         0.38856640721230284,
         0.6806568443184838,
         0.5457526942996442,
         0.2986672178500069,
         0.18713670399356414,
         0.6737066933466848,
         0.622942884964807
      ],
      [
         0.6399037756132689,
         0.4448395803326781,
         0.6849467586869294,
         0.3356710845506621,
         0.37197534146731703,
         0.1897193666881672,
         0.24561277798013043,
         0.5355025686760246,
         0.19816846562062995,
         0.5044288878681942,
         0.4243541515515179,
         0.12614313237814884,
         0.7452017957233427,
         0.22193773151024518,
         0.6802551882255541,
         0.17687458014772492,
         0.13970666308830942,
         0.1855292186345215
      ],
      [
         0.4496157097644494,
         0.31873097735325273,
         0.39185307078867637,
         0.29180708209551975,
         0.2982394943439548,
         0.162832323967718,
         0.3381088206321787,
         0.5019047619749369,
         0.17669135103539935,
         0.4532816946079221,
         0.21671157344372372,
         0.7895187905414849,
         0.5430236208390208,
         0.30962914672505537,
         0.44259362341048203,
         0.20760497262209204,
         0.2806171900426462,
         0.21863881411176195
      ],
      [
         0.7937547771765344,
         0.13209966919825056,
         0.5536809570884818,
         0.23664621662831753,
         0.6714173302248956,
         0.11418302688248239,
         0.40607318990427244,
         0.5461127746147932,
         0.3759349974638011,
         0.6998981795848623,
         0.5113156272415117,
         0.7727969350010562,
         0.5960920703703017,
         0.6609842152455165,
         0.2775076910821319,
         0.35485634890863704,
         0.6534607248469082,
         0.22922201831993955
      ],
      [
         0.3364608934542056,
         0.38646178106500473,
         0.6695930775081789,
         0.29589807976883775,
         0.32931360702419354,
         0.6671391552486448,
         0.15166402824050304,
         0.6609488385931532,
         0.16275235455550963,
         0.5697221274962828,
         0.6529352863169119,
         0.6053780251618568,
         0.616279258115011,
         0.22218101149388614,
         0.3880768248671994,
         0.3744149068010445,
         0.3489613858110404,
         0.7627641138870489
      ],
      [
         0.3066610519729931,
         0.748063233576671,
         0.6675727217693178,
         0.3247084161601359,
         0.26721136860883465,
         0.5661388159113137,
         0.6509447198333264,
         0.6728493441621658,
         0.686501411100354,
         0.672919080671289,
         0.25901498293745434,
         0.4260072299766109,
         0.3910680280428155,
         0.5184844535145259,
         0.7022447266153327,
         0.6833708852688256,
         0.5537229531140251,
         0.5122058829840049
      ],
      [
         0.36036092617976434,
         0.7449900587401858,
         0.20056802746692068,
         0.24713137720204975,
         0.12981997220027158,
         0.18897632241060708,
         0.22451550892277536,
         0.4763850357454361,
         0.7463017115257407,
         0.2806916450754009,
         0.765111070080211,
         0.41457904210342567,
         0.5470290036948338,
         0.11560475388629468,
         0.561800034032932,
         0.7787011086529247,
         0.18513478165192102,
         0.5867176494766859
      ]
   ],
   "mv_f1_micro": [
      0.974,
      0.956,
      0.96,
      0.988,
      0.944,
      0.911,
      0.995,
      0.988,
      0.995,
      0.974
   ],
   "mv_f1_macro": [
      0.9741429828217741,
      0.9555600704454761,
      0.960033993353705,
      0.9877786741478859,
      0.9436490960777911,
      0.9109455660121426,
      0.9949964893931071,
      0.9877935050961597,
      0.9950076015477756,
      0.9740779823721633
   ],
   "mv_f1_weighted": [
      0.9740138437840664,
      0.9559098148806646,
      0.959978054857137,
      0.9880177873585635,
      0.9439252102114708,
      0.9110896424022215,
      0.9950005790173827,
      0.9880070146045137,
      0.9950184520240631,
      0.973938109247417
   ],
   "ct_f1_micro": [
      0.991,
      0.975,
      0.986,
      0.998,
      0.972,
      0.955,
      0.997,
      0.987,
      0.996,
      0.988
   ],
   "ct_f1_macro": [
      0.9910746851386436,
      0.9746553555741698,
      0.9861534837072716,
      0.9978050574476421,
      0.9718052885956785,
      0.9546116242688789,
      0.9970586350468285,
      0.9867008516901421,
      0.9960638000672377,
      0.9879945256013599
   ],
   "ct_f1_weighted": [
      0.9909905835434745,
      0.9750065176827245,
      0.9860083121820624,
      0.9979999754919981,
      0.9720061127919968,
      0.9549827209669292,
      0.997,
      0.9870321609672652,
      0.9959999029314696,
      0.9879992179993973
   ],