{
   "worker_count": 3,
   "expertise_scores": [
      [
         0.7911302884515571,
         0.653521758558073,
         0.4108844455330928
      ],
      [
         0.3046604369785939,
         0.6796284987847389,
         0.23491630415772147
      ],
      [
         0.5968379560827816,
         0.5863028676437536,
         0.5877816525005112
      ],
      [
         0.4992330254564319,
         0.6140594500440625,
         0.6910811510295412
      ],
      [
         0.38906576286539407,
         0.46832578368997746,
         0.49752087699286773
      ],
      [
         0.34665063104452853,
         0.7019184133514588,
         0.32029772273272733
      ],
      [
         0.10280435710358728,
         0.5474351392141199,
         0.15897165408882935
      ],
      [
         0.4248859785280167,
         0.7758710036533992,
         0.5003108107127249
      ],
      [
         0.2883317924961213,
         0.734909713920081,
         0.6169680805063835
      ],
      [
         0.42502141594257914,
         0.3678630085074478,
         0.30465544423529345
      ]
   ],
   "mv_f1_micro": [
      0.765,
      0.474,
      0.718,
      0.745,
      0.536,
      0.55,
      0.29,
      0.705,
      0.678,
      0.429
   ],
   "mv_f1_macro": [
      0.7648389970059793,
      0.4733689499727646,
      0.7179943307251063,
      0.7440508126170725,
      0.5352932809826035,
      0.5487800740619532,
      0.2880654776081552,
      0.7027476271689371,
      0.6774830857791225,
      0.4285905178392925
   ],
   "mv_f1_weighted": [
      0.7648243859921271,
      0.4748114356398197,
      0.7181951464589663,
      0.7447755888987244,
      0.5351828389708185,
      0.5500920771562307,
      0.28994268413142926,
      0.7047470759075473,
      0.6779869694629451,
      0.4295188838882975
   ],
   "ct_f1_micro": [
      0.8370000000000001,
      0.669,
      0.718,
      0.788,
      0.573,
      0.7,
      0.19600000000000004,
      0.793,
      0.754,
      0.471
   ],
   "ct_f1_macro": [
      0.8364645456473147,
      0.667883827855221,
      0.7172190274516392,
      0.7871203022048283,
      0.5724203817982535,
      0.6991657832174114,
      0.19452425972641466,
      0.7916768271871442,
      0.7538882413757804,
      0.4705380327183339
   ],
   "ct_f1_weighted": [
      0.8367384545079095,
      0.6690058298591448,
      0.7175636824281357,
      0.7879859135776524,
      0.572486455164551,
      0.7001042060776619,
      0.19566973414623706,
      0.7928151174961929,
      0.7542529062005235,
      0.4713747928730287
   ],
   "gt": [
      7,
      7,
      7,
      7,
      7,
      7,
      7,
      7,
      7,
      7,
      7,
      7,
      7,
      7,
      7,
      7,
      7,
      7,
      7,
      7,
      7,
      7,
      7,
      7,
      7,
      7,
      7,
      7,
      7,
      7,
      7,
      7,
      7,
      7,
      7,
      7,
      7,
      7,
      7,
      7,
      7,
      7,
      7,
      7,
      7,
      7,
      7,
      7,
      7,
      7,
      7,
      7,
      7,
      7,
      7,
      7,
      7,
      7,
      7,
      7,
      7,
      7,
      7,
      7,
      7,
      7,
      7,
      7,
      7,
      7,
      7,
      7,
      7,
      7,
      7,
      7,
      7,
      7,
      7,
      7,
      7,
      7,
      7,
      7,
      7,
      7,
      7,
      7,
      7,
      7,
      7,
      7,
      7,
      7,
      7,
      7,
      7,
      7,
      7,
      7,
      7,
      7,
      7,
      5,
      5,
      5,
      5,
      5,
      5,
      5,
      5,
      5,
      5,
      5,
      5,
      5,
      5,
      5,
      5,
      5,
      5,
      5,
      5,
      5,
      5,
      5,
      5,
      5,
      5,
      5,
      5,
      5,
      5,
      5,
      5,
      5,
      5,
      5,
      5,
      5,
      5,
      5,
      5,
      5,
      5,
      5,
      5,
      5,
      5,
      5,
      5,
      5,
      5,
      5,
      5,
      5,
      5,
      5,
      5,
      5,
      5,
      5,
      5,
      5,
      5,
      5,
      5,
      5,
      5,
      5,
      5,
      5,
      5,
      5,
      5,
      5,
      5,
      5,
      5,
      5,
      5,
      5,
      5,
      5,
      5,
      5,
      5,
      5,
      5,
      5,
      5,
      5,
      5,
      5,
      5,
      5,
      5,
      5,
      5,
      5,
      5,
      5,
      5,
      5,
      5,
      4,
      4,
      4,
      4,
      4,
      4,
      4,
      4,
      4,
      4,
      4,
      4,
      4,
      4,
      4,
      4,
      4,
      4,
      4,
      4,
      4,
      4,
      4,
      4,
      4,
      4,
      4,
      4,
      4,
      4,
      4,
      4,
      4,
      4,
      4,
      4,
      4,
      4,
      4,
      4,
      4,
      4,
      4,
      4,
      4,
      4,
      4,
      4,
      4,
      4,
      4,
      4,
      4,
      4,
      4,
      4,
      4,
      4,
      4,
      4,
      4,
      4,
      4,
      4,
      4,
      4,
      4,
      4,
      4,
      4,
      4,
      4,
      4,
      4,
      4,
      4,
      4,
      4,
      4,
      4,
      4,
      4,
      4,
      4,
      4,
      4,
      4,
      4,
      4,
      4,
      4,
      4,
      4,
      4,
      4,
      4,
      4,
      4,
      4,
      4,
      6,
      6,
      6,
      6,
      6,
      6,
      6,
      6,
      6,
      6,
      6,
      6,
      6,
      6,
      6,
      6,
      6,
      6,
      6,
      6,
      6,
      6,
      6,
      6,
      6,
      6,
      6,
      6,
      6,
      6,
      6,
      6,
      6,
      6,
      6,
      6,
      6,
      6,
      6,
      6,
      6,
      6,
      6,
      6,
      6,
      6,
      6,
      6,
      6,
      6,
      6,
      6,
      6,
      6,
      6,
      6,
      6,
      6,
      6,
      6,
      6,
      6,
      6,
      6,
      6,
      6,
      6,
      6,
      6,
      6,
      6,
      6,
      6,
      6,
      6,
      6,
      6,
      6,
      6,
      6,
      6,
      6,
      6,
      6,
      6,
      6,
      6,
      6,
      6,
      6,
      6,
      6,
      6,
      6,
      6,
      6,
      6,
      6,
      6,
      6,
      6,
      3,
      3,
      3,
      3,
      3,
      3,
      3,
      3,
      3,
      3,
      3,
      3,
      3,
      3,
      3,
      3,
      3,
      3,
      3,
      3,
      3,
      3,
      3,
      3,
      3,
      3,
      3,
      3,
      3,
      3,
      3,
      3,
      3,
      3,
      3,
      3,
      3,
      3,
      3,
      3,
      3,
      3,
      3,
      3,
      3,
      3,
      3,
      3,
      3,
      3,
      3,
      3,
      3,
      3,
      3,
      3,
      3,
      3,
      3,
      3,
      3,
      3,
      3,
      3,
      3,
      3,
      3,
      3,
      3,
      3,
      3,
      3,
      3,
      3,
      3,
      3,
      3,
      3,
      3,
      3,
      3,
      3,
      3,
      3,
      3,
      3,
      3,
      3,
      3,
      3,
      3,
      3,
      3,
      3,
      3,
      3,
      3,
      3,
      3,
      3,
      3,
      3,
      9,
      9,
      9,
      9,
      9,
      9,
      9,
      9,
      9,
      9,
      9,
      9,
      9,
      9,
      9,
      9,
      9,
      9,
      9,
      9,
      9,
      9,
      9,
      9,
      9,
      9,
      9,
      9,
      9,
      9,
      9,
      9,
      9,
      9,
      9,
      9,
      9,
      9,
      9,
      9,
      9,
      9,
      9,
      9,
      9,
      9,
      9,
      9,
      9,
      9,
      9,
      9,
      9,
      9,
      9,
      9,
      9,
      9,
      9,
      9,
      9,
      9,
      9,
      9,
      9,
      9,
      9,
      9,
      9,
      9,
      9,
      9,
      9,
      9,
      9,
      9,
      9,
      9,
      9,
      9,
      9,
      9,
      9,
      9,
      9,
      9,
      9,
      9,
      9,
      9,
      9,
      9,
      9,
