{
   "worker_count": 8,
   "expertise_scores": [
      [
         0.2760050157624877,
         0.4498059780543229,
         0.682846107879929,
         0.4714651794954985,
         0.5281108970498858,
         0.27563458212475694,
         0.2983115684631188,
         0.6608407531688718
      ],
      [
         0.7399279857242544,
         0.2793140550713754,
         0.41727210493594713,
         0.5524731544762785,
         0.33869887413365163,
         0.29350576208076795,
         0.23396708078707734,
         0.22107692832909254
      ],
      [
         0.3994809189248052,
         0.6004430543196541,
         0.24863485908313748,
         0.5243312263127508,
         0.6079523544558691,
         0.7649943335438221,
         0.671677588673288,
         0.6718801811695175
      ],
      [
         0.4501015397383371,
         0.7727632206335374,
         0.6656722328598923,
         0.23427968680241026,
         0.26511316421153436,
         0.5543913997010219,
         0.5795554277271266,
         0.48489566953158925
      ],
      [
         0.6185549451121958,
         0.7124703435505014,
         0.3074229658151729,
         0.24865680785672276,
         0.691477328785276,
         0.7994558857243779,
         0.44092636253119477,
         0.36752941419130286
      ],
      [
         0.5518348099738268,
         0.5725192210670946,
         0.41181113436965233,
         0.4034549718601757,
         0.45491361698432164,
         0.22033849470963612,
         0.7240643190496171,
         0.22371413168175067
      ],
      [
         0.6301005424262174,
         0.362274976535278,
         0.6781362209412455,
         0.3629733902624599,
         0.543785179271252,
         0.4127139830944244,
         0.721227942410925,
         0.4008290425893468
      ],
      [
         0.7464124957719912,
         0.7918026760162256,
         0.7146209849078913,
         0.4677188504580846,
         0.7865988381983055,
         0.5022040481985496,
         0.581085553956629,
         0.4226364389500531
      ],
      [
         0.42301439640899285,
         0.24630476378167462,
         0.5963410197262217,
         0.797825079088177,
         0.7642860702552835,
         0.36541211788835726,
         0.6932665760843065,
         0.6777790126556104
      ],
      [
         0.7050490947212641,
         0.5272971934044703,
         0.2752869349396938,
         0.7473877959744059,
         0.38976528672725586,
         0.22242992075702825,
         0.44375754326704786,
         0.21140921150131267
      ]
   ],
   "mv_f1_micro": [
      0.718875502008032,
      0.5943775100401606,
      0.8995983935742972,
      0.8112449799196787,
      0.8554216867469879,
      0.7469879518072289,
      0.8273092369477912,
      0.9477911646586346,
      0.9036144578313253,
      0.7148594377510039
   ],
   "mv_f1_macro": [
      0.7171812619784756,
      0.5932618481414418,
      0.8986367175801139,
      0.8138989179161344,
      0.8544430762403972,
      0.7460379765776975,
      0.8263604664613927,
      0.9462646001175645,
      0.9037462537462538,
      0.713044277500134
   ],
   "mv_f1_weighted": [
      0.721540388296515,
      0.5940895189370811,
      0.8991833641845008,
      0.811225444237838,
      0.8559091201057084,
      0.7472381963252662,
      0.8267537279887929,
      0.9476343563312432,
      0.9038311086503857,
      0.7141574937729567
   ],
   "ct_f1_micro": [
      0.8433734939759037,
      0.6907630522088354,
      0.9196787148594378,
      0.8674698795180723,
      0.9236947791164659,
      0.8072289156626506,
      0.8554216867469879,
      0.963855421686747,
      0.9357429718875502,
      0.8313253012048193
   ],
   "ct_f1_macro": [
      0.8410952843616772,
      0.6898615702925703,
      0.918974444269969,
      0.8698267235471662,
      0.92407741202216,
      0.806272299129442,
      0.8555490826248853,
      0.9617628015827003,
      0.9350827887691482,
      0.8298416427105441
   ],
   "ct_f1_weighted": [
      0.8434309760962821,
      0.6910049313173915,
      0.9196296276261022,
      0.867865371622602,
      0.9238282585118838,
      0.8075365540942133,
      0.8545175517461999,
      0.9636594652850321,
      0.9357015043653508,
      0.8312262518373854
   ],
   "gt": [
      3,
      3,
      3,
      3,
      3,
      3,
      3,
      3,
      3,
      3,
      3,
      3,
      3,
      3,
      3,
      3,
      3,
      3,
      3,
      3,
      3,
      3,
      3,
      3,
      3,
      3,
      3,
      3,
      3,
      3,
      3,
      3,
      3,
      3,
      3,
      3,
      3,
      3,
      3,
      3,
      3,
      3,
      3,
      3,
      3,
      3,
      3,
      3,
      3,
      3,
      3,
      3,
      2,
      2,
      2,
      2,
      2,
      2,
      2,
      2,
      2,
      2,
      2,
      2,
      2,
      2,
      2,
      2,
      2,
      2,
      2,
      2,
      2,
      2,
      2,
      2,
      2,
      2,
      2,
      2,
      2,
      2,
      2,
      2,
      2,
      2,
      2,
      2,
      2,
      2,
      2,
      2,
      2,
      2,
      2,
      2,
      2,
      2,
      2,
      2,
      2,
      2,
      2,
      2,
      1,
      1,
      1,
      1,
      1,
      1,
      1,
      1,
      1,
      1,
      1,
      1,
      1,
      1,
      1,
      1,
      1,
      1,
      1,
      1,
      1,
      1,
      1,
      1,
      1,
      1,
      1,
      1,
      1,
      1,
      1,
      1,
      1,
      1,
      1,
      1,
      1,
      1,
      1,
      1,
      1,
      1,
      1,
      1,
      1,
      1,
      1,
      1,
      1,
      1,
      1,
      1,
      4,
      4,
      4,
      4,
      4,
      4,
      4,
      4,
      4,
      4,
      4,
      4,
      4,
      4,
      4,
      4,
      4,
      4,
      4,
      4,
      4,
      4,
      4,
      4,
      4,
      4,
      4,
      4,
      4,
      4,
      4,
      4,
      4,
      4,
      4,
      4,
      4,
      4,
      4,
      4,
      4,
      4,
      4,
      4,
      4,
      4,
      4,
      4,
      4,
      4,
      4,
      0,
      0,
      0,
      0,
      0,
      0,
      0,
      0,
      0,
      0,
      0,
      0,
      0,
      0,
      0,
      0,
      0,
      0,
      0,
      0,
      0,
      0,
      0,
      0,
      0,
      0,
      0,
      0,
      0,
      0,
      0,
      0,
      0,
      0,
      0,
      0,
      0,
      0,
      0,
      0,
      0,
      0
   ],
   "em_f1_micro": [
      0.7108433734939759,
      0.6345381526104418,
      0.9156626506024096,
      0.8353413654618473,
      0.8594377510040161,
      0.7148594377510039,
      0.8032128514056225,
      0.9477911646586346,
      0.9156626506024096,
      0.7429718875502008
   ],
   "em_f1_macro": [
      0.7074064696184512,
      0.6367331240905816,
      0.9167669080440165,
      0.8380038315358016,
      0.857729364121788,
      0.7218137505788306,
      0.8026949394691331,
      0.9464847000725634,
      0.9154675348487229,
      0.7391878769609381
   ],
   "em_f1_weighted": [
      0.7114121029506072,
      0.6379252463852607,
      0.9159554893217253,
      0.8357976009539049,
      0.85836806830756,
      0.7229682445019775,
      0.8020906041893217,
      0.9477064275636041,
      0.9158024764515083,
      0.7413791364332097
   ]
}