{
   "worker_count": 10,
   "expertise_scores": [
      [
         0.4913840678645487,
         0.4847614445752343,
         0.672079438807192,
         0.23236754228202883,
         0.539705651776485,
         0.38058151897335923,
         0.28888520419992036,
         0.24026843082042615,
         0.5314287277487231,
         0.7425611946603158
      ],
      [
         0.3677646009250625,
         0.31123020626077896,
         0.3220071940919526,
         0.6927978584960127,
         0.578737361664193,
         0.3775273469109801,
         0.40727577483643806,
         0.7526891564061001,
         0.765251366310046,
         0.40649973422672825
      ],
      [
         0.6176734768041519,
         0.703943791327833,
         0.29600525547297046,
         0.5588233136296062,
         0.4218778652178061,
         0.5431654282662866,
         0.43328842119237576,
         0.7932502140089585,
         0.4696857013927501,
         0.7784459992410403
      ],
      [
         0.2738708618967673,
         0.6665118508597672,
         0.760659373838147,
         0.3087623362115443,
         0.3989706248359913,
         0.24458625421543426,
         0.5564675043370745,
         0.7369483575527397,
         0.22450651660642817,
         0.3054064669252663
      ],
      [
         0.4706536379324643,
         0.2587346237411411,
         0.6459325165417603,
         0.4345604010374441,
         0.2275270260733091,
         0.30882536943208727,
         0.22240502380505386,
         0.3673461964072045,
         0.6137562955229668,
         0.5633587635752407
      ],
      [
         0.6912392395938186,
         0.6014980735666587,
         0.41313463929178407,
         0.574155221525414,
         0.5991629405662838,
         0.24171608227894514,
         0.5997369784095327,
         0.7427222367691434,
         0.3757112734492873,
         0.6014355324625095
      ],
      [
         0.5873954132941857,
         0.6743367926328525,
         0.7530948132529488,
         0.5984378804168411,
         0.3675918791549103,
         0.7986679274101298,
         0.6003999364104471,
         0.5508740700380551,
         0.7429083014965892,
         0.26895258993079163
      ],
      [
         0.3584315385497355,
         0.4150842498995935,
         0.5068677391235555,
         0.594184526614283,
         0.47508798154689236,
         0.7359707471622225,
         0.42291505757907843,
         0.591390964946154,
         0.3461579982385523,
         0.7848854397391659
      ],
      [
         0.7937792133546068,
         0.31500928408090345,
         0.6353606082412547,
         0.4655830276276447,
         0.638199147365233,
         0.5519000994849536,
         0.590725318077594,
         0.5821968785394525,
         0.26666128984229814,
         0.2930630344622636
      ],
      [
         0.6200667017196894,
         0.2741853901810748,
         0.7799361134574111,
         0.31036198198493625,
         0.5222849846480171,
         0.6607440174303222,
         0.5095450567409239,
         0.7492086646739025,
         0.6147417346727448,
         0.3434938859295844
      ]
   ],
   "mv_f1_micro": [
      0.8112449799196787,
      0.8755020080321284,
      0.963855421686747,
      0.7951807228915663,
      0.7309236947791165,
      0.9317269076305221,
      0.9437751004016064,
      0.9357429718875502,
      0.8955823293172691,
      0.9236947791164659
   ],
   "mv_f1_macro": [
      0.8114539409340293,
      0.8754472690451038,
      0.9637311565187083,
      0.7948076908207324,
      0.7291276186442174,
      0.9302144586025742,
      0.9427853471485681,
      0.9348496744751543,
      0.8937050997313705,
      0.9232158387854289
   ],
   "mv_f1_weighted": [
      0.8113192359804284,
      0.8755296038556304,
      0.9637038456128886,
      0.7968588350921355,
      0.731123098135469,
      0.9318305657501252,
      0.9438801246704476,
      0.9359436604461504,
      0.8945575189477584,
      0.9235257949828773
   ],
   "ct_f1_micro": [
      0.8634538152610441,
      0.9357429718875502,
      0.9598393574297188,
      0.9076305220883534,
      0.819277108433735,
      0.9397590361445783,
      0.963855421686747,
      0.9477911646586346,
      0.9196787148594378,
      0.9558232931726908
   ],
   "ct_f1_macro": [
      0.8626848605650899,
      0.9364373592254156,
      0.9602421143317443,
      0.9059152012075387,
      0.8175067987217304,
      0.9376043956043956,
      0.9630172758000075,
      0.9474609364347124,
      0.9197213731224094,
      0.9560613235099416
   ],
   "ct_f1_weighted": [
      0.8634996860137522,
      0.9358257467690988,
      0.9596146648799548,
      0.9077352797442731,
      0.8188857253115914,
      0.9398606881739413,
      0.96389441526982,
      0.9478139402127025,
      0.9195247757484305,
      0.955808086044695
   ],
   "gt": [
      3,
      3,
      3,
      3,
      3,
      3,
      3,
      3,
      3,
      3,
      3,
      3,
      3,
      3,
      3,
      3,
      3,
      3,
      3,
      3,
      3,
      3,
      3,
      3,
      3,
      3,
      3,
      3,
      3,
      3,
      3,
      3,
      3,
      3,
      3,
      3,
      3,
      3,
      3,
      3,
      3,
      3,
      3,
      3,
      3,
      3,
      3,
      3,
      3,
      3,
      3,
      3,
      2,
      2,
      2,
      2,
      2,
      2,
      2,
      2,
      2,
      2,
      2,
      2,
      2,
      2,
      2,
      2,
      2,
      2,
      2,
      2,
      2,
      2,
      2,
      2,
      2,
      2,
      2,
      2,
      2,
      2,
      2,
      2,
      2,
      2,
      2,
      2,
      2,
      2,
      2,
      2,
      2,
      2,
      2,
      2,
      2,
      2,
      2,
      2,
      2,
      2,
      2,
      2,
      1,
      1,
      1,
      1,
      1,
      1,
      1,
      1,
      1,
      1,
      1,
      1,
      1,
      1,
      1,
      1,
      1,
      1,
      1,
      1,
      1,
      1,
      1,
      1,
      1,
      1,
      1,
      1,
      1,
      1,
      1,
      1,
      1,
      1,
      1,
      1,
      1,
      1,
      1,
      1,
      1,
      1,
      1,
      1,
      1,
      1,
      1,
      1,
      1,
      1,
      1,
      1,
      4,
      4,
      4,
      4,
      4,
      4,
      4,
      4,
      4,
      4,
      4,
      4,
      4,
      4,
      4,
      4,
      4,
      4,
      4,
      4,
      4,
      4,
      4,
      4,
      4,
      4,
      4,
      4,
      4,
      4,
      4,
      4,
      4,
      4,
      4,
      4,
      4,
      4,
      4,
      4,
      4,
      4,
      4,
      4,
      4,
      4,
      4,
      4,
      4,
      4,
      4,
      0,
      0,
      0,
      0,
      0,
      0,
      0,
      0,
      0,
      0,
      0,
      0,
      0,
      0,
      0,
      0,
      0,
      0,
      0,
      0,
      0,
      0,
      0,
      0,
      0,
      0,
      0,
      0,
      0,
      0,
      0,
      0,
      0,
      0,
      0,
      0,
      0,
      0,
      0,
      0,
      0,
      0
   ],
   "em_f1_micro": [
      0.791164658634538,
      0.8835341365461847,
      0.9236947791164659,
      0.8594377510040161,
      0.7028112449799196,
      0.9156626506024096,
      0.963855421686747,
      0.9076305220883534,
      0.8995983935742972,
      0.9076305220883534
   ],
   "em_f1_macro": [
      0.7894620244923113,
      0.8844888039505745,
      0.9234851998596575,
      0.858979758979759,
      0.6928155753830405,
      0.9120076611841318,
      0.9637844628885572,
      0.9066176781066073,
      0.8990393459732381,
      0.9091856731015306
   ],
   "em_f1_weighted": [
      0.7900259964547267,
      0.8838896872151819,
      0.9235726582103077,
      0.8590145457615337,
      0.6992286623435107,
      0.9160850810650008,
      0.9637906332233692,
      0.9085994797792017,
      0.8996007291987235,
      0.908123197084869
   ]
}