{
   "worker_count": 20,
   "expertise_scores": [
      [
         0.343766908241671,
         0.25806153913324326,
         0.33860079516616276,
         0.6106046294129723,
         0.24846160160086647,
         0.35075068195597714,
         0.5270008456828315,
         0.2974746246072122,
         0.4805059298650187,
         0.25904675051276543,
         0.3010149284581808,
         0.4626730448154416,
         0.2733498071239766,
         0.5048105105347787,
         0.7611541367274243,
         0.5582274932677702,
         0.6655650623394015,
         0.3791380470815542,
         0.21604094939206905,
         0.4363485179237955
      ],
      [
         0.548984718592928,
         0.2354145180811247,
         0.6432367770023102,
         0.6366316396734794,
         0.5759227471174243,
         0.7716006951121042,
         0.31707266091049247,
         0.4576554657804921,
         0.2573559513259281,
         0.32527589980073707,
         0.24777374479750963,
         0.6943965517787424,
         0.49223810590771555,
         0.778342654335708,
         0.5336688836321831,
         0.4813341785769304,
         0.7232233083274514,
         0.23647768903491484,
         0.31768542883380796,
         0.41301100088693626
      ],
      [
         0.7740612809731443,
         0.7457212346981585,
         0.19743567739850473,
         0.7737300444263038,
         0.7799317407813153,
         0.6266961382866926,
         0.2887311525291947,
         0.37719749556405513,
         0.38374824010127434,
         0.3157075764218522,
         0.4136340315042053,
         0.47940709477560883,
         0.6969710785889904,
         0.3847800197445829,
         0.3116342354097104,
         0.36508331224609003,
         0.47138219214623645,
         0.5422166840748844,
         0.7385320257209333,
         0.23668570696734254
      ],
      [
         0.5599122906325942,
         0.264375304161847,
         0.4716467154464067,
         0.42861233065149873,
         0.7386292823493444,
         0.5237470004296516,
         0.5899383953386665,
         0.28998085590389944,
         0.2803422824907348,
         0.7392209030472509,
         0.7703002518668888,
         0.2739599125424674,
         0.37811829576402267,
         0.354423118490823,
         0.38755700370494156,
         0.22485838213286877,
         0.4453850288231712,
         0.3886189106539343,
         0.2966864680544091,
         0.5613515998940938
      ],
      [
         0.3762970994959086,
         0.7677469721920196,
         0.7829087839828687,
         0.33257824834956906,
         0.7610253867649249,
         0.3454723690397353,
         0.6444228782265775,
         0.4784272016473813,
         0.7275871031702265,
         0.2825987321003143,
         0.6592461653574639,
         0.5671809901281735,
         0.6713360589281776,
         0.2848871526060273,
         0.40297522101044697,
         0.4404609884407795,
         0.38691094581020996,
         0.19325763557230474,
         0.7767305176720435,
         0.4055222132140317
      ],
      [
         0.44654838373464967,
         0.37552266984709964,
         0.528598368459095,
         0.7490215132734711,
         0.5176741476892075,
         0.7013836600047468,
         0.48756111356952436,
         0.6886811318648286,
         0.27970874381155053,
         0.7977318255209289,
         0.7229500608398575,
         0.751353948730169,
         0.3405386477143266,
         0.74031495390577,
         0.3796395341911841,
         0.5162848447036165,
         0.6738073151010228,
         0.34157131598612334,
         0.7595781794710494,
         0.7049994070375036
      ],
      [
         0.46949702480441613,
         0.42250465677269966,
         0.21578353147821844,
         0.4736991800774356,
         0.759636135201586,
         0.4631741755776111,
         0.42223292029369575,
         0.3977762920883091,
         0.7939849798774352,
         0.2201340304601637,
         0.6155318771630814,
         0.517440630250137,
         0.3998913002464558,
         0.6873610383381072,
         0.7863989030778067,
         0.578941342958963,
         0.33936090070399016,
         0.37037688519213663,
         0.4202917892743596,
         0.7153867159200038
      ],
      [
         0.7570822557004302,
         0.74440597726276,
         0.7923922811914343,
         0.6465082314264404,
         0.5760919763656233,
         0.3945003340820426,
         0.6025151440312179,
         0.30448113951122396,
         0.20260615095990145,
         0.5263518961111057,
         0.4762348669246187,
         0.6085424640684038,
         0.4551930446514635,
         0.5888808195092782,
         0.7906154926068453,
         0.3294312494642767,
         0.546609563765988,
         0.7289540791563599,
         0.7571582603559291,
         0.273747493690315
      ],
      [
         0.7122898729050098,
         0.7688831531932296,
         0.2589702713275035,
         0.6747333370887882,
         0.21765018992857446,
         0.4856060928412653,
         0.6519731498566513,
         0.3098026669103565,
         0.39733038693020495,
         0.4179197289514917,
         0.19215957715009604,
         0.251005251950976,
         0.32346104789240426,
         0.1919551570855046,
         0.4899596775418069,
         0.7681420188546025,
         0.6975671868009703,
         0.2570824400961004,
         0.28825032304243775,
         0.6039530297658784
      ],
      [
         0.26677992905525183,
         0.4738233045635798,
         0.5231476291463042,
         0.667403806011491,
         0.5197257725823572,
         0.6385072035656445,
         0.6028958108688891,
         0.2728566338831041,
         0.39497277818879406,
         0.49378650078592345,
         0.4631290469597902,
         0.21933126941527692,
         0.5686136048970987,
         0.3544627200950868,
         0.5509995373004101,
         0.5156579797726986,
         0.21079995798223067,
         0.5491094892586651,
         0.44096161389451427,
         0.7733410046188062
      ]
   ],
   "mv_f1_micro": [
      0.8594377510040161,
      0.9477911646586346,
      0.9799196787148594,
      0.9357429718875502,
      0.9799196787148594,
      0.9919678714859438,
      0.9839357429718876,
      0.9919678714859438,
      0.927710843373494,
      0.9718875502008032
   ],
   "mv_f1_macro": [
      0.859428402832188,
      0.9473982194019811,
      0.980767452612113,
      0.9344395394180187,
      0.9802952924747984,
      0.9923044695017221,
      0.984129508412775,
      0.9922322775263952,
      0.9267922951020662,
      0.9712395299484445
   ],
   "mv_f1_weighted": [
      0.8595186469109565,
      0.947756329500552,
      0.9800347947499661,
      0.9356188983576583,
      0.9800602161454419,
      0.9920042693194648,
      0.9839398714217232,
      0.9919663571329057,
      0.9280778657673374,
      0.9719538967038456
   ],
   "ct_f1_micro": [
      0.9076305220883534,
      0.9839357429718876,
      0.9919678714859438,
      0.9759036144578314,
      1.0,
      0.9919678714859438,
      0.9959839357429718,
      0.9959839357429718,
      0.9718875502008032,
      0.9759036144578314
   ],
   "ct_f1_macro": [
      0.9061345976675209,
      0.983580643840247,
      0.9922703510082151,
      0.9748187442827045,
      1.0,
      0.9923044695017221,
      0.9956855995410212,
      0.996116504854369,
      0.9721424897477606,
      0.9755002583557694
   ],
   "ct_f1_weighted": [
      0.9075833645117402,
      0.9839135649824332,
      0.9920061125757698,
      0.9757441214244547,
      1.0,
      0.9920042693194648,
      0.9959788667003067,
      0.9959839357429717,
      0.9720083372973267,
      0.9759928676114262
   ],