{
   "worker_count": 15,
   "expertise_scores": [
      [
         0.5265265428922402,
         0.5097367894169027,
         0.19211394154882597,
         0.618820953999939,
         0.47610869423793145,
         0.6785640217264575,
         0.6613474168535819,
         0.7134790351329388,
         0.6967779737288199,
         0.48440910217835775,
         0.24019714482086202,
         0.6700289001337618,
         0.5400076689173647,
         0.191973591698657,
         0.34584180993407754
      ],
      [
         0.5661248366149421,
         0.22689681503255574,
         0.43961904868410207,
         0.6266408634321657,
         0.40530992353632384,
         0.22036453593559474,
         0.2616303622078593,
         0.2837587791374767,
         0.596921542417492,
         0.3094905217743646,
         0.20609770166524433,
         0.7466213633269513,
         0.5255426477648012,
         0.3217734912724808,
         0.5763206614770399
      ],
      [
         0.7450728833223637,
         0.5621647466133244,
         0.7207386569418776,
         0.7559318817743418,
         0.3372167206433304,
         0.43911664509706877,
         0.38892444560607076,
         0.3939903008923692,
         0.45630545401549916,
         0.24332635398297836,
         0.4692914177867269,
         0.6902399029066122,
         0.46596549307465607,
         0.7434743237508119,
         0.7122127303122943
      ],
      [
         0.26181486491372924,
         0.30497678137511763,
         0.6947222917380868,
         0.34530907479867595,
         0.6264224409962311,
         0.6280084457712217,
         0.7760368697856014,
         0.6438991584843986,
         0.6223908828332547,
         0.5800414437945514,
         0.2341603950225782,
         0.5129105765606489,
         0.5101741943340116,
         0.6360725120444475,
         0.7971408043964887
      ],
      [
         0.3889249149878634,
         0.1954130350680335,
         0.40159503895558446,
         0.737501433369621,
         0.7906513537584433,
         0.388834991511368,
         0.5622383551601576,
         0.4855405631642432,
         0.7838645805322664,
         0.3458907101285696,
         0.6867741802682154,
         0.22332638693611312,
         0.3113181926379077,
         0.7064673797013565,
         0.5059361755991849
      ],
      [
         0.32742667065032954,
         0.6706032026700275,
         0.5346410637640919,
         0.291883416678853,
         0.7618196934086116,
         0.33995304425347245,
         0.6262782223519976,
         0.2034754511840346,
         0.21692644196291797,
         0.5735397026948924,
         0.6348140382256913,
         0.3902557341793327,
         0.7807289938169482,
         0.374639173053363,
         0.5560770203947676
      ],
      [
         0.6830023199070251,
         0.315938404405115,
         0.3619994138099475,
         0.2129387413173596,
         0.2552249287323048,
         0.3472567797268692,
         0.23798132333215744,
         0.44737709662849356,
         0.6042869164218989,
         0.6915958479365081,
         0.5760150327092173,
         0.7116222834130297,
         0.2756161237632275,
         0.20385044942152816,
         0.3580439924981844
      ],
      [
         0.3153240706336663,
         0.5860706617227022,
         0.2542124816023025,
         0.78966661477469,
         0.674919870688714,
         0.24744896379867312,
         0.5682303151010529,
         0.45681155428537334,
         0.47505424708503863,
         0.7082476700803254,
         0.4311322182884587,
         0.33342456488417294,
         0.5166106546054265,
         0.6500124147662714,
         0.24361244110588132
      ],
      [
         0.772732791049088,
         0.7293661713338808,
         0.23234768364960728,
         0.44943358822899027,
         0.27367034767581166,
         0.4645649261884658,
         0.7779227799429453,
         0.3698054856111872,
         0.2684261600644039,
         0.6443951364561987,
         0.3488460883945851,
         0.22114243643749698,
         0.31611049106933653,
         0.7797772551944574,
         0.6473866854738087
      ],
      [
         0.24605208914424018,
         0.6623734760650511,
         0.39349893130397146,
         0.2160655228287405,
         0.3263442517653938,
         0.5938418235350585,
         0.2889086785595023,
         0.5903211135506721,
         0.4485557211148805,
         0.6659784782838403,
         0.28961056551060715,
         0.7044704835570915,
         0.6433936128354082,
         0.6036877383626355,
         0.5368643993596772
      ]
   ],
   "mv_f1_micro": [
      0.9357429718875502,
      0.8313253012048193,
      0.963855421686747,
      0.9718875502008032,
      0.9196787148594378,
      0.9317269076305221,
      0.8433734939759037,
      0.9156626506024096,
      0.9477911646586346,
      0.9317269076305221
   ],
   "mv_f1_macro": [
      0.9370757765163813,
      0.8277188617063649,
      0.9635117440345018,
      0.9710408060898217,
      0.9186488456114255,
      0.9308035529214568,
      0.8426473335287925,
      0.9173555247341655,
      0.9479569315759129,
      0.9313866066320429
   ],
   "mv_f1_weighted": [
      0.9354661990490193,
      0.8307104580066461,
      0.9639627044873921,
      0.971759530920749,
      0.9196507518408361,
      0.9317914835126158,
      0.8416425064048993,
      0.9155157302130116,
      0.9478846335520191,
      0.9319310430168466
   ],
   "ct_f1_micro": [
      0.9598393574297188,
      0.9036144578313253,
      0.9879518072289156,
      0.9879518072289156,
      0.9839357429718876,
      0.963855421686747,
      0.9317269076305221,
      0.9598393574297188,
      0.9759036144578314,
      0.9598393574297188
   ],
   "ct_f1_macro": [
      0.9596580354288984,
      0.9031371486461548,
      0.9878402435768534,
      0.98802956625392,
      0.9831707919343096,
      0.9633254338558206,
      0.9315288183991353,
      0.9609646732479401,
      0.9755393987318601,
      0.9603907900147963
   ],
   "ct_f1_weighted": [
      0.9598630861882745,
      0.9035779320815539,
      0.9879062177830914,
      0.987984615075221,
      0.9839186854463936,
      0.9640807772113228,
      0.931921109261314,
      0.959829671955342,
      0.9759534763694176,
      0.9596942430268229
   ],