{
   "worker_count": 3,
   "expertise_scores": [
      [
         0.36081718970969684,
         0.725265836354664,
         0.41519230343830454
      ],
      [
         0.7642908741215468,
         0.31507655186540484,
         0.6768760159388867
      ],
      [
         0.6339643916600237,
         0.7343730372687943,
         0.4172552192353375
      ],
      [
         0.3519906816124448,
         0.5895942725203982,
         0.5819819256961241
      ],
      [
         0.2191074458292294,
         0.5850211967331967,
         0.3420856802282233
      ],
      [
         0.5317029144076313,
         0.34983777337391453,
         0.7792972376128239
      ],
      [
         0.5087083589073461,
         0.48891389077401426,
         0.5320236403525064
      ],
      [
         0.6476592338380294,
         0.3966672359086272,
         0.7713440892599036
      ],
      [
         0.6824191029018029,
         0.3325888817304025,
         0.5494899189544274
      ],
      [
         0.5868707111888481,
         0.38560254219315904,
         0.7071555277893294
      ]
   ],
   "mv_f1_micro": [
      0.6104417670682731,
      0.7269076305220884,
      0.718875502008032,
      0.5903614457831325,
      0.46184738955823296,
      0.6506024096385542,
      0.5943775100401606,
      0.7590361445783133,
      0.6265060240963856,
      0.6827309236947792
   ],
   "mv_f1_macro": [
      0.6106137107920941,
      0.7257636823040523,
      0.7175810650310693,
      0.5899427736066625,
      0.45905175172248686,
      0.6500646084002734,
      0.597303961702696,
      0.7599970595442295,
      0.6277783160333763,
      0.6796184236159144
   ],
   "mv_f1_weighted": [
      0.6119977227891104,
      0.7275067983340275,
      0.7185939535791466,
      0.5905615968248169,
      0.460333782430719,
      0.6508080078909851,
      0.5961159802474428,
      0.7592834262804711,
      0.6258733133930364,
      0.6821210166076579
   ],
   "ct_f1_micro": [
      0.7148594377510039,
      0.783132530120482,
      0.7309236947791165,
      0.6345381526104418,
      0.4136546184738956,
      0.7630522088353414,
      0.5863453815261044,
      0.791164658634538,
      0.6907630522088354,
      0.7269076305220884
   ],
   "ct_f1_macro": [
      0.7150255589874851,
      0.7833574448900164,
      0.7292182870517173,
      0.631481987414846,
      0.41188532186551985,
      0.762146302718539,
      0.5863463625274092,
      0.7913771829147269,
      0.6907301550708465,
      0.7241326082868427
   ],
   "ct_f1_weighted": [
      0.7145772917297086,
      0.784101960049625,
      0.7318933464985349,
      0.6349796928338347,
      0.41363507702845254,
      0.7628573187122528,
      0.5859398949757556,
      0.7912622605628076,
      0.6882385289818407,
      0.7278095383686902
   ],
   "gt": [
      3,
      3,
      3,
      3,
      3,
      3,
      3,
      3,
      3,
      3,
      3,
      3,
      3,
      3,
      3,
      3,
      3,
      3,
      3,
      3,
      3,
      3,
      3,
      3,
      3,
      3,
      3,
      3,
      3,
      3,
      3,
      3,
      3,
      3,
      3,
      3,
      3,
      3,
      3,
      3,
      3,
      3,
      3,
      3,
      3,
      3,
      3,
      3,
      3,
      3,
      3,
      3,
      2,
      2,
      2,
      2,
      2,
      2,
      2,
      2,
      2,
      2,
      2,
      2,
      2,
      2,
      2,
      2,
      2,
      2,
      2,
      2,
      2,
      2,
      2,
      2,
      2,
      2,
      2,
      2,
      2,
      2,
      2,
      2,
      2,
      2,
      2,
      2,
      2,
      2,
      2,
      2,
      2,
      2,
      2,
      2,
      2,
      2,
      2,
      2,
      2,
      2,
      2,
      2,
      1,
      1,
      1,
      1,
      1,
      1,
      1,
      1,
      1,
      1,
      1,
      1,
      1,
      1,
      1,
      1,
      1,
      1,
      1,
      1,
      1,
      1,
      1,
      1,
      1,
      1,
      1,
      1,
      1,
      1,
      1,
      1,
      1,
      1,
      1,
      1,
      1,
      1,
      1,
      1,
      1,
      1,
      1,
      1,
      1,
      1,
      1,
      1,
      1,
      1,
      1,
      1,
      4,
      4,
      4,
      4,
      4,
      4,
      4,
      4,
      4,
      4,
      4,
      4,
      4,
      4,
      4,
      4,
      4,
      4,
      4,
      4,
      4,
      4,
      4,
      4,
      4,
      4,
      4,
      4,
      4,
      4,
      4,
      4,
      4,
      4,
      4,
      4,
      4,
      4,
      4,
      4,
      4,
      4,
      4,
      4,
      4,
      4,
      4,
      4,
      4,
      4,
      4,
      0,
      0,
      0,
      0,
      0,
      0,
      0,
      0,
      0,
      0,
      0,
      0,
      0,
      0,
      0,
      0,
      0,
      0,
      0,
      0,
      0,
      0,
      0,
      0,
      0,
      0,
      0,
      0,
      0,
      0,
      0,
      0,
      0,
      0,
      0,
      0,
      0,
      0,
      0,
      0,
      0,
      0
   ],
   "em_f1_micro": [
      0.5301204819277109,
      0.718875502008032,
      0.7068273092369478,
      0.6265060240963856,
      0.40160642570281124,
      0.678714859437751,
      0.5060240963855421,
      0.7469879518072289,
      0.6104417670682731,
      0.5983935742971888
   ],
   "em_f1_macro": [
      0.5248866021229885,
      0.7202792651495902,
      0.7074692781471191,
      0.6261237599701569,
      0.40201667611816766,
      0.6783952519245011,
      0.5084893379511692,
      0.7415425154555588,
      0.6077476595830322,
      0.6073748487068003
   ],
   "em_f1_weighted": [
      0.5273374406063919,
      0.72281767665716,
      0.7100055750405725,
      0.6275660176288473,
      0.40092197159942505,
      0.6793095245896356,
      0.5083388446880805,
      0.7429761205560054,
      0.6046286406123976,
      0.6110856136812257
   ]
}