{
   "worker_count": 30,
   "expertise_scores": [
      [
         0.41999127064131386,
         0.5696944667255224,
         0.6650595005883532,
         0.2629002473053349,
         0.2791167795728115,
         0.5529053823855018,
         0.5251921451083534,
         0.6143789279080789,
         0.29990103550103464,
         0.6590648808554113,
         0.5696271494399499,
         0.1948343384026071,
         0.3679234226216461,
         0.38294428016157944,
         0.1899039225097406,
         0.3453533399341588,
         0.6065726436738099,
         0.7019647253225955,
         0.41775360208017104,
         0.5237673271679828,
         0.4688225056347597,
         0.40469457129708997,
         0.5236435352669517,
         0.5742972115258109,
         0.4333248290338012,
         0.4494819211650559,
         0.7641605784928464,
         0.2529866158314835,
         0.4741623169838882,
         0.3802980203676582
      ],
      [
         0.4738364319852897,
         0.526770980199229,
         0.7178846938390171,
         0.642819836153894,
         0.3877813850717162,
         0.5918421510610087,
         0.49803039814884065,
         0.34112595359340414,
         0.6676449053169107,
         0.24012030891000155,
         0.7621195038945129,
         0.30498954379343135,
         0.24813780736844257,
         0.2430959218476504,
         0.23328488597816682,
         0.29944193557478943,
         0.2196912295192869,
         0.6414285266479739,
         0.780477910296671,
         0.425578289649973,
         0.6346718747489934,
         0.19795293014842114,
         0.42239272982004566,
         0.6782897377502918,
         0.7542632079753799,
         0.27717873987878056,
         0.3722601998518934,
         0.4223272601994573,
         0.35008751326643617,
         0.37881003192482965
      ],
      [
         0.566832980154373,
         0.3037138786579287,
         0.6407377898443186,
         0.18961104030761888,
         0.3414066090559855,
         0.6591540719856382,
         0.7258487240337034,
         0.506021578158461,
         0.3135147029243525,
         0.21952744182597705,
         0.5445895202251047,
         0.5871834421528701,
         0.6228783062735106,
         0.5532574344801452,
         0.7547621766723519,
         0.3757835913846596,
         0.5962591498598807,
         0.6208505727355504,
         0.2568556503463854,
         0.21124363209931055,
         0.19370891528502646,
         0.47430363625439953,
         0.37936433050037516,
         0.5028430113425145,
         0.7909805570311605,
         0.7648705123000114,
         0.36803701736647454,
         0.5080252434780258,
         0.7436658841368191,
         0.6631072195953394
      ],
      [
         0.6399488349212095,
         0.5896562495244198,
         0.3353885956442099,
         0.36513074634711473,
         0.5664035734481621,
         0.7437664861821515,
         0.7712436764096627,
         0.19009879904895025,
         0.29782030425131856,
         0.2070676365322441,
         0.6273407743280988,
         0.3066874149392452,
         0.26800875436156113,
         0.33027574446649477,
         0.7818041999453382,
         0.598844891527229,
         0.2415119458120893,
         0.7779493152830469,
         0.5417024744117238,
         0.6166446858961272,
         0.4851361357742574,
         0.4827941768131059,
         0.6755103887085911,
         0.2740852000687898,
         0.301056394299268,
         0.5710857614189682,
         0.7669465563809444,
         0.3237978563023466,
         0.6682892700409213,
         0.3079111925679679
      ],
      [
         0.3625169348070484,
         0.19729041144573475,
         0.4113370156431242,
         0.1908820995560329,
         0.6966176644919296,
         0.220231881613973,
         0.6683428540189851,
         0.558842531578515,
         0.7364631038116743,
         0.7250414769370859,
         0.43802939115506095,
         0.19620520813220563,
         0.7901086276625985,
         0.24600190972430733,
         0.645345459457858,
         0.22633778430210671,
         0.6414648135013443,
         0.5160240836885651,
         0.7845966045545282,
         0.34362092216616935,
         0.6920435234743495,
         0.7316782829697306,
         0.7000335283143799,
         0.19609546849772716,
         0.6006578123779193,
         0.5538864512384005,
         0.6598025308180433,
         0.31518497085362707,
         0.7788068991410239,
         0.3462374122106623
      ],
      [
         0.5999538848376271,
         0.7530715755286818,
         0.37234710356312445,
         0.7815343756425699,
         0.40884241781664676,
         0.6960480276158646,
         0.7775718353287271,
         0.6601474706198129,
         0.29337255002145335,
         0.2516749433926,
         0.7676475045029924,
         0.6110233250224806,
         0.28094347269551956,
         0.21007865188463878,
         0.6225286885748976,
         0.25043920416472637,
         0.35053247396552956,
         0.7532605233880734,
         0.5802902334430063,
         0.3536267863604996,
         0.27412148285182814,
         0.4608249240040785,
         0.6789643381461536,
         0.37463501362102736,
         0.32675073086400697,
         0.6187987546090566,
         0.7262077680242551,
         0.5200272734491151,
         0.5309479548196584,
         0.26240177540411747
      ],
      [
         0.35548877873634277,
         0.646473250431603,
         0.6879016546804863,
         0.6407516207510362,
         0.7940040127824635,
         0.6130979552851067,
         0.4984259154688594,
         0.6320850672300729,
         0.6350409494430467,
         0.40898072583718664,
         0.6401486116726997,
         0.4689744269491519,
         0.393953700630022,
         0.2077881217518927,
         0.45576725109681926,
         0.2740992640062132,
         0.7751354897385374,
         0.5549233535244524,
         0.5331149188271125,
         0.2781025367229626,
         0.5766515552275363,
         0.5625633017733611,
         0.7464887578812875,
         0.3801952780765521,
         0.30292575330770377,
         0.6150122307837664,
         0.7925950638781223,
         0.5893008070827509,
         0.44842713591435523,
         0.48042056852908566
      ],
      [
         0.2148418534191837,
         0.6006790227204564,
         0.48525501985993813,
         0.6050848449080135,
         0.6265274370282201,
         0.5927032129438274,
         0.21584460786508347,
         0.7457159404583439,
         0.7247056130778219,
         0.5019277467715607,
         0.1907635689858355,
         0.399810742791866,
         0.7151245302274386,
         0.5964995784895575,
         0.3337959932790262,
         0.5469642511685111,
         0.5019397916366285,
         0.6915840664499113,
         0.5026189790635294,
         0.7162078829013095,
         0.32646594591157213,
         0.5719255811274692,
         0.5279713392960298,
         0.5545331980502769,
         0.39139733408609545,
         0.34385156653462245,
         0.651289781090379,
         0.6106147440405484,
         0.31014547089830385,
         0.48926834682083564
      ],
      [
         0.2918233794019321,
         0.3258338499188005,
         0.26013308738567176,
         0.38861502623319444,
         0.7849501224281014,
         0.48708395784264225,
         0.5233225960393478,
         0.43236581879129654,
         0.4329496086546604,
         0.6173721311730428,
         0.49949832499604174,
         0.514410783883248,
         0.7724360484236275,
         0.7127409498019047,
         0.33885745382595317,
         0.40357472614558426,
         0.7818664911119094,
         0.41098163873407,
         0.3361810847348857,
         0.291493681318509,
         0.6895368532326326,
         0.3159363072702599,
         0.5788488602852949,
         0.5577552734413801,
         0.6532677492410209,
         0.24455661411282606,
         0.3041147278251394,
