{
   "worker_count": 5,
   "expertise_scores": [
      [
         0.23650819510691304,
         0.3978969524632075,
         0.25519090735314476,
         0.44230608096959523,
         0.696781144972633
      ],
      [
         0.7473677528007532,
         0.6519770576515588,
         0.5685267753587996,
         0.5442938053101108,
         0.2846570006727266
      ],
      [
         0.7964841949061088,
         0.36180591664109546,
         0.608096415780845,
         0.4453036336989771,
         0.5512639695457582
      ],
      [
         0.7067439169216303,
         0.2421546279284567,
         0.4251128477163819,
         0.3562901860845719,
         0.44713074357261084
      ],
      [
         0.757373236479797,
         0.7968470194925975,
         0.2912150718037334,
         0.6168770467720016,
         0.7602080507833935
      ],
      [
         0.3459597250565478,
         0.7911813434274666,
         0.4940633117750295,
         0.4772102337250056,
         0.6516669977579114
      ],
      [
         0.2029456185239476,
         0.507458550457838,
         0.2616701014355751,
         0.37197733565382973,
         0.30143431701678913
      ],
      [
         0.23602431438646132,
         0.32381024486728327,
         0.6444975332988346,
         0.40753869987195884,
         0.4365143323743179
      ],
      [
         0.36711731495397204,
         0.4544462811775527,
         0.4814654395284076,
         0.7123929439484987,
         0.3924600232649027
      ],
      [
         0.3527438326391231,
         0.68591097764139,
         0.23636226918457762,
         0.24601748808187326,
         0.5867474408512598
      ]
   ],
   "mv_f1_micro": [
      0.5582329317269076,
      0.783132530120482,
      0.8032128514056225,
      0.6224899598393574,
      0.8634538152610441,
      0.791164658634538,
      0.42971887550200805,
      0.5742971887550201,
      0.6506024096385542,
      0.5823293172690763
   ],
   "mv_f1_macro": [
      0.5581189344424639,
      0.7823917254554461,
      0.8032804436308243,
      0.6220354402878675,
      0.8620188584505865,
      0.792586625059185,
      0.4276814871806437,
      0.5739119669089293,
      0.6499688317446881,
      0.5798393628616679
   ],
   "mv_f1_weighted": [
      0.5562815631708852,
      0.7834872013749795,
      0.8037487493969008,
      0.6236001375315915,
      0.863409971949483,
      0.7915479425926126,
      0.4304823876754311,
      0.574110287621162,
      0.6510689231168755,
      0.5823117896074312
   ],
   "ct_f1_micro": [
      0.6345381526104418,
      0.8313253012048193,
      0.8273092369477912,
      0.7028112449799196,
      0.9076305220883534,
      0.8353413654618473,
      0.4979919678714859,
      0.6184738955823293,
      0.7068273092369478,
      0.6746987951807228
   ],
   "ct_f1_macro": [
      0.6371112232199913,
      0.8299397230449863,
      0.8261750863552038,
      0.7019537443114267,
      0.9056584275036265,
      0.8345403195375143,
      0.49567894447498634,
      0.6195949122367855,
      0.7055968187947071,
      0.6738869235760785
   ],
   "ct_f1_weighted": [
      0.6337196416243793,
      0.8305828402087122,
      0.8276204541228432,
      0.7029086342748955,
      0.9076216939566288,
      0.8358714788404372,
      0.4978110720323111,
      0.6183607656838237,
      0.7066045565813315,
      0.6745634496203893
   ],
   "gt": [
      3,
      3,
      3,
      3,
      3,
      3,
      3,
      3,
      3,
      3,
      3,
      3,
      3,
      3,
      3,
      3,
      3,
      3,
      3,
      3,
      3,
      3,
      3,
      3,
      3,
      3,
      3,
      3,
      3,
      3,
      3,
      3,
      3,
      3,
      3,
      3,
      3,
      3,
      3,
      3,
      3,
      3,
      3,
      3,
      3,
      3,
      3,
      3,
      3,
      3,
      3,
      3,
      2,
      2,
      2,
      2,
      2,
      2,
      2,
      2,
      2,
      2,
      2,
      2,
      2,
      2,
      2,
      2,
      2,
      2,
      2,
      2,
      2,
      2,
      2,
      2,
      2,
      2,
      2,
      2,
      2,
      2,
      2,
      2,
      2,
      2,
      2,
      2,
      2,
      2,
      2,
      2,
      2,
      2,
      2,
      2,
      2,
      2,
      2,
      2,
      2,
      2,
      2,
      2,
      1,
      1,
      1,
      1,
      1,
      1,
      1,
      1,
      1,
      1,
      1,
      1,
      1,
      1,
      1,
      1,
      1,
      1,
      1,
      1,
      1,
      1,
      1,
      1,
      1,
      1,
      1,
      1,
      1,
      1,
      1,
      1,
      1,
      1,
      1,
      1,
      1,
      1,
      1,
      1,
      1,
      1,
      1,
      1,
      1,
      1,
      1,
      1,
      1,
      1,
      1,
      1,
      4,
      4,
      4,
      4,
      4,
      4,
      4,
      4,
      4,
      4,
      4,
      4,
      4,
      4,
      4,
      4,
      4,
      4,
      4,
      4,
      4,
      4,
      4,
      4,
      4,
      4,
      4,
      4,
      4,
      4,
      4,
      4,
      4,
      4,
      4,
      4,
      4,
      4,
      4,
      4,
      4,
      4,
      4,
      4,
      4,
      4,
      4,
      4,
      4,
      4,
      4,
      0,
      0,
      0,
      0,
      0,
      0,
      0,
      0,
      0,
      0,
      0,
      0,
      0,
      0,
      0,
      0,
      0,
      0,
      0,
      0,
      0,
      0,
      0,
      0,
      0,
      0,
      0,
      0,
      0,
      0,
      0,
      0,
      0,
      0,
      0,
      0,
      0,
      0,
      0,
      0,
      0,
      0
   ],
   "em_f1_micro": [
      0.5140562248995983,
      0.7550200803212851,
      0.783132530120482,
      0.5863453815261044,
      0.9036144578313253,
      0.7710843373493976,
      0.3453815261044177,
      0.5421686746987951,
      0.5783132530120482,
      0.6024096385542169
   ],
   "em_f1_macro": [
      0.5088744672776749,
      0.7500466070436727,
      0.7850896954526492,
      0.5813395152227155,
      0.9026036481199139,
      0.7708431325669373,
      0.34041979707374703,
      0.5471295599863876,
      0.5792153778459317,
      0.6004475190647864
   ],
   "em_f1_weighted": [
      0.5091485330356261,
      0.7551803036511352,
      0.7899224767237495,
      0.5823760885579489,
      0.9043660746699207,
      0.7692019629349769,
      0.3438498247077196,
      0.5477379185924374,
      0.5821925475164115,
      0.6008359459835578
   ]
}