{
   "worker_count": 13,
   "expertise_scores": [
      [
         0.4211064787978829,
         0.2320096251934162,
         0.5232846106066266,
         0.6341508452063034,
         0.6962522717497319,
         0.40149615218840246,
         0.21356816635548703,
         0.7985698288517574,
         0.5993940808053474,
         0.30651570759787083,
         0.532167706415976,
         0.7887237303922731,
         0.4281785336199644
      ],
      [
         0.2732095578805437,
         0.45695168962585964,
         0.782949400049158,
         0.7531489667727024,
         0.22534908732830217,
         0.3390781806124338,
         0.689443016169744,
         0.38816290849505475,
         0.5776767860823896,
         0.5538300627535827,
         0.6547523003581989,
         0.48451035577863766,
         0.4923808765202945
      ],
      [
         0.35496901825193805,
         0.5500977216595142,
         0.48564023773200526,
         0.45235771168145134,
         0.25231186954964335,
         0.485136388471228,
         0.7432414077763148,
         0.7185833056142207,
         0.7605207011399248,
         0.22844471939251063,
         0.5986416133600919,
         0.26597796747745944,
         0.3348501067209398
      ],
      [
         0.35995475001930377,
         0.30128079809313074,
         0.7622996517753696,
         0.4064155204151968,
         0.31579796101848556,
         0.5124129196595968,
         0.6120731099931154,
         0.444436201137941,
         0.19322621071021942,
         0.4046405801823296,
         0.31157364331240134,
         0.48148084747693176,
         0.6612836238089017
      ],
      [
         0.26802686863675307,
         0.5626432325774481,
         0.3245188901192695,
         0.7423254383202094,
         0.7553471752805275,
         0.21396922324486578,
         0.5438800378872499,
         0.558383777645016,
         0.5165513194936746,
         0.48631576492839235,
         0.49155589255922794,
         0.22019285444787784,
         0.5130052452337154
      ],
      [
         0.6709840547331956,
         0.23957384446237248,
         0.24619911979681813,
         0.7933143038367384,
         0.5165677516023303,
         0.35938582577303974,
         0.35271282414244454,
         0.4457867558312182,
         0.6946259784968186,
         0.3583874892163164,
         0.2990892693411904,
         0.6262919629874295,
         0.6571115143754099
      ],
      [
         0.6720659653998033,
         0.6858525557897782,
         0.3806179494720199,
         0.5534999271789388,
         0.4332691586863902,
         0.7765209603671042,
         0.4048228233226616,
         0.6633853577783373,
         0.25396269333629445,
         0.33363899944327113,
         0.780441924855809,
         0.7271802161531494,
         0.30793647467215257
      ],
      [
         0.5868679705715435,
         0.30765093992068193,
         0.2969824000907033,
         0.45633542582400255,
         0.36899829041050025,
         0.332707350145903,
         0.4235900247430199,
         0.365228422054942,
         0.3459980212238636,
         0.6603441117466411,
         0.712526666860588,
         0.38252044176374556,
         0.7071876113028353
      ],
      [
         0.7465485528515131,
         0.40971562502582304,
         0.3519378031774377,
         0.37078947312476895,
         0.5575673942207175,
         0.4692930467142311,
         0.36946339152490004,
         0.20372966313809512,
         0.31143592904672046,
         0.62798665454114,
         0.362313712294499,
         0.46139242883765863,
         0.20870782256868936
      ],
      [
         0.4228104815284631,
         0.4661170300644072,
         0.6424266911001932,
         0.4535883944251252,
         0.23804454788583537,
         0.5143018673392955,
         0.24313198683028403,
         0.791140656804096,
         0.35130903875342545,
         0.5743242630007507,
         0.5055436498364687,
         0.39221784693278783,
         0.5710258697249178
      ]
   ],
   "mv_f1_micro": [
      0.9156626506024096,
      0.9558232931726908,
      0.8795180722891566,
      0.8714859437751004,
      0.9116465863453815,
      0.9036144578313253,
      0.9518072289156626,
      0.8554216867469879,
      0.791164658634538,
      0.8875502008032129
   ],
   "mv_f1_macro": [
      0.9164885291022576,
      0.9543531333411664,
      0.878119205925087,
      0.8711226513077142,
      0.9115084392731451,
      0.9025073431712919,
      0.9528988624382825,
      0.8550383589665232,
      0.791653264300696,
      0.8863670186023127
   ],
   "mv_f1_weighted": [
      0.9155195251871315,
      0.9557226984883744,
      0.8797281228077206,
      0.8716970421578676,
      0.9115784606500412,
      0.9039552309994591,
      0.9518763635185344,
      0.8553620453117514,
      0.7914637351835098,
      0.8879092841956059
   ],
   "ct_f1_micro": [
      0.9759036144578314,
      0.9678714859437751,
      0.9477911646586346,
      0.8995983935742972,
      0.9397590361445783,
      0.9518072289156626,
      0.9799196787148594,
      0.8955823293172691,
      0.8514056224899599,
      0.9036144578313253
   ],
   "ct_f1_macro": [
      0.9760049349325921,
      0.9661702919387029,
      0.9466295952493938,
      0.8992951627163832,
      0.9396660010838047,
      0.9508395983089668,
      0.9798096305587431,
      0.8953279653074162,
      0.851113506093801,
      0.9028938734516239
   ],
   "ct_f1_weighted": [
      0.9759186434221199,
      0.9677313631916794,
      0.9477780286229001,
      0.8993451379541952,
      0.9399862337737638,
      0.9520149637035946,
      0.9798738923026846,
      0.8954751211564753,
      0.8513894118896269,
      0.9038424695321853
   ],
   "gt": [
      3,
      3,
      3,
      3,
      3,
      3,
      3,
      3,
      3,
      3,
      3,
      3,
      3,
      3,
      3,
      3,
      3,
      3,
      3,
      3,
      3,
      3,
      3,
      3,
      3,
      3,
      3,
      3,
      3,
      3,
      3,
      3,
      3,
      3,
      3,
      3,
      3,
      3,
      3,
      3,
      3,
      3,
      3,
      3,
      3,
      3,
      3,
      3,
      3,
      3,
      3,
      3,
      2,
      2,
      2,
      2,
      2,
      2,
      2,
      2,
      2,
      2,
      2,
      2,
      2,
      2,
      2,
      2,
      2,
      2,
      2,
      2,
      2,
      2,
      2,
      2,
      2,
      2,
      2,
      2,
      2,
      2,
      2,
      2,
      2,
      2,
      2,
      2,
      2,
      2,
      2,
      2,
      2,
      2,
      2,
      2,
      2,
      2,
      2,
      2,
      2,
      2,
      2,
      2,
      1,
      1,
      1,
      1,
      1,
      1,
      1,
      1,
      1,
      1,
      1,
      1,
      1,
      1,
      1,
      1,
      1,
      1,
      1,
      1,
      1,
      1,
      1,
      1,
      1,
      1,
      1,
      1,
      1,
      1,
      1,
      1,
      1,
      1,
      1,
      1,
      1,
      1,
      1,
      1,
      1,
      1,
      1,
      1,
      1,
      1,
      1,
      1,
      1,
      1,
      1,
      1,
      4,
      4,
      4,
      4,
      4,
      4,
      4,
      4,
      4,
      4,
      4,
      4,
      4,
      4,
      4,
      4,
      4,
      4,
      4,
      4,
      4,
      4,
      4,
      4,
      4,
      4,
      4,
      4,
      4,
      4,
      4,
      4,
      4,
      4,
      4,
      4,
      4,
      4,
      4,
      4,
      4,
      4,
      4,
      4,
      4,
      4,
      4,
      4,
      4,
      4,
      4,
      0,
      0,
      0,
      0,
      0,
      0,
      0,
      0,
      0,
      0,
      0,
      0,
      0,
      0,
      0,
      0,
      0,
      0,
      0,
      0,
      0,
      0,
      0,
      0,
      0,
      0,
      0,
      0,
      0,
      0,
      0,
      0,
      0,
      0,
      0,
      0,
      0,
      0,
      0,
      0,
      0,
      0
   ],