{
   "worker_count": 5,
   "expertise_scores": [
      [
         0.5862360680649091,
         0.7010124554411673,
         0.564708220897685,
         0.7670525890608397,
         0.93073631671253
      ],
      [
         0.7577558796749957,
         0.6203638432164018,
         0.5608453373494006,
         0.8704182610052487,
         0.8051775875926236
      ],
      [
         0.9221139404075372,
         0.6266615557262866,
         0.5859507859817554,
         0.7540861915419163,
         0.7011960645585106
      ],
      [
         0.929654071085173,
         0.9837170820654282,
         0.546345004129498,
         0.5191706288197818,
         0.575671865970736
      ],
      [
         0.8900284829285717,
         0.9331741163050926,
         0.7893286150043375,
         0.5748090327462492,
         0.6096232211980296
      ],
      [
         0.5953339956986404,
         0.836527029688422,
         0.5159453992931641,
         0.5731349868992923,
         0.8335752174621629
      ],
      [
         0.9156954937819615,
         0.886408851553926,
         0.6484749625150836,
         0.8848232495651183,
         0.7302868541016403
      ],
      [
         0.9569768060916194,
         0.834611809538275,
         0.9517074805780967,
         0.5414551917017146,
         0.5486702970315347
      ],
      [
         0.9476397739554054,
         0.9677382607708923,
         0.8535235777913392,
         0.5657802110606294,
         0.8192365641879235
      ],
      [
         0.68770044727009,
         0.6383568252675691,
         0.9504780424208206,
         0.5752763669807921,
         0.5572900600809351
      ]
   ],
   "mv_f1_micro": [
      0.8541300527240775,
      0.8611599297012302,
      0.8717047451669596,
      0.8699472759226714,
      0.9086115992970123,
      0.7996485061511424,
      0.9560632688927944,
      0.9349736379613357,
      0.9771528998242531,
      0.8260105448154658
   ],
   "mv_f1_macro": [
      0.8455649842219717,
      0.853007635584768,
      0.865522521910016,
      0.8624310619723464,
      0.9036598072414692,
      0.7891441722577626,
      0.9534011432689631,
      0.9311554748941319,
      0.9757685944998606,
      0.8170388294330675
   ],
   "mv_f1_weighted": [
      0.85483315536231,
      0.8618291478749697,
      0.8728702462727769,
      0.870625430564806,
      0.9092257750558395,
      0.8011373093801254,
      0.9562394389708421,
      0.9352870692578971,
      0.9772445082648377,
      0.8273634225318591
   ],
   "ct_f1_micro": [
      0.8541300527240775,
      0.8611599297012302,
      0.8717047451669596,
      0.9648506151142355,
      0.9086115992970123,
      0.7996485061511424,
      0.9560632688927944,
      0.9349736379613357,
      0.9771528998242531,
      0.8260105448154658
   ],
   "ct_f1_macro": [
      0.8455649842219717,
      0.853007635584768,
      0.865522521910016,
      0.9623368370886176,
      0.9036598072414692,
      0.7891441722577626,
      0.9534011432689631,
      0.9311554748941319,
      0.9757685944998606,
      0.8170388294330675
   ],
   "ct_f1_weighted": [
      0.85483315536231,
      0.8618291478749697,
      0.8728702462727769,
      0.9648164140526625,
      0.9092257750558395,
      0.8011373093801254,
      0.9562394389708421,
      0.9352870692578971,
      0.9772445082648377,
      0.8273634225318591
   ],
   "em_f1_micro": [
      0.9402460456942003,
      0.9191564147627417,
      0.9209138840070299,
      0.961335676625659,
      0.9595782073813708,
      0.8330404217926186,
      0.968365553602812,
      0.9806678383128296,
      0.9912126537785588,
      0.9507908611599297
   ],
   "em_f1_macro": [
      0.9351849370142054,
      0.9132046690542512,
      0.9169706697796585,
      0.9576911637464849,
      0.957051953123718,
      0.8255372986441258,
      0.9661685428888536,
      0.979182257522692,
      0.990593331018863,
      0.9480365296803652
   ],
   "em_f1_weighted": [
      0.9398004134833832,
      0.9189966363544599,
      0.9215816864165041,
      0.9608555611565462,
      0.9597063507132808,
      0.8347572381062569,
      0.968365553602812,
      0.9805994234080206,
      0.9912084118418486,
      0.9510852171959134
   ]
}