{
   "worker_count": 8,
   "expertise_scores": [
      [
         0.6882600919905077,
         0.5949450621963851,
         0.9346896225013783,
         0.5535752407245936,
         0.78177456410036,
         0.8749339370313489,
         0.7695063678425671,
         0.7558337070540001
      ],
      [
         0.7004795081775363,
         0.7649657787471172,
         0.5453647129369528,
         0.5567056446212406,
         0.5995797293659927,
         0.5225261441785106,
         0.6411613199968329,
         0.8155977295436794
      ],
      [
         0.903621893405677,
         0.8257273723983724,
         0.5946582747747099,
         0.8873525641099378,
         0.8881706572257836,
         0.7040071864060518,
         0.7288440827428946,
         0.9896202473999021
      ],
      [
         0.9808824254537694,
         0.6049406356775499,
         0.9491833051369098,
         0.7559391206753645,
         0.9462860842017708,
         0.8854901998100613,
         0.6464382297875684,
         0.6491136702201434
      ],
      [
         0.5208001040564859,
         0.980472104986005,
         0.517173152330424,
         0.5299889420356858,
         0.6648885831952291,
         0.6295796265752567,
         0.9266539285614114,
         0.6853230900870475
      ],
      [
         0.868249547397127,
         0.972291002186518,
         0.6143814723453346,
         0.8751703385741689,
         0.5271892800761553,
         0.8548188553042755,
         0.5637657733618917,
         0.6000477496006209
      ],
      [
         0.6492691771459912,
         0.8104159321977433,
         0.8329494565553792,
         0.6601089458084993,
         0.7926468277161118,
         0.8239844811658994,
         0.5321299503477369,
         0.6645780651759365
      ],
      [
         0.5116247073244139,
         0.6410070754493922,
         0.9363961043842113,
         0.7828440799748326,
         0.7986398127562769,
         0.9519203090793351,
         0.5854664885437407,
         0.8786363219467936
      ],
      [
         0.8524321300180533,
         0.6653401422190928,
         0.587948671149333,
         0.7601093274050892,
         0.8054976727720642,
         0.943884844356587,
         0.5465876356346372,
         0.9029608412633907
      ],
      [
         0.6761122592745731,
         0.6746861066910537,
         0.8813728054688061,
         0.5743558462943998,
         0.6320115304268609,
         0.7901955552157834,
         0.7990518547945118,
         0.7632766561298878
      ]
   ],
   "mv_f1_micro": [
      0.9156414762741653,
      0.804920913884007,
      0.9912126537785588,
      0.9964850615114236,
      0.8330404217926186,
      0.9437609841827768,
      0.8787346221441125,
      0.9490333919156414,
      0.9490333919156414,
      0.8963093145869947
   ],
   "mv_f1_macro": [
      0.9110705912998177,
      0.7973471175411746,
      0.9906113356983748,
      0.9962409492098726,
      0.8272699675661858,
      0.9404063678257226,
      0.8726883603288098,
      0.9458481148081662,
      0.9460407776197249,
      0.8909625347126362
   ],
   "mv_f1_weighted": [
      0.9162084077438517,
      0.8073307581749084,
      0.9912168295985602,
      0.9964850615114236,
      0.8353153124011162,
      0.9440094742832993,
      0.8797585858386398,
      0.9491949639428322,
      0.9492790542832167,
      0.8971155750442392
   ],
   "ct_f1_micro": [
      0.9630931458699473,
      0.8488576449912126,
      0.9982425307557118,
      0.9982425307557118,
      0.9332161687170475,
      0.9666080843585237,
      0.9314586994727593,
      0.984182776801406,
      0.9701230228471002,
      0.9332161687170475
   ],
   "ct_f1_macro": [
      0.9607148845512739,
      0.8419444444444444,
      0.9981186662037727,
      0.9981222671396749,
      0.9298296855933743,
      0.9645848688844119,
      0.9276838698954901,
      0.9831942425266722,
      0.9681386838473371,
      0.9294781474233529
   ],
   "ct_f1_weighted": [
      0.9631780837741857,
      0.8503680921694982,
      0.9982416823683697,
      0.9982433659197119,
      0.9337580060168351,
      0.96674197361784,
      0.9318942567316748,
      0.9842329198443271,
      0.9701649455020246,
      0.9336156519087401
   ],
   "em_f1_micro": [
      0.9718804920913884,
      0.8541300527240775,
      1.0,
      0.9964850615114236,
      0.9736379613356766,
      0.9912126537785588,
      0.929701230228471,
      0.9912126537785588,
      0.9824253075571178,
      0.9384885764499121
   ],
   "em_f1_macro": [
      0.9698694696708942,
      0.84055974747219,
      1.0,
      0.9962336837088618,
      0.9721861038059577,
      0.9906113356983748,
      0.9252397845224019,
      0.9906113356983748,
      0.9812047460493631,
      0.9351009088805681
   ],
   "em_f1_weighted": [
      0.9718531312421299,
      0.8524133273608868,
      1.0,
      0.9964816414052663,
      0.9738054833583364,
      0.9912168295985602,
      0.9298938106186612,
      0.9912168295985602,
      0.9824253075571178,
      0.9388794611694519
   ]
}