{
   "worker_count": 30,
   "expertise_scores": [
      [
         0.803609226146297,
         0.7652151274246544,
         0.7947152813713498,
         0.9296202259188717,
         0.613616658290737,
         0.5353663604235097,
         0.5839803929815033,
         0.7283016138231164,
         0.9729946839432366,
         0.620206990572697,
         0.6298007846319197,
         0.7354282065238975,
         0.9418456787604247,
         0.7916231110264108,
         0.7437786148379762,
         0.8518304492478332,
         0.7324005550021222,
         0.7196971804206665,
         0.8013581949362272,
         0.9620282286138293,
         0.9800818707738734,
         0.9532417143891618,
         0.6394709826622267,
         0.9531545143645179,
         0.6174236197536658,
         0.7156225678529696,
         0.7187979485840482,
         0.8202782551815464,
         0.9842305364593638,
         0.6415182765643497
      ],
      [
         0.7660752856480968,
         0.9857779253220615,
         0.8018734813788457,
         0.7908094472328054,
         0.7958082243157011,
         0.7427392352408518,
         0.7643934910241169,
         0.7387711078046417,
         0.6443954722107131,
         0.8944233692844599,
         0.7242994559733388,
         0.9838045123099828,
         0.9593907466471039,
         0.5581567653038481,
         0.5484646384862232,
         0.8691768231258341,
         0.9737340753856805,
         0.9372272860408735,
         0.654675909237205,
         0.7861413834768071,
         0.8817749906443552,
         0.7716727133313763,
         0.939909075690442,
         0.7128402808825672,
         0.6957219931880525,
         0.6763421835695441,
         0.9412192040492544,
         0.8226495010144728,
         0.8498955946081439,
         0.9270644226500706
      ],
      [
         0.7208424508881636,
         0.5761948465527105,
         0.6760475951967879,
         0.769407829749766,
         0.9749942560706859,
         0.6766541555477645,
         0.7460453399284301,
         0.697083161607049,
         0.9333977029812245,
         0.6092370938406373,
         0.7436927120880148,
         0.553945063709894,
         0.6058925365087334,
         0.9449277723147851,
         0.9181158330130583,
         0.9829450557692556,
         0.6246326582666671,
         0.9765979069836841,
         0.9709375038161732,
         0.8871285105014064,
         0.7337762885043311,
         0.8320053632096658,
         0.8020544663458017,
         0.7979613848402709,
         0.9781067588745503,
         0.511969580833335,
         0.9749019094091801,
         0.6712919707141257,
         0.9237015401324381,
         0.9356785614677462
      ],
      [
         0.5749811858681406,
         0.9837200292961875,
         0.9062842444571653,
         0.7307500994247593,
         0.986576565376102,
         0.5937370874872512,
         0.7743067857274013,
         0.8836832317359111,
         0.5733691042347774,
         0.947876349084035,
         0.522332638714078,
         0.8455940508102369,
         0.8195766256918205,
         0.9769230140075411,
         0.7179597962777724,
         0.9761811233443147,
         0.8694286754720222,
         0.6821722323523157,
         0.5187903796428844,
         0.6038118388244291,
         0.7986717817163341,
         0.7880292954995505,
         0.5138706835059776,
         0.9206784716712562,
         0.5238658716749739,
         0.7839861226903178,
         0.8918009183583933,
         0.6091583221598543,
         0.5929070765348766,
         0.8468544828067777
      ],
      [
         0.747980637066848,
         0.7044175232682267,
         0.5787550462162512,
         0.9698438505541804,
         0.7254738524629543,
         0.7357992206445855,
         0.5994242669626476,
         0.5973313230253069,
         0.8891444743121082,
         0.9602018620619681,
         0.8583394003612079,
         0.8735806659746348,
         0.9888472813672935,
         0.9492072781847816,
         0.7350793671205131,
         0.8237396442073288,
         0.5493069800116607,
         0.8724404438974686,
         0.7872010569307166,
         0.8881786342676801,
         0.677296678512596,
         0.5802260568790252,
         0.694457526527554,
         0.6286044341593497,
         0.7505772808178751,
         0.5521882972423525,
         0.8849195253514492,
         0.8021706343079471,
         0.5572556578106737,
         0.6651367922360533
      ],
      [
         0.8056870051469128,
         0.9051194955940645,
         0.7212892748391488,
         0.6174838412290864,
         0.6291332101751242,
         0.8858770087781738,
         0.89291443194566,
         0.8645611789347312,
         0.6162693852524633,
         0.8309646752215241,
         0.9102842654089554,
         0.9722991642234307,
         0.6918248133031422,
         0.5121495634216418,
         0.5311711349054055,
         0.5668711133254519,
         0.6024110704899902,
         0.8548879561576114,
         0.8568998915357324,
         0.5137996673302023,
         0.7362199664386656,
         0.6547651758279442,
         0.8579838668420867,
         0.580417221322792,
         0.9684882723448898,
         0.6076645474048701,
         0.8054642166038776,
         0.7028666008095869,
         0.71504483302157,
         0.7092886502986651
      ],
      [
         0.5817539387131497,
         0.8605106076404972,
         0.8357742926692621,
         0.5434164367073819,
         0.7212378698232905,
         0.8293697053452699,
         0.8751604203367376,
         0.5326667486131305,
         0.7815437319372456,
         0.5402760816887997,
         0.905164447773964,
         0.6403700023183195,
         0.7711755251387744,
         0.6367081057253652,
         0.9039357862737853,
         0.8300659865514788,
         0.5761921509289444,
         0.5339900359641306,
         0.6376425444462274,
         0.7385899039703162,
         0.6003139403645039,
         0.5736263895856091,
         0.765580277532099,
         0.9270837053031282,
         0.5772857027374532,
         0.6913569648778939,
         0.9480642481530306,
         0.6088352747644733,
         0.7206491357239233,
         0.5183422052807779
      ],
      [
         0.8345502340780715,
         0.9707072720962029,
         0.6358073782266552,
         0.7909577341591327,
         0.6724543698408187,
         0.964331305285312,
         0.548390869977173,
         0.7823497274373452,
         0.9326173327959979,
         0.6901077643129998,
         0.6386757955193556,
         0.9431172678738655,
         0.5522879232111975,
         0.9838270877741833,
         0.9235409297865318,
         0.6140836774811039,
         0.5328961606440371,
         0.5831884950351115,
         0.7022011792463495,
         0.5534289972853137,
         0.8372263011565094,
         0.8530852510167454,
         0.7967378477836173,
         0.8417999747351326,
         0.8435435668478652,
         0.8316043586873512,
         0.5193710056265245,
         0.5499645579310264,
         0.8740607760957371,
         0.9391779150697741
      ],
      [
         0.8455090805814391,
         0.57244918914511,
         0.6204448362592017,
         0.9115997177913424,
         0.8768931969563838,
         0.7183679725517028,
         0.8905631951986666,
         0.696175025217836,
         0.537873171533426,
         0.720177626160009,
         0.6704497786217881,
         0.6018014981443789,
         0.8998105037568436,
         0.9580835012263718,
         0.8067467864487976,
         0.8702689324200222,
         0.6576203167199106,
         0.9511713195643619,
         0.9816275528284673,
         0.5690145977103852,
         0.5265603673874715,
         0.8627413526270791,
         0.77636476661434,
         0.8350238929680469,
         0.8763305347485051,
         0.7845788343056255,
         0.569398155622363,
         0.5605179556910246,
         0.6434619174085734,
         0.8672410480903645
      ],
      [
