{
   "worker_count": 20,
   "expertise_scores": [
      [
         0.7874440121147432,
         0.6494571412929351,
         0.8750739092379242,
         0.8318892304184162,
         0.8629715249815729,
         0.6403711353785282,
         0.7006006376688508,
         0.7992741667541191,
         0.9134590761335379,
         0.573058850673948,
         0.6431542420355734,
         0.5992962668133461,
         0.5181201199028824,
         0.7588495150189477,
         0.8612521102217896,
         0.8197807185566174,
         0.985461324355311,
         0.6670469778184129,
         0.8394530520325603,
         0.9077224014775354
      ],
      [
         0.5335606990542026,
         0.6082744683738563,
         0.8484683154243791,
         0.5761266679007317,
         0.945525120863304,
         0.9427029558160763,
         0.9337449474672397,
         0.5961230530771061,
         0.9709594094751957,
         0.5288131656588344,
         0.9245904102603997,
         0.5934458365870107,
         0.971727864981748,
         0.6340259812637418,
         0.9808117713973399,
         0.7193938513552975,
         0.8593446870435232,
         0.9669675432722018,
         0.6252251155493891,
         0.9661554760496882
      ],
      [
         0.9068743865325808,
         0.6445894261587961,
         0.529763333963973,
         0.5265178705102949,
         0.5511285611679767,
         0.6413970407365548,
         0.6075472398010209,
         0.8546350860002772,
         0.5500361188062403,
         0.9733614124416321,
         0.7430984477901625,
         0.5417562074426893,
         0.7970258864695696,
         0.9028309103280601,
         0.9881889134964106,
         0.7472495854667898,
         0.8834245839788311,
         0.855484489869897,
         0.7574564744201064,
         0.7499686652528943
      ],
      [
         0.6273302883589962,
         0.7804925093420663,
         0.8508161206334779,
         0.7442015620311747,
         0.8946184679103677,
         0.8222358150182232,
         0.6544333800923519,
         0.9645698103058786,
         0.633858167625447,
         0.8923843166317151,
         0.5497627654879473,
         0.7713008029035755,
         0.9111031413651118,
         0.5996680901769463,
         0.747147263362664,
         0.7365719854360859,
         0.6601097712516136,
         0.7411341951463445,
         0.6183780173631106,
         0.5259049411077886
      ],
      [
         0.6465472586487896,
         0.6018175834869982,
         0.8407417603232072,
         0.7000249926276845,
         0.822651561798518,
         0.6693742506790735,
         0.9574393454394892,
         0.6824108790025762,
         0.780970274760327,
         0.6841867986175008,
         0.5929071475792357,
         0.5496366172737622,
         0.5961992169834006,
         0.6525751403658027,
         0.6812745447321634,
         0.6422299510656823,
         0.8050463171109223,
         0.8748685951318107,
         0.6235290305420291,
         0.6686933042978764
      ],
      [
         0.8882812840846376,
         0.9805981309690532,
         0.9667689140739779,
         0.6940448224997857,
         0.539627426764182,
         0.9745295758184795,
         0.9890459804524666,
         0.8961385682478311,
         0.6137969112296819,
         0.9874333426273306,
         0.8409942167101502,
         0.7430386823017348,
         0.8399422352956407,
         0.9458126576189724,
         0.586508447277594,
         0.648949402916697,
         0.7377100270995028,
         0.8070326196026043,
         0.6992937538834073,
         0.7700700153285946
      ],
      [
         0.6753289610728483,
         0.9145087598923509,
         0.9230561506109514,
         0.8679004380313744,
         0.5152354854658712,
         0.7157994073754624,
         0.9494836170892552,
         0.7028036688848094,
         0.697672885999165,
         0.9586704903714527,
         0.8002551664301045,
         0.9130757211229581,
         0.7347477472436081,
         0.7349114654419167,
         0.8474127506206692,
         0.7606580636185791,
         0.9704134714163877,
         0.5515767814869319,
         0.6829432955288723,
         0.5501797329336616
      ],
      [
         0.5190790394780853,
         0.7720598273774203,
         0.8856480595746038,
         0.8957852453838416,
         0.6031964089192793,
         0.7290993976219212,
         0.9645359394883584,
         0.6028720029213404,
         0.6857471807937072,
         0.9226688343133993,
         0.5254312066678567,
         0.9219629176801709,
         0.6905007939666272,
         0.7551609774759903,
         0.6945478834177046,
         0.8534482605661227,
         0.559847350869738,
         0.8176932581195893,
         0.6758978479827494,
         0.8537839157003976
      ],
      [
         0.6466168390094365,
         0.7388596674949275,
         0.90788113510716,
         0.5866030219492462,
         0.6647265320940213,
         0.707505824581639,
         0.5666786692506345,
         0.915064934421495,
         0.882940387319292,
         0.7106651383363906,
         0.729981421190159,
         0.7982877331948832,
         0.5945030240164252,
         0.9481411387424695,
         0.6152314029003244,
         0.5466602241551882,
         0.8956949041868859,
         0.5606540159563992,
         0.6194980084890989,
         0.784982066704454
      ],
      [
         0.9016913559772985,
         0.8104108474771496,
         0.9645962949574651,
         0.9352176738111218,
         0.9772549924899092,
         0.5816845236805419,
         0.8939262869110047,
         0.9334933007527582,
         0.5648696178215024,
         0.9242992353853887,
         0.5669081968687839,
         0.5513119092992231,
         0.8268800661132555,
         0.7542909998536758,
         0.5776844332264641,
         0.7792550391034709,
         0.7503793258481936,
         0.7974248401923353,
         0.650800134035188,
         0.8149645174677382
      ]
   ],
   "mv_f1_micro": [
      0.9947275922671354,
      0.9982425307557118,
      0.9929701230228472,
      0.9947275922671354,
      0.984182776801406,
      0.9982425307557118,
      0.9982425307557118,
      0.9894551845342706,
      0.9876977152899824,
      1.0
   ],
   "mv_f1_macro": [
      0.9943559986113177,
      0.9981222671396749,
      0.9924818984197452,
      0.9943559986113177,
      0.9831635219505459,
      0.9981186662037727,
      0.9981222671396749,
      0.9887442633328059,
      0.9868558699777246,
      1.0
   ],
   "mv_f1_weighted": [
      0.9947250471051092,
      0.9982433659197119,
      0.9929701230228472,
      0.9947250471051092,
      0.9842191787603651,
      0.9982416823683697,
      0.9982433659197119,
      0.9894651274881373,
      0.9877035614379842,
      1.0
   ],
   "ct_f1_micro": [
      0.9964850615114236,
      1.0,
      0.9982425307557118,
      1.0,
      0.9894551845342706,
      1.0,
      0.9982425307557118,
      0.9982425307557118,
      0.9964850615114236,
      1.0
   ],
   "ct_f1_macro": [
      0.9962409492098726,
      1.0,
      0.9981222671396749,
      1.0,
      0.9887859676783602,
      1.0,
      0.9981222671396749,
      0.9981222671396749,
      0.9962409492098726,
      1.0
   ],
   "ct_f1_weighted": [
      0.9964850615114236,
      1.0,
      0.9982433659197119,
      1.0,
      0.9894840715927992,
      1.0,
      0.9982433659197119,
      0.9982433659197119,
      0.9964850615114236,
      1.0
   ],
   "em_f1_micro": [
      1.0,
      1.0,
      1.0,
      1.0,
      0.9947275922671354,
      1.0,
      0.9982425307557118,
      1.0,
      0.9982425307557118,
      1.0
   ],
   "em_f1_macro": [
      1.0,
      1.0,
      1.0,
      1.0,
      0.9943668014190248,
      1.0,
      0.9981222671396749,
      1.0,
      0.9981186662037727,
      1.0
   ],