{
   "worker_count": 40,
   "expertise_scores": [
      [
         0.6148468203999731,
         0.9132719501112654,
         0.7190995669456146,
         0.7001876275774116,
         0.763648694955775,
         0.597184793705426,
         0.6182456573881977,
         0.591381559931009,
         0.5342402111669237,
         0.5444299620241189,
         0.5641421359663932,
         0.6822623828412434,
         0.871345615910101,
         0.6803406639843094,
         0.5390292487176066,
         0.8603567543480237,
         0.772943541618958,
         0.5965648846761941,
         0.5791121948726159,
         0.7429872189117125,
         0.8509837306039798,
         0.9314988647306217,
         0.8324840577974932,
         0.7212108748977842,
         0.694247789229544,
         0.7610636043959228,
         0.7796231710356394,
         0.912076625458462,
         0.7917794051394693,
         0.9628618176264572,
         0.9669138788696261,
         0.8154015342504988,
         0.8402805529196725,
         0.788853539755539,
         0.8538813222283352,
         0.7362349500086811,
         0.5568329989138499,
         0.560599839791615,
         0.9527296659280069,
         0.6619220713089464
      ],
      [
         0.8405183086627948,
         0.9671811445524694,
         0.9683301525120647,
         0.9233697273314716,
         0.9028821500056763,
         0.5175380795665654,
         0.7386632607325552,
         0.8408478199644327,
         0.5991510268154603,
         0.8725755284522052,
         0.8828000868221886,
         0.5794313367424487,
         0.7224049787334397,
         0.9518496876043667,
         0.6125216605095181,
         0.9263302562156872,
         0.8197546076846527,
         0.5253827979830379,
         0.5823090817771447,
         0.6242586038555585,
         0.5849580501386619,
         0.6727017580698735,
         0.7583672701776624,
         0.7077412197158671,
         0.8873839208543646,
         0.8087832670048323,
         0.7083047361808328,
         0.67011496172072,
         0.6317643891319762,
         0.7207657425549036,
         0.6918959808820652,
         0.943832626447329,
         0.5927873708270245,
         0.5469182506808317,
         0.6743605382780209,
         0.5369015574463326,
         0.667881305529241,
         0.6818199318320155,
         0.9601329773067568,
         0.6652418210450785
      ],
      [
         0.8748229158193188,
         0.7085936063155077,
         0.8116517038236568,
         0.6370802425271316,
         0.8974747038011677,
         0.889283337746026,
         0.7386160294695758,
         0.7083819416353518,
         0.8929265254784158,
         0.6365308056012655,
         0.6045592955054262,
         0.6957452484042903,
         0.6274180400620865,
         0.9172063542375115,
         0.6161613979117391,
         0.8872315787070554,
         0.6797078010040567,
         0.6001534310193032,
         0.7965590781515419,
         0.8032169697918046,
         0.5365382217622406,
         0.8076413906244715,
         0.956807996204784,
         0.7122572862457891,
         0.6553393624987278,
         0.6375454980689035,
         0.7562993043482271,
         0.5390015778695092,
         0.5799277624245813,
         0.7160185508789867,
         0.8081792345440013,
         0.73654690204211,
         0.593724520060062,
         0.6539347018032997,
         0.9404764133640893,
         0.8152023095248703,
         0.72405789476014,
         0.9203110342813667,
         0.9298935385038956,
         0.7326262560434723
      ],
      [
         0.5819113871854241,
         0.597017320260991,
         0.8058950108740135,
         0.9370377713984386,
         0.7322433419036538,
         0.6349735756316934,
         0.707572547375131,
         0.7907124637542597,
         0.8625354769504137,
         0.8233191718183381,
         0.7664285740776273,
         0.7329111181151933,
         0.8522039061470408,
         0.7569909737864836,
         0.5976884807151445,
         0.7578047975595936,
         0.8056724312085394,
         0.5917882701265318,
         0.8250700559872406,
         0.5169651534309779,
         0.7128955056843636,
         0.6703795175180947,
         0.989571547453181,
         0.8744641275518277,
         0.9510200361620702,
         0.9353210281742743,
         0.9583150855142146,
         0.9600819136554717,
         0.9533711214099756,
         0.750053602514574,
         0.6307646145037303,
         0.9707703066272999,
         0.5609873383577353,
         0.6456954783500217,
         0.5886406150902902,
         0.8715699641892733,
         0.597870435049968,
         0.9353062051919816,
         0.9134403659601567,
         0.8047059163643182
      ],
      [
         0.5209496337062075,
         0.8489961829370765,
         0.8490710827252378,
         0.9504551196614861,
         0.9408994602807603,
         0.915416835308383,
         0.961831135425197,
         0.6256881005229709,
         0.5771970773234313,
         0.9680134952869127,
         0.7395428567420241,
         0.6835773116450704,
         0.9095989482382318,
         0.9886579105993423,
         0.8972820560829531,
         0.6229896700719618,
         0.6732834213772175,
         0.8272320475879714,
         0.7831689288972796,
         0.5511362542710948,
         0.7959926001594719,
         0.7197732430525707,
         0.8888787950765255,
         0.5987998286717815,
         0.722690677903411,
         0.6208352258361276,
         0.8501587896225521,
         0.5546499116759331,
         0.5429867678689263,
         0.9273576316259942,
         0.7174847370546692,
         0.5450421298690272,
         0.9287418831152654,
         0.703665081377999,
         0.9690062107593742,
         0.6276805373122666,
         0.947729768726776,
         0.5740006953161031,
         0.9116713591604958,
         0.8758248536236322
      ],
      [
         0.9502942800780776,
         0.8094530521052273,
         0.7834073165745394,
         0.5926737640409858,
         0.7167197183665893,
         0.517302915499261,
         0.9288037990174649,
         0.8516054206718009,
         0.5674025182140934,
         0.8441687238605097,
         0.8545773497900723,
         0.8813960175576305,
         0.5543692127545328,
         0.7158287662291263,
         0.6265461818829738,
         0.9502592897044791,
         0.8731696588949069,
         0.8431089738811577,
         0.9280379022444087,
         0.7471944699318188,
         0.6676930074771019,
         0.5389071847294031,
         0.9869541025457,
         0.5927578682589596,
         0.8495574144860936,
         0.5776438144969784,
         0.6302859310793539,
         0.9887601705302945,
         0.7517473879049696,
         0.8542183201994736,
         0.7182134783670252,
         0.9230876083191295,
         0.5570411252428755,
         0.5134199779178426,
         0.8892660977228273,
         0.8163034210194466,
         0.5903986740679625,
         0.7054904561786828,
         0.7561417070628038,
         0.8710094223612738
      ],
      [
         0.5796414680080518,
         0.6120476212855659,
         0.9041447998056318,
         0.7263021775953928,
         0.640073878273471,
         0.8243665941147611,
         0.6758309014145484,
         0.564620665084553,
         0.775783724295434,
         0.6221936426907062,
         0.6050665473194246,
         0.7186110160146084,
         0.5823142719216574,
         0.905384967447312,
         0.5109591435948732,
         0.7029414982871123,
         0.6456160634628801,
         0.6085565337782749,
         0.5825052736401426,
         0.5260806094062929,
         0.7516615451271274,
         0.8667076601745909,
         0.7572152950005061,
         0.7229003218012023,
         0.6383228488570031,
         0.6364985704154196,
         0.9527212044634153,
         0.5454104577408646,
         0.5470088326408354,
         0.842902103104604,
         0.8111053176735121,
