{
   "worker_count": 15,
   "expertise_scores": [
      [
         0.6353262512782623,
         0.5213418259936102,
         0.5778881271037476,
         0.6206311696765401,
         0.8201273143014248,
         0.6036944357378256,
         0.7302764270384416,
         0.5386153779554902,
         0.5411846348207815,
         0.7062450480972475,
         0.6941471296151175,
         0.9127497168867047,
         0.7127813694673901,
         0.5873231271148812,
         0.5824038354723905
      ],
      [
         0.9701038316577995,
         0.7446901620607342,
         0.8525952889287375,
         0.5422705755653544,
         0.789927193906315,
         0.525557567914453,
         0.9104762444760388,
         0.5363868508445012,
         0.6927216412229439,
         0.8162385095306086,
         0.683508920490147,
         0.8335009519562893,
         0.9638974793451698,
         0.6475997437608754,
         0.815641410872065
      ],
      [
         0.6847923922223447,
         0.6773323421996345,
         0.7782927848112999,
         0.8370881579579662,
         0.7821225587765414,
         0.8242968385153686,
         0.8303718029388618,
         0.7124195156466477,
         0.721417261865857,
         0.9698701579810597,
         0.519109157620871,
         0.5994863226159367,
         0.9655644619621655,
         0.8723479183219038,
         0.8439460687408467
      ],
      [
         0.7334356382017371,
         0.7455553414864349,
         0.7617003248099004,
         0.9552568702879226,
         0.9393412539500028,
         0.6383026362936944,
         0.8111532417306351,
         0.9730254148190871,
         0.7016965373029416,
         0.9361607616159353,
         0.5185724526396913,
         0.9487112112102356,
         0.5901303736228949,
         0.5258297825717257,
         0.9555427006810813
      ],
      [
         0.6443667245696686,
         0.7485481121546917,
         0.9498526955828599,
         0.6665383643540472,
         0.6754298062623086,
         0.8578524674538226,
         0.8674459789738377,
         0.776796027302126,
         0.9043460501284034,
         0.7074679679207276,
         0.8236311359204859,
         0.7426843352834751,
         0.8964409118938875,
         0.7285379804585955,
         0.9769289994362067
      ],
      [
         0.8984700485858106,
         0.5992283368011568,
         0.8206100490271926,
         0.6162528694714485,
         0.5773950256588599,
         0.5358006293633104,
         0.9153636448844705,
         0.551303404460473,
         0.7578785821884225,
         0.9742011136235371,
         0.5727053022799522,
         0.6564282729816797,
         0.917109081987995,
         0.5861430488984645,
         0.9705391352243324
      ],
      [
         0.7161648099233116,
         0.5616568738391519,
         0.8292458112319225,
         0.6684934971749829,
         0.7699446004795244,
         0.9502068569075022,
         0.9457783111926419,
         0.9816853737224807,
         0.86831966392864,
         0.7689486869169908,
         0.8859253834987684,
         0.7079491938292048,
         0.6355862907487917,
         0.839184038514478,
         0.9087898987487376
      ],
      [
         0.6566831155216188,
         0.5834810801660181,
         0.7508652307340355,
         0.7511622324789217,
         0.6771395236153133,
         0.6603585536154398,
         0.7130847506715947,
         0.9623778580033264,
         0.9249619733294547,
         0.8260370020056015,
         0.5364775103918099,
         0.5303653676210779,
         0.7600174213051571,
         0.5512194660040303,
         0.8402793191024387
      ],
      [
         0.8817216880582966,
         0.9592728593128101,
         0.5951873493913455,
         0.8768111691109385,
         0.935117446045787,
         0.7434722153443558,
         0.7636076024068864,
         0.9072227493073048,
         0.7994565254466357,
         0.846052835325874,
         0.8558595176619256,
         0.9550740998811189,
         0.6189810088652623,
         0.8999817682867798,
         0.5751226272607446
      ],
      [
         0.7605300731343516,
         0.7580636807578148,
         0.8239501022449274,
         0.5115321844407523,
         0.7942932416908741,
         0.7934431399236663,
         0.547837385805422,
         0.6125987892314597,
         0.7418143920075331,
         0.548172342881751,
         0.7067061623165569,
         0.9752419284149487,
         0.905523684918921,
         0.5474296638015262,
         0.7363641508394025
      ]
   ],
   "mv_f1_micro": [
      0.9086115992970123,
      0.9929701230228472,
      0.9894551845342706,
      0.9929701230228472,
      1.0,
      0.9859402460456942,
      0.9964850615114236,
      0.9560632688927944,
      1.0,
      0.9824253075571178
   ],
   "mv_f1_macro": [
      0.9034964122635356,
      0.9925102013952877,
      0.9887442633328059,
      0.9924818984197452,
      1.0,
      0.9850204027905751,
      0.9962336837088618,
      0.9534011432689631,
      1.0,
      0.9813099461306004
   ],
   "mv_f1_weighted": [
      0.9091582605066968,
      0.9929831704449056,
      0.9894651274881373,
      0.9929701230228472,
      1.0,
      0.9859663408898109,
      0.9964816414052663,
      0.9562394389708421,
      1.0,
      0.9824734526546652
   ],
   "ct_f1_micro": [
      0.9173989455184535,
      0.9982425307557118,
      0.9982425307557118,
      1.0,
      1.0,
      0.9964850615114236,
      0.9982425307557118,
      0.9753954305799648,
      1.0,
      0.9894551845342706
   ],
   "ct_f1_macro": [
      0.9129960927460415,
      0.9981222671396749,
      0.9981222671396749,
      1.0,
      1.0,
      0.996248087777602,
      0.9981186662037727,
      0.9737857048835066,
      1.0,
      0.9887653020929315
   ],
   "ct_f1_weighted": [
      0.9179836994022893,
      0.9982433659197119,
      0.9982433659197119,
      1.0,
      1.0,
      0.9964883758293793,
      0.9982416823683697,
      0.9754410965571694,
      1.0,
      0.9894747556673582
   ],
   "em_f1_micro": [
      0.9578207381370826,
      1.0,
      1.0,
      1.0,
      1.0,
      1.0,
      1.0,
      0.9876977152899824,
      1.0,
      0.9947275922671354
   ],
   "em_f1_macro": [
      0.955225055083412,
      1.0,
      1.0,
      1.0,
      1.0,
      1.0,
      1.0,
      0.9868558699777246,
      1.0,
      0.9943668014190248
   ],
   "em_f1_weighted": [
      0.9579723108701436,
      1.0,
      1.0,
      1.0,
      1.0,
      1.0,
      1.0,
      0.9877035614379842,
      1.0,
      0.994730097759136
   ]
}