{
   "worker_count": 3,
   "expertise_scores": [
      [
         0.5482583827340702,
         0.9640084683996608,
         0.5684144476123226
      ],
      [
         0.5658945208955215,
         0.7578656756962332,
         0.9672407535536874
      ],
      [
         0.7953558515967429,
         0.8173377485157803,
         0.8207893878900481
      ],
      [
         0.8398391148111994,
         0.9865178405795111,
         0.6071511545519284
      ],
      [
         0.6839793129297198,
         0.5671353935073139,
         0.6742434309015459
      ],
      [
         0.8070974078743315,
         0.6425474999891264,
         0.8660399724948269
      ],
      [
         0.6946230441073474,
         0.7315035149879257,
         0.7203989803118269
      ],
      [
         0.7137071333695287,
         0.7286523729239753,
         0.615827186955711
      ],
      [
         0.875043186359626,
         0.5286823950426012,
         0.809808798724722
      ],
      [
         0.9085616567721426,
         0.726035446841133,
         0.6517893134159853
      ]
   ],
   "mv_f1_micro": [
      0.7961335676625659,
      0.8840070298769771,
      0.8998242530755711,
      0.9191564147627417,
      0.6959578207381371,
      0.8769771528998243,
      0.8066783831282952,
      0.7926186291739895,
      0.8418277680140598,
      0.8576449912126539
   ],
   "mv_f1_macro": [
      0.7886600578908272,
      0.8777220630372492,
      0.8944846231175396,
      0.9144841736584856,
      0.6854495198836856,
      0.8719259659412462,
      0.7995914342068188,
      0.7841037711581005,
      0.8340742372793488,
      0.8503044968088735
   ],
   "mv_f1_weighted": [
      0.798787711319819,
      0.884786560647796,
      0.9005334226793721,
      0.9195779703510955,
      0.7001005162672957,
      0.8784075775252623,
      0.8091952434929317,
      0.7950299163997279,
      0.8432145783893739,
      0.8587518911624302
   ],
   "ct_f1_micro": [
      0.7961335676625659,
      0.8840070298769771,
      0.8998242530755711,
      0.9191564147627417,
      0.6959578207381371,
      0.8769771528998243,
      0.8066783831282952,
      0.7926186291739895,
      0.8418277680140598,
      0.8576449912126539
   ],
   "ct_f1_macro": [
      0.7886600578908272,
      0.8777220630372492,
      0.8944846231175396,
      0.9144841736584856,
      0.6854495198836856,
      0.8719259659412462,
      0.7995914342068188,
      0.7841037711581005,
      0.8340742372793488,
      0.8503044968088735
   ],
   "ct_f1_weighted": [
      0.798787711319819,
      0.884786560647796,
      0.9005334226793721,
      0.9195779703510955,
      0.7001005162672957,
      0.8784075775252623,
      0.8091952434929317,
      0.7950299163997279,
      0.8432145783893739,
      0.8587518911624302
   ],
   "em_f1_micro": [
      0.9648506151142355,
      0.9666080843585237,
      0.8998242530755711,
      0.9367311072056239,
      0.6959578207381371,
      0.8769771528998243,
      0.7293497363796134,
      0.7838312829525483,
      0.875219683655536,
      0.9015817223198594
   ],
   "em_f1_macro": [
      0.962551006976438,
      0.9642546578716791,
      0.8944846231175396,
      0.9299529463259835,
      0.6854495198836856,
      0.8719259659412462,
      0.7269809815798002,
      0.7642463746147239,
      0.8678929383103612,
      0.892545930342353
   ],
   "em_f1_weighted": [
      0.9649158522245276,
      0.9665919649990248,
      0.9005334226793721,
      0.9355056769900957,
      0.7001005162672957,
      0.8784075775252623,
      0.733461537164195,
      0.7815622996695076,
      0.8758211329002892,
      0.9004864748074344
   ]
}