{
   "worker_count": 10,
   "expertise_scores": [
      [
         0.525413546229054,
         0.6722795411557775,
         0.935712477025694,
         0.7222607077454596,
         0.7839590205555576,
         0.8705162835897079,
         0.8963288612944766,
         0.6978317011509733,
         0.7708041669545604,
         0.5362670240279227
      ],
      [
         0.6909522523954391,
         0.587218261589998,
         0.9534097218742708,
         0.9172639607817741,
         0.6339259534439111,
         0.8222966195161238,
         0.5828817851627298,
         0.5948187545531268,
         0.5874371244382622,
         0.8327431909040752
      ],
      [
         0.8983843767057973,
         0.5533202510264634,
         0.7580969139290366,
         0.9768864529571852,
         0.680341724726861,
         0.8285886571625825,
         0.7066157969195197,
         0.9831894426357937,
         0.8059126103278471,
         0.8068436657767188
      ],
      [
         0.57636831580007,
         0.7390731312253404,
         0.7483354575963164,
         0.8668100517222834,
         0.5351016743721292,
         0.7297935887739968,
         0.7568348552188361,
         0.9705801893713625,
         0.7010024288401495,
         0.9508933807587565
      ],
      [
         0.6963101878038349,
         0.9640596687134901,
         0.987326695389783,
         0.8856485882815959,
         0.5126537024713923,
         0.5776698554723501,
         0.7530847725071121,
         0.796493005279326,
         0.8759844166764977,
         0.8323943668616971
      ],
      [
         0.6628711086478039,
         0.6454466298843312,
         0.8223073441222135,
         0.9532094598954064,
         0.907717252752135,
         0.8817150630820663,
         0.6156225665925458,
         0.9303948204439763,
         0.9549770692201189,
         0.5256462193678968
      ],
      [
         0.627558444483961,
         0.5854518321538797,
         0.5270721384371734,
         0.8721126669840249,
         0.7368515366507364,
         0.9272024492419702,
         0.7607165570999792,
         0.793028317053728,
         0.5411241919917223,
         0.7279879937089321
      ],
      [
         0.6989785066539804,
         0.5715736821564326,
         0.569234299816593,
         0.7202480010145754,
         0.7132468351631897,
         0.8721249160963145,
         0.9534402208177266,
         0.7136217404346545,
         0.8795827973604788,
         0.8380288375912479
      ],
      [
         0.7025598365822076,
         0.809377095963214,
         0.7140168237017167,
         0.886480165032351,
         0.7783312895048449,
         0.7202875065637524,
         0.8241271779740516,
         0.7042075298970892,
         0.8897368570294997,
         0.8222060698857914
      ],
      [
         0.7914077882896215,
         0.7996627765306014,
         0.6251157241399622,
         0.9790631616850367,
         0.5430152669234612,
         0.910100629348646,
         0.8297632463564086,
         0.6635917914362728,
         0.7370923181168947,
         0.7534276225840664
      ]
   ],
   "mv_f1_micro": [
      0.9209138840070299,
      0.9261862917398945,
      0.9894551845342706,
      0.9595782073813708,
      0.9824253075571178,
      0.984182776801406,
      0.9121265377855887,
      0.9595782073813708,
      0.9806678383128296,
      0.9666080843585237
   ],
   "mv_f1_macro": [
      0.9162701721685388,
      0.922054794520548,
      0.9887653020929315,
      0.956893513440515,
      0.9813099461306004,
      0.9831322443897667,
      0.9068849497276916,
      0.956893513440515,
      0.9794220823840005,
      0.9643902937117297
   ],
   "mv_f1_weighted": [
      0.9212950842325777,
      0.9266278257938706,
      0.9894747556673582,
      0.9596349262674452,
      0.9824734526546652,
      0.9842049711481308,
      0.9125148035676552,
      0.9596349262674452,
      0.980712329596002,
      0.9666549390904983
   ],
   "ct_f1_micro": [
      0.9666080843585237,
      0.9701230228471002,
      0.9982425307557118,
      0.9876977152899824,
      0.9947275922671354,
      0.9964850615114236,
      0.9525483304042179,
      0.9876977152899824,
      0.9876977152899824,
      0.9894551845342706
   ],
   "ct_f1_macro": [
      0.9645848688844119,
      0.9680785413744739,
      0.9981186662037727,
      0.9868306634264081,
      0.9943774147965889,
      0.996248087777602,
      0.9493012127712235,
      0.9868558699777246,
      0.9868806345253741,
      0.9887228476296179
   ],
   "ct_f1_weighted": [
      0.96674197361784,
      0.9701372206351044,
      0.9982416823683697,
      0.9876917765785882,
      0.9947349903827102,
      0.9964883758293793,
      0.9525708798322248,
      0.9877035614379842,
      0.9877149775596573,
      0.9894551845342706
   ],
   "em_f1_micro": [
      0.9876977152899824,
      0.9824253075571178,
      1.0,
      0.9929701230228472,
      1.0,
      1.0,
      0.9736379613356766,
      0.9929701230228472,
      0.9876977152899824,
      0.9947275922671354
   ],
   "em_f1_macro": [
      0.9868306634264081,
      0.9811684185443088,
      1.0,
      0.9924818984197452,
      1.0,
      1.0,
      0.9718340070951242,
      0.9924961755552039,
      0.9868806345253741,
      0.9943559986113177
   ],
   "em_f1_weighted": [
      0.9876917765785882,
      0.9824082070263315,
      1.0,
      0.9929701230228472,
      1.0,
      1.0,
      0.9736504887956806,
      0.9929767516587582,
      0.9877149775596573,
      0.9947250471051092
   ]
}