{
   "worker_count": 15,
   "expertise_scores": [
      [
         0.512470007580537,
         0.5433639840837874,
         0.27609019649739575,
         0.4676219272359301,
         0.6093049149861157,
         0.1471850895954792,
         0.48180328400238515,
         0.245502547065843,
         0.5682769063170254,
         0.6373577498710669,
         0.566040771874348,
         0.5641859776677118,
         0.2920011823489889,
         0.426709167142142,
         0.15953706792857947
      ],
      [
         0.11937791205275065,
         0.7701707142043221,
         0.1333563211745626,
         0.47425146822185094,
         0.10238092800886281,
         0.0946697654112097,
         0.7967023798755543,
         0.5261200829048306,
         0.21003859923903045,
         0.1290657163389735,
         0.5223261554668377,
         0.6603460277387526,
         0.4794695923395992,
         0.6201859974889211,
         0.12964056908910482
      ],
      [
         0.5957542828772688,
         0.6271658061907665,
         0.6422625699366242,
         0.4739690424121704,
         0.49419503941547366,
         0.4107047170123097,
         0.7494973998904189,
         0.35860901138091617,
         0.5752276178280593,
         0.5064459485842571,
         0.7340173103671767,
         0.061233454481248215,
         0.0833053497889601,
         0.2333937418628787,
         0.792862145504081
      ],
      [
         0.15261001224441073,
         0.27114201414347633,
         0.48327032847493767,
         0.41674057967345607,
         0.6099472109672045,
         0.46254711307567914,
         0.6088815577299411,
         0.4765486509716678,
         0.06304594780288225,
         0.20276087536706655,
         0.4962434798564328,
         0.4421578558305083,
         0.481175898404905,
         0.3103827005975642,
         0.5700251978777933
      ],
      [
         0.3593260856183637,
         0.32696929419582876,
         0.5920428981489404,
         0.5655692519031847,
         0.17376288675200613,
         0.5538247013579597,
         0.548797512909409,
         0.0668693998472431,
         0.37383967383382916,
         0.7387834940199671,
         0.5232621674886546,
         0.6187915462015691,
         0.0944256461973916,
         0.5635427254144074,
         0.11627059450638337
      ],
      [
         0.22381494279182385,
         0.27151878465077,
         0.3588450117836023,
         0.33741407886615715,
         0.4233594603487345,
         0.4244892532577444,
         0.22468192287122535,
         0.24694963029727252,
         0.6633611751854055,
         0.6549111539827543,
         0.20276733175410688,
         0.2706628596353953,
         0.36510820059893245,
         0.6096735676521708,
         0.3812597408823779
      ],
      [
         0.4593626480058266,
         0.35481364664687803,
         0.22947096064638556,
         0.5388179921309744,
         0.37413334370178114,
         0.15927268785702395,
         0.7379847108825487,
         0.26045616983582104,
         0.35609843402058555,
         0.6842467248940458,
         0.732756878854277,
         0.1499948522539289,
         0.5051514216657556,
         0.31207800594824875,
         0.5558351411948121
      ],
      [
         0.46349476767196335,
         0.7158578481506513,
         0.3879602385785051,
         0.5623428579556279,
         0.7370053074679815,
         0.5520449077732072,
         0.7260608260633246,
         0.24739316090882424,
         0.2801522919903159,
         0.7117265880683998,
         0.6140818100919877,
         0.5991029119999377,
         0.3894357877978313,
         0.5446887213054195,
         0.08348797082913495
      ],
      [
         0.05788880843299178,
         0.5275384717991718,
         0.36398297362123455,
         0.708511099207339,
         0.7871959306600881,
         0.6865315197450612,
         0.40298669255107533,
         0.23028065006599963,
         0.5977366823123739,
         0.5860320946294673,
         0.30813929119868955,
         0.22321027313938618,
         0.5375452381042097,
         0.19503527850312669,
         0.18979770062963708
      ],
      [
         0.533439510717015,
         0.542452260638913,
         0.686719544864914,
         0.4619230853701574,
         0.21236898353708422,
         0.3665501871547395,
         0.20777641210510417,
         0.7743653685917578,
         0.16786110403286636,
         0.2679653407893992,
         0.09692049993426552,
         0.23344745952588603,
         0.06530327011929891,
         0.586766884591422,
         0.47425930707305
      ]
   ],
   "mv_f1_micro": [
      0.9859437751004017,
      0.9698795180722891,
      0.9959839357429718,
      0.9678714859437751,
      0.9738955823293173,
      0.9598393574297188,
      0.9919678714859438,
      0.9959839357429718,
      0.9879518072289156,
      0.9558232931726908
   ],
   "mv_f1_macro": [
      0.9855402865003813,
      0.9710119363178904,
      0.9954478535600286,
      0.9682564372043089,
      0.9735347676272529,
      0.9598068144904663,
      0.992189330303965,
      0.9961524232334444,
      0.9873025988124272,
      0.9544796801699663
   ],
   "mv_f1_weighted": [
      0.9859668963561092,
      0.9699469308640711,
      0.9959965979480426,
      0.9677130903643311,
      0.9737815720556979,
      0.9600671958528916,
      0.9919262411337196,
      0.9959824499626326,
      0.9880201578624396,
      0.9559750793187556
   ],
   "ct_f1_micro": [
      0.9839357429718876,
      0.9879518072289156,
      0.9959839357429718,
      0.9598393574297188,
      0.9738955823293173,
      0.9558232931726908,
      0.9899598393574297,
      0.9979919678714859,
      0.9899598393574297,
      0.9658634538152611
   ],
   "ct_f1_macro": [
      0.9835365549642254,
      0.9877706818505659,
      0.9961524232334444,
      0.9610603647381813,
      0.9738425295302007,
      0.9550295168418662,
      0.989944403521695,
      0.9980762116167222,
      0.9901623750725523,
      0.9657629802066268
   ],
   "ct_f1_weighted": [
      0.983917233875371,
      0.9879916639336332,
      0.9959824499626326,
      0.9599840122358211,
      0.9740895362298171,
      0.9554521900608339,
      0.9899671646000326,
      0.9979912249813163,
      0.9899612733082223,
      0.966209931930505
   ],
   "em_f1_micro": [
      0.9738955823293173,
      0.9779116465863453,
      0.9939759036144579,
      0.9618473895582329,
      0.9779116465863453,
      0.9497991967871486,
      0.9899598393574297,
      0.9979919678714859,
      0.9899598393574297,
      0.9598393574297188
   ],
   "em_f1_macro": [
      0.9737596118374581,
      0.977453383917549,
      0.9935240651767507,
      0.9626269100903599,
      0.9768730911804161,
      0.9496737174207134,
      0.9903432653177381,
      0.9980762116167222,
      0.9901594438565248,
      0.9589487018227036
   ],
   "em_f1_weighted": [
      0.9739681371048825,
      0.978088438872178,
      0.9939878229293588,
      0.962005154628198,
      0.9778661841453721,
      0.9498563003956406,
      0.9899166625807707,
      0.9979912249813163,
      0.9899582126007234,
      0.9600526031591129
   ]
}