{
   "worker_count": 30,
   "expertise_scores": [
      [
         0.5973162341363089,
         0.7322748402099746,
         0.6303437509576294,
         0.6361782301945677,
         0.6098803973121043,
         0.4833106488246754,
         0.5866332966591432,
         0.2919231396870857,
         0.6165951794700395,
         0.055871770173634774,
         0.05614908673997573,
         0.38380233448414897,
         0.732801756705625,
         0.7146542902734583,
         0.37212293103756244,
         0.739288328694989,
         0.2089402854008327,
         0.06822482365744871,
         0.26619372548185627,
         0.2733914480819059,
         0.6415721631025854,
         0.5697802087553178,
         0.6638893925200767,
         0.20063406752839963,
         0.221260152667004,
         0.7418497741705856,
         0.3151132230840748,
         0.7244181054629673,
         0.7362216064736705,
         0.7205901572017679
      ],
      [
         0.6223143017004407,
         0.17893157360312273,
         0.2379326584289963,
         0.42373693346441893,
         0.21228144326624027,
         0.2659622576886859,
         0.7407489955707895,
         0.3729426189354657,
         0.5367992991918049,
         0.4619570845900556,
         0.41374560806074695,
         0.2336567946475137,
         0.17532065223838306,
         0.5869462291806298,
         0.596027924703461,
         0.4020332769793017,
         0.3657128714353235,
         0.2956103366368206,
         0.23993001299782646,
         0.4653282431334296,
         0.495071736664462,
         0.4048259339642357,
         0.2997671409743639,
         0.6921871325998719,
         0.47580522876384995,
         0.47384991847124386,
         0.3849734204593525,
         0.5211756541893564,
         0.29291895992868344,
         0.36374727201712204
      ],
      [
         0.30374992511903764,
         0.7849324081897466,
         0.3459126422687922,
         0.3503892621452833,
         0.1502655891773301,
         0.2683591285412786,
         0.7067769288635358,
         0.2595776507187032,
         0.6125699582785911,
         0.07002954905184522,
         0.44287965627398096,
         0.3879204333486255,
         0.7626071863654103,
         0.221480504237956,
         0.31166980938531635,
         0.6607027908948152,
         0.18240840501101996,
         0.5404335304949576,
         0.6711034555982422,
         0.1396854451405451,
         0.3676206284082162,
         0.7954011917720147,
         0.6402923903504907,
         0.6666927424090774,
         0.16582553557292423,
         0.7315485333747295,
         0.2232826960353289,
         0.47758824289800994,
         0.545591510063254,
         0.0598179123566916
      ],
      [
         0.10926018384160507,
         0.7859165274278452,
         0.23032185256726334,
         0.5320811228952842,
         0.3216005803297712,
         0.6020953641893836,
         0.5026760830862189,
         0.6809126221665055,
         0.07667304317175444,
         0.532274814882078,
         0.41150213690136395,
         0.6340874887966952,
         0.3277392311764572,
         0.6799544697074611,
         0.6074351293971534,
         0.7255902761162066,
         0.06637173739951435,
         0.7366730975285074,
         0.3305772099067847,
         0.20195424885639812,
         0.12449800527433767,
         0.3792783967130254,
         0.7606134041664337,
         0.6602592358705967,
         0.5073163519663242,
         0.16576827620169224,
         0.1924068073706885,
         0.6643649726675405,
         0.6255241395877457,
         0.6672673260467175
      ],
      [
         0.2690435219625179,
         0.07046238915372405,
         0.5388724102362039,
         0.5616206127994082,
         0.2636134813776718,
         0.17989672901017562,
         0.7956396147212117,
         0.699610656323685,
         0.16552188302453752,
         0.3125243374708771,
         0.46363232949390615,
         0.2697340167999924,
         0.21928662363289825,
         0.7630371119057088,
         0.21451261738292354,
         0.09878534521276576,
         0.4142901817373207,
         0.5142987698019771,
         0.6794309834919876,
         0.27737019833252746,
         0.5197781712172757,
         0.7602820865982923,
         0.6686948315934048,
         0.24637626543550994,
         0.6579571484081745,
         0.7900939278089244,
         0.16252864457733102,
         0.3862297264869009,
         0.2305445810796498,
         0.40122041414959436
      ],
      [
         0.13836599164567365,
         0.39065000591876936,
         0.47285516003237843,
         0.7542612479615284,
         0.2623258779369375,
         0.6530621996559577,
         0.08113021531699968,
         0.614515006845738,
         0.05366400205894392,
         0.7204872073672236,
         0.31267614615989936,
         0.09543546850835219,
         0.39187647572327644,
         0.29358146632552473,
         0.48912327215450285,
         0.7943524064070415,
         0.2967300006950117,
         0.35390123018118325,
         0.2778960779350912,
         0.32834220510115264,
         0.7042569617449901,
         0.7450443960386228,
         0.6627569099677374,
         0.1082505917644509,
         0.7309418655699546,
         0.5575310603641915,
         0.44449345957702074,
         0.4465850849184474,
         0.5977954474768181,
         0.17970141233997033
      ],
      [
         0.6435456329017972,
         0.19551892985016894,
         0.20960510731977294,
         0.3932134445493934,
         0.24085349071993695,
         0.3641653094961282,
         0.7763646783193039,
         0.30675028624561523,
         0.4991186059730445,
         0.7373119437240346,
         0.12079099461910697,
         0.4067450192564733,
         0.693388772754494,
         0.3546268569615056,
         0.07583322114511937,
         0.5954696690663868,
         0.4881027656892446,
         0.4421478716659647,
         0.6685086926775006,
         0.08961692494876902,
         0.5853017354959037,
         0.7972395780326724,
         0.21101130144425145,
         0.31136257922011124,
         0.1025592120406941,
         0.7555005729908069,
         0.645239326095365,
         0.08887049217651646,
         0.7295473811494071,
         0.41310479803389527
      ],
      [
         0.24611955186736295,
         0.6267518304382593,
         0.4292715856632032,
         0.6641274181647451,
         0.3906600874337762,
         0.6480899110855374,
         0.7692787552397395,
         0.6817120678448981,
         0.27559418215265397,
         0.44861106494192704,
         0.1904215272394124,
         0.5774933544312355,
         0.7421438226173295,
         0.2958257478363407,
         0.5508260757381377,
         0.32639532353353634,
         0.4998528026053548,
         0.5010324280838829,
         0.28037756533072083,
         0.42067509162453437,
         0.3413371602721963,
         0.5546533677429337,
         0.7902795032693776,
         0.07419019583838879,
         0.3421240274540299,
         0.05990422955895659,
         0.7818152659099558,
         0.4414340196922669,
         0.6479935244898426,
         0.6023675917460206
      ],
      [
         0.07189997046286098,
         0.688820109711314,
         0.4250968954571804,
         0.4150350734236221,
         0.7791682136479755,
         0.5474308951847721,
         0.071973577393132,
         0.5094945193554133,
         0.5785353337494246,
         0.4141053048711528,
         0.41568804074726434,
         0.14223886536851887,
         0.14093019511595942,
         0.6121888610740952,
         0.47647897852130977,
         0.5311962701155445,
         0.6918315380053269,
         0.6368026968002701,
         0.2919323952590871,
         0.3501697818945851,
         0.7872292711567317,
         0.6546859190292846,
         0.5442652945250855,
         0.7575623146877045,
         0.2780626974875572,
         0.6679194155990673,
         0.49484432611187046,
