{
   "worker_count": 18,
   "expertise_scores": [
      [
         0.22586625465202254,
         0.42881098315644617,
         0.15748757941688474,
         0.26416973360397766,
         0.2981585137113261,
         0.6057791840605915,
         0.7678584733792089,
         0.6893200350708208,
         0.10923535539456267,
         0.4555845838185019,
         0.34787642144632197,
         0.21969172001798976,
         0.6212187319382302,
         0.6661357966081123,
         0.0999696949534346,
         0.1871950596122156,
         0.38447032683626836,
         0.20931541211598614
      ],
      [
         0.5884809708022805,
         0.15451538855012684,
         0.4120769987970719,
         0.7719249178303355,
         0.07314846921108356,
         0.3205447588457865,
         0.07817591319459971,
         0.34995489216581027,
         0.6577062485351451,
         0.47423678620569554,
         0.3314776305135416,
         0.2678749992024905,
         0.7794759980278673,
         0.3457396081198243,
         0.091301677302631,
         0.7497763637017302,
         0.5533748798961646,
         0.513888090619945
      ],
      [
         0.6181322509449434,
         0.314023840470696,
         0.5427024556599506,
         0.4762762161243912,
         0.5198735460315874,
         0.7206311601131665,
         0.4112165237901477,
         0.18851754482552763,
         0.6610980392935453,
         0.19309333390951694,
         0.08585586122024143,
         0.26408211274612653,
         0.44272691597480385,
         0.2978482001278417,
         0.4263061325560533,
         0.7597216892578668,
         0.5099102276813403,
         0.23810080824205287
      ],
      [
         0.35774851100561345,
         0.606714121660663,
         0.5768119038793432,
         0.785830472803981,
         0.45736750960431083,
         0.6309798807814436,
         0.5547804131516918,
         0.4271585405490188,
         0.5712093704279161,
         0.09568862431146861,
         0.29822891013400443,
         0.591010170119723,
         0.05282399879952422,
         0.1669477397581831,
         0.14310829859624508,
         0.2449465792590959,
         0.12155693942635765,
         0.389837715277343
      ],
      [
         0.18331806609431778,
         0.5953113695385194,
         0.0757318384076941,
         0.27257682833679914,
         0.28089431711802537,
         0.18813406316725367,
         0.7431057160639198,
         0.7112855686231929,
         0.10372723685553178,
         0.29485597956339776,
         0.48600152457827955,
         0.5179924844230404,
         0.6744290212563265,
         0.25671621394591726,
         0.20436925272791617,
         0.08317537352076951,
         0.4339537469450882,
         0.7335308098370221
      ],
      [
         0.09675147260783931,
         0.7638096984050058,
         0.4002720276800417,
         0.20980086701909473,
         0.7700888352734055,
         0.7450287454287925,
         0.1839439651043866,
         0.4844401911183099,
         0.5132829774121079,
         0.18132309550901898,
         0.6189169344952661,
         0.20587646981806051,
         0.38220789719525244,
         0.4054084328341957,
         0.19588213636150742,
         0.6420445397710416,
         0.3784787438634807,
         0.7837982888864159
      ],
      [
         0.31806903950146653,
         0.16042583552749506,
         0.7607343329322463,
         0.0684820144026981,
         0.16449752343386836,
         0.21776222432069414,
         0.551846649947488,
         0.4464301432568713,
         0.4344102758712561,
         0.7385592996445437,
         0.4448175289546049,
         0.501899020000025,
         0.674876967330452,
         0.2488149262464311,
         0.38453318899509514,
         0.4586635078850707,
         0.27012190119767565,
         0.3687665645910737
      ],
      [
         0.4679319639418816,
         0.3471591359553308,
         0.26215567316852206,
         0.05849948383022816,
         0.38076501925749756,
         0.4245780677308688,
         0.5162103640332296,
         0.711522431597884,
         0.5080862391278123,
         0.390422877938234,
         0.26432446642975543,
         0.6543561902537813,
         0.43031770791698504,
         0.20629705525331066,
         0.4171052030755754,
         0.6197806740522185,
         0.34110491816949556,
         0.2855334437539376
      ],
      [
         0.34833520309824617,
         0.6088312123088067,
         0.45357592529369367,
         0.23268430663867018,
         0.5688976662691831,
         0.7197212187670282,
         0.255150602181648,
         0.2899227658870977,
         0.7105311389456442,
         0.3625941995504984,
         0.16566011653356943,
         0.3892440545706104,
         0.23289415702031657,
         0.495928219104295,
         0.7831286265613462,
         0.17104208815164346,
         0.06779460505099148,
         0.5827062103299775
      ],
      [
         0.7842959709237428,
         0.13261609088288606,
         0.5492232021257412,
         0.2598521132989956,
         0.7786676354226603,
         0.4858465449728545,
         0.25671334876295915,
         0.4781098903328957,
         0.27368334417085993,
         0.7529560265351123,
         0.2334067554510728,
         0.5324971302051345,
         0.7478839306240147,
         0.5728826128350603,
         0.062122521936179044,
         0.21398554409006226,
         0.12789406204627363,
         0.5466598996657089
      ]
   ],
   "mv_f1_micro": [
      0.9759036144578314,
      0.9959839357429718,
      0.9959839357429718,
      0.9839357429718876,
      0.9799196787148594,
      0.9919678714859438,
      0.9839357429718876,
      0.9718875502008032,
      0.9859437751004017,
      0.9959839357429718
   ],
   "mv_f1_macro": [
      0.9761837324527137,
      0.9961531346936452,
      0.9956176638751554,
      0.9835300989346495,
      0.9802137312329163,
      0.9921844129060696,
      0.9831192498110207,
      0.9718851890599911,
      0.985881134238751,
      0.9960384153661466
   ],
   "mv_f1_weighted": [
      0.9759534181814887,
      0.9959831928528022,
      0.995971711822908,
      0.983891539280888,
      0.9800086178383767,
      0.9919639673610097,
      0.9839769664849276,
      0.9716506804872221,
      0.985967734551865,
      0.995984739277237
   ],
   "ct_f1_micro": [
      0.9939759036144579,
      0.9959839357429718,
      1.0,
      0.9899598393574297,
      0.9819277108433735,
      0.9959839357429718,
      0.9799196787148594,
      0.9839357429718876,
      0.9899598393574297,
      0.9979919678714859
   ],
   "ct_f1_macro": [
      0.9939074274696329,
      0.9961531346936452,
      1.0,
      0.9896071786870628,
      0.9820928941472511,
      0.995667248031288,
      0.9789792173230794,
      0.9839167746692448,
      0.9898354740166203,
      0.9980361956103196
   ],
   "ct_f1_weighted": [
      0.9940061003885887,
      0.9959831928528022,
      1.0,
      0.989940585159663,
      0.982094344274719,
      0.9959921924365716,
      0.9800698272135837,
      0.9840068770036137,
      0.9900085791313346,
      0.9979904214470512
   ],
   "em_f1_micro": [
      0.9839357429718876,
      0.9939759036144579,
      0.9939759036144579,
      0.9819277108433735,
      0.9779116465863453,
      0.9939759036144579,
      0.9839357429718876,
      0.9759036144578314,
      0.9859437751004017,
      0.9979919678714859
   ],
   "em_f1_macro": [
      0.983658003243226,
      0.9942656307806141,
      0.9933540474597995,
      0.9816864732434732,
      0.9774468924273092,
      0.9942286348501664,
      0.9826954950340078,
      0.9761102355922324,
      0.9861950762053786,
      0.997999199679872
   ],