{
   "worker_count": 10,
   "expertise_scores": [
      [
         0.7640709036991631,
         0.31320316748071536,
         0.48879562559276146,
         0.6630257746955465,
         0.3359849681692346,
         0.23431279138865868,
         0.049757603567561925,
         0.5173883259730271,
         0.3527665952248673,
         0.1513561732719558
      ],
      [
         0.39764991104231173,
         0.35954168450155605,
         0.7097117394836371,
         0.14990919630447186,
         0.5638262639505548,
         0.3826444730383252,
         0.7328183622133175,
         0.5685554865573648,
         0.5082045484110718,
         0.6498625088915542
      ],
      [
         0.4616887977215077,
         0.14069397236374317,
         0.797091578396591,
         0.40513071558997277,
         0.6607450460971286,
         0.5385175497243891,
         0.401583870284989,
         0.1912112508694131,
         0.20360442763246056,
         0.1339242640954495
      ],
      [
         0.6714726448533829,
         0.0870737404664842,
         0.169051289520194,
         0.4334573541966998,
         0.6432173687245707,
         0.34423424735505165,
         0.09230586475564831,
         0.600251721708275,
         0.7397224537717207,
         0.32330978854984105
      ],
      [
         0.5092741336256109,
         0.513515429299046,
         0.23588990376208208,
         0.53221239550808,
         0.7426365944743859,
         0.17060311520314875,
         0.5215246913473105,
         0.04927192381909481,
         0.11713320076986564,
         0.5946018923915473
      ],
      [
         0.7120391352786276,
         0.4679892755773193,
         0.5003705299919751,
         0.6497332090527618,
         0.3620456658744064,
         0.5258834275343034,
         0.6887766108478457,
         0.19869311524197486,
         0.5046115509182133,
         0.6748005662302241
      ],
      [
         0.30598385907228953,
         0.5174445035041648,
         0.7422866696590249,
         0.5212217880420229,
         0.386247151685909,
         0.2681479733364333,
         0.642883672089822,
         0.37555246402612347,
         0.6222299088502319,
         0.36520308861749207
      ],
      [
         0.061412062320919614,
         0.2523636874057194,
         0.06530959014102009,
         0.4389626808942072,
         0.49556753886133753,
         0.0662869288863493,
         0.7468739322911493,
         0.14378470466833382,
         0.1123477575853325,
         0.6232644160865274
      ],
      [
         0.6310698040464808,
         0.23195606996237755,
         0.37259216724520694,
         0.49128615976842627,
         0.07772203079324988,
         0.6916290606373444,
         0.28262423606678116,
         0.6322497562923618,
         0.6793026231387096,
         0.3962424021110083
      ],
      [
         0.1859290991062671,
         0.37639147093864944,
         0.5391774081402944,
         0.18040517432039127,
         0.09945328717934607,
         0.3994892050290678,
         0.4105591187591414,
         0.475231482481787,
         0.5873718089759864,
         0.7241616321509012
      ]
   ],
   "mv_f1_micro": [
      0.8975903614457831,
      0.9718875502008032,
      0.8795180722891566,
      0.9257028112449799,
      0.9016064257028112,
      0.9819277108433735,
      0.9437751004016064,
      0.7610441767068273,
      0.929718875502008,
      0.9016064257028112
   ],
   "mv_f1_macro": [
      0.8975703267102195,
      0.9714964402657407,
      0.880086766358521,
      0.9250869090715689,
      0.899756062351079,
      0.9816546766483345,
      0.9422671676002773,
      0.7613064459449401,
      0.9286420685442535,
      0.9034432872041733
   ],
   "mv_f1_weighted": [
      0.8982009268601829,
      0.9716853073512819,
      0.8798530928485985,
      0.9259016626125525,
      0.9017248898911332,
      0.9819109689381962,
      0.9436830827267809,
      0.7601303267303741,
      0.929003409660609,
      0.9024187553942596
   ],
   "ct_f1_micro": [
      0.9236947791164659,
      0.9738955823293173,
      0.9176706827309237,
      0.9437751004016064,
      0.9538152610441767,
      0.9839357429718876,
      0.9558232931726908,
      0.8775100401606426,
      0.9598393574297188,
      0.9176706827309237
   ],
   "ct_f1_macro": [
      0.9241226714110018,
      0.9728330535468599,
      0.9161778716569751,
      0.9422226481688142,
      0.953355444579582,
      0.9834183079943075,
      0.955755599434822,
      0.8772830262366667,
      0.960103804313173,
      0.9174299899093423
   ],
   "ct_f1_weighted": [
      0.9236677394212052,
      0.9737051014069124,
      0.9172769305246491,
      0.9438470232422336,
      0.9537316565466445,
      0.983993741247506,
      0.955946261475634,
      0.8771079205626673,
      0.9596902121562249,
      0.9176212676499088
   ],
   "em_f1_micro": [
      0.8975903614457831,
      0.9779116465863453,
      0.9056224899598394,
      0.9357429718875502,
      0.9156626506024096,
      0.9819277108433735,
      0.9437751004016064,
      0.7891566265060241,
      0.9337349397590361,
      0.9056224899598394
   ],
   "em_f1_macro": [
      0.8973084809013748,
      0.9781146301649694,
      0.9059689654460543,
      0.9348724411347081,
      0.9146929826396466,
      0.9812454962310678,
      0.9429442141681681,
      0.7882391218518032,
      0.931943887420795,
      0.9046240354690418
   ],
   "em_f1_weighted": [
      0.897689040413918,
      0.977878649891746,
      0.9055523577372697,
      0.9361169541494802,
      0.9152049965520581,
      0.9819581627368602,
      0.9438205178282723,
      0.789079759699359,
      0.9327445556957801,
      0.9067620099503785
   ]
}