{
   "worker_count": 13,
   "expertise_scores": [
      [
         0.4397529390178894,
         0.14681947734885148,
         0.23888851229054686,
         0.18629516562852466,
         0.5693121080067901,
         0.47840776395752765,
         0.17377686334473744,
         0.38719786726019606,
         0.45177801370231163,
         0.3923304871789738,
         0.7516898130472618,
         0.2729431401497179,
         0.7609107820920484
      ],
      [
         0.7110378915191657,
         0.3560818718525614,
         0.5994509423400493,
         0.10387363981096803,
         0.41553543469274523,
         0.4542966306799041,
         0.7317301861814645,
         0.36734310956271193,
         0.7320039785539548,
         0.6352140022744387,
         0.2543246646639948,
         0.08013933189299693,
         0.7666662604867724
      ],
      [
         0.5506039783750559,
         0.48759296228350707,
         0.5995723136172445,
         0.3071486170056273,
         0.6056677882868035,
         0.49127135833032404,
         0.40091072086867613,
         0.05777354844025831,
         0.7721062910179415,
         0.43463022505837695,
         0.35710452854751484,
         0.37125191032161325,
         0.2109015309104758
      ],
      [
         0.16705439366524338,
         0.5715543240632299,
         0.7344530620108849,
         0.38299251085343955,
         0.19454142765594856,
         0.4661782663114378,
         0.42548417809252115,
         0.5409552595129573,
         0.13353940553671184,
         0.13515677900209486,
         0.05200687286970239,
         0.6198826839064195,
         0.35025815181329734
      ],
      [
         0.1639169213675138,
         0.3878896479861476,
         0.6210474006667726,
         0.27309691145243753,
         0.26363108437635213,
         0.4349704165248791,
         0.7414216228632127,
         0.06418155222600672,
         0.5779728722034257,
         0.3085100220710196,
         0.30307768425924714,
         0.7636756515119328,
         0.4768766232820774
      ],
      [
         0.77528496004297,
         0.5981687549690639,
         0.6127545175962031,
         0.748948758827465,
         0.09776437573415707,
         0.2637029240645052,
         0.13867746220824673,
         0.45992177542873836,
         0.46463317452787795,
         0.2236954824056333,
         0.4527998084281755,
         0.5371116663868981,
         0.10087193007985563
      ],
      [
         0.4238470544017596,
         0.2503243414349205,
         0.7529632374211433,
         0.410526202249895,
         0.20097770842234192,
         0.5612863518503841,
         0.5737126022940277,
         0.5044001236368902,
         0.2662382976104379,
         0.537247402921474,
         0.3933277527499955,
         0.2360602509040809,
         0.18979932456557375
      ],
      [
         0.25546191017514935,
         0.08170540058161649,
         0.059648058973737095,
         0.2546575727250709,
         0.45549260663519414,
         0.22901983907818935,
         0.21833523869899135,
         0.37761693503023314,
         0.43882446753584065,
         0.78652332747071,
         0.39514558011943646,
         0.2741174571029289,
         0.28818569805423827
      ],
      [
         0.1367725184083225,
         0.18646646611814138,
         0.7868614256976812,
         0.48359785466606825,
         0.5131162821800161,
         0.04964771047071871,
         0.4415749251540232,
         0.23267108578710383,
         0.1362402350060556,
         0.6000304397784318,
         0.09370530264351726,
         0.2699425121597699,
         0.06910272870076357
      ],
      [
         0.30136069701889046,
         0.5230071623860082,
         0.1763354154340135,
         0.6214477568776651,
         0.2777626722479687,
         0.4101326398004981,
         0.33909439427382176,
         0.4251491322763422,
         0.30241023450841553,
         0.7719726717505244,
         0.608172686645036,
         0.483499856864145,
         0.7091365977414639
      ]
   ],
   "mv_f1_micro": [
      0.9598393574297188,
      0.9819277108433735,
      0.9779116465863453,
      0.927710843373494,
      0.9618473895582329,
      0.9819277108433735,
      0.9477911646586346,
      0.8433734939759037,
      0.8594377510040161,
      0.9799196787148594
   ],
   "mv_f1_macro": [
      0.9591536479239805,
      0.9815167158300186,
      0.9774305513206736,
      0.9278528728575994,
      0.9613245244880728,
      0.9810182741740248,
      0.9489625851132114,
      0.8414404272419713,
      0.8582651600251708,
      0.9797567761404734
   ],
   "mv_f1_weighted": [
      0.9598693143652384,
      0.9818452215318195,
      0.9776195239784176,
      0.9279750785623431,
      0.9616767973271362,
      0.9818425076187673,
      0.9480172515250771,
      0.8428525342459997,
      0.8587988440077222,
      0.9799687732520476
   ],
   "ct_f1_micro": [
      0.9718875502008032,
      0.9839357429718876,
      0.9779116465863453,
      0.9618473895582329,
      0.9618473895582329,
      0.9819277108433735,
      0.9558232931726908,
      0.8955823293172691,
      0.9216867469879518,
      0.9899598393574297
   ],
   "ct_f1_macro": [
      0.9704632410259816,
      0.9841096541222305,
      0.9783434434289544,
      0.961875821731686,
      0.961512699385195,
      0.98173636697158,
      0.9545142664986199,
      0.8943891685600848,
      0.9216682573573332,
      0.9899030534548177
   ],
   "ct_f1_weighted": [
      0.9718890833681567,
      0.9839270252933829,
      0.9779044753322754,
      0.9616644816461647,
      0.9620417430339434,
      0.9819565585287312,
      0.9555325435576131,
      0.8956185052616391,
      0.9217116023318986,
      0.9899239878233737
   ],
   "em_f1_micro": [
      0.9578313253012049,
      0.9839357429718876,
      0.9759036144578314,
      0.9397590361445783,
      0.9558232931726908,
      0.9819277108433735,
      0.9417670682730923,
      0.857429718875502,
      0.8895582329317269,
      0.9799196787148594
   ],
   "em_f1_macro": [
      0.9575785206954526,
      0.9846103190187542,
      0.9758892483789406,
      0.9393970702719899,
      0.9557159588894908,
      0.981038091984969,
      0.9428478403753189,
      0.8553290356982662,
      0.8873022952340472,
      0.9799543737547127
   ],
   "em_f1_weighted": [
      0.9576493066854656,
      0.9839304535938798,
      0.9758068748249179,
      0.9399361362210695,
      0.9556168478988076,
      0.9818426734618091,
      0.9415705555550422,
      0.8572625109666935,
      0.889060746579845,
      0.9799670033054005
   ]
}