{
   "worker_count": 40,
   "expertise_scores": [
      [
         0.5701144382508851,
         0.3404535793606321,
         0.7445636574319204,
         0.6299904616927908,
         0.3769608443511062,
         0.7339092260832839,
         0.13306943800965246,
         0.25219155678706506,
         0.7095761717772849,
         0.3478826442411986,
         0.7198469766947224,
         0.5666367074211633,
         0.2867234471367884,
         0.6951274091415297,
         0.439181361688074,
         0.5734070601944412,
         0.5052124867068155,
         0.6302652139855939,
         0.1259138111582761,
         0.2354442988023389,
         0.5390291794017642,
         0.25870383476200537,
         0.3283331312063745,
         0.2876468472152591,
         0.34322298655362377,
         0.21540283659522252,
         0.5453710831639951,
         0.6525561083306017,
         0.7308101690162294,
         0.6079711271808119,
         0.5710177730032591,
         0.7780108174761045,
         0.18154639960884428,
         0.5556945207199766,
         0.45313463009983257,
         0.5107959967026254,
         0.452022398797839,
         0.3959455376236655,
         0.21787561091375085,
         0.09976518196596754
      ],
      [
         0.7191894244146424,
         0.28030287867284465,
         0.6401803651575857,
         0.4195466998726413,
         0.3992176349676469,
         0.4833286622941505,
         0.056953946717894624,
         0.4007805434717503,
         0.4422564516686632,
         0.663088935862678,
         0.7913021835567764,
         0.18616894693635222,
         0.4026109304950208,
         0.40720497674791956,
         0.2596610070072036,
         0.10172438943791139,
         0.27479956895640295,
         0.6977993051800896,
         0.23268053058147525,
         0.07144160802268221,
         0.4723562716654927,
         0.7888538649762991,
         0.46243849427983413,
         0.10252527834088758,
         0.2074157578938795,
         0.6594027639528977,
         0.4637383128698972,
         0.2045120822093821,
         0.5784855704463759,
         0.7376816292011334,
         0.6641754584616913,
         0.3197120650889394,
         0.4196672798913101,
         0.5499019811376652,
         0.14902800213484396,
         0.7155847299019004,
         0.6337690517125063,
         0.7133524720219746,
         0.5050731870668854,
         0.508410687139493
      ],
      [
         0.7644645049059282,
         0.577455162488787,
         0.41280760657635385,
         0.5925761442437276,
         0.48730145349878107,
         0.3185870034852521,
         0.3700962548422222,
         0.1568444082645028,
         0.6895980957404183,
         0.24378412731342058,
         0.64445131756092,
         0.09655788970242443,
         0.7879416676756797,
         0.28974803188852494,
         0.2911336342617705,
         0.1697739020250305,
         0.4767260701517693,
         0.16666602263418026,
         0.4988732196519301,
         0.21756483044120767,
         0.20056428386379238,
         0.43219971969037163,
         0.33636559414270106,
         0.2814032952810261,
         0.47551358720467174,
         0.655090306621543,
         0.7900455518694621,
         0.47545946910443254,
         0.24795174388335167,
         0.13771931150938221,
         0.46035326745587485,
         0.6743349339165396,
         0.3961311148317245,
         0.4610312077513745,
         0.4436601829207258,
         0.31075808649770337,
         0.7724307615637525,
         0.06559986181488668,
         0.5747903202944944,
         0.5636598826695943
      ],
      [
         0.4228844164175295,
         0.755297258664017,
         0.6902085610896507,
         0.2449095499459258,
         0.409919887928046,
         0.7775138223319772,
         0.7983828781292993,
         0.21804914591952562,
         0.7061152675023276,
         0.4789557510148546,
         0.5755264321474208,
         0.2300145606821581,
         0.682908710660836,
         0.47260690252761256,
         0.26236953431449317,
         0.33786374063518015,
         0.3722921412296233,
         0.36445573588499786,
         0.34940667688287685,
         0.36517306548605805,
         0.30884648201957143,
         0.5621804099206407,
         0.4507495808681019,
         0.5751754730219246,
         0.5359314217486465,
         0.6857141588333207,
         0.7985464918745455,
         0.2641078462913095,
         0.746300602316631,
         0.18346544245500956,
         0.747600851516791,
         0.6883363657238698,
         0.2600448720390585,
         0.07025901703274746,
         0.6455982214075533,
         0.5722926990947871,
         0.5184135397123412,
         0.33222485808136926,
         0.4025813704730382,
         0.10221095687798556
      ],
      [
         0.7534470317178473,
         0.19805125661254197,
         0.7353378324465745,
         0.11909826369410395,
         0.413972360889168,
         0.754039212808558,
         0.7944447777771269,
         0.6156436341444762,
         0.699431925205811,
         0.6549001270356727,
         0.4480336977680278,
         0.13353634162695305,
         0.39594658977576735,
         0.11207578410041755,
         0.2724751968194493,
         0.732274533264881,
         0.6026927493916604,
         0.17097063992029754,
         0.1275538781662715,
         0.19925852886010004,
         0.7707815614636748,
         0.2778639026646677,
         0.2575904352414097,
         0.675696229135175,
         0.480778829524743,
         0.6129312715203542,
         0.06280750030982493,
         0.14160306052792898,
         0.2862357814612527,
         0.5080616960321598,
         0.43563211463888984,
         0.2727154981109721,
         0.05843808923685293,
         0.3817741982134421,
         0.3267752457961053,
         0.24396739473657303,
         0.16746199944108964,
         0.7263938745059736,
         0.08366918606257176,
         0.36186137144263597
      ],
      [
         0.5137850905738526,
         0.7882141353878115,
         0.21014735339437834,
         0.06261684230115816,
         0.6718784652178301,
         0.2754135933602279,
         0.3508653085648858,
         0.5111833029803111,
         0.4117383851012575,
         0.6396267992706423,
         0.4536657716105427,
         0.23213320308851204,
         0.3250256835229706,
         0.508786728754073,
         0.4063595708221882,
         0.5543986016771681,
         0.42736463084848647,
         0.5582945610998383,
         0.6369435373958121,
         0.612258328645174,
         0.2096576821829671,
         0.5812677796504514,
         0.5384724860773866,
         0.27348422975607867,
         0.3643226241655468,
         0.4926595128261853,
         0.41461972307772255,
         0.11697701778521144,
         0.12025290447220069,
         0.6882589484920699,
         0.400010321985964,
         0.29427651219011536,
         0.41639615694769844,
         0.4306262549442309,
         0.11581150933382844,
         0.051006908575092706,
         0.21602488734290592,
         0.5474316239388514,
         0.14188257430259515,
         0.2928998988600053
      ],
      [
         0.563831698343211,
         0.16862242287644358,
         0.48784627497456334,
         0.23697151004702205,
         0.671831233033243,
         0.6015334214447042,
         0.7856477383947306,
         0.6055069047133498,
         0.1335519784278844,
         0.22216894276119975,
         0.6013513873057821,
         0.4113961095584951,
         0.6244055651304421,
         0.6315583543713591,
         0.726603179180053,
         0.6750971188074557,
         0.48950889006306086,
         0.10462436695856586,
         0.4318889007669532,
         0.12194417081663385,
         0.32675277571551536,
         0.3886639160986307,
         0.7552448314277858,
         0.38658447501387405,
         0.7532220441272496,
         0.15383380681912678,
         0.5900348137743451,
         0.7249085059055371,
