{
   "worker_count": 3,
   "expertise_scores": [
      [
         0.3139053486014903,
         0.5375581608136221,
         0.3727929843871877
      ],
      [
         0.7717516772467584,
         0.71322211327891,
         0.43609195446371507
      ],
      [
         0.5200355777895972,
         0.7049238780603909,
         0.372381380973323
      ],
      [
         0.07439193066097258,
         0.33459918165381547,
         0.44367638046596425
      ],
      [
         0.4125899697659798,
         0.410957967423806,
         0.12348745370645443
      ],
      [
         0.28706939643232043,
         0.25181338719555024,
         0.15639854537292025
      ],
      [
         0.7938135903547695,
         0.5099760823478409,
         0.7870316248397751
      ],
      [
         0.07150222332513459,
         0.5809050795517036,
         0.7349452387427992
      ],
      [
         0.5594921618079295,
         0.29010957519612296,
         0.2434542121139926
      ],
      [
         0.15511607867547667,
         0.2627619902750149,
         0.21546066726287882
      ]
   ],
   "mv_f1_micro": [
      0.4899598393574297,
      0.8072289156626506,
      0.6726907630522089,
      0.3333333333333333,
      0.3855421686746988,
      0.27710843373493976,
      0.8353413654618473,
      0.6224899598393574,
      0.44377510040160645,
      0.23694779116465864
   ],
   "mv_f1_macro": [
      0.48627703507525133,
      0.8037998461666115,
      0.6711547360094025,
      0.33223482455651415,
      0.3823784611711059,
      0.27122433162690196,
      0.8359381224871184,
      0.6209235549105222,
      0.44269202152540854,
      0.23914673393719518
   ],
   "mv_f1_weighted": [
      0.4889649326373318,
      0.8060958007519804,
      0.6724821195301726,
      0.331478653936931,
      0.38391400359851624,
      0.2735257199432504,
      0.8359255268274512,
      0.6213308283145402,
      0.44280975883890084,
      0.23543630141528946
   ],
   "ct_f1_micro": [
      0.5742971887550201,
      0.8353413654618473,
      0.7389558232931727,
      0.4457831325301205,
      0.42771084337349397,
      0.3032128514056225,
      0.8554216867469879,
      0.5963855421686747,
      0.5662650602409639,
      0.26305220883534136
   ],
   "ct_f1_macro": [
      0.5751174200209415,
      0.8343803545417569,
      0.7366264189016093,
      0.44696081108588415,
      0.4243208851869186,
      0.296675444316724,
      0.8556096157123132,
      0.5977355480387487,
      0.5637474372595626,
      0.26276016834835153
   ],
   "ct_f1_weighted": [
      0.5750264918293704,
      0.8353266008273927,
      0.737427972987221,
      0.4442100994624614,
      0.42657858799198395,
      0.3005280242825588,
      0.8557290261146481,
      0.5985419043143655,
      0.562423350378463,
      0.2598492856961508
   ],
   "em_f1_micro": [
      0.4839357429718876,
      0.7771084337349399,
      0.6485943775100401,
      0.30120481927710846,
      0.3353413654618474,
      0.21285140562248997,
      0.8253012048192772,
      0.6244979919678715,
      0.40160642570281124,
      0.1827309236947791
   ],
   "em_f1_macro": [
      0.48278665335661797,
      0.777208932431365,
      0.6444812851709739,
      0.2989161490705211,
      0.3370281273272698,
      0.21069623767692874,
      0.8255533904331385,
      0.6211312109251642,
      0.40461459054062165,
      0.18339077697576517
   ],
   "em_f1_weighted": [
      0.48405660637439524,
      0.7790215801127807,
      0.6487516470621654,
      0.300093516368157,
      0.3370834461362677,
      0.2151437637664752,
      0.8261764408461238,
      0.6243521756406017,
      0.40122669833821684,
      0.1819981271069501
   ]
}