{
   "worker_count": 3,
   "expertise_scores": [
      [
         0.606501385240406,
         0.7171031893531958,
         0.5495496739443357
      ],
      [
         0.5853901930816798,
         0.5993431150845293,
         0.7653505261191569
      ],
      [
         0.48561622075852934,
         0.5154653646181244,
         0.6752832928828567
      ],
      [
         0.5422555097731921,
         0.5021707273367306,
         0.5493059451111627
      ],
      [
         0.5050065745373299,
         0.729108389968598,
         0.6697108070788492
      ],
      [
         0.7444013589974375,
         0.681666490367239,
         0.6619150828377217
      ],
      [
         0.761920073536316,
         0.6831570388755446,
         0.6490905698672074
      ],
      [
         0.695217912155876,
         0.6287599334227335,
         0.5950485802533159
      ],
      [
         0.6970858950345563,
         0.6021419116694551,
         0.7499994516604849
      ],
      [
         0.6512041238715783,
         0.6583898203149158,
         0.5171827171650795
      ]
   ],
   "mv_f1_micro": [
      0.688,
      0.736,
      0.596,
      0.56,
      0.7160000000000001,
      0.788,
      0.776,
      0.708,
      0.732,
      0.64
   ],
   "mv_f1_macro": [
      0.6789383561643835,
      0.7250000000000001,
      0.5824720959073997,
      0.548440065681445,
      0.7046539875871478,
      0.7795304414382934,
      0.7632575757575757,
      0.6963343816036871,
      0.7173043492936828,
      0.6305418719211822
   ],
   "mv_f1_weighted": [
      0.6927465753424656,
      0.7390800000000001,
      0.6017117817279867,
      0.566935960591133,
      0.7194732691059751,
      0.7905927220086856,
      0.7773181818181819,
      0.7115711076723406,
      0.7338047290341092,
      0.6456748768472905
   ],
   "ct_f1_micro": [
      0.688,
      0.736,
      0.596,
      0.56,
      0.7160000000000001,
      0.788,
      0.776,
      0.708,
      0.732,
      0.64
   ],
   "ct_f1_macro": [
      0.6789383561643835,
      0.7250000000000001,
      0.5824720959073997,
      0.548440065681445,
      0.7046539875871478,
      0.7795304414382934,
      0.7632575757575757,
      0.6963343816036871,
      0.7173043492936828,
      0.6305418719211822
   ],
   "ct_f1_weighted": [
      0.6927465753424656,
      0.7390800000000001,
      0.6017117817279867,
      0.566935960591133,
      0.7194732691059751,
      0.7905927220086856,
      0.7773181818181819,
      0.7115711076723406,
      0.7338047290341092,
      0.6456748768472905
   ],
   "gt": [
      0,
      0,
      0,
      0,
      0,
      0,
      0,
      0,
      0,
      0,
      0,
      0,
      0,
      0,
      0,
      0,
      0,
      0,
      0,
      0,
      0,
      0,
      0,
      0,
      0,
      0,
      0,
      0,
      0,
      0,
      0,
      0,
      0,
      0,
      0,
      0,
      0,
      0,
      0,
      0,
      0,
      0,
      0,
      0,
      0,
      0,
      0,
      0,
      0,
      0,
      0,
      0,
      0,
      0,
      0,
      0,
      0,
      0,
      0,
      0,
      0,
      0,
      0,
      0,
      0,
      0,
      0,
      0,
      0,
      0,
      0,
      0,
      0,
      0,
      0,
      0,
      0,
      0,
      0,
      0,
      0,
      0,
      0,
      0,
      0,
      0,
      0,
      0,
      0,
      0,
      0,
      0,
      0,
      1,
      1,
      1,
      1,
      1,
      1,
      1,
      1,
      1,
      1,
      1,
      1,
      1,
      1,
      1,
      1,
      1,
      1,
      1,
      1,
      1,
      1,
      1,
      1,
      1,
      1,
      1,
      1,
      1,
      1,
      1,
      1,
      1,
      1,
      1,
      1,
      1,
      1,
      1,
      1,
      1,
      1,
      1,
      1,
      1,
      1,
      1,
      1,
      1,
      1,
      1,
      1,
      1,
      1,
      1,
      1,
      1,
      1,
      1,
      1,
      1,
      1,
      1,
      1,
      1,
      1,
      1,
      1,
      1,
      1,
      1,
      1,
      1,
      1,
      1,
      1,
      1,
      1,
      1,
      1,
      1,
      1,
      1,
      1,
      1,
      1,
      1,
      1,
      1,
      1,
      1,
      1,
      1,
      1,
      1,
      1,
      1,
      1,
      1,
      1,
      1,
      1,
      1,
      1,
      1,
      1,
      1,
      1,
      1,
      1,
      1,
      1,
      1,
      1,
      1,
      1,
      1,
      1,
      1,
      1,
      1,
      1,
      1,
      1,
      1,
      1,
      1,
      1,
      1,
      1,
      1,
      1,
      1,
      1,
      1,
      1,
      1,
      1,
      1,
      1,
      1,
      1,
      1,
      1,
      1,
      1,
      1,
      1,
      1,
      1,
      1,
      1,
      1,
      1,
      1,
      1,
      1
   ],
   "em_f1_micro": [
      0.576,
      0.764,
      0.564,
      0.492,
      0.728,
      0.788,
      0.78,
      0.712,
      0.776,
      0.66
   ],
   "em_f1_macro": [
      0.5753205128205128,
      0.7519966372425388,
      0.5344347439818217,
      0.4779591903845837,
      0.717589208585288,
      0.7795304414382934,
      0.7569426031005286,
      0.6889902550279909,
      0.750445632798574,
      0.649634795798915
   ],
   "em_f1_weighted": [
      0.5709717948717948,
      0.765964186633039,
      0.5644692897780663,
      0.4998765517354773,
      0.7314702638049039,
      0.7905927220086856,
      0.7761071927312582,
      0.7106464855898819,
      0.7708891265597149,
      0.6650620764702972
   ]
}