{
   "worker_count": 18,
   "expertise_scores": [
      [
         0.7134240069646195,
         0.653168942861781,
         0.6379862258833142,
         0.6945719923815447,
         0.7751222324903975,
         0.6163373986829326,
         0.7561416133417094,
         0.5194523680605714,
         0.5606029982721654,
         0.798124795949686,
         0.4960590720100551,
         0.6161654143660121,
         0.557354866849984,
         0.5360603314155056,
         0.7383029230784548,
         0.6615612653420387,
         0.7262705391923833,
         0.6814100280712087
      ],
      [
         0.5025043522008933,
         0.6337882136211861,
         0.5466548182311506,
         0.5075239771484552,
         0.6831859595728129,
         0.5000238822627955,
         0.7476649865997489,
         0.5255195798208901,
         0.7229302619622765,
         0.7529449288831087,
         0.7843481693797854,
         0.745744905737995,
         0.5808510185396847,
         0.5395418395667847,
         0.5663607724544479,
         0.48787528882982684,
         0.7538036615646257,
         0.71921639511642
      ],
      [
         0.4966385308063701,
         0.6973370947316726,
         0.7619571739830164,
         0.5103239248934878,
         0.4952029403762274,
         0.7597241546175477,
         0.6411182776532498,
         0.6407357323102807,
         0.5596510788183913,
         0.6183435720507375,
         0.5191215169962116,
         0.6122973926496793,
         0.5402801653851698,
         0.7704827859243126,
         0.6592180893314352,
         0.7299675895395797,
         0.5910096291488872,
         0.7112231154173595
      ],
      [
         0.648165143848979,
         0.49351779967601106,
         0.6137183623676787,
         0.6572329367612932,
         0.6951002400882509,
         0.7330924275755355,
         0.5887441613028953,
         0.5057290278535465,
         0.5707128147680828,
         0.5524014184266345,
         0.4952740063608891,
         0.7241669641840849,
         0.7234515163914985,
         0.7657477958852384,
         0.6640755546126242,
         0.6532213259132893,
         0.6918845629070842,
         0.6264284415991735
      ],
      [
         0.49579859501283613,
         0.6893995755273198,
         0.5243384406099236,
         0.7526019230275808,
         0.49138638423356834,
         0.5377411945270436,
         0.5521016230340473,
         0.6086630560433253,
         0.5689292297729813,
         0.792567591291266,
         0.5334601870274803,
         0.5625944687306582,
         0.6446234210522724,
         0.743528847601902,
         0.6154855385094814,
         0.6990775212480556,
         0.6295795492152845,
         0.4934134114595985
      ],
      [
         0.6978601520279052,
         0.651570157450239,
         0.7573966601987221,
         0.7209447414018414,
         0.7350279359181888,
         0.7280619288309131,
         0.7890826321668208,
         0.7155338391289164,
         0.7180742245918713,
         0.6733439920741673,
         0.7124583135166849,
         0.6747734303184567,
         0.7266705523178425,
         0.5674502322721201,
         0.7039947478060842,
         0.6504565670700735,
         0.5929229355701654,
         0.7567530277067132
      ],
      [
         0.6107555231083523,
         0.5142067132261452,
         0.7059138647571899,
         0.6946329689291396,
         0.7596463913803448,
         0.6463576882865789,
         0.5504020378739254,
         0.7490237984875925,
         0.7242599628703893,
         0.7432207495210061,
         0.4994316685110747,
         0.5376598935896791,
         0.6889320467384445,
         0.5550279380146399,
         0.545328981950265,
         0.5155173933761588,
         0.5043888533781894,
         0.5366825073237258
      ],
      [
         0.6546938942998685,
         0.6124070869416647,
         0.6095409911751717,
         0.5048252680481903,
         0.5318130364563395,
         0.6069694842706214,
         0.5595973759838555,
         0.6859767182847082,
         0.7920270754994638,
         0.648688058406266,
         0.7311651608140175,
         0.4952133358682539,
         0.5583875970488804,
         0.7673485990966991,
         0.5970004845063054,
         0.7261972405599523,
         0.6576808050171674,
         0.6666249175509874
      ],
      [
         0.7183474772202785,
         0.6651512036106814,
         0.7691450344247333,
         0.7917422801784308,
         0.7524949063889963,
         0.7446491819959158,
         0.5018263685772351,
         0.5629217344640405,
         0.5358928904033098,
         0.5480408300521961,
         0.6592778904497036,
         0.6915691337965378,
         0.5819866812744459,
         0.5440827586657645,
         0.5631717304356254,
         0.6230257485970832,
         0.741057681309373,
         0.6936870382062978
      ],
      [
         0.6123966692915275,
         0.48536461018106997,
         0.5936927621656439,
         0.748496034967963,
         0.49031302951314143,
         0.5810247656023025,
         0.7293861191754158,
         0.7811638103191676,
         0.6076584413124936,
         0.7978806628465268,
         0.7400644630361204,
         0.7963438924950335,
         0.5379671472764597,
         0.5797050528048561,
         0.5422106728167233,
         0.6674214115519637,
         0.7805762876573581,
         0.641096812649181
      ]
   ],
   "mv_f1_micro": [
      0.908,
      0.88,
      0.824,
      0.912,
      0.796,
      0.944,
      0.836,
      0.872,
      0.9,
      0.908
   ],
   "mv_f1_macro": [
      0.9017614597392835,
      0.8741272824919442,
      0.8132427843803056,
      0.9080206033848419,
      0.7856242118537201,
      0.9410417087797319,
      0.829991209301554,
      0.8666666666666667,
      0.8956576904455834,
      0.9013299013299013
   ],
   "mv_f1_weighted": [
      0.9080990244485828,
      0.8810875402792696,
      0.8247171477079797,
      0.9129183222958058,
      0.7976978562421186,
      0.944422613031467,
      0.8381733923802888,
      0.8734933333333333,
      0.9011068632197532,
      0.9078973830973831
   ],
   "ct_f1_micro": [
      0.916,
      0.912,
      0.884,
      0.928,
      0.872,
      0.948,
      0.892,
      0.892,
      0.924,
      0.948
   ],
   "ct_f1_macro": [
      0.910303941501085,
      0.9073512566538642,
      0.8789629209168768,
      0.9241964827167981,
      0.8657357679914071,
      0.945148605086834,
      0.8869176257727296,
      0.8865069356872637,
      0.9204235144326616,
      0.9439761424557411
   ],
   "ct_f1_weighted": [
      0.9160904136269669,
      0.9126641061923051,
      0.8852839613349138,
      0.9285433596118859,
      0.8731600429645543,
      0.9483501713051256,
      0.893054832386792,
      0.8928988650693569,
      0.924742289457372,
      0.9478198272741377
   ],