{
   "worker_count": 10,
   "expertise_scores": [
      [
         0.5941398032273322,
         0.7901577460433038,
         0.4940175097838755,
         0.5943955617181167,
         0.5235182233566957,
         0.7276296141613844,
         0.5053782702596643,
         0.6890221728399192,
         0.5279101801880445,
         0.7512121079820226
      ],
      [
         0.7923703898032497,
         0.6863803683626828,
         0.619770165271105,
         0.6839285887191409,
         0.7097498803915144,
         0.6647986258164521,
         0.6125550018125538,
         0.7894411952483303,
         0.5888373951392936,
         0.5449742362650841
      ],
      [
         0.49440342762305556,
         0.7237203156184833,
         0.604252676488671,
         0.5670498875701246,
         0.5303914809524144,
         0.5852029160661746,
         0.7876902883083605,
         0.6281609886216548,
         0.7394042430166514,
         0.5202379217700948
      ],
      [
         0.654972269557031,
         0.6861258496315071,
         0.6535820660447887,
         0.5221069657369815,
         0.6387973859997094,
         0.501827357651226,
         0.553082730850586,
         0.7501447963160578,
         0.6483391549008924,
         0.6564938499319408
      ],
      [
         0.6628659266475808,
         0.5210827527487749,
         0.600660546720068,
         0.602468257970715,
         0.6144652504046293,
         0.7732326698909365,
         0.748295905979302,
         0.7343145192529413,
         0.6530074241132808,
         0.7625610133420374
      ],
      [
         0.7201656821259047,
         0.5118681832204536,
         0.5006513618067403,
         0.5937447739215271,
         0.7790817925141456,
         0.5646947713085073,
         0.7988678956309485,
         0.7792190807222972,
         0.7744119827847218,
         0.48823248041448986
      ],
      [
         0.6367358422063109,
         0.5271029669219126,
         0.5455154669564142,
         0.5213484940691155,
         0.579349253439563,
         0.4829502992714509,
         0.7487594255418893,
         0.5684009293064322,
         0.5614951164813909,
         0.5499921484701644
      ],
      [
         0.5478688345353884,
         0.6406434502427777,
         0.5177490594430084,
         0.7807287594432111,
         0.65619908664615,
         0.789310591574861,
         0.5667811240915599,
         0.7823557008917879,
         0.6521580764238843,
         0.5951381696651583
      ],
      [
         0.7984533321536047,
         0.6519882889493491,
         0.592847257411253,
         0.4977345829748347,
         0.5400643123585069,
         0.72324550343559,
         0.7528143025803413,
         0.663305186013176,
         0.6286595411111019,
         0.7275908048060883
      ],
      [
         0.7291835407126166,
         0.5507756983232869,
         0.6183017948323963,
         0.7540847418356038,
         0.6965861405829377,
         0.7780350966915339,
         0.6351410538505069,
         0.6298186471369228,
         0.6733532057515891,
         0.6869982543150442
      ]
   ],
   "mv_f1_micro": [
      0.764,
      0.884,
      0.748,
      0.792,
      0.872,
      0.864,
      0.652,
      0.8399999999999999,
      0.872,
      0.884
   ],
   "mv_f1_macro": [
      0.7537521494515769,
      0.8781000420344682,
      0.7361411268030356,
      0.7833333333333334,
      0.863023080610917,
      0.8568155784650631,
      0.647253442319856,
      0.8308982683982684,
      0.8641765704584041,
      0.8801157503100455
   ],
   "mv_f1_weighted": [
      0.7666121971986176,
      0.8849654476670871,
      0.7504612755691812,
      0.7944266666666667,
      0.872,
      0.8650263459335625,
      0.6577286040967256,
      0.8409415584415585,
      0.8725215619694399,
      0.8856400165357586
   ],
   "ct_f1_micro": [
      0.804,
      0.9,
      0.848,
      0.804,
      0.892,
      0.8960000000000001,
      0.692,
      0.864,
      0.872,
      0.8960000000000001
   ],
   "ct_f1_macro": [
      0.7932524345580665,
      0.8936695078174177,
      0.840561224489796,
      0.7947764319579167,
      0.8841698841698842,
      0.8900838744588745,
      0.6865382423344353,
      0.8562635281385281,
      0.8647186147186148,
      0.8916666666666666
   ],
   "ct_f1_weighted": [
      0.8053198764577815,
      0.9003113356811107,
      0.8493775510204084,
      0.8059143254426965,
      0.8918795366795366,
      0.896612012987013,
      0.69713074204947,
      0.8648003246753246,
      0.8727532467532468,
      0.8972133333333334
   ],
   "gt": [
      0,
      0,
      0,
      0,
      0,
      0,
      0,
      0,
      0,
      0,
      0,
      0,
      0,
      0,
      0,
      0,
      0,
      0,
      0,
      0,
      0,
      0,
      0,
      0,
      0,
      0,
      0,
      0,
      0,
      0,
      0,
      0,
      0,
      0,
      0,
      0,
      0,
      0,
      0,
      0,
      0,
      0,
      0,
      0,
      0,
      0,
      0,
      0,
      0,
      0,
      0,
      0,
      0,
      0,
      0,
      0,
      0,
      0,
      0,
      0,
      0,
      0,
      0,
      0,
      0,
      0,
      0,
      0,
      0,
      0,
      0,
      0,
      0,
      0,
      0,
      0,
      0,
      0,
      0,
      0,
      0,
      0,
      0,
      0,
      0,
      0,
      0,
      0,
      0,
      0,
      0,
      0,
      0,
      1,
      1,
      1,
      1,
      1,
      1,
      1,
      1,
      1,
      1,
      1,
      1,
      1,
      1,
      1,
      1,
      1,
      1,
      1,
      1,
      1,
      1,
      1,
      1,
      1,
      1,
      1,
      1,
      1,
      1,
      1,
      1,
      1,
      1,
      1,
      1,
      1,
      1,
      1,
      1,
      1,
      1,
      1,
      1,
      1,
      1,
      1,
      1,
      1,
      1,
      1,
      1,
      1,
      1,
      1,
      1,
      1,
      1,
      1,
      1,
      1,
      1,
      1,
      1,
      1,
      1,
      1,
      1,
      1,
      1,
      1,
      1,
      1,
      1,
      1,
      1,
      1,
      1,
      1,
      1,
      1,
      1,
      1,
      1,
      1,
      1,
      1,
      1,
      1,
      1,
      1,
      1,
      1,
      1,
      1,
      1,
      1,
      1,
      1,
      1,
      1,
      1,
      1,
      1,
      1,
      1,
      1,
      1,
      1,
      1,
      1,
      1,
      1,
      1,
      1,
      1,
      1,
      1,
      1,
      1,
      1,
      1,
      1,
      1,
      1,
      1,
      1,
      1,
      1,
      1,
      1,
      1,
      1,
      1,
      1,
      1,
      1,
      1,
      1,
      1,
      1,
      1,
      1,
      1,
      1,
      1,
      1,
      1,
      1,
      1,
      1,
      1,
      1,
      1,
      1,
      1,
      1
   ],
   "em_f1_micro": [
      0.852,
      0.884,
      0.864,
      0.824,
      0.8960000000000001,
      0.908,
      0.7,
      0.88,
      0.844,
      0.884
   ],
   "em_f1_macro": [
      0.8397963248410953,
      0.8744349573078855,
      0.8568155784650631,
      0.7991087734677478,
      0.8854100557083422,
      0.9017614597392835,
      0.6767854372446604,
      0.8765147523709167,
      0.8213598636838344,
      0.8793657132398209
   ],
   "em_f1_weighted": [
      0.851115675713123,
      0.8833068809643395,
      0.8650263459335625,
      0.8172114836730221,
      0.8943279035328962,
      0.9080990244485828,
      0.6989605419661787,
      0.8818256059009484,
      0.8376404111471445,
      0.8854186592122997
   ]
}