{
   "worker_count": 5,
   "expertise_scores": [
      [
         0.5262853870715926,
         0.6305205063608088,
         0.759657856550294,
         0.49170664885521276,
         0.7186474900374291
      ],
      [
         0.48825876162519977,
         0.769372378621527,
         0.5263088902205353,
         0.5170248823992054,
         0.6730802831951687
      ],
      [
         0.7871816717041079,
         0.4973874061196243,
         0.5374292951636465,
         0.6233721062001523,
         0.6336160019697894
      ],
      [
         0.7314708799662328,
         0.6721894743976288,
         0.5536260897041768,
         0.6000568532401954,
         0.5855602850505973
      ],
      [
         0.6070647627953337,
         0.6685695690921227,
         0.5531064836732503,
         0.5064391163794667,
         0.5116831058143958
      ],
      [
         0.6151735197254101,
         0.585576199572916,
         0.48541138209191803,
         0.5331949488126636,
         0.5864765545541983
      ],
      [
         0.655098266559945,
         0.7622069302415222,
         0.7448967187363322,
         0.7571365934973706,
         0.7504996833287939
      ],
      [
         0.7081192898647993,
         0.5398661365007628,
         0.76383502602617,
         0.745857783493777,
         0.6191388838524678
      ],
      [
         0.6471839892752576,
         0.7871608679180949,
         0.7931333202722984,
         0.6081785116203143,
         0.7592604776147629
      ],
      [
         0.6425228772498529,
         0.7740796191183963,
         0.5052529961041401,
         0.6988784111870734,
         0.7116166885192914
      ]
   ],
   "mv_f1_micro": [
      0.712,
      0.672,
      0.708,
      0.72,
      0.62,
      0.644,
      0.904,
      0.796,
      0.836,
      0.824
   ],
   "mv_f1_macro": [
      0.7065727699530516,
      0.6594458103528473,
      0.7007166401548074,
      0.7110494683310218,
      0.611490078683483,
      0.634160377513606,
      0.8996588400561911,
      0.7878500474217541,
      0.8282823206178486,
      0.8153866809881849
   ],
   "mv_f1_weighted": [
      0.7167887323943662,
      0.6761847298823841,
      0.7126688204135849,
      0.7240684234858993,
      0.6262099425823233,
      0.6495197882240746,
      0.9050018061408791,
      0.7984948834423201,
      0.8376017825132767,
      0.8255950590762623
   ],
   "ct_f1_micro": [
      0.712,
      0.672,
      0.708,
      0.72,
      0.62,
      0.644,
      0.904,
      0.796,
      0.836,
      0.824
   ],
   "ct_f1_macro": [
      0.7065727699530516,
      0.6594458103528473,
      0.7007166401548074,
      0.7110494683310218,
      0.611490078683483,
      0.634160377513606,
      0.8996588400561911,
      0.7878500474217541,
      0.8282823206178486,
      0.8153866809881849
   ],
   "ct_f1_weighted": [
      0.7167887323943662,
      0.6761847298823841,
      0.7126688204135849,
      0.7240684234858993,
      0.6262099425823233,
      0.6495197882240746,
      0.9050018061408791,
      0.7984948834423201,
      0.8376017825132767,
      0.8255950590762623
   ],
   "gt": [
      0,
      0,
      0,
      0,
      0,
      0,
      0,
      0,
      0,
      0,
      0,
      0,
      0,
      0,
      0,
      0,
      0,
      0,
      0,
      0,
      0,
      0,
      0,
      0,
      0,
      0,
      0,
      0,
      0,
      0,
      0,
      0,
      0,
      0,
      0,
      0,
      0,
      0,
      0,
      0,
      0,
      0,
      0,
      0,
      0,
      0,
      0,
      0,
      0,
      0,
      0,
      0,
      0,
      0,
      0,
      0,
      0,
      0,
      0,
      0,
      0,
      0,
      0,
      0,
      0,
      0,
      0,
      0,
      0,
      0,
      0,
      0,
      0,
      0,
      0,
      0,
      0,
      0,
      0,
      0,
      0,
      0,
      0,
      0,
      0,
      0,
      0,
      0,
      0,
      0,
      0,
      0,
      0,
      1,
      1,
      1,
      1,
      1,
      1,
      1,
      1,
      1,
      1,
      1,
      1,
      1,
      1,
      1,
      1,
      1,
      1,
      1,
      1,
      1,
      1,
      1,
      1,
      1,
      1,
      1,
      1,
      1,
      1,
      1,
      1,
      1,
      1,
      1,
      1,
      1,
      1,
      1,
      1,
      1,
      1,
      1,
      1,
      1,
      1,
      1,
      1,
      1,
      1,
      1,
      1,
      1,
      1,
      1,
      1,
      1,
      1,
      1,
      1,
      1,
      1,
      1,
      1,
      1,
      1,
      1,
      1,
      1,
      1,
      1,
      1,
      1,
      1,
      1,
      1,
      1,
      1,
      1,
      1,
      1,
      1,
      1,
      1,
      1,
      1,
      1,
      1,
      1,
      1,
      1,
      1,
      1,
      1,
      1,
      1,
      1,
      1,
      1,
      1,
      1,
      1,
      1,
      1,
      1,
      1,
      1,
      1,
      1,
      1,
      1,
      1,
      1,
      1,
      1,
      1,
      1,
      1,
      1,
      1,
      1,
      1,
      1,
      1,
      1,
      1,
      1,
      1,
      1,
      1,
      1,
      1,
      1,
      1,
      1,
      1,
      1,
      1,
      1,
      1,
      1,
      1,
      1,
      1,
      1,
      1,
      1,
      1,
      1,
      1,
      1,
      1,
      1,
      1,
      1,
      1,
      1
   ],
   "em_f1_micro": [
      0.628,
      0.672,
      0.792,
      0.684,
      0.676,
      0.588,
      0.884,
      0.788,
      0.864,
      0.82
   ],
   "em_f1_macro": [
      0.6253565155738894,
      0.6642426624737945,
      0.7792869269949066,
      0.6831432192648923,
      0.6709403792716813,
      0.5777234785745913,
      0.8750237024012687,
      0.7311009639776763,
      0.8583333333333334,
      0.7988880745097338
   ],
   "em_f1_weighted": [
      0.6173001820847902,
      0.6773076519916142,
      0.7928475382003396,
      0.687361216730038,
      0.681386047872081,
      0.5945875137342364,
      0.8835980762269224,
      0.7627665144596651,
      0.8655866666666667,
      0.8155691020575985
   ]
}