{
   "worker_count": 40,
   "expertise_scores": [
      [
         0.5899508897068722,
         0.6838303180543126,
         0.7491849202284762,
         0.6387018533685034,
         0.49773561812124145,
         0.7284306539621654,
         0.7223547623590159,
         0.5723654991275894,
         0.6312772547151669,
         0.5048848965092874,
         0.7669034547224808,
         0.6813250144341825,
         0.751081669766132,
         0.6467182278653252,
         0.7712013594330385,
         0.5029726647190642,
         0.7054307224640017,
         0.6904994420346069,
         0.7529626996701573,
         0.707359694431813,
         0.606667714362407,
         0.4979149388529659,
         0.6245836896971299,
         0.7312227430255025,
         0.6828300658195742,
         0.7791300774492832,
         0.7504290301060748,
         0.5852393701386391,
         0.7810679850285199,
         0.5518512087003932,
         0.5903167551048858,
         0.6439656602420718,
         0.6069630878366169,
         0.5882869116361118,
         0.495493583279643,
         0.7670957093972968,
         0.648006618287483,
         0.5527774147139694,
         0.7629597372211541,
         0.7271980023154021
      ],
      [
         0.551145242539645,
         0.5438265374484579,
         0.6213642343577144,
         0.519783079891361,
         0.736205290776472,
         0.7232903294403334,
         0.5478572754452157,
         0.5982079181739344,
         0.7167097167684496,
         0.766154044542868,
         0.6775745840766915,
         0.6715972135695638,
         0.5214105009955914,
         0.7105075335926231,
         0.6598973182513496,
         0.7660442344510268,
         0.5390074252146357,
         0.7048035552190749,
         0.5810912511344868,
         0.7433238548636005,
         0.7957070502775959,
         0.5026741363603059,
         0.6887397869906241,
         0.7812588249127863,
         0.6131239338863885,
         0.6126702835692767,
         0.5752116112891391,
         0.5140098034667658,
         0.7203723482309399,
         0.7051309261854204,
         0.5258541521565618,
         0.5720896821291829,
         0.5163676396510126,
         0.7879725233325685,
         0.6070342342726096,
         0.6074262859218068,
         0.7124783534472586,
         0.6365627888543305,
         0.7732600299074416,
         0.5679492684976177
      ],
      [
         0.600262950344116,
         0.6073817162288851,
         0.7085380090350074,
         0.5025087288036619,
         0.5844258424844722,
         0.5691781131432355,
         0.684770398916509,
         0.7149628084821092,
         0.7711146231015098,
         0.7894982960907702,
         0.6453560610143987,
         0.7955359413360148,
         0.6265132396813089,
         0.5723518864949413,
         0.7584222378211007,
         0.7353431380793084,
         0.5413523532392797,
         0.5163037567017091,
         0.6556266392694395,
         0.6953133652038707,
         0.527672443579961,
         0.4840009152777785,
         0.546802341632917,
         0.6157853895267585,
         0.5977173557054183,
         0.7026338630320696,
         0.7953603753224014,
         0.5660397954510683,
         0.5544713767932705,
         0.5567570192560682,
         0.6946371478116993,
         0.6337211655843993,
         0.5873980311390296,
         0.49772109140242937,
         0.6778243733492407,
         0.6061060476610763,
         0.7997824712240297,
         0.6838805225466298,
         0.5821279456072488,
         0.6521140023402313
      ],
      [
         0.7390847186348235,
         0.5241556439282953,
         0.7133138885104018,
         0.5821059930159306,
         0.6332476853067887,
         0.7348301702848864,
         0.5673913323397832,
         0.5240900836701632,
         0.7561556142946779,
         0.4959260175289515,
         0.5958784906148673,
         0.6562807023992923,
         0.4865349631170334,
         0.7629361253700226,
         0.5340969653478771,
         0.5738457279963951,
         0.7004290968656336,
         0.6996670714920459,
         0.6251749402566398,
         0.69510289561117,
         0.6385974523555148,
         0.5625868746449957,
         0.5933242596925554,
         0.6597473825605004,
         0.7510910215520377,
         0.6325176443553604,
         0.5598043152163314,
         0.6871461003424932,
         0.7153346484820087,
         0.5598283504822483,
         0.5890932222263476,
         0.6110889802559424,
         0.6580058980416077,
         0.796036336291392,
         0.596186646037818,
         0.5447222876072548,
         0.6162178135795419,
         0.6291256407362028,
         0.7479720011141495,
         0.6024911933809798
      ],
      [
         0.66590102685118,
         0.49270395999169225,
         0.6687256073594109,
         0.6964235356809841,
         0.6252785997065747,
         0.7873964245906357,
         0.5551218652953391,
         0.7779819478814249,
         0.48317889646830164,
         0.6764090206499391,
         0.530118034801737,
         0.5482779176413456,
         0.5932613562630578,
         0.774162682006184,
         0.5456365423791515,
         0.49698017835708974,
         0.7006345705809816,
         0.6479630500072112,
         0.778901088551788,
         0.555016635881958,
         0.5323294278495954,
         0.5775427547656787,
         0.7140795817286425,
         0.7908130488573528,
         0.6560704594353745,
         0.7837737365731334,
         0.6362881159081497,
         0.7438280042308505,
         0.677227084692124,
         0.5228435605042685,
         0.627120236386662,
         0.6900982458333195,
         0.7996310918819688,
         0.744244186635883,
         0.7386942868691773,
         0.7849954092375906,
         0.7364739215881054,
         0.5193248765434604,
         0.7726091740399144,
         0.7379449094155998
      ],
      [
         0.48290367808324075,
         0.486731871146125,
         0.7098994297769873,
         0.6506258431512538,
         0.5107436467172912,
         0.6810153928605238,
         0.5386160106409261,
         0.6530051765851292,
         0.642904449081769,
         0.6601739632683354,
         0.7392170369509474,
         0.638733241448669,
         0.7554578833679314,
         0.7727843298061285,
         0.6060635348624124,
         0.5039978059282546,
         0.7157796386601614,
         0.6774353590762288,
         0.7451517538381662,
         0.7403686579830211,
         0.6554249448231513,
         0.6286325776170606,
         0.5381159776547567,
         0.504896600457137,
         0.7978704363626266,
         0.6126497486035188,
         0.7377244397694549,
         0.6660355252474756,
         0.7137663862252819,
         0.5402056207840541,
         0.6998714617789065,
         0.5662184751368053,
         0.775181411144519,
         0.6389916391299317,
         0.4834673231225655,
         0.7519734279019714,
         0.7735687804000075,
         0.5982982832854028,
         0.6868854762905052,
         0.7415788293879624
      ],
      [
         0.7713298537613922,
         0.5497340377224026,
         0.7957035689371089,
         0.736457743643829,
         0.5552714611456414,
         0.5430005006992781,
         0.5686125332186488,
         0.7967814715185135,
         0.7973128774370095,
         0.7408303410025217,
         0.5364826496017331,
         0.5767746416578534,
         0.7712614234384546,
         0.561335796382995,
         0.610382732130679,
         0.7802362951578459,
         0.5159499101084445,
         0.49074137570369336,
         0.605441974027959,
         0.7778933930840146,
         0.5604098204957334,
         0.6892262982755637,
         0.5977790720725954,
         0.4982055994712142,
         0.5868002594060809,
         0.5323122219291503,
         0.660284410108356,
         0.5629654174181979,
         0.6910386942638425,
         0.6965073974412682,
         0.54816560382475,
