{
   "worker_count": 20,
   "expertise_scores": [
      [
         0.7553756570106887,
         0.6625039045785006,
         0.6000387305317756,
         0.48880629654935825,
         0.652029260606816,
         0.5441249373507021,
         0.5095735920247229,
         0.5148931706641792,
         0.6269486260918014,
         0.7149832926333831,
         0.6622473989766594,
         0.48857481595597363,
         0.48929815916581815,
         0.495101912141024,
         0.7523512540429207,
         0.5711177845956517,
         0.6131251854529018,
         0.7635027373372922,
         0.7288325355853502,
         0.7106848295367553
      ],
      [
         0.5496912017431973,
         0.7252061789650744,
         0.6550961124211586,
         0.5995103676449581,
         0.7317554977890245,
         0.53471012702742,
         0.6186516537315803,
         0.5890970196894488,
         0.507001469182354,
         0.6466484128465712,
         0.6225717428657191,
         0.49054490347452945,
         0.7590707124718309,
         0.6241550050716076,
         0.681647845710601,
         0.7255836005604093,
         0.7164181619110684,
         0.7205472442527115,
         0.7231119106460917,
         0.6425275109817956
      ],
      [
         0.4830215645302317,
         0.5203672922459505,
         0.7823168549529501,
         0.7783675389008335,
         0.5143372089374624,
         0.5468785174050222,
         0.655925307436481,
         0.5291743983709609,
         0.546947443844144,
         0.6143607645539655,
         0.791639191885292,
         0.6313191208863057,
         0.5374446382463606,
         0.726483754548835,
         0.7219857453843906,
         0.4894446902692991,
         0.6515783956685026,
         0.7584748379213735,
         0.6061865528800316,
         0.7396393836647649
      ],
      [
         0.6417593878520627,
         0.7774620770748346,
         0.7574093363609837,
         0.6519050917235848,
         0.6647842737312544,
         0.49645811684709185,
         0.5342728996388366,
         0.5435529744521274,
         0.5047325477000457,
         0.5834422134418202,
         0.7791970317299654,
         0.7680081286613094,
         0.5308801701078536,
         0.666760154370122,
         0.645865353804568,
         0.7482510080963196,
         0.6863918871722312,
         0.4966112497127335,
         0.4953933695302809,
         0.7726790802224425
      ],
      [
         0.667599642620551,
         0.5799470105844725,
         0.7754236658827498,
         0.607423612524165,
         0.6585508638448585,
         0.6603215383983678,
         0.6185427539167441,
         0.6419963386700238,
         0.6973127142119973,
         0.7044854832395866,
         0.654389716249049,
         0.5740822930361567,
         0.6718376321392966,
         0.6154153668216206,
         0.5166474114686159,
         0.5482839304637386,
         0.6345063320814472,
         0.5236368236423552,
         0.6878797779293179,
         0.5186362439727078
      ],
      [
         0.5849019335437393,
         0.4845385016794931,
         0.6325643967921167,
         0.793621738559896,
         0.745120631840513,
         0.6605917378009152,
         0.525733918153375,
         0.6566033069088306,
         0.5973861213693253,
         0.5366972579486671,
         0.5777929709797635,
         0.6042285550116733,
         0.6902019688573015,
         0.5913228469967351,
         0.6945245757775049,
         0.647912127303237,
         0.5819924225379297,
         0.6432131423394472,
         0.6329308249940672,
         0.5689977142019245
      ],
      [
         0.5707231737024228,
         0.6396526496722672,
         0.48647754612829625,
         0.5613257394155357,
         0.7484367871565558,
         0.5146007416854879,
         0.7951031990213323,
         0.7043129950447602,
         0.6319769222579352,
         0.6696565487226034,
         0.5455617965664374,
         0.6796033128602442,
         0.7470407054733481,
         0.5920685184818315,
         0.7034111915322591,
         0.5230013749886429,
         0.5982008317984714,
         0.6782977186923485,
         0.584775484596995,
         0.5736621687492923
      ],
      [
         0.6785440632800233,
         0.48992804741581714,
         0.6475568481803831,
         0.5261745754553309,
         0.6774419524180668,
         0.6612106445804318,
         0.5260309914410526,
         0.5951248746790078,
         0.7319479244303162,
         0.6413695596060416,
         0.6519890019044303,
         0.7698487125970002,
         0.6707617751607474,
         0.7886159816517416,
         0.5656075682775922,
         0.7360470273404525,
         0.6484399768406846,
         0.757329087455646,
         0.6416710669771989,
         0.7730499267519875
      ],
      [
         0.7654006379372769,
         0.6417075189569768,
         0.6234638630781792,
         0.6132939709295274,
         0.5937449336134825,
         0.590804558925874,
         0.5630045813671143,
         0.7302042519404925,
         0.698909310031878,
         0.594320701128955,
         0.4910743331599527,
         0.6104867155924956,
         0.5947405286038411,
         0.7161844720860511,
         0.6424286699977153,
         0.7704927756016642,
         0.6736806031243129,
         0.7170487747409473,
         0.5514950930137311,
         0.7707952015454214
      ],
      [
         0.603836647426789,
         0.48795682776959864,
         0.5848409921136233,
         0.5101803462278689,
         0.600656995671828,
         0.6679419067614649,
         0.7357273009272798,
         0.6803062912503164,
         0.5861040488251996,
         0.5029377740796221,
         0.5978018204387342,
         0.6234999177832206,
         0.6490139710535621,
         0.636995137597371,
         0.6934169876917429,
         0.7667796566057937,
         0.7568900003646672,
         0.6282713043111909,
         0.6473216069425575,
         0.7887059305456369
      ]
   ],
   "mv_f1_micro": [
      0.852,
      0.908,
      0.868,
      0.912,
      0.908,
      0.8599999999999999,
      0.872,
      0.936,
      0.932,
      0.884
   ],
   "mv_f1_macro": [
      0.8450352649478146,
      0.9025737474372659,
      0.8602145071925991,
      0.9073512566538642,
      0.9029552243843986,
      0.8523231675414762,
      0.8652381914965299,
      0.9323593073593074,
      0.9276952653158441,
      0.8744349573078855
   ],
   "mv_f1_weighted": [
      0.8534455110485668,
      0.9084598519120961,
      0.8686597875260509,
      0.9126641061923051,
      0.90861953384753,
      0.8609427688984154,
      0.8729659726433528,
      0.9363766233766233,
      0.9322117082631552,
      0.8833068809643395
   ],
   "ct_f1_micro": [
      0.856,
      0.932,
      0.912,
      0.948,
      0.924,
      0.892,
      0.892,
      0.952,
      0.94,
      0.92
   ],
   "ct_f1_macro": [
      0.8489527389903331,
      0.9279892915840662,
      0.9066213921901527,
      0.944932987681933,
      0.9198325766653728,
      0.8846764962156806,
      0.8856300513393991,
      0.9490662139219015,
      0.9364611396329996,
      0.9147572285870158
   ],
   "ct_f1_weighted": [
      0.8573050483351236,
      0.9323398905437232,
      0.9123585738539898,
      0.9482599162981413,
      0.9245117888305682,
      0.8921162460918147,
      0.8925398261576779,
      0.95219558573854,
      0.9402999034209322,
      0.9201691216584834
   ],