{
   "worker_count": 30,
   "expertise_scores": [
      [
         0.6668958963588991,
         0.5546093737219577,
         0.5121845805007244,
         0.5132667800797289,
         0.618068730412626,
         0.6275383204984937,
         0.6048916945810816,
         0.5094730538458655,
         0.5708394658912721,
         0.7422867327140663,
         0.7269829297525844,
         0.7050876609529327,
         0.5474980127920164,
         0.7879557043061555,
         0.689993662088755,
         0.757967734504307,
         0.7924331385229553,
         0.6536145813523486,
         0.6736014493776021,
         0.5820491269253351,
         0.7175971737182985,
         0.7953116993797487,
         0.6763272940681581,
         0.6424835329193541,
         0.530552523200716,
         0.6036846360160883,
         0.7995699192607271,
         0.7183133692655195,
         0.6836116172579099,
         0.796176551649716
      ],
      [
         0.7939168467758158,
         0.606589197044754,
         0.5921056512552147,
         0.7318854597696343,
         0.7680139602095728,
         0.6793237080146088,
         0.7620562183063512,
         0.5134171544826062,
         0.600635125106787,
         0.5011163101764067,
         0.6654041154099766,
         0.7393012837437758,
         0.7738644147679922,
         0.7334290970459614,
         0.5580238531741027,
         0.49063812241554544,
         0.7659080703645036,
         0.7939388068298247,
         0.49196390472742735,
         0.7833111128337162,
         0.6936698458411801,
         0.7296856811907713,
         0.7197681761358031,
         0.6385013535093526,
         0.6011652723852114,
         0.6667229172031603,
         0.717401891591205,
         0.7102580937495564,
         0.537265280200586,
         0.6927912510870562
      ],
      [
         0.7468585854056999,
         0.5677936732853234,
         0.5279274932411919,
         0.7757290989812813,
         0.7795384125673839,
         0.6575005803146327,
         0.5559279645705175,
         0.7838644660435183,
         0.5534152637329759,
         0.6694459233705661,
         0.7425769663250701,
         0.6908598999809208,
         0.566883600810472,
         0.6596816985591409,
         0.7474408448964748,
         0.6387764526900349,
         0.7540224257974396,
         0.6080352322432117,
         0.5925522058114209,
         0.5741140355202421,
         0.6260262300372643,
         0.5084282903302794,
         0.7194894134874464,
         0.7640353806177069,
         0.6418638260739054,
         0.6898569722581458,
         0.7882337019040938,
         0.5786968290668336,
         0.5179021224585594,
         0.5368062542980978
      ],
      [
         0.625904222119261,
         0.7642541595972585,
         0.7178699648580477,
         0.7905357754758215,
         0.5774008858272854,
         0.6184234994239326,
         0.7493810672058263,
         0.7621611726134511,
         0.7762600262374015,
         0.7581502211849847,
         0.7150347066835906,
         0.7334018904710473,
         0.6462442245123575,
         0.6649875197439287,
         0.4953749114045541,
         0.7379986732263909,
         0.49736224577191435,
         0.4981305687544427,
         0.5421133029519112,
         0.78663326730978,
         0.7431643839613834,
         0.525496661606556,
         0.6943584075942985,
         0.5541375960798551,
         0.5302977804464842,
         0.7604885613690007,
         0.5894809609102215,
         0.4845682593518394,
         0.6408514731588403,
         0.5106365825939517
      ],
      [
         0.7371296630683203,
         0.7847284285121773,
         0.5657186800656957,
         0.510154695136528,
         0.5377071279059278,
         0.7960756508744025,
         0.6936958465313064,
         0.546189593465528,
         0.5466354812736484,
         0.7327807599699552,
         0.6075988420619973,
         0.4903681950393262,
         0.5693527612089195,
         0.7778215016528187,
         0.6956578930775633,
         0.5701241913636436,
         0.5059798520911487,
         0.5428397358332558,
         0.5341503152537104,
         0.7139687774317187,
         0.5909104123593346,
         0.6623300183242532,
         0.5412157842998654,
         0.5137562650103983,
         0.7242290935102973,
         0.6982319284297863,
         0.6146275126196523,
         0.7858870956947177,
         0.7696381987009633,
         0.4907463054185944
      ],
      [
         0.5749663775347924,
         0.5882515909432672,
         0.6437905239307117,
         0.5866723889338826,
         0.6786865275057686,
         0.5038149197493964,
         0.6714723611487108,
         0.6970109091135448,
         0.6027495568898823,
         0.7154316934224716,
         0.6812784290299365,
         0.7716256337400211,
         0.5391677726245264,
         0.5569488861991332,
         0.6531695033606459,
         0.5881482344729352,
         0.7860193583612456,
         0.6865640302408826,
         0.5667346922173582,
         0.5094064377877584,
         0.6784458735514309,
         0.6778170130540442,
         0.7753754457970476,
         0.7182703604641596,
         0.6323488802326551,
         0.6209628581622475,
         0.5578061888835038,
         0.5226101776580451,
         0.6722108032279919,
         0.7675364978617915
      ],
      [
         0.6472689031009148,
         0.6930897093211801,
         0.7795906403936199,
         0.7594887753313426,
         0.7478777720312284,
         0.6082760325432899,
         0.739037459915877,
         0.503695331560004,
         0.7128214663225365,
         0.7333619468204271,
         0.7698088286322926,
         0.6177441280879756,
         0.7587861447231853,
         0.5244250135284388,
         0.7650939982777136,
         0.7770344945672212,
         0.4981274454489792,
         0.5663144226340562,
         0.6118279640288333,
         0.6440236609893255,
         0.5159551804294557,
         0.5556056169755741,
         0.4850265452978169,
         0.5277195112390909,
         0.6255590211892867,
         0.5006764885817401,
         0.5512521052063696,
         0.7550630938240246,
         0.7775021950309923,
         0.628009969873199
      ],
      [
         0.7625004324247109,
         0.7779615524627076,
         0.5752399163033953,
         0.7652113008930728,
         0.5170922150448121,
         0.7278047660551639,
         0.7047911902668208,
         0.6339868056789728,
         0.5301742090638438,
         0.6627992822060738,
         0.5313325905437432,
         0.6882127483457054,
         0.7007125941146176,
         0.5955130692372681,
         0.5416706695015967,
         0.7513370558862407,
         0.5197175103699044,
         0.6386326345267219,
         0.6552440405413393,
         0.6098093332401775,
         0.6111144593456181,
         0.712609332705803,
         0.6385792834956069,
         0.6730264524356105,
         0.5500597436303531,
         0.5023457729822262,
         0.7727135836599903,
         0.502757840418108,
         0.5873651138497197,
         0.6401939285731275
      ],
      [
         0.504983422653807,
         0.6836978971635446,
         0.4913619782700738,
         0.6836160699353646,
         0.7449860917774649,
         0.7419869614146646,
         0.5828239228366191,
         0.5954366962440553,
         0.6718139367129818,
         0.5015062508062131,
         0.7903146701508057,
         0.7115988145935084,
         0.5484062735643731,
         0.7020987518142062,
         0.6355480099706043,
         0.5820387269237418,
         0.7042380730763468,
         0.7660460233302651,
         0.7228705355647849,
         0.49403426046720156,
         0.6669798747299056,
         0.5564228962650967,
         0.7526827175668731,
         0.7047150790495649,
         0.7414813109756018,
         0.759361628945034,
         0.5404333503801904,
         0.637524295267838,
         0.7663891083635652,
         0.5650148229067483
