{
   "worker_count": 30,
   "expertise_scores": [
      [
         0.5958201690674766,
         0.45342124087290914,
         0.26300759382314864,
         0.3571966206024194,
         0.21280672833180003,
         0.31130655686560826,
         0.5444913238315292,
         0.5887345376938306,
         0.2149010186420411,
         0.7178157626705345,
         0.24179186334310218,
         0.2331951453776214,
         0.3725758705107425,
         0.6845072706081211,
         0.13167216545984706,
         0.24877019335601694,
         0.5411248269677928,
         0.35093020589271295,
         0.6264906887477084,
         0.5164398498236931,
         0.5813176192882212,
         0.27538980973673943,
         0.7542901183851256,
         0.6380957134036006,
         0.2613160943128308,
         0.09800133194304406,
         0.6423012357032243,
         0.546282354597133,
         0.2762545744788072,
         0.5022992861764899
      ],
      [
         0.3359227823317239,
         0.6851023061320317,
         0.10889394330070437,
         0.16260936986131475,
         0.7220851289353264,
         0.6640929318074392,
         0.23354678822280886,
         0.10029936007437038,
         0.3037051882191435,
         0.2247169753872416,
         0.5291314945533966,
         0.7675946581804258,
         0.7536259879934102,
         0.5486133532904174,
         0.14353281958246716,
         0.09884283803336692,
         0.09419973064582762,
         0.5641589638672158,
         0.3068697800444464,
         0.4283582419790616,
         0.43556101240372636,
         0.784814515210812,
         0.26530146587147463,
         0.6243185277353439,
         0.32892947343781653,
         0.13641460689555024,
         0.7725247674984053,
         0.5127178075203745,
         0.6626888006289536,
         0.45056826745488066
      ],
      [
         0.29143058315276393,
         0.38696816223611086,
         0.798229519491254,
         0.7646974049641284,
         0.5290122717353052,
         0.09832285178352579,
         0.4686532687499184,
         0.7784629586091832,
         0.6864304171912676,
         0.5297266412867642,
         0.6560790393328735,
         0.3319101874244481,
         0.43908170755262477,
         0.10645929886255238,
         0.36372616064755503,
         0.3616403491696836,
         0.6178293293224137,
         0.7853806902951478,
         0.3803086988635397,
         0.7808033697542655,
         0.7981674807031224,
         0.19758924941594885,
         0.6568376689630604,
         0.47327460090127194,
         0.270056180270835,
         0.29322034749939535,
         0.7682359947893624,
         0.48053371538493916,
         0.4386606287136896,
         0.10208253642448432
      ],
      [
         0.6004123788793202,
         0.13276105772289487,
         0.7288207955889433,
         0.6257601558443813,
         0.5424289666183375,
         0.580656753118106,
         0.6199907062515977,
         0.490616496883992,
         0.5970128327251023,
         0.6541738207967867,
         0.7134908705736935,
         0.09886828275787221,
         0.42919205028709106,
         0.3789173877604294,
         0.767637013077078,
         0.5971836050964163,
         0.7732974772297643,
         0.525432422247448,
         0.21702681438048754,
         0.2995162621420465,
         0.546799415900757,
         0.7734956267319439,
         0.11006104388850844,
         0.5762078028159409,
         0.47616916899921635,
         0.33678644704270233,
         0.2570950573030806,
         0.43646087417648205,
         0.20657227204953788,
         0.21218341065369742
      ],
      [
         0.27638745826959354,
         0.15905984868171602,
         0.27953292452819584,
         0.3212324777138793,
         0.21741888615854416,
         0.6550549181207078,
         0.41984606488322485,
         0.39545355163394436,
         0.5663298213326882,
         0.37194691045941297,
         0.5153222965303821,
         0.1848638439571793,
         0.587479543950442,
         0.29794979456681325,
         0.40166016738631083,
         0.3315639504454038,
         0.7355480063508489,
         0.5729694899144278,
         0.3739988078405744,
         0.2543210045664964,
         0.7256309543311542,
         0.15300747131502845,
         0.7200768082154314,
         0.3037715674678483,
         0.7535376706275193,
         0.5645060879154152,
         0.4788230943170333,
         0.6831291679619134,
         0.2235452508195483,
         0.6240256010030888
      ],
      [
         0.39950696708466304,
         0.6058903337397527,
         0.40607399454808313,
         0.510282872417029,
         0.13795198990862315,
         0.788120870854374,
         0.15721137843487273,
         0.10481809396912309,
         0.2132076613834454,
         0.11383245266275382,
         0.37096769973250776,
         0.7083037985943661,
         0.6025054720186762,
         0.15463261836638126,
         0.45271756291483534,
         0.5315028939971059,
         0.4501203588419096,
         0.7140302816331541,
         0.18021216910522114,
         0.4138850664561312,
         0.47876558723916274,
         0.2201696247941192,
         0.19334390811566773,
         0.5436911754398294,
         0.3649139853911093,
         0.20991366025513947,
         0.1545993926933928,
         0.7554740356170474,
         0.707710910792548,
         0.5501809851829251
      ],
      [
         0.1918979395930578,
         0.38308654225132477,
         0.7944224477014141,
         0.5029520484011162,
         0.41665884990800905,
         0.6111379792947358,
         0.7751197697778732,
         0.1456790374612386,
         0.711428620307204,
         0.770512891191997,
         0.5618300399636206,
         0.3855520542751508,
         0.4675320371586199,
         0.320619525621633,
         0.19087353214629477,
         0.6279174525389987,
         0.7449912182919372,
         0.18474748004569,
         0.7329833263115693,
         0.1280620397368821,
         0.35582911320443333,
         0.29426332391081966,
         0.4624666486781752,
         0.5863074356455805,
         0.13386769941055665,
         0.7122284916706274,
         0.7917289167347457,
         0.21482841241592127,
         0.7933729118810878,
         0.24498501029197411
      ],
      [
         0.24586863256357888,
         0.6276133903442408,
         0.387992333203671,
         0.18773745861987973,
         0.24556620670418136,
         0.5635913382800486,
         0.21500210364983635,
         0.5215064924932367,
         0.4645824672748887,
         0.5878750025666617,
         0.4882549551555434,
         0.3829660373585013,
         0.5859161562869569,
         0.4076179094308212,
         0.46427614569865006,
         0.7461238930691767,
         0.7597872640099719,
         0.4145116079042783,
         0.7202504760482188,
         0.6973234814278312,
         0.3788227958122844,
         0.6313432144960897,
         0.6967139513989693,
         0.617124665664478,
         0.21834614396845342,
         0.13133731695283812,
         0.6929369727702865,
         0.3678249152496307,
         0.4745427594879835,
         0.23394932936469945
      ],
      [
         0.11872992502105906,
         0.11346170927770134,
         0.3617904375746466,
         0.7766502894692123,
         0.4193166572768914,
         0.2584814758265691,
         0.59135066909158,
         0.7962227157794594,
         0.5957535475381506,
         0.7831826262985598,
         0.3249324621600578,
         0.7232319448309258,
         0.5223100015829293,
         0.14227507996019384,
         0.7246169325575614,
         0.37795241998480755,
         0.44139820868453794,
         0.26282151546058813,
         0.4863978626979035,
         0.27777738738190993,
         0.5174698667783354,
         0.25800026216306127,
         0.44857409518315206,
         0.3929244516010234,
         0.5787349993993182,
         0.4839718890686735,
         0.3612564226172206,
