{
   "worker_count": 20,
   "expertise_scores": [
      [
         0.1766770134306152,
         0.6446116938681657,
         0.17419888977036396,
         0.6997767768916876,
         0.7825940002899721,
         0.4595241339233811,
         0.11781306204376754,
         0.37680942472127,
         0.24237727782123977,
         0.6391722779153695,
         0.3446443176631,
         0.1943033053435111,
         0.6006214491309171,
         0.24115018962183796,
         0.17318682896408555,
         0.4307542671558997,
         0.3502379943591063,
         0.17988180040473042,
         0.3990254344892574,
         0.4126405699268604
      ],
      [
         0.1223306873579793,
         0.3103490394348526,
         0.21381487214918604,
         0.717308770512641,
         0.21453198733664924,
         0.4533609981226504,
         0.7177913514540909,
         0.417405848604381,
         0.17826391592640453,
         0.7444747487833858,
         0.7176784647351832,
         0.16690719522989791,
         0.4576416236156069,
         0.655616284457803,
         0.38512605762546914,
         0.5015402743190847,
         0.6091473109762361,
         0.2563443366187202,
         0.24724630794284333,
         0.4230138548887522
      ],
      [
         0.44749886169637765,
         0.23023148454542003,
         0.28051520429076193,
         0.4882168048351331,
         0.18390430096211646,
         0.5476917385252783,
         0.28637901495927887,
         0.13714247397224125,
         0.31913785754807933,
         0.7683389106428558,
         0.41130683983114913,
         0.23299446658300735,
         0.6562262172678038,
         0.5488345229389894,
         0.5976574948397747,
         0.6451285831022661,
         0.5772606741244168,
         0.22314135883183606,
         0.6228830709254861,
         0.27464686230332513
      ],
      [
         0.7690461797730226,
         0.4807669856226482,
         0.687065373393275,
         0.4638323664139179,
         0.7688666132114113,
         0.5289279366676627,
         0.2883776201866505,
         0.6862127173113534,
         0.2866762983503018,
         0.4643240475576502,
         0.21999711594445925,
         0.12973466565898953,
         0.1470952477786322,
         0.585410812484477,
         0.24264310744113407,
         0.4499042046439763,
         0.5534413192570835,
         0.14759650481686096,
         0.584059153547162,
         0.1269888676876369
      ],
      [
         0.27718186138358303,
         0.24975656546724312,
         0.41053273685027525,
         0.2259152589462901,
         0.21262390144976587,
         0.24113222750034838,
         0.7126079081183128,
         0.7162673870377124,
         0.6735171158547515,
         0.7195568471253014,
         0.4860814576137634,
         0.3783319125275424,
         0.272416663621212,
         0.1626300883477952,
         0.40778277224039183,
         0.7771783295063243,
         0.5830184524771524,
         0.7196128048923989,
         0.7424324171063483,
         0.6460985138111384
      ],
      [
         0.578674227874661,
         0.5967226658951512,
         0.5846700224153267,
         0.3106033231074411,
         0.6232404374220135,
         0.3385665217617201,
         0.7354009117555771,
         0.5249101820345694,
         0.7942346920889567,
         0.5445057703772159,
         0.3040481848711352,
         0.40501315102864954,
         0.22550595298173165,
         0.2745346263066032,
         0.12346121576696087,
         0.09879320417888174,
         0.444091342560596,
         0.7513977644925492,
         0.4932519043186109,
         0.14084200420586668
      ],
      [
         0.609161831464663,
         0.31757285389287837,
         0.6885814319952485,
         0.7855960604008565,
         0.6854572537612891,
         0.4866210191759015,
         0.43345765417558857,
         0.13852738874080248,
         0.5248194530727648,
         0.5027431510474204,
         0.5033384593226093,
         0.1670496103666534,
         0.344212200031216,
         0.19637940075717641,
         0.1982744540852204,
         0.34997024203889016,
         0.13339677886303256,
         0.6940307940621352,
         0.6061013673508748,
         0.4081792726918486
      ],
      [
         0.6398531029173299,
         0.17557551656093964,
         0.5726064433761365,
         0.6188199498867957,
         0.7533057344706053,
         0.47554853807506625,
         0.2992163435598926,
         0.18753643462147734,
         0.3542891600764594,
         0.606021298237941,
         0.6144175119570405,
         0.3626778658570041,
         0.6924869278169874,
         0.739525319625387,
         0.709782898584627,
         0.7078917991727383,
         0.22412853553251177,
         0.7301501697982336,
         0.1484127206229776,
         0.46205383862380633
      ],
      [
         0.19247904615415776,
         0.2034529454421839,
         0.249209015586629,
         0.44442117735627573,
         0.7515858526009241,
         0.4753301988306071,
         0.27964536324037925,
         0.5239373701437583,
         0.2994203038255927,
         0.30360312563276687,
         0.5240517526772859,
         0.5648296822346844,
         0.27628459984263753,
         0.20334115153084403,
         0.739977386437401,
         0.7479675446304673,
         0.7338319023213649,
         0.18197190723941722,
         0.6943758498071892,
         0.09641485260102826
      ],
      [
         0.6856577024477889,
         0.22266859051446458,
         0.2697788495274494,
         0.2796847385202327,
         0.696558010573993,
         0.7368354111940788,
         0.11929504880375388,
         0.5781542177867991,
         0.36421587938878874,
         0.7679171849004172,
         0.30600414439920054,
         0.3831067406219637,
         0.6180575766559813,
         0.7311445441891488,
         0.4164794818550035,
         0.513342786958778,
         0.1616194414569576,
         0.4573670344623567,
         0.7617013251546231,
         0.524530933577672
      ]
   ],
   "mv_f1_micro": [
      0.9682539682539683,
      0.9920634920634921,
      0.9682539682539683,
      0.9920634920634921,
      0.9920634920634921,
      0.9920634920634921,
      0.9920634920634921,
      1.0,
      0.9523809523809523,
      0.9841269841269841
   ],
   "mv_f1_macro": [
      0.9691965811965814,
      0.9922962962962962,
      0.9681383801383803,
      0.9910331384015596,
      0.9907368421052631,
      0.9922962962962962,
      0.9912380952380954,
      1.0,
      0.9536772486772488,
      0.9845925925925927
   ],
   "mv_f1_weighted": [
      0.9682186948853616,
      0.9920517342739565,
      0.9682606869908458,
      0.9920016089606732,
      0.9920133667502088,
      0.9920517342739565,
      0.9920937263794408,
      1.0,
      0.9522066851431931,
      0.9841034685479131
   ],
   "ct_f1_micro": [
      0.9761904761904762,
      0.9841269841269841,
      0.9682539682539683,
      0.9761904761904762,
      0.9761904761904762,
      1.0,
      1.0,
      1.0,
      0.9920634920634921,
      1.0
   ],
   "ct_f1_macro": [
      0.9765410628019324,
      0.9835343915343916,
      0.968058201058201,
      0.9752779049071956,
      0.9756371270055482,
      1.0,
      1.0,
      1.0,
      0.9922962962962962,
      1.0
   ],
   "ct_f1_weighted": [
      0.9761414001993713,
      0.9841454606533971,
      0.968177962543042,
      0.976091274886088,
      0.9761168352981219,
      1.0,
      1.0,
      1.0,
      0.9920517342739565,
      1.0
   ],