{
   "worker_count": 5,
   "expertise_scores": [
      [
         0.37348604028543464,
         0.13090148552402975,
         0.37935827989365045,
         0.797518047925211,
         0.10848465783806964
      ],
      [
         0.566702952525857,
         0.2273945492783137,
         0.320959737337016,
         0.4814152934880589,
         0.6560590761965595
      ],
      [
         0.14145195716976658,
         0.6995479853287307,
         0.3284130966428829,
         0.6639131962189336,
         0.35432431285889854
      ],
      [
         0.6266537529591798,
         0.23401865263925764,
         0.7057729710864851,
         0.36832272529634424,
         0.5980588812671862
      ],
      [
         0.4447012301540465,
         0.7335814131597073,
         0.5316753254358604,
         0.5924051115743288,
         0.5620253572604663
      ],
      [
         0.5077746073767534,
         0.1188226902489151,
         0.1505564389168482,
         0.5635660895793028,
         0.7327562391476055
      ],
      [
         0.10450476103693158,
         0.4595751013023779,
         0.1332011912707709,
         0.2507845462027504,
         0.6552252096425001
      ],
      [
         0.2685348094987483,
         0.3737243510413868,
         0.2271675879133538,
         0.0969472750825336,
         0.5210164553199669
      ],
      [
         0.3687684507279818,
         0.5576204076818098,
         0.11843870286294562,
         0.60106089243084,
         0.6543049067251555
      ],
      [
         0.33570688253236747,
         0.45997192343577975,
         0.5910047946131332,
         0.2705463730315023,
         0.5789190081679777
      ]
   ],
   "mv_f1_micro": [
      0.5714285714285714,
      0.753968253968254,
      0.7142857142857143,
      0.8809523809523809,
      0.8571428571428571,
      0.7063492063492064,
      0.49206349206349204,
      0.5079365079365079,
      0.7063492063492064,
      0.7142857142857143
   ],
   "mv_f1_macro": [
      0.5656429454825257,
      0.7545368756403239,
      0.7132313592898301,
      0.8821574816987111,
      0.8573455433455435,
      0.7032212135690397,
      0.4777418994604152,
      0.5011059354649818,
      0.7099140929824272,
      0.7093434024468508
   ],
   "mv_f1_weighted": [
      0.5699410192061485,
      0.7536343309632855,
      0.7150834245260842,
      0.8800037509589875,
      0.856535651297556,
      0.7043816753754641,
      0.48317663852113896,
      0.5002239369435879,
      0.7040467041213847,
      0.7109387196962457
   ],
   "ct_f1_micro": [
      0.7777777777777778,
      0.8333333333333334,
      0.7619047619047619,
      0.8888888888888888,
      0.8650793650793651,
      0.8015873015873016,
      0.49206349206349204,
      0.5555555555555556,
      0.7698412698412699,
      0.753968253968254
   ],
   "ct_f1_macro": [
      0.7712981512906552,
      0.832691711796975,
      0.7616484867789215,
      0.8870604178430266,
      0.8623275983275983,
      0.8015876715876716,
      0.48751225705913415,
      0.5507726062182584,
      0.7729417173201202,
      0.753617424720873
   ],
   "ct_f1_weighted": [
      0.7746855124969639,
      0.832092117016929,
      0.7577159979299385,
      0.886808367615821,
      0.8647680127045206,
      0.8023928746150969,
      0.4915329722512721,
      0.5496494708994709,
      0.7715814710863397,
      0.7541101925502582
   ],
   "gt": [
      7,
      7,
      7,
      7,
      7,
      7,
      7,
      7,
      7,
      7,
      7,
      7,
      7,
      5,
      5,
      5,
      5,
      5,
      5,
      5,
      5,
      5,
      5,
      5,
      5,
      5,
      4,
      4,
      4,
      4,
      4,
      4,
      4,
      4,
      4,
      4,
      4,
      4,
      6,
      6,
      6,
      6,
      6,
      6,
      6,
      6,
      6,
      6,
      6,
      6,
      6,
      3,
      3,
      3,
      3,
      3,
      3,
      3,
      3,
      3,
      3,
      3,
      3,
      3,
      9,
      9,
      9,
      9,
      9,
      9,
      9,
      9,
      9,
      9,
      9,
      9,
      9,
      0,
      0,
      0,
      0,
      0,
      0,
      0,
      0,
      0,
      0,
      1,
      1,
      1,
      1,
      1,
      1,
      1,
      1,
      1,
      1,
      1,
      1,
      1,
      2,
      2,
      2,
      2,
      2,
      2,
      2,
      2,
      2,
      2,
      2,
      2,
      2,
      8,
      8,
      8,
      8,
      8,
      8,
      8,
      8,
      8,
      8,
      8,
      8,
      8
   ],
   "em_f1_micro": [
      0.6031746031746031,
      0.7380952380952381,
      0.6746031746031746,
      0.7857142857142857,
      0.8650793650793651,
      0.746031746031746,
      0.3888888888888889,
      0.4126984126984127,
      0.7301587301587301,
      0.6428571428571429
   ],
   "em_f1_macro": [
      0.603372176484857,
      0.7384042624042623,
      0.677414954139092,
      0.7874050764050764,
      0.8636401658755481,
      0.7465331137207566,
      0.3831405436668594,
      0.4083182451077188,
      0.7334577930143305,
      0.6410428776620681
   ],
   "em_f1_weighted": [
      0.6031104917698025,
      0.7353810210953068,
      0.6749904168486544,
      0.7876305381860936,
      0.8643906473319148,
      0.7482936724143,
      0.3879396462938652,
      0.40673046452912787,
      0.7303428357332483,
      0.6411192749327254
   ]
}