{
   "worker_count": 8,
   "expertise_scores": [
      [
         0.5613505166271175,
         0.6077770863557733,
         0.7426142588565983,
         0.3289573323415802,
         0.4890319815472729,
         0.7031327329336817,
         0.6279004728864631,
         0.3401840354184106
      ],
      [
         0.32643935810552427,
         0.40452563973927746,
         0.5582068032550342,
         0.5793787849100561,
         0.15630566300961443,
         0.6928931056161209,
         0.3422851370348241,
         0.6572883258684961
      ],
      [
         0.2659233685333545,
         0.17127029805984584,
         0.2026976302196345,
         0.5617053676302046,
         0.694805122853712,
         0.4260692940975256,
         0.3800496983397017,
         0.3673356228969372
      ],
      [
         0.5650139906637237,
         0.44520063985690017,
         0.18168397105353024,
         0.36888430005533035,
         0.44524130076593327,
         0.5703332826759054,
         0.30347316152255954,
         0.3119656534661015
      ],
      [
         0.29884768876116813,
         0.1691339676063412,
         0.6519166613164848,
         0.5460402897896146,
         0.5389234122971283,
         0.5047981933305757,
         0.18211407034690313,
         0.1270000449806508
      ],
      [
         0.7207549543275058,
         0.3876537710883411,
         0.6555169983964527,
         0.26359014534001646,
         0.7012022746350963,
         0.2784472293671688,
         0.3816260111380151,
         0.1499875814129873
      ],
      [
         0.3772630821317996,
         0.7447918653248554,
         0.2930425290056857,
         0.2113010667127838,
         0.37450952175461616,
         0.604613991259834,
         0.6423441099273232,
         0.20009809637119813
      ],
      [
         0.10292904462125248,
         0.2725157421844667,
         0.22357705880376075,
         0.12017550141181003,
         0.6312579685882843,
         0.3947006970098449,
         0.1965859718297698,
         0.25855432036886683
      ],
      [
         0.20126358266425992,
         0.09735600146897454,
         0.19206636835205682,
         0.6825400736896443,
         0.4745619820448034,
         0.525447862049347,
         0.7912514670402874,
         0.3708979108609104
      ],
      [
         0.10437173060378326,
         0.4347317616093196,
         0.43794883745937274,
         0.6585375755261066,
         0.490459204690853,
         0.4815302219062856,
         0.3569508452711323,
         0.6913084980936962
      ]
   ],
   "mv_f1_micro": [
      0.9603174603174603,
      0.8571428571428571,
      0.7777777777777778,
      0.7380952380952381,
      0.7063492063492064,
      0.8571428571428571,
      0.8095238095238095,
      0.48412698412698413,
      0.8015873015873016,
      0.8412698412698413
   ],
   "mv_f1_macro": [
      0.9616150386345289,
      0.8530349843393321,
      0.7785045700592926,
      0.7392954511375565,
      0.7085754867219398,
      0.8570034338913057,
      0.805548945307566,
      0.48011371237458195,
      0.7990948133991612,
      0.8384854783905521
   ],
   "mv_f1_weighted": [
      0.9607415339949072,
      0.8549201967421428,
      0.7772240618164085,
      0.7416939514892731,
      0.7077540811967458,
      0.8568337594707868,
      0.8085334051097599,
      0.47962617897400506,
      0.799973106795053,
      0.8402850730818701
   ],
   "ct_f1_micro": [
      0.9682539682539683,
      0.9206349206349206,
      0.8253968253968254,
      0.7857142857142857,
      0.8174603174603176,
      0.9047619047619048,
      0.8412698412698413,
      0.6428571428571429,
      0.8650793650793651,
      0.8809523809523809
   ],
   "ct_f1_macro": [
      0.9691164021164023,
      0.9216056166056166,
      0.8265441161093335,
      0.7813229733229734,
      0.8174325362746415,
      0.9062613650439738,
      0.839581912340533,
      0.6383770636926317,
      0.8637782957782957,
      0.878818695923959
   ],
   "ct_f1_weighted": [
      0.9681359704375578,
      0.9205681531872008,
      0.8264017811291794,
      0.7854808565919678,
      0.8186239086573254,
      0.9038960359733307,
      0.8422426323904156,
      0.6424092359887903,
      0.8651055528833306,
      0.8800538202167276
   ],
   "gt": [
      7,
      7,
      7,
      7,
      7,
      7,
      7,
      7,
      7,
      7,
      7,
      7,
      7,
      5,
      5,
      5,
      5,
      5,
      5,
      5,
      5,
      5,
      5,
      5,
      5,
      5,
      4,
      4,
      4,
      4,
      4,
      4,
      4,
      4,
      4,
      4,
      4,
      4,
      6,
      6,
      6,
      6,
      6,
      6,
      6,
      6,
      6,
      6,
      6,
      6,
      6,
      3,
      3,
      3,
      3,
      3,
      3,
      3,
      3,
      3,
      3,
      3,
      3,
      3,
      9,
      9,
      9,
      9,
      9,
      9,
      9,
      9,
      9,
      9,
      9,
      9,
      9,
      0,
      0,
      0,
      0,
      0,
      0,
      0,
      0,
      0,
      0,
      1,
      1,
      1,
      1,
      1,
      1,
      1,
      1,
      1,
      1,
      1,
      1,
      1,
      2,
      2,
      2,
      2,
      2,
      2,
      2,
      2,
      2,
      2,
      2,
      2,
      2,
      8,
      8,
      8,
      8,
      8,
      8,
      8,
      8,
      8,
      8,
      8,
      8,
      8
   ],
   "em_f1_micro": [
      0.9444444444444444,
      0.9047619047619048,
      0.7301587301587301,
      0.7222222222222222,
      0.6507936507936508,
      0.8492063492063493,
      0.8095238095238095,
      0.46825396825396826,
      0.8253968253968254,
      0.8333333333333334
   ],
   "em_f1_macro": [
      0.9454240944240944,
      0.903790636094984,
      0.7315695479488583,
      0.7193720482416135,
      0.6478115218115218,
      0.8488905168905168,
      0.8056909016909015,
      0.4687936544548239,
      0.823520735303344,
      0.8302030578117534
   ],
   "em_f1_weighted": [
      0.9436915259931132,
      0.9035113733491925,
      0.7307199039683988,
      0.7213434552564989,
      0.6495561052703911,
      0.8491727555219618,
      0.8076175969826763,
      0.47175795903432083,
      0.8238345248800737,
      0.8306097801439417
   ]
}