{
   "worker_count": 15,
   "expertise_scores": [
      [
         0.16426305159348634,
         0.7021500698467117,
         0.48068129753206157,
         0.43884298288773527,
         0.5429756257121446,
         0.5424878444369193,
         0.7657992952874229,
         0.48165475791223655,
         0.5740565325438591,
         0.11736478723326906,
         0.10267233780527267,
         0.19298853181786116,
         0.12007132125218804,
         0.5230083986225502,
         0.25003098437291205
      ],
      [
         0.36785071143768255,
         0.6417456851605388,
         0.5242382059318421,
         0.1686219322944518,
         0.5814029260062694,
         0.7935483354345989,
         0.33832693085275795,
         0.5071881401431017,
         0.3707131874865276,
         0.515903553142907,
         0.5180404932441911,
         0.12102188442607359,
         0.2639166243469577,
         0.501353613810631,
         0.22239285735265993
      ],
      [
         0.7714277335804357,
         0.6081272493354978,
         0.2026086990833094,
         0.4215310976451083,
         0.7253889854807541,
         0.1483089187274641,
         0.7573727556394229,
         0.7197825397227389,
         0.4550088430446446,
         0.5950269771224018,
         0.14158705894603138,
         0.18111086570269963,
         0.2680981257761722,
         0.37786326192552067,
         0.5273361204572081
      ],
      [
         0.7373832796481256,
         0.290947007308382,
         0.31963210344036913,
         0.5850014551979109,
         0.20817617383678413,
         0.275227814081293,
         0.7934548056722264,
         0.630991421674469,
         0.5989531233856916,
         0.7562899003696174,
         0.5666917277953534,
         0.7662060562059981,
         0.7996011836973039,
         0.6214934281915373,
         0.7884784999064389
      ],
      [
         0.28947988027475113,
         0.4798886797432734,
         0.30869565884227385,
         0.27066861214563437,
         0.6504182468514872,
         0.17295017381383349,
         0.7680964216357204,
         0.10007909450209676,
         0.2900930117399126,
         0.19610013209869032,
         0.5314508351553416,
         0.396879557400898,
         0.2612314877345237,
         0.2738698621866955,
         0.40179206763900543
      ],
      [
         0.5808419758557362,
         0.6172852814387871,
         0.6450507839373706,
         0.36002271594770463,
         0.558628846309083,
         0.6992667482367888,
         0.49390794022774276,
         0.41207404839880246,
         0.18853091981874875,
         0.7128968413473754,
         0.10451686735659495,
         0.7740965813365432,
         0.25478232794984956,
         0.5900471805703081,
         0.43624745386471897
      ],
      [
         0.1820067219167421,
         0.6332823605711088,
         0.6925317542701728,
         0.2781886916653008,
         0.4677314138904165,
         0.4114538470620215,
         0.3629812831081528,
         0.42856179440672215,
         0.11101500466778105,
         0.12062429124851022,
         0.12169148405108755,
         0.6663646424273355,
         0.5558688689268237,
         0.46939452999364795,
         0.18742839777911707
      ],
      [
         0.6757867079883247,
         0.37228424038881225,
         0.38133918439853665,
         0.3389538995566167,
         0.7885913240540559,
         0.3954568010017384,
         0.6225892665377872,
         0.6328566059805086,
         0.4883537555638169,
         0.6321838952202803,
         0.14138444725151486,
         0.267297079839137,
         0.4729211106855725,
         0.7644483609410273,
         0.4272470358769206
      ],
      [
         0.6784478563110795,
         0.15375517907215727,
         0.5240271797463768,
         0.39228132951369477,
         0.6294163484204298,
         0.14268879432773318,
         0.10779297596673995,
         0.18722922128187358,
         0.632429272982785,
         0.27714269655864665,
         0.24560624436449946,
         0.6246050396539194,
         0.2240898726531171,
         0.19088392323906134,
         0.7835695865957021
      ],
      [
         0.5545731089238,
         0.7548103151071451,
         0.6708781049103917,
         0.5156581283552539,
         0.6376099900794789,
         0.46589474179187584,
         0.705080860201134,
         0.7078193519050252,
         0.1900442790886937,
         0.19109393169941585,
         0.6683058526882286,
         0.7778641742326222,
         0.24316963552966242,
         0.4795836350269759,
         0.6887390588183466
      ]
   ],
   "mv_f1_micro": [
      0.9126984126984127,
      0.9365079365079365,
      0.9841269841269841,
      1.0,
      0.8333333333333334,
      1.0,
      0.8888888888888888,
      0.9920634920634921,
      0.9206349206349206,
      0.9920634920634921
   ],
   "mv_f1_macro": [
      0.9090638748224954,
      0.9389743589743592,
      0.9846039886039886,
      1.0,
      0.8308281115852332,
      1.0,
      0.8892471621332192,
      0.992,
      0.921388460171069,
      0.9922962962962962
   ],
   "mv_f1_weighted": [
      0.9141135216422573,
      0.9376475376475376,
      0.9841152263374486,
      1.0,
      0.8323358823233886,
      1.0,
      0.8900849405229357,
      0.9920634920634921,
      0.9199280524194259,
      0.9920517342739565
   ],
   "ct_f1_micro": [
      0.9682539682539683,
      0.9523809523809523,
      0.9841269841269841,
      1.0,
      0.8730158730158731,
      1.0,
      0.8888888888888888,
      0.9920634920634921,
      0.9365079365079365,
      1.0
   ],
   "ct_f1_macro": [
      0.9656602656602657,
      0.9521013431013431,
      0.9846039886039886,
      1.0,
      0.8738531436357523,
      1.0,
      0.8902061843572142,
      0.992,
      0.9344649167257865,
      1.0
   ],
   "ct_f1_weighted": [
      0.9671469036548402,
      0.9517145376669185,
      0.9841152263374486,
      1.0,
      0.8732646305972738,
      1.0,
      0.8894435229243263,
      0.9920634920634921,
      0.9348940056186433,
      1.0
   ],
   "gt": [
      7,
      7,
      7,
      7,
      7,
      7,
      7,
      7,
      7,
      7,
      7,
      7,
      7,
      5,
      5,
      5,
      5,
      5,
      5,
      5,
      5,
      5,
      5,
      5,
      5,
      5,
      4,
      4,
      4,
      4,
      4,
      4,
      4,
      4,
      4,
      4,
      4,
      4,
      6,
      6,
      6,
      6,
      6,
      6,
      6,
      6,
      6,
      6,
      6,
      6,
      6,
      3,
      3,
      3,
      3,
      3,
      3,
      3,
      3,
      3,
      3,
      3,
      3,
      3,
      9,
      9,
      9,
      9,
      9,
      9,
      9,
      9,
      9,
      9,
      9,
      9,
      9,
      0,
      0,
      0,
      0,
      0,
      0,
      0,
      0,
      0,
      0,
      1,
      1,
      1,
      1,
      1,
      1,
      1,
      1,
      1,
      1,
      1,
      1,
      1,
      2,
      2,
      2,
      2,
      2,
      2,
      2,
      2,
      2,
      2,
      2,
      2,
      2,
      8,
      8,
      8,
      8,
      8,
      8,
      8,
      8,
      8,
      8,
      8,
      8,
      8
   ],
   "em_f1_micro": [
      0.9444444444444444,
      0.9523809523809523,
      0.9841269841269841,
      1.0,
      0.9206349206349206,
      1.0,
      0.8730158730158731,
      0.9841269841269841,
      0.9047619047619048,
      0.9841269841269841
   ],
   "em_f1_macro": [
      0.9416265554091641,
      0.9532193732193732,
      0.9845925925925927,
      1.0,
      0.9184644984644985,
      1.0,
      0.8733920121746209,
      0.9843076923076923,
      0.9052580205623684,
      0.9842962962962964
   ],
   "em_f1_weighted": [
      0.9443220216891716,
      0.9523447745669968,
      0.9841034685479131,
      1.0,
      0.9192094031776572,
      1.0,
      0.8727060443071486,
      0.9841269841269841,
      0.9032027196278404,
      0.9841152263374487
   ]
}