{
   "worker_count": 3,
   "expertise_scores": [
      [
         0.6282066680922138,
         0.28210301398196214,
         0.3192307264338493
      ],
      [
         0.7415238378478334,
         0.6680791118496643,
         0.7221717003182538
      ],
      [
         0.15995197261403094,
         0.1605379034992644,
         0.18385592767114672
      ],
      [
         0.3755234877882604,
         0.7851266588965043,
         0.4160229955358198
      ],
      [
         0.23933088068930727,
         0.2526545321911028,
         0.44770843951963535
      ],
      [
         0.7092905177373556,
         0.3108426589298955,
         0.5026714977422081
      ],
      [
         0.6418173501642231,
         0.4506960300030046,
         0.21609802616621326
      ],
      [
         0.599844310502076,
         0.10782350788174205,
         0.6877490092117065
      ],
      [
         0.10540536153834687,
         0.5615878903554193,
         0.7171479332979354
      ],
      [
         0.4963583241940791,
         0.4230440425598192,
         0.3095316760456994
      ]
   ],
   "mv_f1_micro": [
      0.49206349206349204,
      0.8174603174603176,
      0.18253968253968253,
      0.6746031746031746,
      0.35714285714285715,
      0.5873015873015873,
      0.4603174603174603,
      0.5873015873015873,
      0.5634920634920635,
      0.47619047619047616
   ],
   "mv_f1_macro": [
      0.48679636793521797,
      0.8140772946859902,
      0.179213234652515,
      0.6788431246692117,
      0.34113483987885496,
      0.5880338760023917,
      0.45126698736992854,
      0.5851174590305025,
      0.563853963128326,
      0.48062570363170065
   ],
   "mv_f1_weighted": [
      0.48588425420901654,
      0.8155692486334306,
      0.1805563607714913,
      0.6769449266067624,
      0.34116204819952417,
      0.5904678518639396,
      0.45352655846936896,
      0.5829752385998073,
      0.5632646418810479,
      0.4793460758912557
   ],
   "ct_f1_micro": [
      0.6031746031746031,
      0.8412698412698413,
      0.16666666666666666,
      0.8174603174603176,
      0.42063492063492064,
      0.6746031746031746,
      0.6587301587301587,
      0.6190476190476191,
      0.6031746031746031,
      0.5634920634920635
   ],
   "ct_f1_macro": [
      0.5960919346835862,
      0.8413611630748064,
      0.16855977999456262,
      0.8162844962424206,
      0.4135749947992511,
      0.6728914763397522,
      0.6524393946882702,
      0.6047163561076604,
      0.6010154499284934,
      0.5625889047838557
   ],
   "ct_f1_weighted": [
      0.599409807296766,
      0.8417362649328809,
      0.1722102038492653,
      0.8172155430520487,
      0.4128154708246242,
      0.6771432362565366,
      0.6554749887476381,
      0.6048963160143285,
      0.6021832658306089,
      0.5628535620972007
   ],
   "gt": [
      7,
      7,
      7,
      7,
      7,
      7,
      7,
      7,
      7,
      7,
      7,
      7,
      7,
      5,
      5,
      5,
      5,
      5,
      5,
      5,
      5,
      5,
      5,
      5,
      5,
      5,
      4,
      4,
      4,
      4,
      4,
      4,
      4,
      4,
      4,
      4,
      4,
      4,
      6,
      6,
      6,
      6,
      6,
      6,
      6,
      6,
      6,
      6,
      6,
      6,
      6,
      3,
      3,
      3,
      3,
      3,
      3,
      3,
      3,
      3,
      3,
      3,
      3,
      3,
      9,
      9,
      9,
      9,
      9,
      9,
      9,
      9,
      9,
      9,
      9,
      9,
      9,
      0,
      0,
      0,
      0,
      0,
      0,
      0,
      0,
      0,
      0,
      1,
      1,
      1,
      1,
      1,
      1,
      1,
      1,
      1,
      1,
      1,
      1,
      1,
      2,
      2,
      2,
      2,
      2,
      2,
      2,
      2,
      2,
      2,
      2,
      2,
      2,
      8,
      8,
      8,
      8,
      8,
      8,
      8,
      8,
      8,
      8,
      8,
      8,
      8
   ],
   "em_f1_micro": [
      0.38095238095238093,
      0.8571428571428571,
      0.15873015873015872,
      0.6428571428571429,
      0.30158730158730157,
      0.626984126984127,
      0.4444444444444444,
      0.6111111111111112,
      0.5873015873015873,
      0.4126984126984127
   ],
   "em_f1_macro": [
      0.3753768487424094,
      0.8531540223894046,
      0.1603558495960682,
      0.6418422224790412,
      0.29762852656246025,
      0.6260711330426474,
      0.43011785595943436,
      0.6085587291824173,
      0.5860553994287129,
      0.406058822815313
   ],
   "em_f1_weighted": [
      0.37702787361621953,
      0.8588755817926946,
      0.15678850282999823,
      0.6374466412782797,
      0.2967095408477264,
      0.6260917761417512,
      0.4305448778417445,
      0.6072431332834465,
      0.5848057017781679,
      0.4074934024215962
   ]
}