{
   "worker_count": 18,
   "expertise_scores": [
      [
         0.26406856467727347,
         0.15673795811276686,
         0.6268799397231205,
         0.7783229381243116,
         0.3511416253434907,
         0.11870564974179443,
         0.6917852961454858,
         0.49566939906292895,
         0.5511929998126637,
         0.21149412714257293,
         0.3222938423628647,
         0.5864424489665655,
         0.5657646758997362,
         0.3366351186789398,
         0.3883116399048705,
         0.400635182054102,
         0.5666234965731028,
         0.6526422288030215
      ],
      [
         0.23370894349016397,
         0.26573921473776174,
         0.7793613803840675,
         0.5416451893691704,
         0.6887049283343358,
         0.1564797912280892,
         0.6850217926773676,
         0.7775384460498365,
         0.7229720534788747,
         0.6523116874065094,
         0.32533196808735265,
         0.5642154264533301,
         0.44435802814577896,
         0.4636225863182285,
         0.5028739897465925,
         0.37978467254858306,
         0.29280618617594184,
         0.4069743034086054
      ],
      [
         0.39880020149748796,
         0.4412319963884448,
         0.35682516970011846,
         0.7477183776865914,
         0.33205162290717927,
         0.377305425891721,
         0.24006051123770158,
         0.5576934515249757,
         0.7523806341163896,
         0.5851147838512174,
         0.6388983553535276,
         0.17618948730502146,
         0.6689106375584819,
         0.3013612112766594,
         0.4414423316712732,
         0.27823919924959467,
         0.6841978867772371,
         0.7282676472051676
      ],
      [
         0.5836808178237076,
         0.2614325592588821,
         0.45999771178582305,
         0.7972014731372428,
         0.7012180747922385,
         0.13589417073454443,
         0.6222324037230755,
         0.7580559844580841,
         0.5203248759831118,
         0.46936511373453726,
         0.5501632808278197,
         0.763234817784668,
         0.6527700782759753,
         0.3398106268782635,
         0.23706138486919762,
         0.11714806507538619,
         0.16999955941907496,
         0.6620123297280701
      ],
      [
         0.11259567436582221,
         0.7365276843041214,
         0.45770349750043493,
         0.72098738368174,
         0.16295864015966688,
         0.34198084078663527,
         0.7172342943450282,
         0.44186537132612924,
         0.4261313263609501,
         0.5572814119512322,
         0.20339138969866477,
         0.5565080261894232,
         0.7263096090149648,
         0.5258760057542269,
         0.2623373338335039,
         0.16692953463432353,
         0.3840628900988007,
         0.2224153204703346
      ],
      [
         0.3611629943820057,
         0.24448292933677487,
         0.29921490346295765,
         0.3702253913815857,
         0.6636022828169059,
         0.481786877632813,
         0.46249358631888815,
         0.665109469077533,
         0.21514350439713828,
         0.6553190500838011,
         0.7565796197864681,
         0.6952750542719391,
         0.3061900772355763,
         0.30653985529885985,
         0.7279368841742352,
         0.783812234662916,
         0.5458825506009488,
         0.29235659924096924
      ],
      [
         0.5963724073206444,
         0.4601159284401445,
         0.3031126821934582,
         0.7971776263231636,
         0.7614249831970175,
         0.4020346767072651,
         0.5270773143258163,
         0.7750482517704403,
         0.16770694292849303,
         0.5512804496959792,
         0.29759137858862766,
         0.18595644734682149,
         0.595084597039115,
         0.4206509822260507,
         0.21164041080350127,
         0.17915510125851192,
         0.7312987065883298,
         0.4760397814009454
      ],
      [
         0.44655709103768915,
         0.4889648674802254,
         0.5342292299642888,
         0.3630747534825399,
         0.19764978869385502,
         0.2226074569787976,
         0.2174677799672488,
         0.13099355539922566,
         0.3051518174348366,
         0.6829382228703507,
         0.5839406748584862,
         0.2139795387176826,
         0.19533782143967215,
         0.609070669630788,
         0.6947607900423662,
         0.5988502608701608,
         0.28878650446326626,
         0.13163971391648505
      ],
      [
         0.28823792274847926,
         0.2438096759056035,
         0.23109357472509226,
         0.38656095138945334,
         0.3333962373583166,
         0.5399214584831397,
         0.45998066135242566,
         0.21494364063120275,
         0.31539859410812404,
         0.5331708676971911,
         0.12111013556847594,
         0.22489001692782648,
         0.22496122201212937,
         0.6451587841725939,
         0.4172331874238604,
         0.303453597253599,
         0.6142375330822154,
         0.753079615760792
      ],
      [
         0.5049074016207301,
         0.30851233972448444,
         0.47770243999801776,
         0.2213402323996139,
         0.36888925565226893,
         0.6963382914659044,
         0.7628200805016812,
         0.28081196535016595,
         0.7306178318278463,
         0.5665906928478602,
         0.29590434115345643,
         0.5682140866118522,
         0.38159727814728917,
         0.44913290126299754,
         0.3046736884528671,
         0.33657749942184045,
         0.2625081797974475,
         0.41383452333215176
      ]
   ],
   "mv_f1_micro": [
      1.0,
      0.9920634920634921,
      1.0,
      0.9920634920634921,
      0.9920634920634921,
      1.0,
      0.9920634920634921,
      0.9206349206349206,
      0.9285714285714286,
      0.9682539682539683
   ],
   "mv_f1_macro": [
      1.0,
      0.9922962962962962,
      1.0,
      0.9912380952380954,
      0.9922962962962962,
      1.0,
      0.9912380952380954,
      0.9202564529700963,
      0.9270279350279351,
      0.9692079772079772
   ],
   "mv_f1_weighted": [
      1.0,
      0.9920517342739565,
      1.0,
      0.9920937263794408,
      0.9920517342739565,
      1.0,
      0.9920937263794406,
      0.920105864175496,
      0.9288342228024768,
      0.9682304526748972
   ],
   "ct_f1_micro": [
      0.9841269841269841,
      1.0,
      1.0,
      1.0,
      1.0,
      0.9841269841269841,
      1.0,
      0.9603174603174603,
      0.9365079365079365,
      0.9761904761904762
   ],
   "ct_f1_macro": [
      0.9842962962962962,
      1.0,
      1.0,
      1.0,
      1.0,
      0.9845925925925927,
      1.0,
      0.960915343915344,
      0.9365289525289526,
      0.9771851851851853
   ],
   "ct_f1_weighted": [
      0.9841152263374486,
      1.0,
      1.0,
      1.0,
      1.0,
      0.9841034685479131,
      1.0,
      0.9608083480305702,
      0.936369286210556,
      0.9764609053497944
   ],
   "gt": [
      7,
      7,
      7,
      7,
      7,
      7,
      7,
      7,
      7,
      7,
      7,
      7,
      7,
      5,
      5,
      5,
      5,
      5,
      5,
      5,
      5,
      5,
      5,
      5,
      5,
      5,
      4,
      4,
      4,
      4,
      4,
      4,
      4,
      4,
      4,
      4,
      4,
      4,
      6,
      6,
      6,
      6,
      6,
      6,
      6,
      6,
      6,
      6,
      6,
      6,
      6,
      3,
      3,
      3,
      3,
      3,
      3,
      3,
      3,
      3,
      3,
      3,
      3,
      3,
      9,
      9,
      9,
      9,
      9,
      9,
      9,
      9,
      9,
      9,
      9,
      9,
      9,
      0,
      0,
      0,
      0,
      0,
      0,
      0,
      0,
      0,
      0,
      1,
      1,
      1,
      1,
      1,
      1,
      1,
      1,
      1,
      1,
      1,
      1,
      1,
      2,
      2,
      2,
      2,
      2,
      2,
      2,
      2,
      2,
      2,
      2,
      2,
      2,
      8,
      8,
      8,
      8,
      8,
      8,
      8,
      8,
      8,
      8,
      8,
      8,
      8
   ],