{
   "worker_count": 40,
   "expertise_scores": [
      [
         0.7296349386307445,
         0.1759666838731358,
         0.36345649805866576,
         0.598602971551189,
         0.49959005977297144,
         0.7913043116281534,
         0.6046817357604544,
         0.21592333179144668,
         0.44086101079538587,
         0.17824351848761233,
         0.1773542636813273,
         0.6375276433425058,
         0.600547492543819,
         0.6567448734731159,
         0.2550723805540801,
         0.2295081571664145,
         0.2734987957045418,
         0.1822622737857079,
         0.7534476719000519,
         0.7991758854274731,
         0.5835849072253996,
         0.5891161412577784,
         0.2568090066049934,
         0.569056563422234,
         0.34207996335428137,
         0.20378218779597482,
         0.24680871781766375,
         0.5087071892145598,
         0.1961424219877183,
         0.7180622903210132,
         0.35034087625703536,
         0.42095755004727575,
         0.21228016249700443,
         0.47003595182000046,
         0.5282568792696092,
         0.43129885494100706,
         0.5688337205869748,
         0.4306922915315945,
         0.35179779172866565,
         0.41241061803190304
      ],
      [
         0.5145615498177161,
         0.44489871691756677,
         0.6589015901779096,
         0.49782472043682346,
         0.6358557194764544,
         0.45471598789459267,
         0.34806858713444466,
         0.4589645831510738,
         0.1894752204226245,
         0.2097054471649833,
         0.4078943389835662,
         0.7631254095186781,
         0.7430965104024618,
         0.34423620189661686,
         0.7176433614786558,
         0.6698897383013871,
         0.21670836134429106,
         0.25433392705652713,
         0.23348677019092026,
         0.6282397721830142,
         0.5938910676157446,
         0.23915909596504684,
         0.5277839193388214,
         0.20075508885386026,
         0.46840243176945195,
         0.43512682268422986,
         0.3102028008916837,
         0.7587720592086843,
         0.408375728762691,
         0.7373288285197502,
         0.49161284211376044,
         0.42936917036710276,
         0.7315754955477324,
         0.7483301779548328,
         0.6977684168914935,
         0.5557989827505604,
         0.5408208951726708,
         0.11974982288205016,
         0.2587607397541961,
         0.5723633202709986
      ],
      [
         0.3863794212454035,
         0.7526312293248243,
         0.45304777408736907,
         0.13036624214560608,
         0.279699452060688,
         0.5632163047121107,
         0.7105478245166702,
         0.6893546179059392,
         0.6563480618748168,
         0.49125376155404565,
         0.31103080921909,
         0.7739293088502579,
         0.3904456293834412,
         0.11271626906942604,
         0.10213382965104605,
         0.20138280249753449,
         0.31949765708793065,
         0.7086523602379128,
         0.4332788581911977,
         0.31990653753796167,
         0.1656191587234399,
         0.42559458632302105,
         0.504325569002939,
         0.24960937622424234,
         0.428977228752601,
         0.48485932718239677,
         0.46063525834443064,
         0.48702577873057296,
         0.6650244911874315,
         0.39353221709130326,
         0.7157167277688601,
         0.6800553388767185,
         0.23572568032960026,
         0.6664507126338213,
         0.7646130473383767,
         0.40591183338496306,
         0.6364607348549706,
         0.3401407880333591,
         0.42316133279774615,
         0.21684626913551067
      ],
      [
         0.42385517855415433,
         0.18738643780252384,
         0.3202543362324177,
         0.41997824109893067,
         0.7201312448515642,
         0.10721094870333889,
         0.3934421059726718,
         0.47481379159745907,
         0.49238387741807665,
         0.5197506089508377,
         0.7156965523952098,
         0.24914312138246092,
         0.6615039837325225,
         0.3882037954053077,
         0.6055533158445837,
         0.6925808959136865,
         0.1800340855969429,
         0.2790500828755186,
         0.3840959160572669,
         0.37099052418717715,
         0.5714341597724872,
         0.7476682501076398,
         0.5078248664370696,
         0.09945673098177556,
         0.36123109209977644,
         0.5089064250732082,
         0.505707275700695,
         0.23856179283508125,
         0.15012716479249644,
         0.30280139357422303,
         0.6042804147097143,
         0.5254768183429811,
         0.16216637871026035,
         0.613382292198912,
         0.301140657973481,
         0.28121953886132933,
         0.6471462519370631,
         0.5353265561823557,
         0.6853350613563364,
         0.6723888172749808
      ],
      [
         0.7753350663181598,
         0.505837962799149,
         0.11109705762452526,
         0.7055293008107258,
         0.34703032915205057,
         0.6796519048452226,
         0.31804697260111126,
         0.6366242655079335,
         0.30177585486284186,
         0.6388536957552916,
         0.3210739349586446,
         0.21625556649425798,
         0.2828464369478193,
         0.5685408203767252,
         0.680297978133257,
         0.36405273139840744,
         0.5405064117837219,
         0.6227752855774759,
         0.4727126003349321,
         0.49592912793162147,
         0.6006241596018362,
         0.10354036605249789,
         0.610291261009867,
         0.7123864500559905,
         0.5530752809920021,
         0.3254042610665341,
         0.6754097450030738,
         0.6036224178952859,
         0.520547468322113,
         0.6572237381240238,
         0.7032950788991708,
         0.4997257784130019,
         0.3850030558616677,
         0.3299308176025392,
         0.4937866368398066,
         0.24516732611352693,
         0.498379968318553,
         0.5128406984203737,
         0.1265916171227485,
         0.24324302911243106
      ],
      [
         0.4424316855355167,
         0.3861778406083911,
         0.36620223273691044,
         0.3377867232179973,
         0.4596224368309969,
         0.4104930031794537,
         0.31250555578194517,
         0.5958783161797317,
         0.15835165959429565,
         0.13615315500166997,
         0.5571462027507793,
         0.4645607349050892,
         0.2325095096510818,
         0.21965655493263,
         0.3124304026370064,
         0.17532510087373615,
         0.39466945560042554,
         0.15954633957907033,
         0.7477412287655077,
         0.5642190707661877,
         0.11168110467933448,
         0.7232303768347776,
         0.5994892072629316,
         0.26626838467014197,
         0.20333966699556616,
         0.6335368539228716,
         0.5316471010076664,
         0.09459407278395948,
         0.6993696592849937,
         0.7939816019239218,
         0.11139061913300179,
         0.7137901624116684,
         0.0976189734703095,
         0.3641486263127005,
         0.613507811851642,
         0.1656368932402985,
         0.6275599239305427,
         0.6224801979668806,
         0.7696210840906097,
         0.5844573469563222
      ],
      [
         0.3165278712355525,
         0.6102066629600574,
         0.36085904504838073,
         0.6487834252246854,
         0.26238148007145684,
         0.31948434506861056,
         0.2900281148078694,
         0.44641892041502573,
         0.7445358737450308,
         0.5401181629169926,
         0.6770449818485615,
         0.5984512823509803,
         0.718337769966255,
         0.6439368413320653,
         0.33698250889265763,
         0.5028687671801604,
         0.3382058173840302,
         0.5145900860281514,
         0.7229486191296827,
         0.7173135826598631,
         0.6378073531900126,
         0.5823232655547075,
         0.2993516382604876,
         0.4990908548569367,
         0.6778760790988809,
         0.5277568608780457,
         0.6758246738021719,
         0.7413682003771899,
