{
   "worker_count": 13,
   "expertise_scores": [
      [
         0.25758945472796413,
         0.7808569235940603,
         0.6756841617448711,
         0.24984898046938392,
         0.37060097393684965,
         0.3374423781707897,
         0.2361203460762899,
         0.5705985708104794,
         0.6775943051233093,
         0.7367601255421093,
         0.6871864795675311,
         0.4921937649155549,
         0.7839749648865479
      ],
      [
         0.6409295131358856,
         0.3236268612280444,
         0.25268898510133475,
         0.3406942614809132,
         0.43047841120836516,
         0.5014445434109707,
         0.3978584031328898,
         0.7323653585405705,
         0.25361773279998356,
         0.1394179968324048,
         0.11057609608799014,
         0.504545368112496,
         0.7787035110308081
      ],
      [
         0.2739296173026837,
         0.09858854410802195,
         0.1639524044319067,
         0.31440476523511574,
         0.5598615315003985,
         0.5830590691975891,
         0.3109735935240365,
         0.43342012560497756,
         0.31413626539794615,
         0.5482670499404853,
         0.7737215142526233,
         0.47794648758447966,
         0.5291153119340638
      ],
      [
         0.4921682668574402,
         0.38184681885062177,
         0.1594269972685975,
         0.21933299554110242,
         0.24525861585578201,
         0.7741587163295055,
         0.3321799773118248,
         0.16676477032096643,
         0.5113324364694903,
         0.178035528153626,
         0.7323751058672355,
         0.12718156807793718,
         0.47073579790645814
      ],
      [
         0.5221500933019572,
         0.7499765210804042,
         0.7191731250603278,
         0.6267776209250344,
         0.6902812896234571,
         0.6571645873747917,
         0.5561132472154751,
         0.7882505723195298,
         0.26116350231581875,
         0.3291821258243147,
         0.7934866748723625,
         0.17216986461233444,
         0.6030399360565138
      ],
      [
         0.39787821882663166,
         0.5935742278201253,
         0.44897542444852767,
         0.47844259889216556,
         0.4922314869225939,
         0.184990889694214,
         0.7459718864234961,
         0.09880349008308027,
         0.5793297249013564,
         0.30956756324224094,
         0.627012598181008,
         0.45437589238255127,
         0.46852961888814204
      ],
      [
         0.619526220441618,
         0.7598926487875846,
         0.5448398857297183,
         0.6144729724252004,
         0.21310071618397394,
         0.6563218090766129,
         0.41253408206207864,
         0.46677446679226453,
         0.27149180363140696,
         0.42833515339620887,
         0.6920200934746145,
         0.558546939613455,
         0.7487503102663856
      ],
      [
         0.5622942022577401,
         0.09495549404248815,
         0.6452680202869844,
         0.35370989292146005,
         0.581573372171437,
         0.16334201599386777,
         0.5422960911184642,
         0.23325742435223423,
         0.5244290200239855,
         0.4027215713545782,
         0.23273238499287208,
         0.7232703840110228,
         0.5840030308167405
      ],
      [
         0.6573734139706893,
         0.36848118559253507,
         0.6614288665040389,
         0.4996859240983764,
         0.22868454118917464,
         0.6758891012136752,
         0.4739854099392278,
         0.21363726915849263,
         0.4868673976320914,
         0.35572611375884056,
         0.5104980258910682,
         0.43691094486595305,
         0.7101218401053301
      ],
      [
         0.3323430993728153,
         0.42655020801699983,
         0.6910576969570793,
         0.6848459053583315,
         0.5362393768479331,
         0.11136340602214945,
         0.5310518674988257,
         0.3399509750724409,
         0.642794644804952,
         0.14541108009534373,
         0.2399550284045921,
         0.2665411967138943,
         0.7968997668088874
      ]
   ],
   "mv_f1_micro": [
      0.9920634920634921,
      0.8888888888888888,
      0.9206349206349206,
      0.8968253968253969,
      1.0,
      0.9523809523809523,
      0.9920634920634921,
      0.9444444444444444,
      0.9523809523809523,
      0.9285714285714286
   ],
   "mv_f1_macro": [
      0.9922962962962962,
      0.8884831915266698,
      0.9190964679603517,
      0.8984051367735579,
      1.0,
      0.9517248677248678,
      0.9922962962962962,
      0.941634620739884,
      0.953618135376756,
      0.9273224553224553
   ],
   "mv_f1_weighted": [
      0.9920517342739565,
      0.8874525431116184,
      0.9202875003600955,
      0.897755787175169,
      1.0,
      0.9516435710086505,
      0.9920517342739565,
      0.9442025257146394,
      0.9524631555474468,
      0.9293442360109028
   ],
   "ct_f1_micro": [
      1.0,
      0.9603174603174603,
      0.9523809523809523,
      0.9444444444444444,
      1.0,
      0.9603174603174603,
      1.0,
      0.9603174603174603,
      0.9682539682539683,
      0.9365079365079365
   ],
   "ct_f1_macro": [
      1.0,
      0.9614444444444447,
      0.9524346764346763,
      0.9439322609757393,
      1.0,
      0.9604574684574686,
      1.0,
      0.9598164428164428,
      0.969116402116402,
      0.9349185724598019
   ],
   "ct_f1_weighted": [
      1.0,
      0.9602204585537919,
      0.9523759133282943,
      0.9436311851632764,
      1.0,
      0.9603359368438734,
      1.0,
      0.9608955624034989,
      0.9681359704375578,
      0.9362538559392514
   ],
   "gt": [
      7,
      7,
      7,
      7,
      7,
      7,
      7,
      7,
      7,
      7,
      7,
      7,
      7,
      5,
      5,
      5,
      5,
      5,
      5,
      5,
      5,
      5,
      5,
      5,
      5,
      5,
      4,
      4,
      4,
      4,
      4,
      4,
      4,
      4,
      4,
      4,
      4,
      4,
      6,
      6,
      6,
      6,
      6,
      6,
      6,
      6,
      6,
      6,
      6,
      6,
      6,
      3,
      3,
      3,
      3,
      3,
      3,
      3,
      3,
      3,
      3,
      3,
      3,
      3,
      9,
      9,
      9,
      9,
      9,
      9,
      9,
      9,
      9,
      9,
      9,
      9,
      9,
      0,
      0,
      0,
      0,
      0,
      0,
      0,
      0,
      0,
      0,
      1,
      1,
      1,
      1,
      1,
      1,
      1,
      1,
      1,
      1,
      1,
      1,
      1,
      2,
      2,
      2,
      2,
      2,
      2,
      2,
      2,
      2,
      2,
      2,
      2,
      2,
      8,
      8,
      8,
      8,
      8,
      8,
      8,
      8,
      8,
      8,
      8,
      8,
      8
   ],
   "em_f1_micro": [
      0.9841269841269841,
      0.9444444444444444,
      0.9126984126984127,
      0.9126984126984127,
      1.0,
      0.9444444444444444,
      0.9920634920634921,
      0.9444444444444444,
      0.9682539682539683,
      0.9365079365079365
   ],
   "em_f1_macro": [
      0.9835343915343916,
      0.9444972562558771,
      0.9132336182336183,
      0.9131248719074806,
      1.0,
      0.9431595441595441,
      0.9922962962962962,
      0.9424810833449673,
      0.9685669515669515,
      0.9342679172679172
   ],
   "em_f1_weighted": [
      0.9841454606533971,
      0.9438690512390568,
      0.9137419165196945,
      0.9141940221167275,
      1.0,
      0.9440534979423868,
      0.9920517342739565,
      0.945635485708081,
      0.9678865373309818,
      0.9368276491292364
   ]
}