{
   "worker_count": 5,
   "expertise_scores": [
      [
         0.5379052117397717,
         0.7992252596749296,
         0.5114339147345499,
         0.09717950632897808,
         0.38610073071463213
      ],
      [
         0.16568148386289402,
         0.5007412877346977,
         0.7560775838710991,
         0.7410124565912245,
         0.570224469939061
      ],
      [
         0.33622430270518366,
         0.25304066599046376,
         0.30809921976933485,
         0.19132023785732127,
         0.4098596867809361
      ],
      [
         0.5737004919032287,
         0.2850061499638745,
         0.5953926572565832,
         0.37176850455930277,
         0.25595529910976594
      ],
      [
         0.7413883949500742,
         0.6210976613873421,
         0.5406833897939022,
         0.47102725943130463,
         0.24755248883883638
      ],
      [
         0.3305067870419798,
         0.7675409987453224,
         0.19112092995456997,
         0.4328465220773543,
         0.32855716250680633
      ],
      [
         0.5621834869217929,
         0.7140128911958041,
         0.23574024113632183,
         0.21957908510627575,
         0.2509336084431709
      ],
      [
         0.2590740289417545,
         0.31256267410149685,
         0.5882077137549007,
         0.5949965167142778,
         0.37467759323350736
      ],
      [
         0.7296008804895557,
         0.593061806338899,
         0.5591975222698339,
         0.5438611313776794,
         0.658505313607467
      ],
      [
         0.6682654895259266,
         0.6517212528547986,
         0.6436212209857719,
         0.4433382194951426,
         0.5909416184808259
      ]
   ],
   "mv_f1_micro": [
      0.7410358565737052,
      0.852589641434263,
      0.4541832669322709,
      0.6812749003984063,
      0.8127490039840638,
      0.6215139442231076,
      0.6374501992031872,
      0.6693227091633466,
      0.8924302788844621,
      0.8725099601593626
   ],
   "mv_f1_macro": [
      0.739959159912278,
      0.8518222029705811,
      0.4481777538492663,
      0.6819463620115795,
      0.8128844356701499,
      0.6222622622844167,
      0.635966506306932,
      0.6674889384343455,
      0.8931611115045284,
      0.8722839625360633
   ],
   "mv_f1_weighted": [
      0.7404892549682959,
      0.8531671594962038,
      0.4524451938933708,
      0.6805927189938971,
      0.8124816348094664,
      0.6230507196949099,
      0.6371628123225987,
      0.6660142113829165,
      0.8925747169787122,
      0.8718029809087428
   ],
   "ct_f1_micro": [
      0.8406374501992032,
      0.8804780876494024,
      0.450199203187251,
      0.7091633466135459,
      0.8446215139442231,
      0.7529880478087649,
      0.749003984063745,
      0.6972111553784861,
      0.900398406374502,
      0.8924302788844621
   ],
   "ct_f1_macro": [
      0.8404516149675111,
      0.8805797330182832,
      0.4468666442897282,
      0.7093232280169429,
      0.8456207066316048,
      0.754854180648516,
      0.749030563909071,
      0.6973303565756396,
      0.9015178523447906,
      0.891789036336999
   ],
   "ct_f1_weighted": [
      0.84070916399341,
      0.8819727019795267,
      0.4495544628489717,
      0.7106493798310737,
      0.844949674271137,
      0.7539857794460486,
      0.7494574968400081,
      0.6964838152540175,
      0.9006986862453565,
      0.8923670812395539
   ],
   "gt": [
      7,
      7,
      7,
      7,
      7,
      7,
      7,
      7,
      7,
      7,
      7,
      7,
      7,
      7,
      7,
      7,
      7,
      7,
      7,
      7,
      7,
      7,
      7,
      7,
      7,
      7,
      5,
      5,
      5,
      5,
      5,
      5,
      5,
      5,
      5,
      5,
      5,
      5,
      5,
      5,
      5,
      5,
      5,
      5,
      5,
      5,
      5,
      5,
      5,
      5,
      5,
      5,
      4,
      4,
      4,
      4,
      4,
      4,
      4,
      4,
      4,
      4,
      4,
      4,
      4,
      4,
      4,
      4,
      4,
      4,
      4,
      4,
      4,
      4,
      4,
      4,
      4,
      6,
      6,
      6,
      6,
      6,
      6,
      6,
      6,
      6,
      6,
      6,
      6,
      6,
      6,
      6,
      6,
      6,
      6,
      6,
      6,
      6,
      6,
      6,
      6,
      6,
      3,
      3,
      3,
      3,
      3,
      3,
      3,
      3,
      3,
      3,
      3,
      3,
      3,
      3,
      3,
      3,
      3,
      3,
      3,
      3,
      3,
      3,
      3,
      3,
      3,
      9,
      9,
      9,
      9,
      9,
      9,
      9,
      9,
      9,
      9,
      9,
      9,
      9,
      9,
      9,
      9,
      9,
      9,
      9,
      9,
      9,
      9,
      9,
      9,
      9,
      9,
      0,
      0,
      0,
      0,
      0,
      0,
      0,
      0,
      0,
      0,
      0,
      0,
      0,
      0,
      0,
      0,
      0,
      0,
      0,
      0,
      0,
      1,
      1,
      1,
      1,
      1,
      1,
      1,
      1,
      1,
      1,
      1,
      1,
      1,
      1,
      1,
      1,
      1,
      1,
      1,
      1,
      1,
      1,
      1,
      1,
      1,
      2,
      2,
      2,
      2,
      2,
      2,
      2,
      2,
      2,
      2,
      2,
      2,
      2,
      2,
      2,
      2,
      2,
      2,
      2,
      2,
      2,
      2,
      2,
      2,
      2,
      2,
      8,
      8,
      8,
      8,
      8,
      8,
      8,
      8,
      8,
      8,
      8,
      8,
      8,
      8,
      8,
      8,
      8,
      8,
      8,
      8,
      8,
      8,
      8,
      8,
      8,
      8
   ],
   "em_f1_micro": [
      0.7569721115537849,
      0.8565737051792828,
      0.3466135458167331,
      0.6055776892430279,
      0.7848605577689244,
      0.5856573705179283,
      0.5697211155378487,
      0.6095617529880478,
      0.8764940239043825,
      0.8286852589641436
   ],
   "em_f1_macro": [
      0.7561665371702543,
      0.8547485123589282,
      0.3487233222433902,
      0.6096220275319337,
      0.7862346050176239,
      0.5817034931826103,
      0.5723899493232897,
      0.6098044197205176,
      0.8773793173302836,
      0.8281407393681413
   ],
   "em_f1_weighted": [
      0.7579332101414129,
      0.8573545482109504,
      0.34930417999619573,
      0.608168091337429,
      0.7855073097419077,
      0.5822661216293726,
      0.5715895658752467,
      0.6092173174214499,
      0.8769943252658886,
      0.8280680091378747
   ]
}