{
   "worker_count": 3,
   "expertise_scores": [
      [
         0.41879973959398675,
         0.7897144983074416,
         0.48290665182509385
      ],
      [
         0.547479339063845,
         0.19787832228145424,
         0.43163809483890725
      ],
      [
         0.2821818827248171,
         0.44368174695978024,
         0.23549896146230043
      ],
      [
         0.7260168670949305,
         0.31684334501645983,
         0.5996480492299281
      ],
      [
         0.30154432244128804,
         0.5311719531757879,
         0.47241215140785053
      ],
      [
         0.4230475608433564,
         0.6533563043615415,
         0.1381223147230187
      ],
      [
         0.657558168456779,
         0.2695805166324166,
         0.6502114422817783
      ],
      [
         0.19495786843415086,
         0.6932966554070694,
         0.3235698745275404
      ],
      [
         0.49121698057857144,
         0.40549232095856425,
         0.5123918713473059
      ],
      [
         0.14562355226390689,
         0.34949542536668643,
         0.1324291868677008
      ]
   ],
   "mv_f1_micro": [
      0.7091633466135459,
      0.4900398406374502,
      0.3705179282868526,
      0.6772908366533864,
      0.47410358565737054,
      0.4701195219123506,
      0.6852589641434262,
      0.4820717131474104,
      0.549800796812749,
      0.24701195219123506
   ],
   "mv_f1_macro": [
      0.7091239423361121,
      0.4880613735494686,
      0.3691512720781493,
      0.675925871811258,
      0.4713067390712137,
      0.47374804024071937,
      0.68402260827064,
      0.4778243728608909,
      0.5487745140470282,
      0.24473411942909093
   ],
   "mv_f1_weighted": [
      0.7084118508295754,
      0.48849382452411183,
      0.3687694285819937,
      0.6762489160119078,
      0.4718678787606752,
      0.4731085865583302,
      0.6840857824707178,
      0.4781244516250318,
      0.5502271705320022,
      0.2450450393929121
   ],
   "ct_f1_micro": [
      0.8087649402390438,
      0.5657370517928287,
      0.450199203187251,
      0.7290836653386454,
      0.5737051792828686,
      0.6653386454183267,
      0.6972111553784861,
      0.6892430278884463,
      0.5856573705179283,
      0.17131474103585656
   ],
   "ct_f1_macro": [
      0.8059443226914154,
      0.5621116145332457,
      0.4514448890716981,
      0.726015591029009,
      0.5713627424672347,
      0.6660359544119652,
      0.6978317412325219,
      0.6881004901538332,
      0.586121919809326,
      0.1707584709822886
   ],
   "ct_f1_weighted": [
      0.8047160564439612,
      0.5630186711797219,
      0.4502081953738168,
      0.7269429567412705,
      0.5718390801268748,
      0.6655855039288958,
      0.6978256589901533,
      0.6864114297858175,
      0.5870857507194917,
      0.17000827511362843
   ],
   "gt": [
      7,
      7,
      7,
      7,
      7,
      7,
      7,
      7,
      7,
      7,
      7,
      7,
      7,
      7,
      7,
      7,
      7,
      7,
      7,
      7,
      7,
      7,
      7,
      7,
      7,
      7,
      5,
      5,
      5,
      5,
      5,
      5,
      5,
      5,
      5,
      5,
      5,
      5,
      5,
      5,
      5,
      5,
      5,
      5,
      5,
      5,
      5,
      5,
      5,
      5,
      5,
      5,
      4,
      4,
      4,
      4,
      4,
      4,
      4,
      4,
      4,
      4,
      4,
      4,
      4,
      4,
      4,
      4,
      4,
      4,
      4,
      4,
      4,
      4,
      4,
      4,
      4,
      6,
      6,
      6,
      6,
      6,
      6,
      6,
      6,
      6,
      6,
      6,
      6,
      6,
      6,
      6,
      6,
      6,
      6,
      6,
      6,
      6,
      6,
      6,
      6,
      6,
      3,
      3,
      3,
      3,
      3,
      3,
      3,
      3,
      3,
      3,
      3,
      3,
      3,
      3,
      3,
      3,
      3,
      3,
      3,
      3,
      3,
      3,
      3,
      3,
      3,
      9,
      9,
      9,
      9,
      9,
      9,
      9,
      9,
      9,
      9,
      9,
      9,
      9,
      9,
      9,
      9,
      9,
      9,
      9,
      9,
      9,
      9,
      9,
      9,
      9,
      9,
      0,
      0,
      0,
      0,
      0,
      0,
      0,
      0,
      0,
      0,
      0,
      0,
      0,
      0,
      0,
      0,
      0,
      0,
      0,
      0,
      0,
      1,
      1,
      1,
      1,
      1,
      1,
      1,
      1,
      1,
      1,
      1,
      1,
      1,
      1,
      1,
      1,
      1,
      1,
      1,
      1,
      1,
      1,
      1,
      1,
      1,
      2,
      2,
      2,
      2,
      2,
      2,
      2,
      2,
      2,
      2,
      2,
      2,
      2,
      2,
      2,
      2,
      2,
      2,
      2,
      2,
      2,
      2,
      2,
      2,
      2,
      2,
      8,
      8,
      8,
      8,
      8,
      8,
      8,
      8,
      8,
      8,
      8,
      8,
      8,
      8,
      8,
      8,
      8,
      8,
      8,
      8,
      8,
      8,
      8,
      8,
      8,
      8
   ],
   "em_f1_micro": [
      0.7091633466135459,
      0.3705179282868526,
      0.3187250996015936,
      0.7131474103585658,
      0.41832669322709165,
      0.43824701195219123,
      0.701195219123506,
      0.41832669322709165,
      0.5179282868525896,
      0.16334661354581673
   ],
   "em_f1_macro": [
      0.7089555512801385,
      0.3663306558028107,
      0.3196286030689678,
      0.7083310395567454,
      0.42155267763671117,
      0.43030247132146293,
      0.7015803219214015,
      0.4188212530950737,
      0.5152296421353395,
      0.1652813002528883
   ],
   "em_f1_weighted": [
      0.7078656904417738,
      0.3686235224876784,
      0.31935907652217066,
      0.7080765150002457,
      0.4198721391248761,
      0.43146063866243506,
      0.701118230373324,
      0.4192447331989073,
      0.5162344015495707,
      0.16530176718420123
   ]
}