{
   "worker_count": 30,
   "expertise_scores": [
      [
         0.6918829346360823,
         0.5369948399437094,
         0.43333604295328354,
         0.7759560133921976,
         0.5008259439813123,
         0.3002541520232227,
         0.26170989862235916,
         0.7988123113195957,
         0.1352778911715436,
         0.3675685399291114,
         0.5669198799310552,
         0.35119186129554636,
         0.4863826696239879,
         0.6301657133338698,
         0.6082957150478719,
         0.4242295661768707,
         0.6020060334823333,
         0.14540602797122099,
         0.12598316694687003,
         0.3717712317390883,
         0.7123016757111246,
         0.1917143906083491,
         0.2976730888252957,
         0.6983760788336987,
         0.5756290660973213,
         0.10552797482823781,
         0.2609463895867712,
         0.798162202615546,
         0.4628252820340756,
         0.7680417181456156
      ],
      [
         0.48461305588347303,
         0.4758606517049955,
         0.7102843378962449,
         0.2264738610148468,
         0.6616592148472189,
         0.5310625972878718,
         0.2607383539350082,
         0.5877541225573988,
         0.2680044471559514,
         0.44780542640052445,
         0.25874140859982253,
         0.2556932717816927,
         0.39064192955506694,
         0.6810661589816076,
         0.576871916892834,
         0.5501434406657733,
         0.7224294534594261,
         0.3573087289543324,
         0.7446820974845593,
         0.2745646080659828,
         0.4964931276876763,
         0.6781574287416324,
         0.19035330108860765,
         0.4744144144218897,
         0.33918009061095805,
         0.4106250309802254,
         0.6619345145041771,
         0.6508978235866144,
         0.5952697456690738,
         0.2625123100216542
      ],
      [
         0.7119584574572277,
         0.7823863158065955,
         0.16125977810681624,
         0.2792797850601505,
         0.1574668254575372,
         0.7714236209243033,
         0.22112434917993434,
         0.2037449519440882,
         0.2987312308157043,
         0.45127157171987886,
         0.7383012108565506,
         0.354587788762043,
         0.6347260563976878,
         0.24622348293859675,
         0.334703669494107,
         0.439322106362513,
         0.6612495112811605,
         0.47407104769114705,
         0.5929717738733342,
         0.2956675895545027,
         0.6854376957022287,
         0.23877088201436347,
         0.7998176544555874,
         0.573642005362342,
         0.34249570437053733,
         0.23030466281330256,
         0.18973078439210028,
         0.19672697371320835,
         0.7573545517974073,
         0.5672374478135959
      ],
      [
         0.7057534903005223,
         0.5140172793593581,
         0.6844708516815649,
         0.3670953927703129,
         0.2876572886611676,
         0.1433321917833755,
         0.5740052251876728,
         0.7542290565264508,
         0.7313006489924957,
         0.29356063035317087,
         0.39537385143460047,
         0.36241094805445906,
         0.5706568112662079,
         0.396161277251481,
         0.7359252231481325,
         0.1412178613572113,
         0.39578778377458135,
         0.15284371061178892,
         0.4711026941126386,
         0.6953681313007768,
         0.48342660378519886,
         0.7054922220677188,
         0.11021848170808142,
         0.36010667671920504,
         0.1981901926169268,
         0.2085250237914298,
         0.5913506534415535,
         0.787886838833436,
         0.5520469554906648,
         0.18420957713393277
      ],
      [
         0.3766608163287588,
         0.7479784159062887,
         0.24924932825627147,
         0.24470808292694346,
         0.11597108893695601,
         0.28842574281372746,
         0.771075455552686,
         0.13677607072395048,
         0.09635389624300307,
         0.45278883890729715,
         0.5707444511874173,
         0.5085407641757991,
         0.22323989393761692,
         0.12577213323679567,
         0.42175954588991194,
         0.24898313354608873,
         0.5546688877198064,
         0.6059479393330438,
         0.5086640353604602,
         0.43499188003528544,
         0.17784632635577446,
         0.5213710615759315,
         0.6578691641388249,
         0.4718359380738335,
         0.27210329904137764,
         0.45902173526228107,
         0.17938891079202407,
         0.5393727486655514,
         0.4636317700315443,
         0.5654146437107378
      ],
      [
         0.33193149218620277,
         0.7088187209561335,
         0.09890028478073115,
         0.1125693816601829,
         0.4190530482453646,
         0.7160568242389823,
         0.438777910248613,
         0.6167268499803759,
         0.17970107683754274,
         0.6589180353609594,
         0.4467109996166517,
         0.7638296746299765,
         0.6628391769557761,
         0.5413696312672703,
         0.6083821568070323,
         0.2820053523082976,
         0.19932290178455606,
         0.3767559207934522,
         0.39239197020773886,
         0.5214385365409195,
         0.3985204414023549,
         0.7272040154120816,
         0.3122462746180309,
         0.7529847698801682,
         0.641274914595339,
         0.5800432209630226,
         0.558008250774113,
         0.4303354282887517,
         0.6787721309322118,
         0.32278051194017954
      ],
      [
         0.7097415831004368,
         0.4721193010941731,
         0.7346336106348754,
         0.4912699324251053,
         0.11609452679423374,
         0.6265992676391545,
         0.6050410002751662,
         0.7534585609086338,
         0.3762602652098537,
         0.12418315137882079,
         0.42348674788788887,
         0.5609050617693482,
         0.7226846336120363,
         0.44078377420860826,
         0.657254404228095,
         0.12922365111915554,
         0.24993984259516822,
         0.3756415880590187,
         0.5488281886976992,
         0.17927725922498972,
         0.14357180510099748,
         0.4532908553656755,
         0.5538425961651858,
         0.3733734519033931,
         0.5605757136779321,
         0.2513328340558591,
         0.13582799204493634,
         0.17324336270303517,
         0.6583390213189334,
         0.2967253545596453
      ],
      [
         0.38691436331224804,
         0.7141327396002725,
         0.5739379539895424,
         0.6597865804170162,
         0.5749421011914895,
         0.26000137042269256,
         0.6580869520557782,
         0.4482850530280784,
         0.30082576282394546,
         0.6837890730440775,
         0.2571786610264637,
         0.21798001422339155,
         0.5797946885733202,
         0.5347990095919185,
         0.5871618446284481,
         0.3865892862894763,
         0.28810327319761175,
         0.636063649046617,
         0.48995832408934625,
         0.4195358418531291,
         0.5620517737046131,
         0.7769770628176859,
         0.774177952142981,
         0.13541057809237547,
         0.4898095112050339,
         0.5282412847590453,
         0.33257424089698207,
         0.5100946954205642,
         0.3147876626236527,
         0.4281294567888815
      ],
      [
         0.39880010906744545,
         0.16733275197344116,
         0.6705470796679751,
         0.37832732742525366,
         0.45411609797929453,
         0.5855728134757214,
         0.7954797127452997,
         0.30625114445174084,
         0.1639692927768522,
         0.13188936540918456,
         0.26469165610538026,
         0.6253600260463374,
         0.28321911558216245,
         0.403973464629217,
         0.3130587409696597,
         0.1878412932523334,
         0.49339440460108663,
         0.6477010021463108,
         0.24271253233847653,
         0.6742137531882579,
         0.5633578551890301,
         0.6478823600895699,
         0.6370538165269447,
         0.5436007534373001,
         0.3948655287355163,
         0.7542619052314822,
         0.37863295347018666,
