{
   "worker_count": 13,
   "expertise_scores": [
      [
         0.7053185593439321,
         0.6158179597072796,
         0.7020016291495043,
         0.19526495626068346,
         0.3901632791320564,
         0.3678086286629221,
         0.7596090394154554,
         0.1362878585887933,
         0.7189832052823386,
         0.5082059748674714,
         0.29696461453846346,
         0.2743553458147896,
         0.36547362690378715
      ],
      [
         0.7306120441191658,
         0.5007602451991259,
         0.2633594065606466,
         0.2167475666237132,
         0.5382593312187833,
         0.5940920921649239,
         0.3206062548787158,
         0.11202917734137213,
         0.22551145816564125,
         0.4441348184391344,
         0.4015874458221508,
         0.11659654750246722,
         0.5677862808595382
      ],
      [
         0.7977375179573646,
         0.7953366922016123,
         0.1307832483057835,
         0.585945474158293,
         0.5564478366738728,
         0.54712755619816,
         0.3554095825660991,
         0.6711489708081003,
         0.7094799442240862,
         0.7071877232220012,
         0.3679883660558898,
         0.48289083857029436,
         0.5570606458186537
      ],
      [
         0.7306528861986687,
         0.17598109587031308,
         0.5839657100407813,
         0.4530333573099342,
         0.5708764853684654,
         0.7725808291800914,
         0.2525288613441423,
         0.6764652775512275,
         0.25960970204261746,
         0.45742838597233026,
         0.4147632857311023,
         0.46568842635645713,
         0.6645882854100479
      ],
      [
         0.7877777020049997,
         0.6618030005180776,
         0.7513267279441891,
         0.177500286694326,
         0.5610058882242723,
         0.5201548010398107,
         0.39151452059536596,
         0.24382095862881611,
         0.20749840783651383,
         0.5499052974312958,
         0.45851157305695434,
         0.2809440636932436,
         0.33214655792356157
      ],
      [
         0.7843371218561247,
         0.12048642523733157,
         0.3693888198852203,
         0.15170111781032233,
         0.6157081335398552,
         0.4375776056117462,
         0.18646464113058397,
         0.629098615194423,
         0.6280034586334149,
         0.2944733165752632,
         0.6066067185916308,
         0.4933809753058295,
         0.23625363766369675
      ],
      [
         0.7603470544492666,
         0.23317129496289435,
         0.634369653150663,
         0.22813487475971467,
         0.4633452030793749,
         0.4651285712685429,
         0.3441720877625307,
         0.4648143294316637,
         0.10943300480387391,
         0.789352707007988,
         0.2213785917612414,
         0.19834401368753884,
         0.26775037389526773
      ],
      [
         0.40721657675000633,
         0.1625408093769356,
         0.5604952971727464,
         0.792800538157892,
         0.5708621256686842,
         0.13981050002709766,
         0.2607642851210422,
         0.17680624403517115,
         0.5953920747710642,
         0.49770050547627875,
         0.2737364717009425,
         0.17301128721767,
         0.3123979336595162
      ],
      [
         0.19912852437129408,
         0.7821256348073213,
         0.7796075909406689,
         0.3359364292220227,
         0.6262476043115905,
         0.7320008064772711,
         0.10240564465649662,
         0.39651793013617465,
         0.3781696927672662,
         0.3131361720067548,
         0.6159381998050674,
         0.6885872573994302,
         0.4457417927587948
      ],
      [
         0.7593276182106842,
         0.6875721793613205,
         0.45582219342397967,
         0.6618007825067187,
         0.5238194373838194,
         0.37176221637097906,
         0.18455252837680883,
         0.40149707594487116,
         0.1567457316604568,
         0.7262825045306264,
         0.21633674440062423,
         0.44604994822354316,
         0.2550346093712517
      ]
   ],
   "mv_f1_micro": [
      0.9561752988047809,
      0.8605577689243028,
      0.9960159362549801,
      0.9840637450199203,
      0.952191235059761,
      0.9402390438247012,
      0.900398406374502,
      0.8605577689243028,
      0.9800796812749004,
      0.9482071713147411
   ],
   "mv_f1_macro": [
      0.9562267928150282,
      0.8603222553296023,
      0.996078431372549,
      0.9834643326125807,
      0.9515647130354488,
      0.9404066913478678,
      0.901705089237004,
      0.8595683619799681,
      0.9796114081996435,
      0.946764385284259
   ],
   "mv_f1_weighted": [
      0.9562660150567346,
      0.86050820270356,
      0.9960159362549801,
      0.984060676815265,
      0.9517527633340238,
      0.9402725475446357,
      0.900913229631548,
      0.8602486808039419,
      0.9801045372875699,
      0.9471926884696057
   ],
   "ct_f1_micro": [
      0.9681274900398407,
      0.9083665338645418,
      0.99203187250996,
      0.9880478087649402,
      0.9840637450199203,
      0.9601593625498008,
      0.952191235059761,
      0.9083665338645418,
      0.9880478087649402,
      0.9760956175298805
   ],
   "ct_f1_macro": [
      0.9685399698340877,
      0.9077032940615908,
      0.9921508225931882,
      0.9877465743775652,
      0.9838324688224258,
      0.9602694257190055,
      0.9528176341146022,
      0.9077753452614719,
      0.9879298985744169,
      0.9764423169687163
   ],
   "ct_f1_weighted": [
      0.9681152313821637,
      0.9081272290974588,
      0.9920288043053048,
      0.9880337399240815,
      0.9840542183251689,
      0.9602782015860793,
      0.9525840065594763,
      0.907608389402633,
      0.9880416767425542,
      0.9759914021819943
   ],
   "gt": [
      7,
      7,
      7,
      7,
      7,
      7,
      7,
      7,
      7,
      7,
      7,
      7,
      7,
      7,
      7,
      7,
      7,
      7,
      7,
      7,
      7,
      7,
      7,
      7,
      7,
      7,
      5,
      5,
      5,
      5,
      5,
      5,
      5,
      5,
      5,
      5,
      5,
      5,
      5,
      5,
      5,
      5,
      5,
      5,
      5,
      5,
      5,
      5,
      5,
      5,
      5,
      5,
      4,
      4,
      4,
      4,
      4,
      4,
      4,
      4,
      4,
      4,
      4,
      4,
      4,
      4,
      4,
      4,
      4,
      4,
      4,
      4,
      4,
      4,
      4,
      4,
      4,
      6,
      6,
      6,
      6,
      6,
      6,
      6,
      6,
      6,
      6,
      6,
      6,
      6,
      6,
      6,
      6,
      6,
      6,
      6,
      6,
      6,
      6,
      6,
      6,
      6,
      3,
      3,
      3,
      3,
      3,
      3,
      3,
      3,
      3,
      3,
      3,
      3,
      3,
      3,
      3,
      3,
      3,
      3,
      3,
      3,
      3,
      3,
      3,
      3,
      3,
      9,
      9,
      9,
      9,
      9,
      9,
      9,
      9,
      9,
      9,
      9,
      9,
      9,
      9,
      9,
      9,
      9,
      9,
      9,
      9,
      9,
      9,
      9,
      9,
      9,
      9,
      0,
      0,
      0,
      0,
      0,
      0,
      0,
      0,
      0,
      0,
      0,
      0,
      0,
      0,
      0,
      0,
      0,
      0,
      0,
      0,
      0,
      1,
      1,
      1,
      1,
      1,
      1,
      1,
      1,
      1,
      1,
      1,
      1,
      1,
      1,
      1,
      1,
      1,
      1,
      1,
      1,
      1,
      1,
      1,
      1,
      1,
      2,
      2,
      2,
      2,
      2,
      2,
      2,
      2,
      2,
      2,
      2,
      2,
      2,
      2,
      2,
      2,
      2,
      2,
      2,
      2,
      2,
      2,
      2,
      2,
      2,
      2,
      8,
      8,
      8,
      8,
      8,
      8,
      8,
      8,
      8,
      8,
      8,
      8,
      8,
      8,
      8,
      8,
      8,
      8,
      8,
      8,
      8,
      8,
      8,
      8,
      8,
      8
   ],