{
   "worker_count": 8,
   "expertise_scores": [
      [
         0.37444180312336883,
         0.1846511876327357,
         0.4169683513505912,
         0.11556892149551014,
         0.7914012598312224,
         0.5311854085772879,
         0.3362011897138933,
         0.3233221806010579
      ],
      [
         0.15632319786700505,
         0.3838111419803908,
         0.2160084248350333,
         0.6391908336608706,
         0.5308758687315335,
         0.6718460214131449,
         0.09918475010065156,
         0.4035634506086391
      ],
      [
         0.21561030960001604,
         0.5231272478839119,
         0.6012510030060456,
         0.16408654686167717,
         0.5098647711864761,
         0.7776204962249443,
         0.5786164742445294,
         0.129610706199003
      ],
      [
         0.15082424437879632,
         0.24144469258886925,
         0.3994374665878587,
         0.7800711926939055,
         0.3958369354642618,
         0.5204288934492189,
         0.4336664654982981,
         0.266074889284706
      ],
      [
         0.32593697133073013,
         0.3238377287723095,
         0.14981091964564044,
         0.459394018976116,
         0.4560936128265839,
         0.169553877629889,
         0.16345361016962323,
         0.15961296602067532
      ],
      [
         0.5544516041534887,
         0.4311664744399947,
         0.559318252421898,
         0.5074268094276582,
         0.508974912721552,
         0.23069799280812034,
         0.2024705229024925,
         0.4127504341170255
      ],
      [
         0.38356818813677307,
         0.31450190829052027,
         0.7773000584882376,
         0.7722070582798571,
         0.7743350065325532,
         0.2552468611979939,
         0.7195537182831084,
         0.15147360155590472
      ],
      [
         0.4922651655380762,
         0.7972642590451531,
         0.3107774718658688,
         0.6630235223287019,
         0.36586375419413064,
         0.2044704150031862,
         0.2974484478555075,
         0.30217235208839055
      ],
      [
         0.3001876301375437,
         0.5291647500464404,
         0.1291984934853646,
         0.7386062248750913,
         0.7271473260145057,
         0.7645539798418675,
         0.0948146463435137,
         0.5814398157493093
      ],
      [
         0.6507597015345512,
         0.7155017135859255,
         0.49815110692003406,
         0.11666064519510552,
         0.46868858045038175,
         0.5132454893781916,
         0.7649511178538948,
         0.1570295149572219
      ]
   ],
   "mv_f1_micro": [
      0.7370517928286853,
      0.7410358565737052,
      0.848605577689243,
      0.7649402390438247,
      0.5657370517928287,
      0.8207171314741035,
      0.9243027888446215,
      0.8127490039840638,
      0.900398406374502,
      0.8804780876494024
   ],
   "mv_f1_macro": [
      0.7390016326039973,
      0.7432564194647686,
      0.847371783306712,
      0.7634344064207825,
      0.5644987836327162,
      0.8186614200590736,
      0.9243678481963611,
      0.8106865570661442,
      0.900085979285296,
      0.8816298430060916
   ],
   "mv_f1_weighted": [
      0.7392233785455973,
      0.7421910652140951,
      0.8490393438219938,
      0.7621014132005223,
      0.5655528233738378,
      0.8195032848852325,
      0.9241649008179369,
      0.8106179935768261,
      0.8997783134588067,
      0.880866975379049
   ],
   "ct_f1_micro": [
      0.8207171314741035,
      0.8167330677290838,
      0.8844621513944223,
      0.8406374501992032,
      0.5776892430278885,
      0.848605577689243,
      0.9641434262948207,
      0.8725099601593626,
      0.9322709163346613,
      0.952191235059761
   ],
   "ct_f1_macro": [
      0.820959748343412,
      0.8182704223880695,
      0.8833657948321021,
      0.8385673679221359,
      0.5762250477768063,
      0.8472965217097622,
      0.9638185475155397,
      0.8724506455204903,
      0.9307149731687547,
      0.9523909649130731
   ],
   "ct_f1_weighted": [
      0.8195905830575219,
      0.8169277021444822,
      0.8843785353794911,
      0.8387153360732773,
      0.5787783169260001,
      0.8484257337741106,
      0.9643891456961962,
      0.8729164074602034,
      0.9317987852341196,
      0.9523444872642748
   ],
   "gt": [
      7,
      7,
      7,
      7,
      7,
      7,
      7,
      7,
      7,
      7,
      7,
      7,
      7,
      7,
      7,
      7,
      7,
      7,
      7,
      7,
      7,
      7,
      7,
      7,
      7,
      7,
      5,
      5,
      5,
      5,
      5,
      5,
      5,
      5,
      5,
      5,
      5,
      5,
      5,
      5,
      5,
      5,
      5,
      5,
      5,
      5,
      5,
      5,
      5,
      5,
      5,
      5,
      4,
      4,
      4,
      4,
      4,
      4,
      4,
      4,
      4,
      4,
      4,
      4,
      4,
      4,
      4,
      4,
      4,
      4,
      4,
      4,
      4,
      4,
      4,
      4,
      4,
      6,
      6,
      6,
      6,
      6,
      6,
      6,
      6,
      6,
      6,
      6,
      6,
      6,
      6,
      6,
      6,
      6,
      6,
      6,
      6,
      6,
      6,
      6,
      6,
      6,
      3,
      3,
      3,
      3,
      3,
      3,
      3,
      3,
      3,
      3,
      3,
      3,
      3,
      3,
      3,
      3,
      3,
      3,
      3,
      3,
      3,
      3,
      3,
      3,
      3,
      9,
      9,
      9,
      9,
      9,
      9,
      9,
      9,
      9,
      9,
      9,
      9,
      9,
      9,
      9,
      9,
      9,
      9,
      9,
      9,
      9,
      9,
      9,
      9,
      9,
      9,
      0,
      0,
      0,
      0,
      0,
      0,
      0,
      0,
      0,
      0,
      0,
      0,
      0,
      0,
      0,
      0,
      0,
      0,
      0,
      0,
      0,
      1,
      1,
      1,
      1,
      1,
      1,
      1,
      1,
      1,
      1,
      1,
      1,
      1,
      1,
      1,
      1,
      1,
      1,
      1,
      1,
      1,
      1,
      1,
      1,
      1,
      2,
      2,
      2,
      2,
      2,
      2,
      2,
      2,
      2,
      2,
      2,
      2,
      2,
      2,
      2,
      2,
      2,
      2,
      2,
      2,
      2,
      2,
      2,
      2,
      2,
      2,
      8,
      8,
      8,
      8,
      8,
      8,
      8,
      8,
      8,
      8,
      8,
      8,
      8,
      8,
      8,
      8,
      8,
      8,
      8,
      8,
      8,
      8,
      8,
      8,
      8,
      8
   ],
   "em_f1_micro": [
      0.7689243027888446,
      0.7330677290836654,
      0.852589641434263,
      0.7808764940239044,
      0.4541832669322709,
      0.7768924302788844,
      0.9163346613545816,
      0.8167330677290838,
      0.9123505976095617,
      0.9123505976095617
   ],
   "em_f1_macro": [
      0.7706229713189805,
      0.7347318121270063,
      0.8526110499651185,
      0.7791692958288046,
      0.45007232634784955,
      0.776901667377262,
      0.9165906100065897,
      0.8180244172933117,
      0.9115531448563783,
      0.9125083773268093
   ],
   "em_f1_weighted": [
      0.7696341294630601,
      0.7334391948469904,
      0.852826705996319,
      0.7791004061703534,
      0.45166172728538534,
      0.7777945454230302,
      0.9165044531598087,
      0.8183261127486865,
      0.9125808342836712,
      0.9131057942401095
   ]
}