{
   "worker_count": 10,
   "expertise_scores": [
      [
         0.19506282673804815,
         0.3189103982189375,
         0.6597935606263207,
         0.1694412274615156,
         0.7758619315988793,
         0.6849763057663482,
         0.3227998501162689,
         0.5173357047338482,
         0.6269109188366147,
         0.10133746447643802
      ],
      [
         0.31237882335179,
         0.531200186782353,
         0.2313605990231717,
         0.7397515745413377,
         0.3546678503772217,
         0.7568555188177619,
         0.2740417143199997,
         0.44054541063260255,
         0.5896289222922106,
         0.12404148204414306
      ],
      [
         0.2540954838572752,
         0.3866494646381319,
         0.7834503251112425,
         0.4432108454372824,
         0.20542652350731738,
         0.18148994130988516,
         0.7232812532181918,
         0.7808492273065747,
         0.7390014455363881,
         0.2841510575495313
      ],
      [
         0.16863160802374635,
         0.25426570115468106,
         0.7985321056357468,
         0.571112053104497,
         0.6920762686721432,
         0.4689257282819548,
         0.1381982461736282,
         0.7629154187983453,
         0.622788340746575,
         0.4345691494520011
      ],
      [
         0.7415291711331058,
         0.48588918130915104,
         0.21001671594437477,
         0.3829982769780915,
         0.7606363962403799,
         0.29295015543236935,
         0.6285371539217883,
         0.4153193020470515,
         0.28192692414314374,
         0.23949257417831418
      ],
      [
         0.6559736511784109,
         0.26772078027279855,
         0.682840773689546,
         0.515070467070529,
         0.5430624043965153,
         0.11119979872788786,
         0.2745373698148704,
         0.3299011456739994,
         0.46419719333756626,
         0.6098396340776654
      ],
      [
         0.4932509084603167,
         0.675821499678978,
         0.6781008566429259,
         0.30238473672175664,
         0.6855538789200499,
         0.610346123232245,
         0.7769840148838423,
         0.6392240141437182,
         0.40578984076688795,
         0.4827293843315419
      ],
      [
         0.1712087567504837,
         0.7599594582228747,
         0.7169990682571994,
         0.39994057309055797,
         0.3364155495093333,
         0.14358208768295483,
         0.49744799616938407,
         0.675346271719083,
         0.6080542668859668,
         0.7874805615699764
      ],
      [
         0.4777150726513406,
         0.49286318676840046,
         0.6758843305582926,
         0.6074843208980415,
         0.7972544223439438,
         0.6439993928755448,
         0.3269847504267887,
         0.10984777815635326,
         0.16516880424846128,
         0.1810517269338469
      ],
      [
         0.7766454532824862,
         0.7574611111308571,
         0.6479806574668676,
         0.2120588529154606,
         0.5030451835349291,
         0.2045550241713529,
         0.32488027605272735,
         0.5551023008420068,
         0.2686014086900509,
         0.33322385767515417
      ]
   ],
   "mv_f1_micro": [
      0.900398406374502,
      0.8924302788844621,
      0.9243027888446215,
      0.9362549800796812,
      0.8924302788844621,
      0.900398406374502,
      0.9840637450199203,
      0.9561752988047809,
      0.8924302788844621,
      0.9203187250996016
   ],
   "mv_f1_macro": [
      0.9004828576605799,
      0.8922001777925171,
      0.9226318207158544,
      0.9368303500932157,
      0.8914031230663705,
      0.9009480532636511,
      0.984531083841374,
      0.9562155659730577,
      0.8916781039363627,
      0.9208126232915357
   ],
   "mv_f1_weighted": [
      0.9000970015278239,
      0.8921013955756517,
      0.9235272790691452,
      0.9358975245660768,
      0.8914305210962767,
      0.9005958753054024,
      0.9842109621533229,
      0.9559484299941561,
      0.8917157022189558,
      0.9205598182878185
   ],
   "ct_f1_micro": [
      0.9561752988047809,
      0.9322709163346613,
      0.9681274900398407,
      0.9601593625498008,
      0.9243027888446215,
      0.9402390438247012,
      0.9880478087649402,
      0.9641434262948207,
      0.952191235059761,
      0.9482071713147411
   ],
   "ct_f1_macro": [
      0.9564813269934817,
      0.932311141371709,
      0.9676025656835868,
      0.9602063429145243,
      0.9244085870093379,
      0.9402937050001423,
      0.9882322775263951,
      0.963806618344581,
      0.9514888544384343,
      0.9477151132887578
   ],
   "ct_f1_weighted": [
      0.9560384693844407,
      0.9319214960582894,
      0.9679931271747803,
      0.9605105930216935,
      0.9236302043457402,
      0.940174408657524,
      0.9881229230889412,
      0.9642238670595801,
      0.952433361436341,
      0.9480853791730562
   ],
   "gt": [
      7,
      7,
      7,
      7,
      7,
      7,
      7,
      7,
      7,
      7,
      7,
      7,
      7,
      7,
      7,
      7,
      7,
      7,
      7,
      7,
      7,
      7,
      7,
      7,
      7,
      7,
      5,
      5,
      5,
      5,
      5,
      5,
      5,
      5,
      5,
      5,
      5,
      5,
      5,
      5,
      5,
      5,
      5,
      5,
      5,
      5,
      5,
      5,
      5,
      5,
      5,
      5,
      4,
      4,
      4,
      4,
      4,
      4,
      4,
      4,
      4,
      4,
      4,
      4,
      4,
      4,
      4,
      4,
      4,
      4,
      4,
      4,
      4,
      4,
      4,
      4,
      4,
      6,
      6,
      6,
      6,
      6,
      6,
      6,
      6,
      6,
      6,
      6,
      6,
      6,
      6,
      6,
      6,
      6,
      6,
      6,
      6,
      6,
      6,
      6,
      6,
      6,
      3,
      3,
      3,
      3,
      3,
      3,
      3,
      3,
      3,
      3,
      3,
      3,
      3,
      3,
      3,
      3,
      3,
      3,
      3,
      3,
      3,
      3,
      3,
      3,
      3,
      9,
      9,
      9,
      9,
      9,
      9,
      9,
      9,
      9,
      9,
      9,
      9,
      9,
      9,
      9,
      9,
      9,
      9,
      9,
      9,
      9,
      9,
      9,
      9,
      9,
      9,
      0,
      0,
      0,
      0,
      0,
      0,
      0,
      0,
      0,
      0,
      0,
      0,
      0,
      0,
      0,
      0,
      0,
      0,
      0,
      0,
      0,
      1,
      1,
      1,
      1,
      1,
      1,
      1,
      1,
      1,
      1,
      1,
      1,
      1,
      1,
      1,
      1,
      1,
      1,
      1,
      1,
      1,
      1,
      1,
      1,
      1,
      2,
      2,
      2,
      2,
      2,
      2,
      2,
      2,
      2,
      2,
      2,
      2,
      2,
      2,
      2,
      2,
      2,
      2,
      2,
      2,
      2,
      2,
      2,
      2,
      2,
      2,
      8,
      8,
      8,
      8,
      8,
      8,
      8,
      8,
      8,
      8,
      8,
      8,
      8,
      8,
      8,
      8,
      8,
      8,
      8,
      8,
      8,
      8,
      8,
      8,
      8,
      8
   ],
   "em_f1_micro": [
      0.900398406374502,
      0.9083665338645418,
      0.9601593625498008,
      0.9442231075697212,
      0.8884462151394422,
      0.9043824701195219,
      0.9760956175298805,
      0.9561752988047809,
      0.9123505976095617,
      0.9163346613545816
   ],
   "em_f1_macro": [
      0.8998522504916731,
      0.9082647048527817,
      0.9590605648059233,
      0.9447214987156574,
      0.88704185350165,
      0.9036334036099376,
      0.9765413857850833,
      0.9563419213839381,
      0.9112267316980507,
      0.9165780345358592
   ],
   "em_f1_weighted": [
      0.9006139216979736,
      0.9083175631032279,
      0.9598604855004688,
      0.9440913153186422,
      0.8869546238748984,
      0.9035923826594408,
      0.9760910186937172,
      0.9561666173169738,
      0.9127355954113375,
      0.9161079288463204
   ]
}