{
   "worker_count": 18,
   "expertise_scores": [
      [
         0.35758052989945666,
         0.09556164473186245,
         0.5556636909800844,
         0.7460403687455183,
         0.5972108167819161,
         0.7301567260769617,
         0.22386459788230148,
         0.6567177441551425,
         0.6590706660442913,
         0.10478238323334275,
         0.7660187623573173,
         0.5258890424284438,
         0.25118491889476735,
         0.5237082209499935,
         0.7886064627536734,
         0.4500319379723339,
         0.5525314466003394,
         0.199924411109354
      ],
      [
         0.5062378372640467,
         0.31369842602240977,
         0.2915105271502418,
         0.7811135291343148,
         0.7675939603853935,
         0.7411082447603834,
         0.5866124068283934,
         0.30979810652314943,
         0.6509213418284858,
         0.4503375364226846,
         0.6067595731821925,
         0.6376595254074461,
         0.4048770219254726,
         0.10321659028167782,
         0.1591794309267285,
         0.5832050039815841,
         0.34239479565106407,
         0.7784574841739443
      ],
      [
         0.6432919498664034,
         0.5073091211320073,
         0.18993239540293355,
         0.3480475364597192,
         0.25599618424851933,
         0.37111660446179096,
         0.5178967478181769,
         0.2908605662156385,
         0.649881791405239,
         0.5583234387509569,
         0.24662414891066797,
         0.23605240416900264,
         0.7697478102091339,
         0.6575841400801963,
         0.625125099859385,
         0.3746097372147168,
         0.6984284675121748,
         0.34156682474175937
      ],
      [
         0.2626018984045675,
         0.4276201971117636,
         0.1562958718186364,
         0.3446285246131813,
         0.5622400694889103,
         0.7013329490881227,
         0.26908771866820547,
         0.6762967554128373,
         0.7129069877561737,
         0.39693031010363977,
         0.6586153725030316,
         0.7028622295098902,
         0.2003890836537077,
         0.25068427079256594,
         0.22409133489303834,
         0.44814834681059934,
         0.4159011481058641,
         0.362022851743937
      ],
      [
         0.7656149031279414,
         0.5276129239935734,
         0.2944912244246665,
         0.2007160617007867,
         0.3523419953165996,
         0.5558805895549794,
         0.4837331323973736,
         0.6583488423866347,
         0.4002939090700325,
         0.29811305605941113,
         0.33304503970010024,
         0.6321232470311714,
         0.6417217082564896,
         0.7290251698630591,
         0.11518169880310608,
         0.5361615120293071,
         0.6357965813460589,
         0.6890432540759246
      ],
      [
         0.11005019400965114,
         0.5494859672489333,
         0.2084777378624433,
         0.6566826393428375,
         0.6425090810806215,
         0.17645487448873892,
         0.2031245307125687,
         0.12084263976494998,
         0.7537292312200777,
         0.5954627212936698,
         0.42538420003361854,
         0.38286414998116125,
         0.4757919231299016,
         0.32359867859919866,
         0.36863107006924023,
         0.6745062768227397,
         0.7819955543430095,
         0.16890052072387696
      ],
      [
         0.3874670133070689,
         0.3379568286140846,
         0.5372200823027619,
         0.3678347198395979,
         0.717525499253702,
         0.24867108228682028,
         0.5022554831788852,
         0.41470360914957105,
         0.27004562579949765,
         0.7935963565251097,
         0.4726046180127733,
         0.349449615375683,
         0.5782941376627622,
         0.6762668682895692,
         0.6642654314643868,
         0.5928466558323309,
         0.5036445684950952,
         0.3267515634895889
      ],
      [
         0.5522238077031553,
         0.22033526901354,
         0.1527009252078992,
         0.17342596394026333,
         0.43968612441686616,
         0.7018327556011362,
         0.322996672513987,
         0.4343069927135892,
         0.26361582592790483,
         0.6318504046685534,
         0.2797494051456909,
         0.35462648858362045,
         0.12215288280623247,
         0.4024892104431833,
         0.20599244789081245,
         0.49821646667315733,
         0.4617239408483894,
         0.34437966043529955
      ],
      [
         0.7623693730871426,
         0.3139531060059666,
         0.3274210910011067,
         0.39214750556231737,
         0.25812252177349093,
         0.643639138400884,
         0.570680106335236,
         0.2693404564194359,
         0.5522500232716032,
         0.4872904980767413,
         0.7644153526842126,
         0.2356484447132072,
         0.25892298662497754,
         0.7595513485909363,
         0.7344195118244764,
         0.2240527778912222,
         0.35890645101846375,
         0.7556448675845824
      ],
      [
         0.30467258044932893,
         0.15585999585005025,
         0.7670719667158902,
         0.1834424294433757,
         0.5052879393498104,
         0.15954738770830346,
         0.3676927731519005,
         0.7462551076616063,
         0.3596853891736741,
         0.23223075891031347,
         0.3072472133140403,
         0.6218492932803716,
         0.6707878993025095,
         0.5429933399714261,
         0.6798522872273901,
         0.3002668368882223,
         0.2867484163749482,
         0.7685092536745749
      ]
   ],
   "mv_f1_micro": [
      0.9800796812749004,
      0.9880478087649402,
      0.9681274900398407,
      0.9800796812749004,
      0.9880478087649402,
      0.9880478087649402,
      0.9880478087649402,
      0.9203187250996016,
      1.0,
      0.9800796812749004
   ],
   "mv_f1_macro": [
      0.9805195101101238,
      0.9880641879393266,
      0.9684273937138468,
      0.9795473812166376,
      0.9882308546059934,
      0.9876993908577033,
      0.9877540374498768,
      0.9195712720594944,
      1.0,
      0.9803032458266326
   ],
   "mv_f1_weighted": [
      0.9801429838851107,
      0.9879584510644068,
      0.9681031470583383,
      0.9800000884364871,
      0.9880463348234881,
      0.9879657179385428,
      0.9881133963941899,
      0.9191316817016993,
      1.0,
      0.9798345329261524
   ],
   "ct_f1_micro": [
      0.9880478087649402,
      1.0,
      0.9760956175298805,
      0.9880478087649402,
      0.99203187250996,
      0.99203187250996,
      0.9840637450199203,
      0.9561752988047809,
      1.0,
      1.0
   ],
   "ct_f1_macro": [
      0.9882306768861391,
      1.0,
      0.9768077063257022,
      0.9884586926207348,
      0.9917920656634747,
      0.992070790580383,
      0.9844487195297408,
      0.956968605858728,
      1.0,
      1.0
   ],
   "ct_f1_weighted": [
      0.9881213288257381,
      1.0,
      0.9762200324082808,
      0.988044860882036,
      0.9920391393840962,
      0.9920272100421015,
      0.9840504664451496,
      0.9560729183636002,
      1.0,
      1.0
   ],