{
   "worker_count": 18,
   "expertise_scores": [
      [
         0.6377638401516144,
         0.2895436310576602,
         0.60503513439543,
         0.6808534744143071,
         0.4170974737945837,
         0.6344197609091162,
         0.7691964475243214,
         0.649698148914019,
         0.44207909503617654,
         0.35067457944689767,
         0.435569395952784,
         0.38018098390375643,
         0.7512407084409729,
         0.5194508809389766,
         0.2852346830168868,
         0.4952664332627267,
         0.4846125683541641,
         0.4642098090591583
      ],
      [
         0.37506813245033405,
         0.3496251726491957,
         0.23604453457173974,
         0.24953103384290706,
         0.17452478061610321,
         0.48637051111524976,
         0.5963817173000682,
         0.7820490225393664,
         0.2948318560696435,
         0.42526158874712644,
         0.14532563120543088,
         0.7728660680986568,
         0.5022509507153397,
         0.23940555227282967,
         0.1860567792985318,
         0.5492697146141174,
         0.6786568532832846,
         0.562634060056658
      ],
      [
         0.45718789541291527,
         0.5479637552344767,
         0.5919109617928531,
         0.5012657098783548,
         0.3417069740619153,
         0.17464573341931433,
         0.3757131804419905,
         0.43368683971704175,
         0.6465670469086116,
         0.7090827100609007,
         0.2845812939444323,
         0.7664319546570659,
         0.32417329038300985,
         0.37331232157012606,
         0.5234345595513591,
         0.30337308321952305,
         0.6867731166641962,
         0.6663130459679143
      ],
      [
         0.4852002911388402,
         0.6483156279381832,
         0.48795321511367573,
         0.7789417307274262,
         0.30808858593703864,
         0.6103535606631452,
         0.20137140615141413,
         0.6003378839688727,
         0.6199848344011287,
         0.49410491822152636,
         0.32904510477506027,
         0.6168410135924717,
         0.7794248561234325,
         0.7529957667610738,
         0.535051997883139,
         0.5131774192897443,
         0.18146477781181158,
         0.18522010013482348
      ],
      [
         0.7654355249921416,
         0.556899235984218,
         0.5561906602444389,
         0.5922131395894907,
         0.7515539395671529,
         0.19285457182140142,
         0.7710467658212408,
         0.20147166699066263,
         0.5496772818002116,
         0.5572662534218463,
         0.615566921336174,
         0.3977349063047317,
         0.44853559580735913,
         0.6790927483072253,
         0.1895895497699292,
         0.7441637576605875,
         0.7122028831234588,
         0.295835702919765
      ],
      [
         0.588490013000023,
         0.44285215811595785,
         0.15332518140473317,
         0.6875043301893129,
         0.751656366928849,
         0.7501852271826666,
         0.17200276061592937,
         0.21520742871576048,
         0.6302742227057804,
         0.722594248518156,
         0.19382217067234356,
         0.5930955231721841,
         0.5080734058785152,
         0.4225031014243665,
         0.6021647763542339,
         0.7812772405710215,
         0.19123212089256364,
         0.2658281817069654
      ],
      [
         0.4921424702764567,
         0.17139662089741153,
         0.48872699602499176,
         0.6249147258635466,
         0.6279618480538123,
         0.7774704810527364,
         0.36509979454278124,
         0.3318040966023447,
         0.44406278825399154,
         0.18189462332189196,
         0.26675538978706537,
         0.570052502468176,
         0.6772781289025938,
         0.531840079263812,
         0.7378364623171454,
         0.7353885029555718,
         0.6087411147705842,
         0.7877864479481866
      ],
      [
         0.30763873962064026,
         0.7226081887763394,
         0.6765372763552979,
         0.20999397396927605,
         0.7226447432847087,
         0.20613313064449268,
         0.2985858282503023,
         0.5593971486592105,
         0.6617493496899376,
         0.7774343572849471,
         0.5750323204728313,
         0.4768962647774654,
         0.49779603289232793,
         0.3859360701830058,
         0.24526121286027885,
         0.4257652746627401,
         0.14684822890506916,
         0.6821756165409831
      ],
      [
         0.26036702711241594,
         0.3179124684850913,
         0.3151805201337943,
         0.15816348260611868,
         0.2452573734895107,
         0.744669590595193,
         0.7271154603469097,
         0.3991261088101242,
         0.38180339432294624,
         0.7909455569967347,
         0.22545033549988563,
         0.5908936768060153,
         0.7473802105003977,
         0.6779512294941736,
         0.17363544600673558,
         0.35431585354029427,
         0.48010451480765753,
         0.622207440534841
      ],
      [
         0.21383133729260675,
         0.6534810949654324,
         0.6415941692366034,
         0.33068504359940365,
         0.5616503219689537,
         0.4057328885337644,
         0.6837015015530559,
         0.7126565983342095,
         0.17184473628368976,
         0.3464017214437962,
         0.3019687775424924,
         0.5511087508245887,
         0.26533541209711686,
         0.7139990455692165,
         0.48541349774762704,
         0.33738882024380373,
         0.7346771587429981,
         0.4115018904956772
      ]
   ],
   "mv_f1_micro": [
      0.9791666666666666,
      0.9583333333333334,
      0.9791666666666666,
      1.0,
      1.0,
      0.9791666666666666,
      0.9375,
      0.9791666666666666,
      0.9583333333333334,
      1.0
   ],
   "mv_f1_macro": [
      0.9774891774891775,
      0.9556776556776557,
      0.9794871794871796,
      1.0,
      1.0,
      0.9794871794871796,
      0.9351648351648352,
      0.9794871794871796,
      0.9591836734693878,
      1.0
   ],
   "mv_f1_weighted": [
      0.9789141414141413,
      0.9563568376068377,
      0.979059829059829,
      1.0,
      1.0,
      0.979059829059829,
      0.9354166666666667,
      0.979059829059829,
      0.9583333333333334,
      1.0
   ],
   "ct_f1_micro": [
      0.9791666666666666,
      0.9791666666666666,
      0.9791666666666666,
      1.0,
      1.0,
      0.9791666666666666,
      1.0,
      1.0,
      0.9791666666666666,
      1.0
   ],
   "ct_f1_macro": [
      0.9774891774891775,
      0.9794871794871796,
      0.9794871794871796,
      1.0,
      1.0,
      0.9794871794871796,
      1.0,
      1.0,
      0.9794871794871794,
      1.0
   ],
   "ct_f1_weighted": [
      0.9789141414141413,
      0.979059829059829,
      0.979059829059829,
      1.0,
      1.0,
      0.979059829059829,
      1.0,
      1.0,
      0.979059829059829,
      1.0
   ],
   "gt": [
      2,
      2,
      2,
      2,
      2,
      2,
      2,
      3,
      3,
      3,
      3,
      3,
      3,
      3,
      5,
      5,
      5,
      5,
      5,
      5,
      5,
      4,
      4,
      4,
      4,
      4,
      4,
      4,
      6,
      6,
      6,
      6,
      6,
      6,
      6,
      0,
      0,
      0,
      0,
      0,
      0,
      1,
      1,
      1,
      1,
      1,
      1,
      1
   ],
   "em_f1_micro": [
      1.0,
      0.9375,
      0.9583333333333334,
      1.0,
      1.0,
      0.9791666666666666,
      0.9791666666666666,
      1.0,
      0.9375,
      1.0
   ],
   "em_f1_macro": [
      1.0,
      0.9372056514913656,
      0.9575091575091575,
      1.0,
      1.0,
      0.9780219780219781,
      0.978021978021978,
      1.0,
      0.939756671899529,
      1.0
   ],
   "em_f1_weighted": [
      1.0,
      0.9375,
      0.9582264957264957,
      1.0,
      1.0,
      0.9791666666666666,
      0.9791666666666666,
      1.0,
      0.9385016025641025,
      1.0
   ]
}