{
   "worker_count": 40,
   "expertise_scores": [
      [
         0.23171153850883197,
         0.38646212076758724,
         0.6878346870119159,
         0.2892050922066641,
         0.7460459054445534,
         0.3999366023463785,
         0.39413437288964853,
         0.3441925038898831,
         0.2684914951156252,
         0.2492901549462342,
         0.2751744595869916,
         0.7075714300135583,
         0.43434350562058627,
         0.5304541057394128,
         0.16093833633565485,
         0.38074630642209834,
         0.6199814341945538,
         0.7584871702477154,
         0.5342511574535671,
         0.22695098367921046,
         0.25669973054836487,
         0.49812826572051216,
         0.16529076500835405,
         0.22406516611199945,
         0.7346734979545604,
         0.7929835925389455,
         0.5501282324960708,
         0.3359751685468786,
         0.4034318081452895,
         0.5530471611761127,
         0.6053599135139488,
         0.17599286845478668,
         0.4551764723601082,
         0.581544577802497,
         0.4371090119537107,
         0.4789069269679574,
         0.6010476132520406,
         0.29169217798612046,
         0.46586415020516875,
         0.46520538241592724
      ],
      [
         0.47306954980731497,
         0.5009462876765476,
         0.24737616386578215,
         0.41148440425436433,
         0.4916425770792226,
         0.42506032446889125,
         0.16807458755451868,
         0.6364100704850616,
         0.7040062925448713,
         0.1913345146472154,
         0.4713052282440128,
         0.2776816795178538,
         0.5612460124081953,
         0.26771419743834896,
         0.7082914324082341,
         0.19790059202294935,
         0.7660902934322071,
         0.4955926213970751,
         0.23614138834680676,
         0.7422690307941691,
         0.3019078913022311,
         0.7733100161792725,
         0.5561591944435416,
         0.671291707315175,
         0.6290171873324011,
         0.36321952268086233,
         0.2704818441933541,
         0.2909035332374429,
         0.22433538014840693,
         0.2843486855601261,
         0.23517788228191655,
         0.5711158836477996,
         0.7752050029355504,
         0.5594164936477545,
         0.4698798868373079,
         0.6426353863148482,
         0.5052519151519448,
         0.6675683630749305,
         0.7358158661929273,
         0.3804925849090722
      ],
      [
         0.5978231694108209,
         0.6255443459587597,
         0.20161184602588425,
         0.7279666532775686,
         0.35912067840420825,
         0.7284539021135807,
         0.2400069621429215,
         0.2448148312570838,
         0.27021996524851627,
         0.28794755362502045,
         0.6052629426540557,
         0.6550600120157388,
         0.6296201035273828,
         0.650225747762049,
         0.686145542119921,
         0.712510747461135,
         0.5136812263240026,
         0.551826919687799,
         0.5840430080119716,
         0.42132582346347297,
         0.6618357473864729,
         0.14800951368475315,
         0.38358356289034456,
         0.19258691998850785,
         0.2540959464804017,
         0.35070124436307976,
         0.7547405669577685,
         0.33352759969145185,
         0.6281528554131803,
         0.7004456697259576,
         0.2971645661081952,
         0.28293015864007554,
         0.48591935418885907,
         0.44372146250677563,
         0.6182397935381725,
         0.2514207323392615,
         0.3141351375635689,
         0.5623410159817531,
         0.2119583532301228,
         0.7618464906099147
      ],
      [
         0.6625655471172402,
         0.5178343972557611,
         0.6299394099942655,
         0.45557039768232127,
         0.35146862583948246,
         0.20457071338301147,
         0.1693297565552858,
         0.5701237940377459,
         0.45062037863175863,
         0.7813514754930715,
         0.7160865080160153,
         0.5421719330947559,
         0.6476788569004162,
         0.479774011485952,
         0.6601128050971774,
         0.7171216227089332,
         0.7022143091089752,
         0.5710560868264536,
         0.15254869773248078,
         0.4527900509410988,
         0.4579127101920645,
         0.6785630189224994,
         0.5378916627124686,
         0.6739667850104292,
         0.29946318199944116,
         0.2901687425739426,
         0.44451741174379916,
         0.6058271822721271,
         0.22433662660428577,
         0.3315082994696791,
         0.6648589461808776,
         0.7260514108722014,
         0.24504625489168155,
         0.27395023838062527,
         0.6981049291986572,
         0.5792470432863095,
         0.44571820296500697,
         0.37976815551605403,
         0.41384760050498315,
         0.3787277206791747
      ],
      [
         0.40911590554511706,
         0.1901689059365624,
         0.42231049326141873,
         0.47939232117839103,
         0.6041830014956047,
         0.3892237636056313,
         0.23866184494350196,
         0.6610297317388372,
         0.4639377283960166,
         0.25837307720165803,
         0.7404162154408234,
         0.2556952592300426,
         0.7393785679931701,
         0.228099558044155,
         0.41550061908308644,
         0.6213761136717357,
         0.6404507557205286,
         0.5122065677757222,
         0.7803613984352284,
         0.4449107918953479,
         0.5221357884988815,
         0.5126451947559023,
         0.3344286622321051,
         0.5290763989309453,
         0.5415711274675147,
         0.23937902479070994,
         0.6485886602949338,
         0.14229226291788685,
         0.736281654484455,
         0.4901246224526229,
         0.5504462222782284,
         0.7882597207637114,
         0.25881667654649154,
         0.6431996667154858,
         0.17930488496926056,
         0.4789950448365263,
         0.49112532805833,
         0.21428740204368452,
         0.7299498929686141,
         0.5391372413406623
      ],
      [
         0.3706273393775278,
         0.6619290264251161,
         0.3699975353344592,
         0.6902554898041209,
         0.7208357408585819,
         0.19803780794217646,
         0.40439462116510927,
         0.6503243446120124,
         0.4609507088935873,
         0.5262929267099381,
         0.48444724454968746,
         0.33440698749563763,
         0.19722833996343664,
         0.559519760472734,
         0.21870693593508325,
         0.4481586049637579,
         0.14177962104540437,
         0.7449090190954564,
         0.599566016351956,
         0.34411199787116115,
         0.37468276487936,
         0.5929620542347521,
         0.3738893553082176,
         0.36789064988716547,
         0.67705428980115,
         0.2896418758725186,
         0.47950532904149185,
         0.7542214460626226,
         0.27012146487293565,
         0.3890580651763739,
         0.16125537344100682,
         0.3329216599631398,
         0.7510850898269452,
         0.2541173465322206,
         0.5597607257373364,
         0.2971220102209954,
         0.4181579506151191,
         0.43189900034491313,
         0.7972393566670053,
         0.6141415725661136
      ],
      [
         0.5545485207312884,
         0.5953457789836775,
         0.6406138596480346,
         0.2065677103845137,
         0.35800338663216996,
         0.15946281676946722,
         0.6376661965268987,
         0.4869892612221634,
         0.6908896054851457,
         0.32556982400238954,
         0.6109913890708705,
         0.6501678170657323,
         0.4696115335715517,
         0.3206594896556809,
         0.2747362711024964,
         0.39885764225612824,
         0.6647447547845688,
         0.34052947553543167,
         0.4313562671211367,
         0.27902193870296904,
         0.5312751635775972,
         0.6247262838986587,
         0.5787490820934978,
         0.34551984006878456,
         0.36429274254693567,
         0.5491191700844573,
         0.15202259694197556,
         0.36422903051892963,
