{
   "worker_count": 10,
   "expertise_scores": [
      [
         0.792438276346469,
         0.1778060663575992,
         0.5884304034027531,
         0.5203687047469954,
         0.3720621697473038,
         0.6183106696787125,
         0.46232230990360096,
         0.4506016335776065,
         0.3524587808934237,
         0.7603217319351627
      ],
      [
         0.6593072077355275,
         0.488235440043799,
         0.45961804690932306,
         0.5177662906541884,
         0.5252364162628008,
         0.7742596371224615,
         0.7134848904303237,
         0.5723077438326251,
         0.7511336878831412,
         0.3322549118451641
      ],
      [
         0.6236747059234046,
         0.62943022434169,
         0.34832475248378186,
         0.4908229754625349,
         0.3715503391926259,
         0.4107882331301565,
         0.43750573392377157,
         0.4937707835302938,
         0.5842574475079989,
         0.6005709603993081
      ],
      [
         0.3425109506203777,
         0.4832006662426162,
         0.2427282605493497,
         0.630212833621314,
         0.5462353408629579,
         0.6776432042694525,
         0.306138852214716,
         0.3283990892835824,
         0.1733514210799239,
         0.2828747433130861
      ],
      [
         0.6709619920285208,
         0.35882992745439035,
         0.21001042114348278,
         0.5472534923036068,
         0.7410746244980253,
         0.4790078793661643,
         0.7598136590601652,
         0.18953502975147507,
         0.21928050699182638,
         0.22868942751730123
      ],
      [
         0.4644236867203067,
         0.765296708310087,
         0.40071319330558375,
         0.30700634281305655,
         0.30230730547773266,
         0.7256705663777248,
         0.7962648941226371,
         0.3171088279091984,
         0.5588804406017382,
         0.6820633080767367
      ],
      [
         0.4111616999331857,
         0.27039068314041326,
         0.5009513577142228,
         0.43270849862017435,
         0.427303553957227,
         0.5064345170165714,
         0.2605611221473933,
         0.3660487996205277,
         0.7923550413521889,
         0.45801442385870594
      ],
      [
         0.44215836438366385,
         0.752129890735197,
         0.7443894122399595,
         0.726583883033445,
         0.47752369578324455,
         0.2278361801441931,
         0.4060797889701723,
         0.3133389075967168,
         0.35384952824067273,
         0.31151687525922556
      ],
      [
         0.28058360631621926,
         0.40920036016040817,
         0.24086611070384178,
         0.6063774603104859,
         0.24775150461850057,
         0.489913529180442,
         0.5091955523743711,
         0.725055017703536,
         0.677221083343357,
         0.7577093380341571
      ],
      [
         0.2151562798125839,
         0.34115941155525487,
         0.2372687987283188,
         0.4709341191637755,
         0.1436236448505241,
         0.4486321799834612,
         0.7204121862795083,
         0.6117981598017919,
         0.5873220327943527,
         0.4331405784695125
      ]
   ],
   "mv_f1_micro": [
      0.9375,
      0.9791666666666666,
      0.8958333333333334,
      0.75,
      0.875,
      0.8958333333333334,
      0.8125,
      0.8541666666666666,
      0.8541666666666666,
      0.8541666666666666
   ],
   "mv_f1_macro": [
      0.9366728509585653,
      0.9794871794871796,
      0.8971088435374149,
      0.7498057498057499,
      0.8763867085295657,
      0.8956043956043956,
      0.8123515373515373,
      0.855259026687598,
      0.8513867085295657,
      0.8474858474858475
   ],
   "mv_f1_weighted": [
      0.9372474747474747,
      0.9790598290598291,
      0.8949652777777777,
      0.7494010619010618,
      0.8754139957264958,
      0.8975961538461538,
      0.812608861046361,
      0.8552197802197802,
      0.8512667887667887,
      0.8523212898212896
   ],
   "ct_f1_micro": [
      0.9791666666666666,
      1.0,
      0.875,
      0.8333333333333334,
      0.9375,
      0.9583333333333334,
      0.7708333333333333,
      0.8958333333333334,
      0.9166666666666666,
      0.8125
   ],
   "ct_f1_macro": [
      0.9774891774891775,
      1.0,
      0.8796520939378082,
      0.8287276449041155,
      0.939756671899529,
      0.9601648351648351,
      0.7457495119259825,
      0.8975405546834118,
      0.916588173731031,
      0.8139717425431711
   ],
   "ct_f1_weighted": [
      0.9789141414141413,
      1.0,
      0.8790387852887852,
      0.8286316930618401,
      0.9385016025641025,
      0.9593349358974358,
      0.7520267008318479,
      0.8970085470085469,
      0.9148504273504273,
      0.8135683760683761
   ],
   "gt": [
      2,
      2,
      2,
      2,
      2,
      2,
      2,
      3,
      3,
      3,
      3,
      3,
      3,
      3,
      5,
      5,
      5,
      5,
      5,
      5,
      5,
      4,
      4,
      4,
      4,
      4,
      4,
      4,
      6,
      6,
      6,
      6,
      6,
      6,
      6,
      0,
      0,
      0,
      0,
      0,
      0,
      1,
      1,
      1,
      1,
      1,
      1,
      1
   ],
   "em_f1_micro": [
      0.9583333333333334,
      0.9791666666666666,
      0.9166666666666666,
      0.7291666666666665,
      0.8333333333333334,
      0.9166666666666666,
      0.8541666666666666,
      0.875,
      0.9166666666666666,
      0.7291666666666665
   ],
   "em_f1_macro": [
      0.9556776556776557,
      0.9794871794871796,
      0.9184981684981686,
      0.7217794110651254,
      0.833281004709576,
      0.917778649921507,
      0.8532967032967033,
      0.87723704866562,
      0.9181580324437467,
      0.7289508110936681
   ],
   "em_f1_weighted": [
      0.9582264957264957,
      0.9790598290598291,
      0.9168002136752137,
      0.7257053710178711,
      0.8339743589743588,
      0.9176682692307692,
      0.8537126068376067,
      0.8776556776556775,
      0.9164529914529913,
      0.7313167735042736
   ]
}