{
   "worker_count": 20,
   "expertise_scores": [
      [
         0.5367483282469782,
         0.47581887363214104,
         0.7080766395940186,
         0.6829500013080823,
         0.41158915595613327,
         0.37984825571722947,
         0.44346679692550645,
         0.5547278472830584,
         0.7262735795363957,
         0.6726860740875202,
         0.4521876234792097,
         0.44529563797724697,
         0.7663246361322837,
         0.33204465992180954,
         0.6877844253019918,
         0.17073088555104554,
         0.16045435476025896,
         0.3324982410639225,
         0.30860728781479807,
         0.3773660128407621
      ],
      [
         0.26338713614198006,
         0.31218431302824445,
         0.24692717156861863,
         0.4742673064005679,
         0.22860864223659616,
         0.5200184003649723,
         0.3451875561795814,
         0.5488886221052993,
         0.28214713328731433,
         0.7236131385102367,
         0.48621225194042794,
         0.4695883379973957,
         0.5341681823152364,
         0.796029035793886,
         0.33751569522291053,
         0.6771903544912492,
         0.5124495897131534,
         0.30515964467378165,
         0.7869917016150194,
         0.43548987731154964
      ],
      [
         0.3744293144749967,
         0.6812027306541777,
         0.5387689097356878,
         0.6236775706984989,
         0.49005016516464933,
         0.32291115877728227,
         0.18704471833780764,
         0.2643966346514356,
         0.41849076453413847,
         0.25840888496776876,
         0.6770221632225182,
         0.20708611338751048,
         0.3187592603443399,
         0.49176670608249407,
         0.5054935149731163,
         0.28710569635776295,
         0.3343231078719321,
         0.5093770839206606,
         0.788078028368939,
         0.32817267145305484
      ],
      [
         0.3149616247094796,
         0.29597580323478995,
         0.5504188278877531,
         0.49450701527967367,
         0.25743980720585913,
         0.5413491443020985,
         0.14501731579068303,
         0.33560593831554336,
         0.27664206339667596,
         0.18130130694501823,
         0.29016605344091684,
         0.4703301795658913,
         0.22085596267584753,
         0.5167734449135356,
         0.15130219669115194,
         0.2028327122057232,
         0.5832650625244162,
         0.47546704602056333,
         0.6246589609915942,
         0.4819763465816973
      ],
      [
         0.7728282198176204,
         0.7388710629129989,
         0.7448518071272172,
         0.2656374408218733,
         0.590149219013029,
         0.7641786550018059,
         0.709530691394632,
         0.3084904830502593,
         0.14662186243169856,
         0.6764923481540335,
         0.6313539424804185,
         0.20253389377064013,
         0.7463233044882636,
         0.6622710832991561,
         0.6341902964017614,
         0.7741706884715103,
         0.7685962778155087,
         0.285318755705997,
         0.573837116431861,
         0.7131757050427945
      ],
      [
         0.38194634488419366,
         0.6937736234325109,
         0.16011487086082846,
         0.6803361528442278,
         0.20665210785165675,
         0.19877376892906057,
         0.67010622921223,
         0.6332524364720664,
         0.23124159749035833,
         0.29810722464065814,
         0.6134885570495806,
         0.35369516426712366,
         0.6887969496519537,
         0.7759084009227275,
         0.17492742346200044,
         0.3860601429562286,
         0.3034326247456116,
         0.5240575782031167,
         0.7955785909764741,
         0.1781717022665985
      ],
      [
         0.6483681012011437,
         0.5401274175672981,
         0.7439994198893642,
         0.3482576378719579,
         0.7322362809349392,
         0.734341449680407,
         0.7279596787482601,
         0.420117697644244,
         0.3923443497404,
         0.3229101477788646,
         0.6395789408379962,
         0.15283182232834916,
         0.3721390726044748,
         0.5499202238864775,
         0.7650983351492184,
         0.3863604398895032,
         0.5706891971383092,
         0.3349946198403496,
         0.3032057126150901,
         0.3916372727189082
      ],
      [
         0.5156716652933303,
         0.328367497569964,
         0.35103799039686645,
         0.63858762735493,
         0.3418033398514219,
         0.1991986511428145,
         0.6129738242128213,
         0.74343086114974,
         0.19116591999312083,
         0.3287983870287307,
         0.23127876785324009,
         0.2797413975719414,
         0.7404540546156242,
         0.5698582632814856,
         0.4201540950294344,
         0.5846932314677495,
         0.5289619288601447,
         0.7947617085755971,
         0.46846886049451014,
         0.6049801076795953
      ],
      [
         0.22810053310817685,
         0.4967730974520265,
         0.4495891279486142,
         0.5114116887101801,
         0.16269656471301397,
         0.3613195673314037,
         0.3805025181228432,
         0.6915971032426551,
         0.25164736613647487,
         0.3436486558657833,
         0.3834838730717929,
         0.6483479949017852,
         0.7779354761100976,
         0.4437934225302377,
         0.6516472625064771,
         0.6002010813572676,
         0.7687967427291058,
         0.2676070430420273,
         0.5196180042970225,
         0.7194053657948836
      ],
      [
         0.47939078367546445,
         0.6262591077933883,
         0.2287219342255718,
         0.46020667198114973,
         0.5867383463821996,
         0.4084642873607219,
         0.2550785015321734,
         0.35302133462282836,
         0.5639084377559257,
         0.39034446279264706,
         0.34049456295522396,
         0.22682023601617385,
         0.4395734521014309,
         0.2401339883699779,
         0.6788699878627931,
         0.3345079993401622,
         0.4376392463805203,
         0.20003209127116095,
         0.7269244507096306,
         0.20035738105667417
      ]
   ],
   "mv_f1_micro": [
      1.0,
      0.9791666666666666,
      0.9583333333333334,
      0.8541666666666666,
      1.0,
      1.0,
      1.0,
      0.9791666666666666,
      1.0,
      0.8958333333333334
   ],
   "mv_f1_macro": [
      1.0,
      0.9794871794871796,
      0.956976356976357,
      0.8549973835688122,
      1.0,
      1.0,
      1.0,
      0.9794871794871794,
      1.0,
      0.8954343275771847
   ],
   "mv_f1_weighted": [
      1.0,
      0.979059829059829,
      0.9579739704739705,
      0.8554487179487179,
      1.0,
      1.0,
      1.0,
      0.979059829059829,
      1.0,
      0.8948584401709402
   ],
   "ct_f1_micro": [
      1.0,
      0.9791666666666666,
      0.9375,
      0.9583333333333334,
      1.0,
      1.0,
      1.0,
      1.0,
      1.0,
      0.8958333333333334
   ],
   "ct_f1_macro": [
      1.0,
      0.9794871794871794,
      0.9376540126540126,
      0.9590790162218734,
      1.0,
      1.0,
      1.0,
      1.0,
      1.0,
      0.8975405546834118
   ],
   "ct_f1_weighted": [
      1.0,
      0.979059829059829,
      0.9382490773115771,
      0.9582264957264957,
      1.0,
      1.0,
      1.0,
      1.0,
      1.0,
      0.8970085470085469
   ],
   "gt": [
      2,
      2,
      2,
      2,
      2,
      2,
      2,
      3,
      3,
      3,
      3,
      3,
      3,
      3,
      5,
      5,
      5,
      5,
      5,
      5,
      5,
      4,
      4,
      4,
      4,
      4,
      4,
      4,
      6,
      6,
      6,
      6,
      6,
      6,
      6,
      0,
      0,
      0,
      0,
      0,
      0,
      1,
      1,
      1,
      1,
      1,
      1,
      1
   ],
   "em_f1_micro": [
      1.0,
      1.0,
      0.9791666666666666,
      0.8333333333333334,
      1.0,
      1.0,
      1.0,
      1.0,
      1.0,
      0.875
   ],