{
   "worker_count": 13,
   "expertise_scores": [
      [
         0.5810695720651761,
         0.42988401157636996,
         0.4561984202310349,
         0.7148997369556156,
         0.36936083827951444,
         0.6559282701382727,
         0.20236514646580986,
         0.34230024034753254,
         0.27736440254348294,
         0.45446412425337196,
         0.6439923517397899,
         0.1512760047090942,
         0.5200123739392917
      ],
      [
         0.2951653537015305,
         0.5610059281264466,
         0.31433437063577935,
         0.43193979975644126,
         0.14676928558569888,
         0.14892456449650932,
         0.296387360860004,
         0.5032583023983299,
         0.605800332807259,
         0.34148091777534395,
         0.7708204353753862,
         0.5790309446611528,
         0.7990305363689556
      ],
      [
         0.6309331804389011,
         0.28494427263170696,
         0.371217328872397,
         0.6821530646220118,
         0.24040852266987162,
         0.6583116616878926,
         0.38138462643292914,
         0.4735583985057988,
         0.360415980180662,
         0.40798613713648507,
         0.5789202513323876,
         0.5199841499304942,
         0.2181660421342015
      ],
      [
         0.48188623080863036,
         0.49830248740524286,
         0.7933732258374526,
         0.6363595015421601,
         0.36573970129838784,
         0.15916817051167884,
         0.6981553485129073,
         0.538272947773174,
         0.5022513921302978,
         0.25018789342401543,
         0.6655432951037961,
         0.28002159739162186,
         0.2797938596747408
      ],
      [
         0.6042821863181091,
         0.34774605551857907,
         0.32022982868375943,
         0.23546801306236032,
         0.721082350820643,
         0.29109355553212635,
         0.6596179709317955,
         0.19706970790539277,
         0.35189254940510595,
         0.6812923823515096,
         0.4927318835078733,
         0.6615807180152908,
         0.6757280470624756
      ],
      [
         0.6810006142294311,
         0.329806643917976,
         0.3307979420592333,
         0.6286258892120937,
         0.5126769238558468,
         0.7447596544624868,
         0.31388430096967124,
         0.47744197554840057,
         0.5491405207982631,
         0.1395232974681916,
         0.7840582434757644,
         0.6638656299604517,
         0.41609736164522027
      ],
      [
         0.483127979773711,
         0.7058380061460401,
         0.4916545844215389,
         0.4280940875595039,
         0.37598145747205713,
         0.6728011167660708,
         0.16954724313610015,
         0.6956964913811436,
         0.24949989314572962,
         0.6952305987734373,
         0.20350294691293475,
         0.7164834144533396,
         0.32782178612661034
      ],
      [
         0.5578188913335311,
         0.18182463551225392,
         0.7837985173292288,
         0.5679930177747812,
         0.17849711046716465,
         0.352913575638764,
         0.7852397155218731,
         0.16108508570873908,
         0.6590777236662633,
         0.5207105175088829,
         0.673399928567463,
         0.6684569407123324,
         0.46866875752555454
      ],
      [
         0.16962576481730568,
         0.14473850751398945,
         0.7710814160555426,
         0.23472321121153678,
         0.7718900326400702,
         0.318668967794963,
         0.488381959024025,
         0.6346486819329907,
         0.5023538094954196,
         0.3664566111190055,
         0.13899901458820066,
         0.7277845711246667,
         0.1420670370834967
      ],
      [
         0.40958179976627407,
         0.7197954405827698,
         0.5673447215660026,
         0.799316550819791,
         0.69962373862136,
         0.6696118468365662,
         0.4901577339522684,
         0.5875467095015411,
         0.7363011890431093,
         0.5924081517190132,
         0.2845336849073321,
         0.16743884681276758,
         0.6168876357716719
      ]
   ],
   "mv_f1_micro": [
      0.9166666666666666,
      0.9166666666666666,
      0.9583333333333334,
      0.9375,
      0.9791666666666666,
      0.9583333333333334,
      0.9791666666666666,
      0.9791666666666666,
      0.875,
      1.0
   ],
   "mv_f1_macro": [
      0.9114599686028259,
      0.9174805586570293,
      0.9556776556776557,
      0.9364635364635364,
      0.9774891774891775,
      0.9590790162218735,
      0.9794871794871796,
      0.9794871794871796,
      0.8712585034013606,
      1.0
   ],
   "mv_f1_weighted": [
      0.9137820512820513,
      0.91765534302299,
      0.9582264957264957,
      0.9370337995337995,
      0.9789141414141413,
      0.9582264957264957,
      0.9790598290598291,
      0.979059829059829,
      0.8720486111111111,
      1.0
   ],
   "ct_f1_micro": [
      0.9166666666666666,
      0.9583333333333334,
      0.8958333333333334,
      1.0,
      1.0,
      0.9791666666666666,
      0.9166666666666666,
      0.9791666666666666,
      0.9375,
      0.9791666666666666
   ],
   "ct_f1_macro": [
      0.91156462585034,
      0.9601648351648351,
      0.8903061224489794,
      1.0,
      1.0,
      0.9794871794871796,
      0.9224664224664225,
      0.9794871794871796,
      0.9386708529565672,
      0.9794871794871796
   ],
   "ct_f1_weighted": [
      0.9138888888888889,
      0.9593349358974358,
      0.8949652777777778,
      1.0,
      1.0,
      0.979059829059829,
      0.9208511396011395,
      0.979059829059829,
      0.9373931623931623,
      0.979059829059829
   ],
   "gt": [
      2,
      2,
      2,
      2,
      2,
      2,
      2,
      3,
      3,
      3,
      3,
      3,
      3,
      3,
      5,
      5,
      5,
      5,
      5,
      5,
      5,
      4,
      4,
      4,
      4,
      4,
      4,
      4,
      6,
      6,
      6,
      6,
      6,
      6,
      6,
      0,
      0,
      0,
      0,
      0,
      0,
      1,
      1,
      1,
      1,
      1,
      1,
      1
   ],
   "em_f1_micro": [
      0.8958333333333334,
      0.9583333333333334,
      0.9583333333333334,
      0.9375,
      0.9583333333333334,
      0.9791666666666666,
      0.9166666666666666,
      0.9791666666666666,
      0.875,
      1.0
   ],
   "em_f1_macro": [
      0.8901860044717188,
      0.956976356976357,
      0.9556776556776557,
      0.9364635364635364,
      0.9569763569763571,
      0.9794871794871796,
      0.9158424908424909,
      0.9794871794871796,
      0.8758503401360543,
      1.0
   ],
   "em_f1_weighted": [
      0.893580031080031,
      0.9579739704739704,
      0.9582264957264957,
      0.9370337995337995,
      0.9579739704739704,
      0.979059829059829,
      0.9156917735042734,
      0.979059829059829,
      0.873263888888889,
      1.0
   ]
}