{
   "worker_count": 15,
   "expertise_scores": [
      [
         0.5412808571022885,
         0.281593714391516,
         0.3700861542626157,
         0.18260625717696072,
         0.7763890240105731,
         0.42975139007981816,
         0.3180576610950443,
         0.5865198739759016,
         0.35538469881590573,
         0.2747772937609063,
         0.2580575325851177,
         0.41984875787205583,
         0.7245049524257312,
         0.6197329015194761,
         0.5047101018412328
      ],
      [
         0.5099484468267106,
         0.1945318593607957,
         0.25211533284896287,
         0.7363994004677765,
         0.4455700122899244,
         0.22060231518072498,
         0.771335451161933,
         0.7413569108268316,
         0.39989471748196137,
         0.568721131723223,
         0.3255794398332978,
         0.40353600297891495,
         0.40718951811373283,
         0.18087985641570312,
         0.31675218465505084
      ],
      [
         0.20775224776489395,
         0.29884000744117467,
         0.31282600266235583,
         0.5443139588538701,
         0.14146562868996776,
         0.26900391504356114,
         0.30848684083612143,
         0.6255186265159096,
         0.14346596425020797,
         0.7098901689848756,
         0.7246877375675838,
         0.17874499738238764,
         0.5527436614923633,
         0.5035505790825927,
         0.586219589796555
      ],
      [
         0.620696197726595,
         0.2524829147051155,
         0.7116271074464733,
         0.5814319581844709,
         0.48118665229651814,
         0.6312211630660789,
         0.552805249763344,
         0.22244433272909303,
         0.37041516267084673,
         0.48400405648066136,
         0.5300703617708202,
         0.6074937653490096,
         0.7108059329935563,
         0.6400537643336004,
         0.144721487107833
      ],
      [
         0.4935142316727316,
         0.2105666159423191,
         0.22272533116969412,
         0.45120171406198445,
         0.4858916964274906,
         0.2489595629970431,
         0.6822882594681126,
         0.5121868829383005,
         0.73983241312923,
         0.4921630250352237,
         0.792373518504289,
         0.1938075921541577,
         0.5552467347728849,
         0.3177523854472039,
         0.5689708042139718
      ],
      [
         0.49653410443579393,
         0.15193775905530693,
         0.15684945434678896,
         0.2114646175948908,
         0.1875096774750153,
         0.5431645890008985,
         0.5731769386510392,
         0.6146213261986397,
         0.4304064988420533,
         0.3534577481639924,
         0.4878299818764045,
         0.30351096231539687,
         0.7547496323470166,
         0.35495210867316074,
         0.2904943802962163
      ],
      [
         0.6807072491672899,
         0.3737159378561209,
         0.21546023525652377,
         0.6033461682261243,
         0.6991479832225713,
         0.26794207038334267,
         0.7351510067625819,
         0.2479523744214674,
         0.17965006545886666,
         0.46052727372870234,
         0.6763979042289592,
         0.5569979641777904,
         0.2616246094314673,
         0.3749639867056752,
         0.6756521898978569
      ],
      [
         0.26183887971623326,
         0.34551579260819043,
         0.6870324743361444,
         0.48746977650710527,
         0.700916349836531,
         0.19265029435208436,
         0.4902633746996043,
         0.34173168897302925,
         0.47102030541507744,
         0.286025387929979,
         0.6089551724124034,
         0.4135361262074192,
         0.30945803741887745,
         0.46938628954295963,
         0.7482438084068284
      ],
      [
         0.5268823072769797,
         0.7086881653087895,
         0.2968130387265653,
         0.2079694672372962,
         0.6684184744122244,
         0.6387253443356622,
         0.2399903625651872,
         0.4939696216791745,
         0.29769011632427356,
         0.530250903737147,
         0.25545817365270224,
         0.26013840928827087,
         0.3011738558188914,
         0.16527264168345684,
         0.5825946125811563
      ],
      [
         0.31758952252473405,
         0.45799410620928205,
         0.6565032531050332,
         0.18540704501328353,
         0.20559031818041232,
         0.4991748417840866,
         0.542793314316274,
         0.5315378471711549,
         0.2009555640842825,
         0.49184100382902046,
         0.16402457918402,
         0.23430118452964532,
         0.26121594194352826,
         0.3865647719641148,
         0.2580288064220471
      ]
   ],
   "mv_f1_micro": [
      0.9375,
      0.8958333333333334,
      0.8541666666666666,
      0.9583333333333334,
      0.9583333333333334,
      0.8958333333333334,
      0.9166666666666666,
      0.9375,
      0.875,
      0.8541666666666666
   ],
   "mv_f1_macro": [
      0.9355311355311355,
      0.8954378954378954,
      0.8549973835688122,
      0.9570810142238714,
      0.9556776556776557,
      0.8984729556158128,
      0.9131868131868132,
      0.9365681937110509,
      0.8751308215593928,
      0.855259026687598
   ],
   "mv_f1_weighted": [
      0.9357905982905983,
      0.8951534576534576,
      0.8554487179487179,
      0.958080808080808,
      0.9582264957264957,
      0.8982517482517482,
      0.9161858974358975,
      0.9371406371406371,
      0.8741319444444445,
      0.8538461538461538
   ],
   "ct_f1_micro": [
      0.9791666666666666,
      0.9583333333333334,
      0.8958333333333334,
      0.9791666666666666,
      1.0,
      0.9166666666666666,
      0.9791666666666666,
      0.9166666666666666,
      0.9166666666666666,
      0.8958333333333334
   ],
   "ct_f1_macro": [
      0.9780219780219781,
      0.9601648351648352,
      0.8937728937728938,
      0.9774891774891775,
      1.0,
      0.9175205746634318,
      0.9774891774891774,
      0.9175205746634318,
      0.917778649921507,
      0.894139194139194
   ],
   "ct_f1_weighted": [
      0.9791666666666666,
      0.9593349358974358,
      0.8931623931623931,
      0.9789141414141413,
      1.0,
      0.9176961926961926,
      0.9789141414141413,
      0.9176961926961926,
      0.9190418956043955,
      0.8935363247863247
   ],
   "gt": [
      2,
      2,
      2,
      2,
      2,
      2,
      2,
      3,
      3,
      3,
      3,
      3,
      3,
      3,
      5,
      5,
      5,
      5,
      5,
      5,
      5,
      4,
      4,
      4,
      4,
      4,
      4,
      4,
      6,
      6,
      6,
      6,
      6,
      6,
      6,
      0,
      0,
      0,
      0,
      0,
      0,
      1,
      1,
      1,
      1,
      1,
      1,
      1
   ],
   "em_f1_micro": [
      0.9583333333333334,
      0.9375,
      0.8541666666666666,
      0.9791666666666666,
      0.9791666666666666,
      0.875,
      0.9375,
      0.9375,
      0.9166666666666666,
      0.8958333333333334
   ],
   "em_f1_macro": [
      0.9590790162218734,
      0.9400313971742541,
      0.851753008895866,
      0.9794871794871796,
      0.9780219780219781,
      0.8767042481328196,
      0.9355311355311355,
      0.9364635364635365,
      0.9166928309785453,
      0.8906343656343657
   ],
   "em_f1_weighted": [
      0.9582264957264957,
      0.9387820512820513,
      0.8521367521367521,
      0.979059829059829,
      0.9791666666666666,
      0.876029526029526,
      0.9389957264957265,
      0.9370337995337995,
      0.9179334554334554,
      0.8902498543123544
   ]
}