{
   "worker_count": 30,
   "expertise_scores": [
      [
         0.48462549646712133,
         0.5358174927511098,
         0.36806618326508933,
         0.47842091880630067,
         0.6518600660796832,
         0.651169865720129,
         0.34601773183806567,
         0.3897764727619383,
         0.5832042802814327,
         0.5035040053397024,
         0.6533227556842209,
         0.4301769629986253,
         0.2763507837537214,
         0.19700303457470397,
         0.17063513712551376,
         0.2333313631524153,
         0.5497486610070228,
         0.6632692839192964,
         0.261195812425457,
         0.412433644140905,
         0.3177738913813929,
         0.18037729950526166,
         0.7135155465824881,
         0.6480314516392491,
         0.27245026261082317,
         0.7724046851756159,
         0.21512399182871533,
         0.24069200873996952,
         0.6470717600303555,
         0.25776356566780956
      ],
      [
         0.3231510939484792,
         0.5449039555826475,
         0.6063918208045065,
         0.6166603553717838,
         0.5387621474393933,
         0.593856911362791,
         0.512090208964034,
         0.47547172927036035,
         0.526346668638314,
         0.7832371313681032,
         0.28055704402360293,
         0.7473408055140578,
         0.1987402487057575,
         0.25295959029040777,
         0.4224002099707688,
         0.46211100803443567,
         0.14912458028297093,
         0.331460013825352,
         0.16537669638880298,
         0.3129045442653642,
         0.1800272779362291,
         0.15864382474459082,
         0.33794415075982476,
         0.5132080510497634,
         0.6012899539213643,
         0.42297730764377683,
         0.5222581660113467,
         0.654575368075444,
         0.2929269523517679,
         0.5954323861049642
      ],
      [
         0.18753694059160073,
         0.559897069379333,
         0.24354494952531217,
         0.30237514077194233,
         0.42724695729575357,
         0.15119846665443812,
         0.22122309064669085,
         0.41826330829362796,
         0.4788747910859174,
         0.24430747792683208,
         0.42231472210167553,
         0.4725564675443975,
         0.6992687186733795,
         0.6163399969348405,
         0.6335976466090534,
         0.16361650475206302,
         0.659212420550092,
         0.6729228759896542,
         0.31954179385817394,
         0.36831095806266123,
         0.24812391905628978,
         0.5303410598359426,
         0.18814746874196697,
         0.6811525963202156,
         0.4454131078535405,
         0.26408950996549646,
         0.26964434354377154,
         0.36441165772558864,
         0.3319626587041411,
         0.6730897530792861
      ],
      [
         0.7295478684592804,
         0.23398570524516457,
         0.37729796895131423,
         0.6723207416560097,
         0.6673292190119064,
         0.3355433368178974,
         0.14876376548140927,
         0.7245414128704848,
         0.5969390022235634,
         0.3344984081898721,
         0.5976616768577715,
         0.49277369373190966,
         0.33647242384898945,
         0.6709567570976491,
         0.7177064855091551,
         0.2508870115681217,
         0.2674560807375568,
         0.701567469560717,
         0.6535073230870916,
         0.2364066321013526,
         0.23839073115126733,
         0.2068355128678259,
         0.544579246447912,
         0.497604455894828,
         0.5302846650173729,
         0.4328328244148654,
         0.2074857177143346,
         0.4266598488477467,
         0.6947767550079211,
         0.37598174132768547
      ],
      [
         0.35895757563971853,
         0.32715560649473663,
         0.5457101792960004,
         0.31097611905926303,
         0.39295928974519234,
         0.594775165758644,
         0.522711875622493,
         0.4661873732234672,
         0.6933398072174533,
         0.6025120936174543,
         0.6684205433331505,
         0.41785604404497356,
         0.4273065969105231,
         0.44074058639856367,
         0.659062919919227,
         0.4623897909217657,
         0.20326127055486015,
         0.5084793496074004,
         0.42097362937944105,
         0.6828601202422382,
         0.253135597210185,
         0.15608659156259674,
         0.371426118891563,
         0.15732973085496152,
         0.18935748541533087,
         0.3637513966146785,
         0.18762309613853442,
         0.45952904794301247,
         0.4536110715831779,
         0.7718041429799276
      ],
      [
         0.621367690663073,
         0.13997175172950904,
         0.43675814565682847,
         0.5901209073566198,
         0.453664161259349,
         0.21492180021294222,
         0.38927653185488,
         0.2764394217039704,
         0.6648194520832351,
         0.6842246022250151,
         0.5681665172239886,
         0.6474531124967824,
         0.7594874129769029,
         0.41777597943141803,
         0.6601034309564626,
         0.6323764241967054,
         0.5906283734048415,
         0.18138189883128678,
         0.20730885247359548,
         0.21709593935398727,
         0.14787420210348348,
         0.48367564689302284,
         0.21056785199982875,
         0.41788944562946506,
         0.23950611581459544,
         0.37306161264598403,
         0.4709351834363243,
         0.45971808864497826,
         0.7632563942666646,
         0.6641860438314451
      ],
      [
         0.4923265247569734,
         0.5587402224806003,
         0.20670238849533012,
         0.28203874859347755,
         0.3973242452696031,
         0.5242989204564347,
         0.627620471989881,
         0.4700208788089903,
         0.17672942642626105,
         0.6977525941843441,
         0.17766764468793872,
         0.23736784446134163,
         0.5009628197184525,
         0.562253113294769,
         0.6603515394973833,
         0.4326709090560569,
         0.45861947704900075,
         0.6282096596985814,
         0.28783449309318326,
         0.6557016811475544,
         0.2636627452627917,
         0.3641678629025822,
         0.43921315116163084,
         0.14153406687721354,
         0.47602856239725966,
         0.7873111804997059,
         0.25288728471426525,
         0.23267503452163568,
         0.3354121599370302,
         0.5394391263216475
      ],
      [
         0.19349772294193782,
         0.6829195565565092,
         0.3990031864865669,
         0.186755110845774,
         0.512425705914852,
         0.15171075647697996,
         0.2710224986281083,
         0.6688928308246964,
         0.1411693437905407,
         0.3574378849449142,
         0.4622661574255551,
         0.474845623095095,
         0.24764089599071434,
         0.2974313591947739,
         0.6436179942876492,
         0.40804902446275026,
         0.5770630851986132,
         0.5523951327495249,
         0.27119540365962724,
         0.7878124069952857,
         0.7584279830492748,
         0.2712834628700358,
         0.33705077042187903,
         0.5118409585158498,
         0.1859538503148977,
         0.44955652752664665,
         0.34701006397481526,
         0.3534618151547401,
         0.2809982211428867,
         0.4572638330527507
      ],
      [
         0.37792531260474427,
         0.4182102421726766,
         0.5546180394779647,
         0.24277033872087483,
         0.2932342212796528,
         0.35511080006609064,
         0.18365646990703324,
         0.256022690741016,
         0.7725633699664713,
         0.3757743980688396,
         0.5277469713616318,
         0.5988630206419014,
         0.33231551883756805,
         0.5674796890763321,
         0.18903968880313862,
         0.7947745035424456,
         0.6013097066896642,
         0.6791844885915668,
         0.3319690532658666,
         0.6632210295942558,
         0.5703880959141105,
         0.4646093057181819,
         0.44779175464109827,
         0.21868049175517923,
         0.21312714764624946,
         0.26486582243345136,
