{
   "worker_count": 15,
   "expertise_scores": [
      [
         0.6785573053483516,
         0.6057680826963026,
         0.6530021508830746,
         0.5529119534825054,
         0.6017223503704766,
         0.6683022483114323,
         0.729028914890893,
         0.5885431029717494,
         0.7921261248291722,
         0.5902840642929902,
         0.5090705691502939,
         0.6152983233389699,
         0.6541939380088604,
         0.5818467307051686,
         0.614944266626317
      ],
      [
         0.7895484287596272,
         0.5444046073181881,
         0.5795056404877051,
         0.6589879444356661,
         0.6124621367547416,
         0.7377658482100826,
         0.5206475256871552,
         0.6098026487348964,
         0.6674145103487424,
         0.5325650092146872,
         0.6669508867860066,
         0.6347087997108127,
         0.7546571050329476,
         0.6174964185208603,
         0.5779355289495426
      ],
      [
         0.55612968657746,
         0.48547165977592455,
         0.6385112970007831,
         0.5719856569298161,
         0.6223236349632395,
         0.5194185350416631,
         0.62360504250003,
         0.6789178142577333,
         0.7355784938791067,
         0.7931502463283988,
         0.5046268982724744,
         0.776872190785357,
         0.6528935667856743,
         0.7357868668488566,
         0.7332666291324427
      ],
      [
         0.751317191543836,
         0.682659105773832,
         0.7732488496857861,
         0.500735377385856,
         0.6007145161653219,
         0.6206115278378851,
         0.6546646749863244,
         0.7392052094047756,
         0.6616589836637072,
         0.6804491444889771,
         0.6938679322103845,
         0.49843296768444056,
         0.6548866920083901,
         0.7762547541391532,
         0.785760828511441
      ],
      [
         0.7383569957577909,
         0.7126949028992163,
         0.5528276966562137,
         0.6052180210279374,
         0.6897135193919588,
         0.49802507370150945,
         0.6324610052547965,
         0.48847613490141273,
         0.525563160972755,
         0.6349548233818456,
         0.7428732259173528,
         0.626094844608979,
         0.7294644002957827,
         0.5989360717133808,
         0.7137195318104284
      ],
      [
         0.7489737338535911,
         0.6124895676539486,
         0.6787300374366417,
         0.691887253727719,
         0.6628541579765796,
         0.5846068796519576,
         0.6834303376983106,
         0.7570334595230492,
         0.6697246853901573,
         0.6357390275397383,
         0.48641140130575,
         0.7896460894750446,
         0.5075644864463362,
         0.5874007634827644,
         0.57066093231988
      ],
      [
         0.5895618615421334,
         0.7766802279473124,
         0.7122193482780569,
         0.7677098787723737,
         0.7951511831566618,
         0.7608312563010793,
         0.7981438442409725,
         0.7198696987556531,
         0.759110459641816,
         0.4871333506429061,
         0.7076245047185197,
         0.7601605347964875,
         0.5786719299798001,
         0.5932807824588517,
         0.7938728106578443
      ],
      [
         0.6662744902500787,
         0.6413121334759738,
         0.5258418013282253,
         0.6702236767403746,
         0.7622487915288011,
         0.6915524676877307,
         0.7906853993696963,
         0.6049453257352104,
         0.48296829876428304,
         0.7157917680426896,
         0.7302243288930401,
         0.7260398785624785,
         0.5592555429401971,
         0.5049001818681301,
         0.5434860216809552
      ],
      [
         0.6539151519241048,
         0.48823615709333346,
         0.6765277199627023,
         0.6110122822846892,
         0.566480632363637,
         0.5659390631087449,
         0.6194393966228291,
         0.4861862058285378,
         0.5674822432045408,
         0.5020732877918197,
         0.7165821827484616,
         0.7971824833539467,
         0.791932323585522,
         0.7080838650417044,
         0.79640280984518
      ],
      [
         0.6596441933227715,
         0.5873989949539812,
         0.6481146583288847,
         0.6944960872184045,
         0.7173376071110016,
         0.6136944659177741,
         0.5590550043848026,
         0.7478001542548418,
         0.6071032651796257,
         0.5964603015381772,
         0.6124023595106963,
         0.6135609692653038,
         0.7179452907301075,
         0.5535036071668654,
         0.5556121510042102
      ]
   ],
   "mv_f1_micro": [
      0.88,
      0.848,
      0.864,
      0.904,
      0.872,
      0.88,
      0.968,
      0.8399999999999999,
      0.864,
      0.88
   ],
   "mv_f1_macro": [
      0.8704126062616628,
      0.8411264967556358,
      0.858794604292644,
      0.8999999999999999,
      0.8666666666666667,
      0.8745735500702387,
      0.9659028914348065,
      0.8353530031612224,
      0.856815578465063,
      0.8745735500702387
   ],
   "mv_f1_weighted": [
      0.8791540534936761,
      0.849321827546993,
      0.8655182404146454,
      0.9049599999999999,
      0.8732800000000001,
      0.8810435480634156,
      0.968,
      0.8422128556375132,
      0.8647697594501718,
      0.8810435480634156
   ],
   "ct_f1_micro": [
      0.88,
      0.848,
      0.872,
      0.904,
      0.88,
      0.88,
      0.968,
      0.8399999999999999,
      0.864,
      0.88
   ],
   "ct_f1_macro": [
      0.8704126062616628,
      0.8411264967556358,
      0.8666666666666667,
      0.8999999999999999,
      0.8745735500702387,
      0.8745735500702387,
      0.9659028914348065,
      0.8353530031612224,
      0.856815578465063,
      0.8745735500702387
   ],
   "ct_f1_weighted": [
      0.8791540534936761,
      0.849321827546993,
      0.8732800000000001,
      0.9049599999999999,
      0.8810435480634156,
      0.8810435480634156,
      0.968,
      0.8422128556375132,
      0.8647697594501718,
      0.8810435480634156
   ],
   "gt": [
      0,
      0,
      0,
      0,
      0,
      0,
      0,
      0,
      0,
      0,
      0,
      0,
      0,
      0,
      0,
      0,
      0,
      0,
      0,
      0,
      0,
      0,
      0,
      0,
      0,
      0,
      0,
      0,
      0,
      0,
      0,
      0,
      0,
      0,
      0,
      0,
      0,
      0,
      0,
      0,
      0,
      0,
      0,
      0,
      0,
      0,
      0,
      1,
      1,
      1,
      1,
      1,
      1,
      1,
      1,
      1,
      1,
      1,
      1,
      1,
      1,
      1,
      1,
      1,
      1,
      1,
      1,
      1,
      1,
      1,
      1,
      1,
      1,
      1,
      1,
      1,
      1,
      1,
      1,
      1,
      1,
      1,
      1,
      1,
      1,
      1,
      1,
      1,
      1,
      1,
      1,
      1,
      1,
      1,
      1,
      1,
      1,
      1,
      1,
      1,
      1,
      1,
      1,
      1,
      1,
      1,
      1,
      1,
      1,
      1,
      1,
      1,
      1,
      1,
      1,
      1,
      1,
      1,
      1,
      1,
      1,
      1,
      1,
      1,
      1
   ],
   "em_f1_micro": [
      0.832,
      0.904,
      0.888,
      0.952,
      0.888,
      0.872,
      0.968,
      0.88,
      0.912,
      0.856
   ],
   "em_f1_macro": [
      0.8231251263391954,
      0.8968079251513484,
      0.8784722222222222,
      0.9479166666666666,
      0.8796092460099064,
      0.8701298701298702,
      0.9656026417171162,
      0.8745735500702387,
      0.9008008080225092,
      0.8366724738675958
   ],
   "em_f1_weighted": [
      0.8329508793208004,
      0.9035641166758394,
      0.8869111111111111,
      0.9515333333333333,
      0.8874914694551458,
      0.8739948051948052,
      0.9678547055586132,
      0.8810435480634156,
      0.9090668782916096,
      0.8506062717770034
   ]
}