{
   "worker_count": 18,
   "expertise_scores": [
      [
         0.7830472981642023,
         0.6992688172723509,
         0.7606865647946233,
         0.6161094346195874,
         0.6324016420629652,
         0.6109003480727806,
         0.7206216590921171,
         0.7925658066930567,
         0.49351777035988537,
         0.5704479006266364,
         0.7640398533904262,
         0.7378006562884931,
         0.7607409118926051,
         0.757703149490033,
         0.7750734171706075,
         0.5162272776875524,
         0.7278321397356131,
         0.6533840399775989
      ],
      [
         0.5838722357840935,
         0.728225545705569,
         0.7208672424607044,
         0.5387142936853053,
         0.7765666449515705,
         0.5493733443994737,
         0.6458452817830038,
         0.740143181108385,
         0.5238217394858478,
         0.6239135335082477,
         0.686135498914238,
         0.7587939521214825,
         0.6956038845917216,
         0.615247537069957,
         0.5761740224153133,
         0.7753351687655383,
         0.5200205839314161,
         0.6880774567522946
      ],
      [
         0.6282077306694022,
         0.5236388725970551,
         0.6050051687839338,
         0.5693363525349503,
         0.60962983085141,
         0.7630919147972572,
         0.503796846840249,
         0.5816629509801747,
         0.5935115556260557,
         0.7578719251845591,
         0.6966822763458395,
         0.5207320748245132,
         0.5466511760293581,
         0.7584881062167251,
         0.4884047123274968,
         0.5510829977432206,
         0.6206995052328461,
         0.7755151137901147
      ],
      [
         0.6062638940464209,
         0.6566471894998848,
         0.6887846330657116,
         0.6632066262936717,
         0.573606916730629,
         0.5666610109390823,
         0.5139310053912489,
         0.7759599335222708,
         0.5671734935178809,
         0.7198685491316218,
         0.7248709326983064,
         0.7235146217777544,
         0.658996160927092,
         0.5264573466400444,
         0.7503066283778975,
         0.5556169371254328,
         0.5820560258337744,
         0.7051692118702281
      ],
      [
         0.7531912254493898,
         0.5089257845590167,
         0.5682063087523598,
         0.7557561505556711,
         0.5434783936866157,
         0.6734296485904897,
         0.7122249506922563,
         0.7906513059403721,
         0.6001861437395829,
         0.5466107838342157,
         0.5067208895081053,
         0.6538459959235059,
         0.5353416139524748,
         0.5483110205580428,
         0.5420568255535769,
         0.6705684997092696,
         0.7366690718641171,
         0.5100276863350118
      ],
      [
         0.7325712128726692,
         0.6662355593434526,
         0.7080225388530971,
         0.7850821709567215,
         0.5506772521988531,
         0.7605040014719422,
         0.7335633268436534,
         0.6995520493372324,
         0.5328961205239208,
         0.6085849473645014,
         0.7420813318500608,
         0.7327785346322413,
         0.6828885455209894,
         0.5849625141019784,
         0.6501845202536005,
         0.7802002148726728,
         0.6466176202943601,
         0.780461616301297
      ],
      [
         0.768116512590573,
         0.532165753890596,
         0.752021453879631,
         0.4917612918958523,
         0.7348915158960821,
         0.6380859564249717,
         0.7058354753691675,
         0.4935249791913708,
         0.7815215161355036,
         0.66115395353272,
         0.5167782266378781,
         0.6558113975072911,
         0.7065177686127652,
         0.5270689442730631,
         0.7275064181529475,
         0.7291441752655315,
         0.7286600729831618,
         0.7182053246227609
      ],
      [
         0.6930352632601157,
         0.7255671115868414,
         0.6604909778673788,
         0.6791001209503992,
         0.5433457971590312,
         0.6221999300444438,
         0.5960706929464248,
         0.7088053324219938,
         0.7134406247414615,
         0.6968612379864334,
         0.6400858879803548,
         0.5103391348699241,
         0.4988876528147862,
         0.6359376007361753,
         0.7437810076344656,
         0.5174671495026613,
         0.5804524677466164,
         0.7611893033858899
      ],
      [
         0.6618099145519561,
         0.5889930757854551,
         0.706592108498823,
         0.5200531700566151,
         0.6714742914378702,
         0.6292619993822478,
         0.7435125725995402,
         0.5646852604807648,
         0.531354402764467,
         0.7372215821874548,
         0.7951981558393388,
         0.7625015775888444,
         0.5309327721892495,
         0.7856346892177192,
         0.6323166466939671,
         0.6264251015461321,
         0.5698186431812124,
         0.6267217739372636
      ],
      [
         0.7270718245573753,
         0.6097514833027882,
         0.5310237327438528,
         0.5580718991071498,
         0.4974702994261931,
         0.5539596280067658,
         0.6905007997468046,
         0.5901719826258098,
         0.6882757592069708,
         0.6621772220964954,
         0.6169464265346195,
         0.7078942313595018,
         0.6072084739316563,
         0.6815298655994954,
         0.6182079483823504,
         0.7039503559616632,
         0.5635094876946454,
         0.6805217042930825
      ]
   ],
   "mv_f1_micro": [
      0.928,
      0.856,
      0.832,
      0.872,
      0.8960000000000001,
      0.976,
      0.92,
      0.888,
      0.888,
      0.856
   ],
   "mv_f1_macro": [
      0.9241964827167981,
      0.8465630114566285,
      0.8202177933018286,
      0.8657357679914071,
      0.8905060305909305,
      0.9745331069609507,
      0.9166666666666667,
      0.8840752517223105,
      0.8840752517223105,
      0.8489527389903329
   ],
   "mv_f1_weighted": [
      0.9284075197089143,
      0.856,
      0.831631806040682,
      0.8729280343716435,
      0.8965886395795432,
      0.9760488964346349,
      0.9208,
      0.8893651298357181,
      0.8893651298357181,
      0.8570440386680986
   ],
   "ct_f1_micro": [
      0.944,
      0.904,
      0.872,
      0.888,
      0.8960000000000001,
      0.976,
      0.92,
      0.888,
      0.912,
      0.864
   ],
   "ct_f1_macro": [
      0.9405772495755519,
      0.8968079251513484,
      0.8647186147186148,
      0.8816287878787878,
      0.8912970767275403,
      0.9743168276145471,
      0.9160848549946294,
      0.8833333333333334,
      0.9080206033848418,
      0.8578500234129374
   ],
   "ct_f1_weighted": [
      0.9441140916808151,
      0.9035641166758394,
      0.8725021645021646,
      0.888439393939394,
      0.8969044083216269,
      0.9759474008629546,
      0.920580021482277,
      0.88912,
      0.9127652685798382,
      0.8651826878052042
   ],
   "gt": [
      0,
      0,
      0,
      0,
      0,
      0,
      0,
      0,
      0,
      0,
      0,
      0,
      0,
      0,
      0,
      0,
      0,
      0,
      0,
      0,
      0,
      0,
      0,
      0,
      0,
      0,
      0,
      0,
      0,
      0,
      0,
      0,
      0,
      0,
      0,
      0,
      0,
      0,
      0,
      0,
      0,
      0,
      0,
      0,
      0,
      0,
      0,
      1,
      1,
      1,
      1,
      1,
      1,
      1,
      1,
      1,
      1,
      1,
      1,
      1,
      1,
      1,
      1,
      1,
      1,
      1,
      1,
      1,
      1,
      1,
      1,
      1,
      1,
      1,
      1,
      1,
      1,
      1,
      1,
      1,
      1,
      1,
      1,
      1,
      1,
      1,
      1,
      1,
      1,
      1,
      1,
      1,
      1,
      1,
      1,
      1,
      1,
      1,
      1,
      1,
      1,
      1,
      1,
      1,
      1,
      1,
      1,
      1,
      1,
      1,
      1,
      1,
      1,
      1,
      1,
      1,
      1,
      1,
      1,
      1,
      1,
      1,
      1,
      1,
      1
   ],