{
   "worker_count": 30,
   "expertise_scores": [
      [
         0.6424632084492271,
         0.5663285296249758,
         0.7086644792512123,
         0.6248310513804443,
         0.5784919603737709,
         0.702198718299772,
         0.5440514793620155,
         0.7460761203743587,
         0.7823622051836687,
         0.5008450013807713,
         0.5402346752640782,
         0.5815600317798555,
         0.6111980305498208,
         0.5184236477551245,
         0.6900436441413014,
         0.5571942780443763,
         0.5843613216316647,
         0.6334616969320775,
         0.7248006793794777,
         0.5522845636008148,
         0.5872664006533646,
         0.7561481526110683,
         0.7145167748731196,
         0.6956283004572416,
         0.6855880427106081,
         0.7351835399356932,
         0.7702006957586303,
         0.5754474402776337,
         0.49097149880793395,
         0.742475944691251
      ],
      [
         0.638404421955942,
         0.6773338127434233,
         0.5585754626787554,
         0.6574584425636805,
         0.6605616701805714,
         0.7570932345623387,
         0.7423894346937734,
         0.597495617385661,
         0.5336856787907239,
         0.6334025018173257,
         0.7143285022490676,
         0.49874305338799396,
         0.621835341110239,
         0.600254576291402,
         0.6934478377571905,
         0.5386952386262642,
         0.6632052743440258,
         0.7737121491508772,
         0.6482693276436938,
         0.7687898143582896,
         0.49709422690326954,
         0.6535759093543376,
         0.6784986940758542,
         0.6806884639081765,
         0.7850853736368102,
         0.5356782043381086,
         0.7889605950003211,
         0.5794057372603159,
         0.5121447416645726,
         0.6958361243164022
      ],
      [
         0.5616217751663442,
         0.6498403427892043,
         0.7388410460458665,
         0.6684614098643883,
         0.540201277568419,
         0.7075766651561073,
         0.7805872116431379,
         0.7563111414515558,
         0.7494126314691121,
         0.7633728620140285,
         0.6360598829494317,
         0.5680739535996255,
         0.7403856033281859,
         0.7113069452431309,
         0.5573024102991003,
         0.5489087451672471,
         0.7522006706147628,
         0.703624434348151,
         0.6143368295357496,
         0.5363416020548625,
         0.5459979935722445,
         0.6573393273428096,
         0.6162120131511717,
         0.7138682218594139,
         0.6987737319605305,
         0.7273767618136604,
         0.647703577742039,
         0.6013403636103789,
         0.7814657900973299,
         0.6534043458944337
      ],
      [
         0.6357006081136063,
         0.7469036433317879,
         0.7909425506699279,
         0.5504841225877322,
         0.5008465265757097,
         0.5658886737649,
         0.4971940851717177,
         0.7669954713983904,
         0.7346599264818835,
         0.6248840260696532,
         0.6804615917613825,
         0.5860950627680575,
         0.5227417064763263,
         0.5909416034590397,
         0.6987791594558199,
         0.5279233217629633,
         0.6857039152243476,
         0.6189050715590875,
         0.6249594795526872,
         0.7607399702094149,
         0.48834964052709634,
         0.7162153521096424,
         0.5205220187419909,
         0.5567277550226831,
         0.49853005108685144,
         0.6355707014943138,
         0.6517492884821875,
         0.7620087442828326,
         0.739453103362146,
         0.748125925557709
      ],
      [
         0.6138849225440159,
         0.7472542798635795,
         0.6520759435101939,
         0.7572080267951945,
         0.534844759504851,
         0.7742764601097257,
         0.7267917799866612,
         0.6028214684145394,
         0.7653645563976933,
         0.6922050092537644,
         0.7664444626268451,
         0.5820603241512144,
         0.5449470153901411,
         0.7703196803768073,
         0.5391894612203222,
         0.649743790312146,
         0.5857945946703093,
         0.786511536916412,
         0.6250077218390393,
         0.5375147266984218,
         0.7313520437940382,
         0.7708340305547319,
         0.6844469239466194,
         0.4882780959008486,
         0.5576072562316546,
         0.6817767988003854,
         0.5188600069933746,
         0.5504969089655435,
         0.7276050405475937,
         0.704515106871796
      ],
      [
         0.7212088237735912,
         0.6375342350551694,
         0.7528324053459399,
         0.6161586282409552,
         0.7654880875635235,
         0.7058565312059875,
         0.6897386494681145,
         0.6176881009504657,
         0.4948284611750691,
         0.5119553398571294,
         0.5015329876341662,
         0.7665024350869594,
         0.7925234175962264,
         0.6961710881562799,
         0.5637961624267187,
         0.5185988274171612,
         0.6559977068525554,
         0.5045589357492658,
         0.7491324845130438,
         0.6652081499772988,
         0.5063775746202404,
         0.7544572241691598,
         0.6550066693578506,
         0.5831417315056023,
         0.62272112021474,
         0.610084877313215,
         0.6461282356549419,
         0.5637354579761389,
         0.5271622842860558,
         0.5142302891123004
      ],
      [
         0.5654971916116428,
         0.6684081817282728,
         0.5422401476648396,
         0.6786776613632639,
         0.5120028001656897,
         0.792491666547088,
         0.7304817627955629,
         0.7185906712513406,
         0.7947055057460496,
         0.5341647014033993,
         0.6905408035569734,
         0.6865880893535754,
         0.4890302073802148,
         0.6755548049188727,
         0.5452590504740998,
         0.7062576628435282,
         0.668798944030049,
         0.7108275530987043,
         0.7008260850117167,
         0.726910066884996,
         0.6124201156030749,
         0.7671372670812423,
         0.6250799454840282,
         0.6091605432059057,
         0.5216337578075749,
         0.6109990922677472,
         0.5187110881981798,
         0.7949001991361058,
         0.550593838757206,
         0.5336607942769206
      ],
      [
         0.5217310953134598,
         0.516154410543593,
         0.6269640354767017,
         0.7680643471249456,
         0.6181842256013166,
         0.7231153591778129,
         0.7080894047697495,
         0.5806806181554841,
         0.7877613110398267,
         0.7456965175256729,
         0.6306879119371253,
         0.4946409180115495,
         0.7963082573731542,
         0.7467165192627834,
         0.4998814599693343,
         0.5033464402049618,
         0.7104715810772341,
         0.7067874004241568,
         0.7609502235099939,
         0.6576159279255037,
         0.7539082324031419,
         0.5227121086893926,
         0.5679401330797086,
         0.6947109590749383,
         0.5357901021959515,
         0.6145507272144224,
         0.7920732122271694,
         0.6991716240391868,
         0.5453878534599045,
         0.5291316626304869
      ],
      [
         0.6451915153974755,
         0.49663438789598563,
         0.5880198458892826,
         0.5518808912953073,
         0.6745881010183181,
         0.7810296129980077,
         0.7712929698670483,
         0.7981578786592871,
         0.7284276406304653,
         0.7469793360068506,
         0.57134694509777,
         0.6566163319319394,
         0.7917522705916152,
         0.575576461023645,
         0.704297960181635,
         0.5186750689112464,
         0.6066524801637624,
         0.6714582306246571,
         0.4898412905576092,
         0.6236726703936424,
         0.7896712417434109,
         0.5228205938900544,
         0.6422512744820865,
         0.7513731569368931,
         0.5003759493407034,
         0.5327263409758078,
         0.5033043129676701,
         0.6718691462792805,
         0.6677351919273042,
         0.6689169891301225
      ],
