{
   "worker_count": 5,
   "expertise_scores": [
      [
         0.5620430760163622,
         0.5475564521352532,
         0.6285031911062895,
         0.5982764076060942,
         0.6162619256686069
      ],
      [
         0.7051282413403457,
         0.5777455708496628,
         0.49459245907699795,
         0.6015419559291018,
         0.6122825204326574
      ],
      [
         0.6844026034237936,
         0.5104602649077125,
         0.500517855566294,
         0.5564320471230775,
         0.7547327300721207
      ],
      [
         0.650052005640856,
         0.7970836584930221,
         0.5949111794213502,
         0.7248554911800508,
         0.7209736219972807
      ],
      [
         0.4936307237018351,
         0.6775247826230217,
         0.7691622052712961,
         0.5716500991213737,
         0.48733321157579595
      ],
      [
         0.6145939068811599,
         0.7539935561523996,
         0.6450143203954102,
         0.7202989979536896,
         0.7756879359279445
      ],
      [
         0.5823115213924375,
         0.7343014338259743,
         0.626405778485911,
         0.6920905668277925,
         0.7329795579425595
      ],
      [
         0.5984781659501537,
         0.6481226898317951,
         0.6946854930323305,
         0.7842200668163533,
         0.5444617469362792
      ],
      [
         0.6206935254248438,
         0.6085901846947736,
         0.6651238110267501,
         0.6722909724834114,
         0.5526708159631769
      ],
      [
         0.5185898763117571,
         0.695705509608052,
         0.539884164895507,
         0.6336230627164189,
         0.5893143111266144
      ]
   ],
   "mv_f1_micro": [
      0.664,
      0.696,
      0.728,
      0.832,
      0.712,
      0.832,
      0.824,
      0.768,
      0.752,
      0.672
   ],
   "mv_f1_macro": [
      0.6590909090909092,
      0.6833333333333333,
      0.7166666666666668,
      0.825569805302678,
      0.7019077901430844,
      0.8275862068965517,
      0.8153866809881847,
      0.7557442220874604,
      0.7467485785242793,
      0.6546728657098579
   ],
   "mv_f1_weighted": [
      0.6692363636363636,
      0.69904,
      0.73072,
      0.8338754734533856,
      0.7155103338632751,
      0.8344275862068965,
      0.8252760472610096,
      0.7693131190620579,
      0.7557926932880203,
      0.6738564786739439
   ],
   "ct_f1_micro": [
      0.664,
      0.696,
      0.728,
      0.832,
      0.712,
      0.832,
      0.824,
      0.768,
      0.752,
      0.672
   ],
   "ct_f1_macro": [
      0.6590909090909092,
      0.6833333333333333,
      0.7166666666666668,
      0.825569805302678,
      0.7019077901430844,
      0.8275862068965517,
      0.8153866809881847,
      0.7557442220874604,
      0.7467485785242793,
      0.6546728657098579
   ],
   "ct_f1_weighted": [
      0.6692363636363636,
      0.69904,
      0.73072,
      0.8338754734533856,
      0.7155103338632751,
      0.8344275862068965,
      0.8252760472610096,
      0.7693131190620579,
      0.7557926932880203,
      0.6738564786739439
   ],
   "gt": [
      0,
      0,
      0,
      0,
      0,
      0,
      0,
      0,
      0,
      0,
      0,
      0,
      0,
      0,
      0,
      0,
      0,
      0,
      0,
      0,
      0,
      0,
      0,
      0,
      0,
      0,
      0,
      0,
      0,
      0,
      0,
      0,
      0,
      0,
      0,
      0,
      0,
      0,
      0,
      0,
      0,
      0,
      0,
      0,
      0,
      0,
      0,
      1,
      1,
      1,
      1,
      1,
      1,
      1,
      1,
      1,
      1,
      1,
      1,
      1,
      1,
      1,
      1,
      1,
      1,
      1,
      1,
      1,
      1,
      1,
      1,
      1,
      1,
      1,
      1,
      1,
      1,
      1,
      1,
      1,
      1,
      1,
      1,
      1,
      1,
      1,
      1,
      1,
      1,
      1,
      1,
      1,
      1,
      1,
      1,
      1,
      1,
      1,
      1,
      1,
      1,
      1,
      1,
      1,
      1,
      1,
      1,
      1,
      1,
      1,
      1,
      1,
      1,
      1,
      1,
      1,
      1,
      1,
      1,
      1,
      1,
      1,
      1,
      1,
      1
   ],
   "em_f1_micro": [
      0.608,
      0.616,
      0.672,
      0.8399999999999999,
      0.728,
      0.824,
      0.8000000000000002,
      0.696,
      0.72,
      0.464
   ],
   "em_f1_macro": [
      0.5872919614581228,
      0.6069182389937107,
      0.6716637837145237,
      0.8369848721961399,
      0.6429771505376345,
      0.8188883034773446,
      0.7859735634545579,
      0.6833333333333333,
      0.6880570409982175,
      0.46276220411828856
   ],
   "em_f1_weighted": [
      0.6102187184152011,
      0.6217358490566038,
      0.6742694599269653,
      0.8424830464267083,
      0.6861854838709678,
      0.8264341412012646,
      0.799561673857955,
      0.69904,
      0.712812834224599,
      0.4691574828404645
   ]
}