{
   "worker_count": 13,
   "expertise_scores": [
      [
         0.6512834387199473,
         0.7726181789693038,
         0.7991989539634688,
         0.5795820259509727,
         0.7901721591423991,
         0.5381802929820666,
         0.7127399922422616,
         0.7420577701326094,
         0.5593054437571058,
         0.5196611317609261,
         0.7114971764939424,
         0.7282262504882587,
         0.5945285463991217
      ],
      [
         0.5512093413522873,
         0.6713106380331991,
         0.5106723502314604,
         0.7164806245445562,
         0.6215249250906796,
         0.6969934320431177,
         0.6693202651191723,
         0.5303687206165317,
         0.7771468631164133,
         0.6721601273369102,
         0.6032726246760991,
         0.48565026518985077,
         0.500345365750781
      ],
      [
         0.6199137938721717,
         0.7477397221948234,
         0.5931791441564624,
         0.49279750598051264,
         0.6036683017828337,
         0.7120320583106199,
         0.7225873068855384,
         0.5723280217297596,
         0.5779376315551505,
         0.5016833314183232,
         0.5293093593388364,
         0.6556822222757269,
         0.5579324975606517
      ],
      [
         0.49855353118067003,
         0.6512006366998164,
         0.5450744267529406,
         0.6745444915275662,
         0.5629788176905516,
         0.5742892656382139,
         0.6161780025757639,
         0.6873215029664773,
         0.6340541300449154,
         0.5972933862056594,
         0.7826625896518722,
         0.5868727093092677,
         0.5881586790058877
      ],
      [
         0.7190952437345711,
         0.7333331260742371,
         0.5241176376518458,
         0.5672361223091295,
         0.570879257488189,
         0.6686533993949266,
         0.613999124894889,
         0.6256893314064421,
         0.5013055413349657,
         0.4994801365897199,
         0.755183272107383,
         0.5055353331987285,
         0.7828756647818013
      ],
      [
         0.6070532109999365,
         0.6135873843752059,
         0.733029904904885,
         0.5937483131362175,
         0.651998536082175,
         0.6917316471219608,
         0.6941207991082374,
         0.5939758496545564,
         0.7683667364029924,
         0.5285399373647633,
         0.7009453642889796,
         0.4967102059079226,
         0.5909906172106502
      ],
      [
         0.784667309940188,
         0.59787292276533,
         0.6435019447759613,
         0.6373988657592504,
         0.7825443490432267,
         0.5302216092943929,
         0.7525306607681508,
         0.5202431901335816,
         0.6014143877411561,
         0.7678591359926978,
         0.617566347520451,
         0.7247726302554863,
         0.5313427014543166
      ],
      [
         0.5107959245619094,
         0.5516953855327518,
         0.7291272151648521,
         0.617844805071997,
         0.5236040494163804,
         0.5521399998518844,
         0.5555200274658753,
         0.5936309247463074,
         0.5342678484987639,
         0.5612539837749301,
         0.4882462222298322,
         0.7918214268467418,
         0.691056308342347
      ],
      [
         0.6516302723199071,
         0.798660088738072,
         0.5194157983912064,
         0.6235228351486997,
         0.6945940745193302,
         0.5619291259543773,
         0.49674556813670556,
         0.5792799784419695,
         0.7665546553568505,
         0.5599592454340783,
         0.643308441443323,
         0.5884545072966165,
         0.5170196046915785
      ],
      [
         0.6384530398105904,
         0.6172947602570813,
         0.5835292626944123,
         0.6296323530621846,
         0.6289747287632526,
         0.7671327190264803,
         0.7044825414633545,
         0.5099862583975977,
         0.6339048375225881,
         0.6949747538918352,
         0.5609816018026559,
         0.6579746331279757,
         0.6032174229193372
      ]
   ],
   "mv_f1_micro": [
      0.912,
      0.8399999999999999,
      0.8000000000000002,
      0.8399999999999999,
      0.824,
      0.832,
      0.872,
      0.7840000000000001,
      0.832,
      0.832
   ],
   "mv_f1_macro": [
      0.9073512566538643,
      0.8308982683982683,
      0.7936067630935868,
      0.8353530031612224,
      0.8178325384207737,
      0.8231251263391954,
      0.8666666666666667,
      0.7757326068177288,
      0.825569805302678,
      0.826629680998613
   ],
   "mv_f1_weighted": [
      0.9124980796442288,
      0.8406277056277056,
      0.802615415098078,
      0.8422128556375132,
      0.8261452040275571,
      0.8329508793208004,
      0.8732800000000001,
      0.7864113230114959,
      0.8338754734533856,
      0.8341969486823855
   ],
   "ct_f1_micro": [
      0.912,
      0.848,
      0.8000000000000002,
      0.8399999999999999,
      0.824,
      0.832,
      0.88,
      0.7840000000000001,
      0.832,
      0.832
   ],
   "ct_f1_macro": [
      0.9073512566538643,
      0.8387096774193549,
      0.7936067630935868,
      0.8353530031612224,
      0.8178325384207737,
      0.8231251263391954,
      0.8745735500702387,
      0.7757326068177288,
      0.825569805302678,
      0.826629680998613
   ],
   "ct_f1_weighted": [
      0.9124980796442288,
      0.8483096774193549,
      0.802615415098078,
      0.8422128556375132,
      0.8261452040275571,
      0.8329508793208004,
      0.8810435480634156,
      0.7864113230114959,
      0.8338754734533856,
      0.8341969486823855
   ],
   "gt": [
      0,
      0,
      0,
      0,
      0,
      0,
      0,
      0,
      0,
      0,
      0,
      0,
      0,
      0,
      0,
      0,
      0,
      0,
      0,
      0,
      0,
      0,
      0,
      0,
      0,
      0,
      0,
      0,
      0,
      0,
      0,
      0,
      0,
      0,
      0,
      0,
      0,
      0,
      0,
      0,
      0,
      0,
      0,
      0,
      0,
      0,
      0,
      1,
      1,
      1,
      1,
      1,
      1,
      1,
      1,
      1,
      1,
      1,
      1,
      1,
      1,
      1,
      1,
      1,
      1,
      1,
      1,
      1,
      1,
      1,
      1,
      1,
      1,
      1,
      1,
      1,
      1,
      1,
      1,
      1,
      1,
      1,
      1,
      1,
      1,
      1,
      1,
      1,
      1,
      1,
      1,
      1,
      1,
      1,
      1,
      1,
      1,
      1,
      1,
      1,
      1,
      1,
      1,
      1,
      1,
      1,
      1,
      1,
      1,
      1,
      1,
      1,
      1,
      1,
      1,
      1,
      1,
      1,
      1,
      1,
      1,
      1,
      1,
      1,
      1
   ],
   "em_f1_micro": [
      0.912,
      0.856,
      0.704,
      0.8399999999999999,
      0.872,
      0.832,
      0.848,
      0.824,
      0.88,
      0.8399999999999999
   ],
   "em_f1_macro": [
      0.9040407565077815,
      0.8366724738675958,
      0.7033164410802488,
      0.8362159329140462,
      0.8624105668684645,
      0.8056850988230069,
      0.8447813868374616,
      0.8003774680603949,
      0.8704126062616628,
      0.8376623376623378
   ],
   "em_f1_weighted": [
      0.9108945495149696,
      0.8506062717770034,
      0.7068481621656295,
      0.8423899371069183,
      0.8714188222344523,
      0.823419053964024,
      0.8503245539507223,
      0.8174076655052265,
      0.8791540534936761,
      0.8424935064935066
   ]
}