{
   "worker_count": 18,
   "expertise_scores": [
      [
         0.3578025403701636,
         0.7177210856224183,
         0.19308284416670934,
         0.3179767334514841,
         0.7313889937977202,
         0.149780374800631,
         0.7332352951777201,
         0.667345383572297,
         0.7778343899691037,
         0.7903441476404912,
         0.6912886128075618,
         0.39947744326003337,
         0.6884052024757394,
         0.7657773266431871,
         0.6555610738661547,
         0.5282683929607493,
         0.5179777245716387,
         0.2581208167712946
      ],
      [
         0.2624908190665879,
         0.44524413968327037,
         0.06486470963140704,
         0.15805082722302594,
         0.2635514776244998,
         0.09599666806908637,
         0.2932954012308806,
         0.16365915640462422,
         0.23723550441075952,
         0.21396223702696598,
         0.6316180201309579,
         0.23555303375221764,
         0.7942416424007938,
         0.560074130365829,
         0.46936765020103577,
         0.7366318610485052,
         0.41130553258817326,
         0.59402908671111
      ],
      [
         0.4021523290555453,
         0.16797567222678966,
         0.7795302501331911,
         0.49806879696766315,
         0.2449531633619466,
         0.2925943851010511,
         0.056644115356168194,
         0.40200892811746175,
         0.06150819076600277,
         0.3780848041852252,
         0.3933129790300539,
         0.3490183378163032,
         0.7741942148132478,
         0.44666081882058,
         0.20933431968835392,
         0.09498397061696442,
         0.22591158468033373,
         0.7549651566656324
      ],
      [
         0.15386435414544294,
         0.11999769179860174,
         0.7827092856084192,
         0.07232029202415063,
         0.6973051783882164,
         0.14118731237607382,
         0.6083618727040918,
         0.2884793251605574,
         0.6121262775584311,
         0.5416357715330663,
         0.10974584178802144,
         0.506649529899213,
         0.7919539525936883,
         0.21296970099511986,
         0.11307384509677569,
         0.6432476411891509,
         0.6137090968513683,
         0.6249150454141218
      ],
      [
         0.6889374999380244,
         0.6339884202272752,
         0.21494636593210298,
         0.5714849953066009,
         0.5992340834315466,
         0.1464473286953119,
         0.4403058431041884,
         0.47319635460105053,
         0.2158371489089883,
         0.7030673900879265,
         0.5596974329905822,
         0.09849442428566232,
         0.12836209559267825,
         0.13475901985494293,
         0.06572786389900823,
         0.45369894233522884,
         0.2873387252924704,
         0.31955540821183465
      ],
      [
         0.36429673409084545,
         0.40240465259613656,
         0.47497263222477654,
         0.3434640686689378,
         0.27266416896235524,
         0.17085243989089843,
         0.7002869293805222,
         0.408020952809487,
         0.1380058180487691,
         0.07686119728374971,
         0.3873934958883933,
         0.7963419017711938,
         0.7858882452056962,
         0.4363040604789528,
         0.535220296997473,
         0.11202776965028866,
         0.48822879218502385,
         0.399760555526336
      ],
      [
         0.6767087689218723,
         0.5785637000534577,
         0.37216583560486394,
         0.07009664807407587,
         0.37397068342312334,
         0.23038800541394083,
         0.6541666575923776,
         0.6059226816015101,
         0.7575036318463335,
         0.376018664286936,
         0.2641286781483689,
         0.4053320945967723,
         0.15488408550558783,
         0.5241916674774462,
         0.5142771540012517,
         0.11970135784743413,
         0.5787909393409918,
         0.6313993758471377
      ],
      [
         0.05165931976919641,
         0.08726990599173777,
         0.1336101837773691,
         0.717984741492663,
         0.06311147084833879,
         0.4294241139562214,
         0.38585495936406533,
         0.1379899117879556,
         0.0924222392406028,
         0.41729396062438784,
         0.7446423067924745,
         0.18646245450119497,
         0.7790244934473629,
         0.08257418561721111,
         0.06768566930664614,
         0.14035420530905696,
         0.17780673025864757,
         0.25024440803624404
      ],
      [
         0.6088115030158394,
         0.39973459843173287,
         0.2297026453214736,
         0.2595609816994908,
         0.5479202621248009,
         0.619180873702407,
         0.4317751430258767,
         0.427221486275116,
         0.17944286602996773,
         0.1491451532616229,
         0.5909150763297465,
         0.11120247760890992,
         0.5568588348733441,
         0.5865007750975415,
         0.13896391463652807,
         0.620576316378621,
         0.4373111806595801,
         0.16075780836262327
      ],
      [
         0.33807396930088623,
         0.6369074014328362,
         0.6117960720591041,
         0.6375678083049401,
         0.15163379334285287,
         0.6260138244820198,
         0.6633317851675798,
         0.16875904142683446,
         0.1002303128106949,
         0.48045555405783574,
         0.09881017417420146,
         0.5558853899347199,
         0.6657859204229367,
         0.5422491114213425,
         0.6308880686214026,
         0.561039862387222,
         0.5615558440990447,
         0.09922492592545645
      ]
   ],
   "mv_f1_micro": [
      1.0,
      0.977,
      0.9810000000000001,
      0.993,
      0.969,
      0.988,
      0.994,
      0.881,
      0.991,
      0.994
   ],
   "mv_f1_macro": [
      1.0,
      0.9768748994117699,
      0.9813774293146207,
      0.9929067811157516,
      0.9681065725289241,
      0.9879073977815562,
      0.9940495026731387,
      0.8823736243323645,
      0.990901172727287,
      0.9935321599742093
   ],
   "mv_f1_weighted": [
      1.0,
      0.9770113153193977,
      0.9809275864570373,
      0.9930044547001752,
      0.968933647636097,
      0.9880321975624244,
      0.9939894616520926,
      0.8810402533344015,
      0.9910263469449906,
      0.9939902646821315
   ],
   "ct_f1_micro": [
      1.0,
      0.984,
      0.988,
      0.998,
      0.985,
      0.989,
      0.995,
      0.964,
      0.997,
      0.997
   ],
   "ct_f1_macro": [
      1.0,
      0.9845696059539067,
      0.9880732899843248,
      0.9979686732724253,
      0.9848184313373018,
      0.9888613455326594,
      0.9950275807712388,
      0.9640171500493568,
      0.9970556132247443,
      0.9962913980445605
   ],
   "ct_f1_weighted": [
      1.0,
      0.9840430326954536,
      0.987981985195883,
      0.9980010807198878,
      0.9849961271655939,
      0.9890044027858008,
      0.9949815618843163,
      0.9640906678205713,
      0.9969899310929458,
      0.9970170358942411
   ],