{
   "worker_count": 3,
   "expertise_scores": [
      [
         0.11536718577401779,
         0.579516330677777,
         0.24838777130153628
      ],
      [
         0.28773528886191524,
         0.16085679818079482,
         0.33393393026919194
      ],
      [
         0.7722223410022615,
         0.4340474981304406,
         0.3167027498491071
      ],
      [
         0.11694953780038884,
         0.37773090471244075,
         0.756312224827803
      ],
      [
         0.6284837686870897,
         0.4761744503527217,
         0.1282844422686797
      ],
      [
         0.6839094706939172,
         0.08293024525313517,
         0.17884372241680896
      ],
      [
         0.4900186691674255,
         0.2532960846468909,
         0.4981460535061443
      ],
      [
         0.7540244868817949,
         0.7197626020818689,
         0.4644610161627862
      ],
      [
         0.5370198606419762,
         0.46354088929515,
         0.511275870695943
      ],
      [
         0.6919139024769049,
         0.3879067381603295,
         0.3349083987822452
      ]
   ],
   "mv_f1_micro": [
      0.375,
      0.316,
      0.657,
      0.52,
      0.492,
      0.354,
      0.526,
      0.807,
      0.633,
      0.587
   ],
   "mv_f1_macro": [
      0.37340611560423176,
      0.3142527184427585,
      0.6569262411784521,
      0.5154496042041198,
      0.48907092097956906,
      0.35243444021237835,
      0.5262513931192079,
      0.8054465382033534,
      0.6308557506188833,
      0.5866440818553699
   ],
   "mv_f1_weighted": [
      0.3770883487619034,
      0.31571987536294166,
      0.6575902157191476,
      0.519908814410343,
      0.4908113580214413,
      0.3523666012583955,
      0.526071265772814,
      0.8071885508819266,
      0.6325453986897694,
      0.5873818672914293
   ],
   "ct_f1_micro": [
      0.585,
      0.353,
      0.795,
      0.751,
      0.501,
      0.667,
      0.55,
      0.82,
      0.636,
      0.713
   ],
   "ct_f1_macro": [
      0.5836606953972991,
      0.3527863533042961,
      0.7940314905103676,
      0.7464592074571851,
      0.4999948855114993,
      0.6665242819686341,
      0.548914386111598,
      0.819127466720657,
      0.6325096804451993,
      0.7116658986840707
   ],
   "ct_f1_weighted": [
      0.5851612889019521,
      0.3526069658034903,
      0.7947704279224279,
      0.7502066623188387,
      0.49961324652069933,
      0.6666407136363517,
      0.5504134968478734,
      0.819379070355847,
      0.6355769987731585,
      0.713239814899534
   ],
   "gt": [
      7,
      7,
      7,
      7,
      7,
      7,
      7,
      7,
      7,
      7,
      7,
      7,
      7,
      7,
      7,
      7,
      7,
      7,
      7,
      7,
      7,
      7,
      7,
      7,
      7,
      7,
      7,
      7,
      7,
      7,
      7,
      7,
      7,
      7,
      7,
      7,
      7,
      7,
      7,
      7,
      7,
      7,
      7,
      7,
      7,
      7,
      7,
      7,
      7,
      7,
      7,
      7,
      7,
      5,
      5,
      5,
      5,
      5,
      5,
      5,
      5,
      5,
      5,
      5,
      5,
      5,
      5,
      5,
      5,
      5,
      5,
      5,
      5,
      5,
      5,
      5,
      5,
      5,
      5,
      5,
      5,
      5,
      5,
      5,
      5,
      5,
      5,
      5,
      5,
      5,
      5,
      5,
      5,
      5,
      5,
      5,
      5,
      5,
      5,
      5,
      5,
      5,
      5,
      5,
      5,
      0,
      0,
      0,
      0,
      0,
      0,
      0,
      0,
      0,
      0,
      0,
      0,
      0,
      0,
      0,
      0,
      0,
      0,
      0,
      0,
      0,
      0,
      0,
      0,
      0,
      0,
      0,
      0,
      0,
      0,
      0,
      0,
      0,
      0,
      0,
      0,
      0,
      0,
      0,
      0,
      0,
      0,
      17,
      17,
      17,
      17,
      17,
      17,
      17,
      17,
      17,
      17,
      17,
      17,
      17,
      17,
      17,
      17,
      17,
      17,
      17,
      17,
      17,
      17,
      17,
      17,
      17,
      17,
      17,
      17,
      17,
      17,
      17,
      17,
      17,
      17,
      17,
      17,
      17,
      17,
      17,
      17,
      17,
      17,
      17,
      17,
      17,
      17,
      17,
      17,
      17,
      17,
      19,
      19,
      19,
      19,
      19,
      19,
      19,
      19,
      19,
      19,
      19,
      19,
      19,
      19,
      19,
      19,
      19,
      19,
      19,
      19,
      19,
      19,
      19,
      19,
      19,
      19,
      19,
      19,
      19,
      19,
      19,
      19,
      19,
      13,
      13,
      13,
      13,
      13,
      13,
      13,
      13,
      13,
      13,
      13,
      13,
      13,
      13,
      13,
      13,
      13,
      13,
      13,
      13,
      13,
      13,
      13,
      13,
      13,
      13,
      13,
      13,
      13,
      13,
      13,
      13,
      13,
      13,
      13,
      13,
      13,
      13,
      13,
      13,
      13,
      13,
      13,
      13,
      13,
      13,
      13,
      13,
      13,
      13,
      13,
      13,
      13,
      15,
      15,
      15,
      15,
      15,
      15,
      15,
      15,
      15,
      15,
      15,
      15,
      15,
      15,
      15,
      15,
      15,
      15,
      15,
      15,
      15,
      15,
      15,
      15,
      15,
      15,
      15,
      15,
      15,
      15,
      15,
      15,
      15,
      15,
      15,
      15,
      15,
      15,
      15,
      15,
      15,
      15,
      15,
      15,
      15,
      15,
      15,
      15,
      15,
      15,
      15,
      15,
      15,
      1,
      1,
      1,
      1,
      1,
      1,
      1,
      1,
      1,
      1,
      1,
      1,
      1,
      1,
      1,
      1,
      1,
      1,
      1,
      1,
      1,
      1,
      1,
      1,
      1,
      1,
      1,
      1,
      1,
      1,
      1,
      1,
      1,
      1,
      1,
      1,
      1,
      1,
      1,
      1,
      1,
      1,
      1,
      1,
      1,
      1,
      1,
      1,
      1,
      1,
      1,
      1,
      2,
      2,
      2,
      2,
      2,
      2,
      2,
      2,
      2,
      2,
      2,
      2,
      2,
      2,
      2,
      2,
      2,
      2,
      2,
      2,
      2,
      2,
      2,
      2,
      2,
      2,
      2,
      2,
      2,
      2,
      2,
      2,
      2,
      2,
      2,
      2,
      2,
      2,
      2,
      2,
      2,
      2,
      2,
      2,
      2,
      2,
      2,
      2,
      2,
      2,
      2,
      2,
      8,
      8,
      8,
      8,
      8,
      8,
      8,
      8,
      8,
      8,
      8,
      8,
      8,
      8,
      8,
      8,
      8,
      8,
      8,
      8,
      8,
      8,
      8,
      8,
      8,
      8,
      8,
      8,
      8,
      8,
      8,
      8,
      8,
      8,
      8,
      8,
      8,
      8,
      8,
      8,
      8,
      8,
      8,
      8,
      8,
      8,
      8,
      8,
      8,
      8,
      8,
      8,
      8,
      4,
      4,
      4,
      4,
      4,
      4,
      4,
      4,
      4,
      4,
      4,
      4,
      4,
      4,
      4,
      4,
      4,
      4,
      4,
      4,
      4,
      4,
      4,
      4,
      4,
      4,
      4,
      4,
      4,
      4,
      4,
      4,
      4,
      4,
      4,
      4,
      4,
      4,
      4,
      4,
      4,
      4,
      4,
      4,
      4,
      4,
      4,
      4,
      4,
      4,
      4,
      6,
      6,
      6,
      6,
      6,
      6,
      6,
      6,
      6,
      6,
      6,
      6,
      6,
      6,
      6,
      6,
      6,
      6,
      6,
      6,
      6,
      6,
      6,
      6,
      6,
      6,
      6,
      6,
      6,
      6,
      6,
      6,
      6,
      6,
      6,
      6,
      6,
      6,
      6,
      6,
