{
   "worker_count": 15,
   "expertise_scores": [
      [
         0.4461141969647186,
         0.055353763801021215,
         0.4191002024521725,
         0.529084729410641,
         0.6051469600329475,
         0.7852389798047129,
         0.2550857552212867,
         0.5512251682571379,
         0.2488678449488399,
         0.7762089944966772,
         0.5712836001941333,
         0.37532396137508617,
         0.10280467724362027,
         0.16356686859653913,
         0.15068006457927835
      ],
      [
         0.12624834967250897,
         0.41073107261643715,
         0.3511912640317095,
         0.7795378424024674,
         0.45866263701720567,
         0.5028669527279672,
         0.16526174166760316,
         0.14761621881683984,
         0.25571250738527684,
         0.6422392952319936,
         0.24103753392178717,
         0.10873237588339968,
         0.5766888164429513,
         0.24258092676624277,
         0.6958873605700376
      ],
      [
         0.22098216953621636,
         0.19916494204376478,
         0.23865742460412293,
         0.18807317165312815,
         0.11661007113293728,
         0.6874199184787592,
         0.6585405970414573,
         0.6012056772702403,
         0.5269226292490446,
         0.4251433832311096,
         0.5571029262179842,
         0.3359334964284863,
         0.5606355902817131,
         0.5572506475184009,
         0.05832180354994063
      ],
      [
         0.5622629169793861,
         0.1562743285301726,
         0.3133290467610748,
         0.6454288064731314,
         0.30597925894263645,
         0.09363115861328575,
         0.5810992766274617,
         0.35237903567716766,
         0.5620813186591495,
         0.6102284626331301,
         0.39737528837299196,
         0.5833829274906971,
         0.6699646597597815,
         0.47936195696439776,
         0.5105432539621888
      ],
      [
         0.4002894635204923,
         0.38132834830411366,
         0.11006305750225097,
         0.47960960467351915,
         0.5823683101850747,
         0.79984279842513,
         0.53124291352414,
         0.5699594155833502,
         0.22467431167040297,
         0.6959983165912846,
         0.1825819801637789,
         0.6853126752643587,
         0.07445954859830269,
         0.3808882769525487,
         0.42030272981895794
      ],
      [
         0.5850598142292648,
         0.6227788488327941,
         0.5565378706138812,
         0.5336745267034084,
         0.5474828360499004,
         0.7427309286905366,
         0.6776206975287965,
         0.5315128353765709,
         0.22816349542692355,
         0.5921431191762114,
         0.47551044585923896,
         0.6228381996081706,
         0.792113649927479,
         0.4237382540349415,
         0.7375307417253657
      ],
      [
         0.6901405510473996,
         0.6253648738289478,
         0.731729312643177,
         0.606847211247926,
         0.2149347606113895,
         0.3698092566795663,
         0.05624601598237758,
         0.7154360131608392,
         0.6590350417387584,
         0.5385764049070513,
         0.6297102053465103,
         0.25008307466080754,
         0.25001619704188677,
         0.5422160215145188,
         0.24019567830188404
      ],
      [
         0.6255994285718942,
         0.1675139644434669,
         0.7453651568149161,
         0.5460874016766296,
         0.6079678552389156,
         0.15186424204377447,
         0.42288731995179246,
         0.7727028186569969,
         0.3179882893987318,
         0.21356454440827316,
         0.5607520220881049,
         0.3562963201456103,
         0.1953611527812894,
         0.05885107056266708,
         0.2770233230065085
      ],
      [
         0.472317040488492,
         0.1947554056610012,
         0.1821690515309643,
         0.12188033971269611,
         0.4630170909149131,
         0.7506153581914845,
         0.6110400656026013,
         0.25026789452628373,
         0.6907116330160445,
         0.5214203949241013,
         0.475038074486556,
         0.6559218440796304,
         0.17792217367879848,
         0.3782494532557806,
         0.12087873024198198
      ],
      [
         0.6383065224344411,
         0.17883657593053032,
         0.7269598284633908,
         0.3046129442623342,
         0.7057221212505286,
         0.4233811690038628,
         0.3712296918348369,
         0.602228896199259,
         0.6736243503276261,
         0.06306352955026936,
         0.7333638276405823,
         0.42331746398514236,
         0.06213607835763329,
         0.4131578868630497,
         0.6963506045839382
      ]
   ],
   "mv_f1_micro": [
      0.972,
      0.955,
      0.966,
      0.988,
      0.991,
      0.999,
      0.993,
      0.965,
      0.978,
      0.99
   ],
   "mv_f1_macro": [
      0.9714449465519674,
      0.9555215771455267,
      0.9655271438056383,
      0.9880683743552365,
      0.990838823948186,
      0.9989794855774237,
      0.9930059888350641,
      0.9652455591427895,
      0.9774337919330994,
      0.9900065235306069
   ],
   "mv_f1_weighted": [
      0.9720263109831963,
      0.9550356870780254,
      0.9658611423772765,
      0.9879922481720208,
      0.9909810627633019,
      0.9990001041341249,
      0.9930223981056889,
      0.9650143201496181,
      0.977985704655588,
      0.9899884757596317
   ],
   "ct_f1_micro": [
      0.982,
      0.971,
      0.982,
      0.988,
      0.986,
      0.999,
      0.997,
      0.972,
      0.98,
      0.996
   ],
   "ct_f1_macro": [
      0.9818849630484772,
      0.9712581133788089,
      0.9815071176803111,
      0.988119029779132,
      0.985440754348641,
      0.9989794855774237,
      0.9969373069779012,
      0.9714345021556486,
      0.9794713090152893,
      0.9959319000438505
   ],
   "ct_f1_weighted": [
      0.982019318773734,
      0.9710359978968499,
      0.9820018492742479,
      0.9879939857397632,
      0.9860101121990933,
      0.9990001041341249,
      0.9970002908664665,
      0.9720355991965965,
      0.9799884588051334,
      0.99598486308632
   ],