{
   "worker_count": 20,
   "expertise_scores": [
      [
         0.6414053750149034,
         0.39811500737241196,
         0.32147950785269314,
         0.5034469708268058,
         0.761007785727965,
         0.09646107217569502,
         0.5407094757963702,
         0.7007909771682957,
         0.6436151000255261,
         0.29087613762918046,
         0.22084481111961057,
         0.6274219732752426,
         0.33001793484766606,
         0.7659545885521308,
         0.7491352010853508,
         0.7778736109997725,
         0.4238231253058342,
         0.38447679118213307,
         0.3502724816156213,
         0.6980497969035241
      ],
      [
         0.6955506431549516,
         0.3068722981137304,
         0.4734443496775022,
         0.6640495829161701,
         0.3673332651723609,
         0.4092849992067864,
         0.4975212944039486,
         0.23329671865597307,
         0.10780197772693725,
         0.12827331790976348,
         0.2853559525359801,
         0.6115973437887741,
         0.13984652439547615,
         0.10274234311150358,
         0.7325893730789916,
         0.39529384352038116,
         0.08318531536508274,
         0.6676733036649982,
         0.5021812708707393,
         0.1043375763628075
      ],
      [
         0.3752832614496693,
         0.24165876749097231,
         0.19695808050081504,
         0.5068807710896331,
         0.5688038104040185,
         0.5458543028690447,
         0.40041343516701816,
         0.18789381767084623,
         0.2628286131748547,
         0.6387047406914448,
         0.28968881451998085,
         0.7726373067244551,
         0.3526162634385592,
         0.3900034315294352,
         0.5111661433757339,
         0.21324159712699547,
         0.1963298250996372,
         0.5990161292950382,
         0.2504695138041209,
         0.5253504102151724
      ],
      [
         0.5507772136772373,
         0.6027489251216542,
         0.42166375517861043,
         0.4401765472629079,
         0.4981792697787859,
         0.6171005624254892,
         0.6714835062449324,
         0.778932999719817,
         0.5249881722252234,
         0.22225510684125027,
         0.5988812021764199,
         0.28007862213531837,
         0.7212113682163342,
         0.0567125032575974,
         0.6507319467099777,
         0.37331891798215505,
         0.7997829948205291,
         0.3622076056749475,
         0.358819698154494,
         0.29385969005926477
      ],
      [
         0.7030655846349292,
         0.07525721758508451,
         0.2982379640908326,
         0.10339376966920032,
         0.0889581721874794,
         0.05640730306404948,
         0.7607585401981218,
         0.6000219330581222,
         0.22860293748380633,
         0.3746623178242677,
         0.07137703898285092,
         0.718463895202252,
         0.11380351975408476,
         0.7028473520404389,
         0.35568707709816316,
         0.17081516702809177,
         0.6242689108232605,
         0.1935006409003684,
         0.6740384997735991,
         0.6528779447232649
      ],
      [
         0.7710753412750777,
         0.4322601892299619,
         0.09715066435696362,
         0.6557179441280994,
         0.7893834534121809,
         0.7089713793266557,
         0.41904140007050256,
         0.20500097542738982,
         0.6819854165675405,
         0.7054195590307758,
         0.43825219482589617,
         0.2106942044304892,
         0.5207341837233623,
         0.2138959732473364,
         0.20678664248057088,
         0.7635732200346024,
         0.06830541673012704,
         0.11628886784468336,
         0.05142523264998067,
         0.5793780030111039
      ],
      [
         0.4505347211774832,
         0.7486382393873117,
         0.7095372368276319,
         0.24015301053080457,
         0.6921826367616299,
         0.7868607684088486,
         0.30080026559031925,
         0.4857317885972099,
         0.6409449643762373,
         0.30386855096234616,
         0.4497027551713684,
         0.3559072802219326,
         0.3162340981386755,
         0.773058367847985,
         0.4641133275563047,
         0.17005461173838848,
         0.15741897486453313,
         0.5539564975333467,
         0.7900322697415116,
         0.6766612987302184
      ],
      [
         0.15498719132671707,
         0.22581007335330383,
         0.15606467038901034,
         0.573637481954036,
         0.46348562339323907,
         0.30790628195242553,
         0.5827658789317851,
         0.526839194899092,
         0.560553705929477,
         0.2838563115681833,
         0.6034748196017506,
         0.3215649183830381,
         0.4782199307993821,
         0.43131474094965416,
         0.07482351678302081,
         0.30424857964500107,
         0.07085025801175926,
         0.571890242150455,
         0.17446252431735076,
         0.24777241080249268
      ],
      [
         0.5607059699055152,
         0.7925567797118942,
         0.09532403445635175,
         0.2690155373471558,
         0.5783287006803834,
         0.7597812341231129,
         0.7406455700014851,
         0.7070679100459463,
         0.5206381717078596,
         0.6276012642987383,
         0.4276480752446176,
         0.3089807649636357,
         0.16994419700338065,
         0.44478105125842887,
         0.19856859574395752,
         0.13478469792033718,
         0.6810240711538086,
         0.7133165012676894,
         0.2724690420671809,
         0.25177480473767727
      ],
      [
         0.6679971496668248,
         0.3150966415288699,
         0.0743160461857945,
         0.08882569393213273,
         0.7070978877289937,
         0.4624661081680349,
         0.7357157036891929,
         0.5116478576332745,
         0.276512407925379,
         0.36804038591194876,
         0.7115407852607362,
         0.7891943214812527,
         0.44756361351602697,
         0.5648780278810176,
         0.2982218708374092,
         0.23030529252053006,
         0.708161232009867,
         0.17401154211591946,
         0.5202509466587919,
         0.3272931544627027
      ]
   ],
   "mv_f1_micro": [
      0.999,
      0.983,
      0.995,
      1.0,
      0.987,
      0.998,
      1.0,
      0.98,
      0.997,
      0.999
   ],
   "mv_f1_macro": [
      0.998912153468242,
      0.9821287851218858,
      0.9949970648445682,
      1.0,
      0.9866438929204314,
      0.9976749089311279,
      1.0,
      0.980014083734325,
      0.9969803413511977,
      0.9990565198041834
   ],
   "mv_f1_weighted": [
      0.9990011697274536,
      0.9829408991850934,
      0.9950063215826267,
      1.0,
      0.9869807488656981,
      0.9980012898470609,
      1.0,
      0.9800381538860992,
      0.9970004377233106,
      0.9989999109924343
   ],
   "ct_f1_micro": [
      1.0,
      0.991,
      0.993,
      0.999,
      0.995,
      0.999,
      1.0,
      0.983,
      1.0,
      1.0
   ],
   "ct_f1_macro": [
      1.0,
      0.9904360065171653,
      0.9931595526168296,
      0.99904727338717,
      0.9950080406934706,
      0.9990565198041834,
      1.0,
      0.9832090279755338,
      1.0,
      1.0
   ],
   "ct_f1_weighted": [
      1.0,
      0.9910126937488376,
      0.9929917470724302,
      0.9989998185282642,
      0.9950019306887657,
      0.9989999109924343,
      1.0,
      0.98297515921095,
      1.0,
      1.0
   ],