{
   "worker_count": 8,
   "expertise_scores": [
      [
         0.6198914641314386,
         0.2769722195660844,
         0.16275239936122093,
         0.4287440536423513,
         0.6603950623451655,
         0.22662555774584459,
         0.08356269013418971,
         0.08476737933125211
      ],
      [
         0.6283109040247883,
         0.28972942313775707,
         0.14083580783832766,
         0.2970466177392566,
         0.5504415311592332,
         0.395051242051473,
         0.2505882078225197,
         0.05623933800781684
      ],
      [
         0.1980813064574634,
         0.48480258678789306,
         0.39288316998522077,
         0.7203494917797811,
         0.13162531427846574,
         0.3580886356688466,
         0.07298023416082974,
         0.7582046882273611
      ],
      [
         0.6126172292273006,
         0.6040460850736152,
         0.3222800464749719,
         0.17939694755821783,
         0.07927397231764804,
         0.7879857397345964,
         0.2158235373865437,
         0.28488225968277775
      ],
      [
         0.6092849223411357,
         0.2913462779188272,
         0.5033667236444779,
         0.11173209528382916,
         0.4702184214886533,
         0.5439680605022508,
         0.5862694101345505,
         0.060689736072993355
      ],
      [
         0.27376745999780405,
         0.7020852566720474,
         0.4634474489687608,
         0.22043399114438722,
         0.5580489685330038,
         0.6655284033505736,
         0.4761733544973162,
         0.7641412852134697
      ],
      [
         0.643034009512087,
         0.552710097949534,
         0.2732870496783877,
         0.20382750339653538,
         0.7983338326794001,
         0.23323703334521162,
         0.7053614777400345,
         0.7179717917233662
      ],
      [
         0.7788367742144381,
         0.46837761830666386,
         0.15290018656465654,
         0.716951703940699,
         0.4546211745698128,
         0.6327590968535869,
         0.5217643493073725,
         0.08338741322954853
      ],
      [
         0.43139343024847926,
         0.057991514898028666,
         0.13841047012431468,
         0.43450871189309875,
         0.741017225731607,
         0.3740294454395096,
         0.5469541455265592,
         0.13639281947327042
      ],
      [
         0.4612586962699753,
         0.4003767306788144,
         0.26490537309612205,
         0.5054503491750523,
         0.4862489330510726,
         0.7322963800154132,
         0.4399291006485049,
         0.7244085054362138
      ]
   ],
   "mv_f1_micro": [
      0.702,
      0.704,
      0.845,
      0.841,
      0.826,
      0.941,
      0.948,
      0.928,
      0.785,
      0.936
   ],
   "mv_f1_macro": [
      0.7006562724697126,
      0.7023348010417347,
      0.8444354211211325,
      0.84010121831578,
      0.8252589135988038,
      0.9417165728621738,
      0.9475866121961675,
      0.9286548047683143,
      0.7846829957961587,
      0.9356864344250576
   ],
   "mv_f1_weighted": [
      0.7026886470360507,
      0.7039971412550032,
      0.8453220226804642,
      0.8412493078119465,
      0.8258772322871762,
      0.9409337853645503,
      0.9478990001361217,
      0.9279770195751273,
      0.7849815703269438,
      0.9361382617105684
   ],
   "ct_f1_micro": [
      0.798,
      0.76,
      0.879,
      0.892,
      0.883,
      0.954,
      0.964,
      0.937,
      0.858,
      0.94
   ],
   "ct_f1_macro": [
      0.7955003771568202,
      0.7569266149887155,
      0.8783744654781426,
      0.8922137496345532,
      0.88240592267946,
      0.9535983243383237,
      0.9633226152568714,
      0.9370192093466289,
      0.8568798912721596,
      0.9400837281037981
   ],
   "ct_f1_weighted": [
      0.7987239167787016,
      0.7590800533260229,
      0.8791968079675745,
      0.8919790770648148,
      0.8822917167028935,
      0.953985374431784,
      0.9639068021013305,
      0.9369817917531557,
      0.8582079396607349,
      0.9401025068576492
   ],