{
   "worker_count": 18,
   "expertise_scores": [
      [
         0.7587767692334358,
         0.21551342966640502,
         0.7630531672832618,
         0.1617718487903706,
         0.5667990262377912,
         0.544085885451323,
         0.11796311434615742,
         0.5740205445274379,
         0.6994929483236426,
         0.1315678008273038,
         0.21361326827739113,
         0.4586701981577888,
         0.6316838169760242,
         0.40058837178471585,
         0.7060925479618939,
         0.7897622017952357,
         0.6316587878230747,
         0.3909695262224126
      ],
      [
         0.3464490629867747,
         0.186734745066712,
         0.2532882071981399,
         0.1783632389658063,
         0.22348990341826025,
         0.09486486103532954,
         0.09824617030851238,
         0.6847386442274762,
         0.6922828555698051,
         0.15811676211718972,
         0.5952752297555739,
         0.08536393433989614,
         0.6495957799558091,
         0.16192371220993662,
         0.339807490988077,
         0.42205837840802146,
         0.6239788686077284,
         0.0713234743738494
      ],
      [
         0.2660202397429131,
         0.6315879707963689,
         0.5224260152602869,
         0.3654370208311294,
         0.7396941799447988,
         0.10575989097066035,
         0.6469713990114077,
         0.4685550995849892,
         0.6441843006281229,
         0.2677471839214738,
         0.28373699963377785,
         0.5882438071177715,
         0.40559908624109114,
         0.07042695715597311,
         0.7807640025779199,
         0.2916952152890757,
         0.6940412698104401,
         0.23427581117170004
      ],
      [
         0.6590448069715596,
         0.7430789018783246,
         0.7823114368888692,
         0.26761255689984986,
         0.4318353971236238,
         0.3527991112122402,
         0.6884766564287161,
         0.40222397405063753,
         0.2980886776650095,
         0.5903235226635738,
         0.24969690600836908,
         0.31160140201144615,
         0.394238903959751,
         0.14114282457300556,
         0.7243990946597022,
         0.20491704033466573,
         0.08162105717839423,
         0.7928915627104766
      ],
      [
         0.32428304831031274,
         0.7386873813043949,
         0.45931902720178736,
         0.2702246501869202,
         0.36654124125425824,
         0.7385222578010107,
         0.30033325241643016,
         0.0656381262801027,
         0.47862910518756757,
         0.6317193577334891,
         0.3163811840582842,
         0.5752028376991314,
         0.3455448485268893,
         0.49546131457246595,
         0.5054258097860879,
         0.6480762815967807,
         0.30378193352178345,
         0.7545757834059336
      ],
      [
         0.5222636825663698,
         0.3589184184651761,
         0.36202532648464075,
         0.1961864451920936,
         0.5624191884857385,
         0.6603053772536419,
         0.3596467147227738,
         0.7366105853139705,
         0.5280091722846053,
         0.7475065721461109,
         0.5327252892365614,
         0.7320709414439949,
         0.7964576590927251,
         0.2128379904451561,
         0.6946102899966842,
         0.07898162316550338,
         0.45084677336014256,
         0.41040633361283474
      ],
      [
         0.19198015189664597,
         0.1954582805053129,
         0.7219966110158632,
         0.658855263692094,
         0.6912021766473585,
         0.08688965492044476,
         0.23963035019810736,
         0.11112322106211331,
         0.40698405259544135,
         0.7716872721161805,
         0.09102259108042098,
         0.06769811726383358,
         0.12546550237515403,
         0.511662063339498,
         0.26337156312774046,
         0.4915285033381483,
         0.524308399533852,
         0.3215730996735603
      ],
      [
         0.4821978954114509,
         0.22069990013169494,
         0.1871411384880553,
         0.323515130653435,
         0.5406648205066003,
         0.11849350638408176,
         0.0926041429347644,
         0.6062725248574123,
         0.7365152243471728,
         0.12645561831578248,
         0.27417661040707236,
         0.07860496898028083,
         0.4108512612943996,
         0.7771931482179972,
         0.30591144328800335,
         0.20178884581104334,
         0.20582706522024719,
         0.1908034365026966
      ],
      [
         0.26583490652154584,
         0.7366282718043018,
         0.1975165967086394,
         0.22303260627107868,
         0.4395435881219664,
         0.27939493809964194,
         0.4755501831188259,
         0.6033962494773734,
         0.31210101787858263,
         0.41305481022645046,
         0.5779638109176497,
         0.7077270725922954,
         0.16971132425173874,
         0.35291506166463,
         0.7961440992284279,
         0.23682572619195252,
         0.5595398529217038,
         0.08214018438324461
      ],
      [
         0.5035017655718986,
         0.1362021005653351,
         0.5200276365109734,
         0.13423952327084113,
         0.260408147567863,
         0.3409559171567239,
         0.6414058672811758,
         0.7007474904090164,
         0.4601564485030802,
         0.6539503314309653,
         0.7031830309701164,
         0.38504218644040666,
         0.42977172080207604,
         0.1311556489523774,
         0.5712610790782368,
         0.7148740188775103,
         0.13228405610532856,
         0.4563180807968216
      ]
   ],
   "mv_f1_micro": [
      0.9777777777777777,
      0.9111111111111111,
      1.0,
      1.0,
      0.9777777777777777,
      1.0,
      0.9555555555555556,
      0.8444444444444444,
      1.0,
      1.0
   ],
   "mv_f1_macro": [
      0.9771428571428572,
      0.9085714285714287,
      1.0,
      1.0,
      0.9771428571428571,
      1.0,
      0.9542857142857144,
      0.8392063492063494,
      1.0,
      1.0
   ],
   "mv_f1_weighted": [
      0.9771428571428571,
      0.9085714285714285,
      1.0,
      1.0,
      0.9771428571428571,
      1.0,
      0.9542857142857142,
      0.8392063492063492,
      1.0,
      1.0
   ],
   "ct_f1_micro": [
      0.9777777777777777,
      0.9333333333333333,
      0.9777777777777777,
      1.0,
      1.0,
      1.0,
      0.9777777777777777,
      0.9777777777777777,
      1.0,
      1.0
   ],
   "ct_f1_macro": [
      0.9771428571428572,
      0.9344444444444444,
      0.9771428571428572,
      1.0,
      1.0,
      1.0,
      0.9771428571428572,
      0.9771428571428571,
      1.0,
      1.0
   ],
   "ct_f1_weighted": [
      0.9771428571428571,
      0.9344444444444444,
      0.9771428571428571,
      1.0,
      1.0,
      1.0,
      0.9771428571428571,
      0.9771428571428572,
      1.0,
      1.0
   ],
   "gt": [
      7,
      7,
      7,
      9,
      9,
      9,
      2,
      2,
      2,
      6,
      6,
      6,
      13,
      13,
      13,
      8,
      8,
      8,
      5,
      5,
      5,
      11,
      11,
      11,
      0,
      0,
      0,
      3,
      3,
      3,
      12,
      12,
      12,
      4,
      4,
      4,
      10,
      10,
      10,
      1,
      1,
      1,
      14,
      14,
      14
   ],
   "em_f1_micro": [
      0.9777777777777777,
      0.9111111111111111,
      1.0,
      1.0,
      1.0,
      1.0,
      0.9777777777777777,
      0.9555555555555556,
      1.0,
      1.0
   ],
   "em_f1_macro": [
      0.9771428571428572,
      0.9085714285714288,
      1.0,
      1.0,
      1.0,
      1.0,
      0.9771428571428572,
      0.9542857142857144,
      1.0,
      1.0
   ],
   "em_f1_weighted": [
      0.9771428571428571,
      0.9085714285714285,
      1.0,
      1.0,
      1.0,
      1.0,
      0.9771428571428571,
      0.9542857142857143,
      1.0,
      1.0
   ]
}