{
   "worker_count": 20,
   "expertise_scores": [
      [
         0.6352992855009824,
         0.36639968188785976,
         0.7328504450880868,
         0.20066767750899128,
         0.3523806332739705,
         0.6165310927610872,
         0.3140205615183907,
         0.21231668865423242,
         0.13579233617705708,
         0.5364466500296572,
         0.4761974116050017,
         0.7832872418701083,
         0.5925347286454229,
         0.09776438014851438,
         0.6053879982389264,
         0.11753442857276969,
         0.07354873916036833,
         0.2020540924335264,
         0.35315327293984433,
         0.6875254687618568
      ],
      [
         0.4016741546687964,
         0.3266320743446038,
         0.12412803123529395,
         0.2429366482194063,
         0.14668946572497474,
         0.15948598558804833,
         0.748357959368405,
         0.4569979821232501,
         0.4735522636023195,
         0.5606086157613497,
         0.6471220569757755,
         0.5800995760697534,
         0.1543798348617495,
         0.12904127023732304,
         0.11252122141382363,
         0.29105086967255556,
         0.7173986257265017,
         0.26160263266237943,
         0.6615057334288608,
         0.26720352459112684
      ],
      [
         0.275081012790272,
         0.7402940609774618,
         0.7151440416585044,
         0.5375121958496054,
         0.240239796478448,
         0.5583385702342084,
         0.39841670949501196,
         0.5375131224166051,
         0.3908337489784783,
         0.3304043646045423,
         0.3889116239553261,
         0.06757325357921391,
         0.7183061220493193,
         0.17142426721726645,
         0.6548066557699378,
         0.7806558875819078,
         0.7907410330646832,
         0.2123136992258246,
         0.7021553531690538,
         0.78348949061433
      ],
      [
         0.41758782884358336,
         0.7415308255264156,
         0.14114359632945928,
         0.496380357405105,
         0.30606013443102165,
         0.20150442438893246,
         0.5062766691537929,
         0.5054732936889618,
         0.2682862684498048,
         0.2637483350585465,
         0.4275852362812459,
         0.6099944958483758,
         0.6970437437158912,
         0.36199529113966805,
         0.278258183409489,
         0.12334442166069559,
         0.4409715990830504,
         0.47625941356590684,
         0.13265537226243165,
         0.7914569267078043
      ],
      [
         0.6341225351303388,
         0.762546704757672,
         0.21337323303532257,
         0.12166004903937284,
         0.3735810712462299,
         0.559552678977509,
         0.2125524911081071,
         0.30794975713493816,
         0.4532392722978784,
         0.4244639727431,
         0.11984942528186823,
         0.5347466408348343,
         0.6258463814428715,
         0.6201843999990416,
         0.0652375088408924,
         0.7161443992825818,
         0.42433102817788904,
         0.3672112414270389,
         0.6797447517797902,
         0.6615181552093848
      ],
      [
         0.7395020759900564,
         0.4733672690502216,
         0.7230543298065373,
         0.4594512558616506,
         0.7945966675586709,
         0.4598546104119895,
         0.7987233349258546,
         0.6534121158809658,
         0.28570480753549,
         0.654628457078327,
         0.13120286722139377,
         0.298236942332209,
         0.7860747159485829,
         0.1343531090621095,
         0.21505647353035096,
         0.7824066768463467,
         0.6805449624004857,
         0.3585383029734883,
         0.5672432011184226,
         0.28035154927230593
      ],
      [
         0.5311341238092343,
         0.28170114441524036,
         0.42325368523872225,
         0.7367783424305946,
         0.2003446811873853,
         0.46319608054989203,
         0.25216145522544164,
         0.22186591687447443,
         0.36190272373532995,
         0.3640215067112919,
         0.6051582163645131,
         0.25492686740370196,
         0.731496531359962,
         0.25835881417207385,
         0.39256160759748115,
         0.3786899795477732,
         0.24885498317959143,
         0.20584121911652553,
         0.15287237422669453,
         0.4554325623917109
      ],
      [
         0.1542411373501718,
         0.5128548776425024,
         0.537781433190701,
         0.20275850137938234,
         0.3500993805404963,
         0.552379353741327,
         0.4815986481297556,
         0.2489159472658236,
         0.418040524357784,
         0.746859596513121,
         0.5607638692578449,
         0.3549736954519432,
         0.32041037991155186,
         0.541002600919162,
         0.1888910783443966,
         0.15450173444849244,
         0.19103907586624308,
         0.3233748811175194,
         0.25874996654104787,
         0.21122549200866197
      ],
      [
         0.6186498771517702,
         0.3100892581887309,
         0.7478794926075167,
         0.11478031928995283,
         0.43463990332235136,
         0.5213756584320306,
         0.5114774649085959,
         0.28998713608320076,
         0.6081666190275087,
         0.4460820814010497,
         0.43265553451882544,
         0.6229461138566588,
         0.35984941085933025,
         0.7796189924762191,
         0.7945028881251037,
         0.6609111687179627,
         0.2086788791689667,
         0.7407641650141196,
         0.08594240871065793,
         0.2637985669013673
      ],
      [
         0.12526055797521313,
         0.21103313665986573,
         0.44999572899085155,
         0.35953712871262766,
         0.4030013433833148,
         0.17757647414842417,
         0.6182514347104692,
         0.7073174734351885,
         0.06356175251266179,
         0.47196178061411126,
         0.17890532256008934,
         0.5487226403319534,
         0.46237213353312073,
         0.18613454159482853,
         0.09077581894422139,
         0.14042752678016918,
         0.4303985812906664,
         0.2417212565982731,
         0.17604414238906735,
         0.31681001168823336
      ]
   ],
   "mv_f1_micro": [
      1.0,
      0.9777777777777777,
      1.0,
      1.0,
      1.0,
      1.0,
      1.0,
      0.9777777777777777,
      1.0,
      0.8888888888888888
   ],
   "mv_f1_macro": [
      1.0,
      0.9771428571428572,
      1.0,
      1.0,
      1.0,
      1.0,
      1.0,
      0.9771428571428572,
      1.0,
      0.8926984126984127
   ],
   "mv_f1_weighted": [
      1.0,
      0.9771428571428571,
      1.0,
      1.0,
      1.0,
      1.0,
      1.0,
      0.9771428571428571,
      1.0,
      0.8926984126984127
   ],
   "ct_f1_micro": [
      1.0,
      0.9777777777777777,
      1.0,
      0.9777777777777777,
      1.0,
      1.0,
      1.0,
      0.9555555555555556,
      1.0,
      0.9111111111111111
   ],
   "ct_f1_macro": [
      1.0,
      0.9771428571428572,
      1.0,
      0.9771428571428572,
      1.0,
      1.0,
      1.0,
      0.9476190476190477,
      1.0,
      0.9115873015873016
   ],
   "ct_f1_weighted": [
      1.0,
      0.9771428571428571,
      1.0,
      0.9771428571428571,
      1.0,
      1.0,
      1.0,
      0.9476190476190476,
      1.0,
      0.9115873015873016
   ],
   "gt": [
      7,
      7,
      7,
      9,
      9,
      9,
      2,
      2,
      2,
      6,
      6,
      6,
      13,
      13,
      13,
      8,
      8,
      8,
      5,
      5,
      5,
      11,
      11,
      11,
      0,
      0,
      0,
      3,
      3,
      3,
      12,
      12,
      12,
      4,
      4,
      4,
      10,
      10,
      10,
      1,
      1,
      1,
      14,
      14,
      14
   ],
   "em_f1_micro": [
      1.0,
      0.9777777777777777,
      1.0,
      1.0,
      1.0,
      1.0,
      1.0,
      1.0,
      1.0,
      0.9111111111111111
   ],
   "em_f1_macro": [
      1.0,
      0.9771428571428572,
      1.0,
      1.0,
      1.0,
      1.0,
      1.0,
      1.0,
      1.0,
      0.9115873015873016
   ],