{
   "worker_count": 13,
   "expertise_scores": [
      [
         0.13988134846959988,
         0.07160182995153816,
         0.17081421115662893,
         0.3584281447315854,
         0.2265310323725998,
         0.2919129780277628,
         0.37856287254327137,
         0.5857240367826316,
         0.5245982266395567,
         0.4344057935216507,
         0.0935329908665678,
         0.3502393666027501,
         0.6724791105623604
      ],
      [
         0.6540285874131767,
         0.17945788014599517,
         0.3166941260733457,
         0.7122867844192174,
         0.7057277457490121,
         0.586947724815755,
         0.571308990659041,
         0.17618445287741968,
         0.6746161029265697,
         0.0971897198766619,
         0.15575719144473607,
         0.516647363080576,
         0.4000676028971044
      ],
      [
         0.4238594557541677,
         0.0858878542939697,
         0.5626151332979704,
         0.09428261803509402,
         0.1665863323355975,
         0.7324306150993579,
         0.42205353860313566,
         0.6911628393011687,
         0.0886263230287835,
         0.5011469393755525,
         0.39247629572023,
         0.2748117649357407,
         0.434360197357204
      ],
      [
         0.6178528264843405,
         0.49243759224861355,
         0.07014003789637063,
         0.6452751106249824,
         0.37414891297584035,
         0.5881593377861316,
         0.7811224058654355,
         0.5803642727472208,
         0.09231916766924139,
         0.5457927039731558,
         0.4596763815406989,
         0.14397202651748264,
         0.33328457240815323
      ],
      [
         0.5445423907437017,
         0.44236828665713646,
         0.30689055021078,
         0.36133025021850884,
         0.6328267482869039,
         0.26006051758127535,
         0.14137020065798603,
         0.22085568464848643,
         0.43645589383479416,
         0.09343609705235201,
         0.3943811426649253,
         0.541825296652813,
         0.2063495664845192
      ],
      [
         0.690560350687897,
         0.23500616276281422,
         0.5934205165542009,
         0.3801447918057076,
         0.09111061289161207,
         0.6320790280995221,
         0.35144926718928154,
         0.4349001199238172,
         0.6773268629146191,
         0.358872312546276,
         0.43141444569312093,
         0.1191042621761644,
         0.5117995531309996
      ],
      [
         0.1662885922008032,
         0.3715569844791277,
         0.26667421083393655,
         0.09769379864975494,
         0.19911647774206598,
         0.6633168986350997,
         0.20173399567780098,
         0.0738806045104547,
         0.610424036380602,
         0.3346749153779962,
         0.22252046062283504,
         0.14762029531950635,
         0.7298197721723575
      ],
      [
         0.25555549259580557,
         0.35276110701793423,
         0.5285466212285709,
         0.6068620486882886,
         0.7065884431974531,
         0.0761793804586917,
         0.2006043512637113,
         0.13339475364955855,
         0.2508463130872902,
         0.4545451236693868,
         0.4593237095402827,
         0.7406032194355142,
         0.08859979987045451
      ],
      [
         0.7460749799601568,
         0.10222374875389757,
         0.48698832786647006,
         0.1674531135859894,
         0.7764689107634472,
         0.0886295891338361,
         0.6982286602460588,
         0.4706645564438941,
         0.7007942540659178,
         0.39039394584182174,
         0.7705869280053351,
         0.10070443576667597,
         0.6636005381397042
      ],
      [
         0.6878092183586895,
         0.7195656109892034,
         0.12453548079581825,
         0.15864383990818404,
         0.3820631883888889,
         0.7403352459721378,
         0.21089504760767358,
         0.1838518977028883,
         0.6211942067381767,
         0.7563056232022359,
         0.7352121352650469,
         0.13131839833962494,
         0.5084335911159165
      ]
   ],
   "mv_f1_micro": [
      0.8666666666666667,
      0.9555555555555556,
      0.9111111111111111,
      1.0,
      0.9333333333333333,
      0.9777777777777777,
      0.8000000000000002,
      0.9111111111111111,
      0.9777777777777777,
      0.9333333333333333
   ],
   "mv_f1_macro": [
      0.8596825396825397,
      0.9566666666666668,
      0.9025396825396826,
      1.0,
      0.9314285714285716,
      0.9771428571428571,
      0.807936507936508,
      0.9019047619047619,
      0.9771428571428571,
      0.9314285714285716
   ],
   "mv_f1_weighted": [
      0.8596825396825395,
      0.9566666666666666,
      0.9025396825396824,
      1.0,
      0.9314285714285714,
      0.9771428571428572,
      0.8079365079365078,
      0.9019047619047618,
      0.9771428571428571,
      0.9314285714285714
   ],
   "ct_f1_micro": [
      0.8444444444444444,
      0.9777777777777777,
      0.9111111111111111,
      0.9555555555555556,
      0.8666666666666667,
      0.9777777777777777,
      0.8888888888888888,
      0.9111111111111111,
      1.0,
      0.9333333333333333
   ],
   "ct_f1_macro": [
      0.8234920634920636,
      0.9771428571428572,
      0.9053968253968255,
      0.9542857142857142,
      0.8703174603174604,
      0.9771428571428572,
      0.8887301587301588,
      0.9049206349206348,
      1.0,
      0.9314285714285716
   ],
   "ct_f1_weighted": [
      0.8234920634920633,
      0.9771428571428571,
      0.9053968253968253,
      0.9542857142857143,
      0.8703174603174603,
      0.9771428571428571,
      0.8887301587301587,
      0.9049206349206348,
      1.0,
      0.9314285714285714
   ],
   "gt": [
      7,
      7,
      7,
      9,
      9,
      9,
      2,
      2,
      2,
      6,
      6,
      6,
      13,
      13,
      13,
      8,
      8,
      8,
      5,
      5,
      5,
      11,
      11,
      11,
      0,
      0,
      0,
      3,
      3,
      3,
      12,
      12,
      12,
      4,
      4,
      4,
      10,
      10,
      10,
      1,
      1,
      1,
      14,
      14,
      14
   ],
   "em_f1_micro": [
      0.8666666666666667,
      0.9777777777777777,
      0.9333333333333333,
      1.0,
      0.9111111111111111,
      0.9777777777777777,
      0.8444444444444444,
      0.9333333333333333,
      0.9777777777777777,
      0.9333333333333333
   ],
   "em_f1_macro": [
      0.8688888888888889,
      0.9771428571428572,
      0.932063492063492,
      1.0,
      0.9085714285714286,
      0.9771428571428571,
      0.846984126984127,
      0.9314285714285714,
      0.9771428571428572,
      0.9314285714285716
   ],
   "em_f1_weighted": [
      0.8688888888888889,
      0.9771428571428571,
      0.932063492063492,
      1.0,
      0.9085714285714285,
      0.9771428571428572,
      0.846984126984127,
      0.9314285714285714,
      0.9771428571428571,
      0.9314285714285714
   ]
}