{
   "worker_count": 30,
   "expertise_scores": [
      [
         0.7065575183778853,
         0.6261976231523891,
         0.6834678797304459,
         0.2265603617351421,
         0.24499958891769064,
         0.465115556561501,
         0.5277828293298673,
         0.3855499156040041,
         0.2152944372342353,
         0.4601490353344348,
         0.6064744313767169,
         0.5459603925254678,
         0.5893632608452378,
         0.6919013944936474,
         0.16368318694399808,
         0.10734372038235351,
         0.12586547920335006,
         0.30352942331978683,
         0.44288390049348364,
         0.5425644881800724,
         0.300218034766513,
         0.13370929800755926,
         0.33102770846365875,
         0.652821589810544,
         0.767676543652185,
         0.7473064585653,
         0.6404139858962573,
         0.3139937994692417,
         0.307363041187723,
         0.33691494710359016
      ],
      [
         0.7662196781022619,
         0.34754601197439816,
         0.38614231982085223,
         0.37160451391143623,
         0.7598940422389542,
         0.66564781558425,
         0.3315900697875762,
         0.6782627807124021,
         0.5423037218868306,
         0.2154641900648,
         0.40486600044887777,
         0.33578606056843757,
         0.7948644903099273,
         0.43307464918674793,
         0.3965393405924652,
         0.7123118334264417,
         0.5447491419628554,
         0.14822157950943876,
         0.23509389707820694,
         0.0863344045582144,
         0.20155187465072444,
         0.4727141828073077,
         0.28655420523503666,
         0.4176940250591692,
         0.47802102728913026,
         0.46244719126647693,
         0.1558268844409061,
         0.3142469936760934,
         0.6304814887606401,
         0.2150080564552544
      ],
      [
         0.16600992678642396,
         0.4777791219908776,
         0.3429276237674204,
         0.15142357783669588,
         0.5829007248062279,
         0.14698130913902105,
         0.7414320191243003,
         0.5526319272389848,
         0.7580249835014455,
         0.15543112921679642,
         0.4088028404329273,
         0.5245026897202065,
         0.5353175545538967,
         0.2813022204139262,
         0.2981148928109573,
         0.7738360465302437,
         0.2642402408871489,
         0.24284391879334932,
         0.4087620838188374,
         0.653066998480645,
         0.14256566765463247,
         0.42194282051073756,
         0.6617849592998629,
         0.3925894788764526,
         0.1967640726199293,
         0.5613017369148148,
         0.38504993388349784,
         0.2593356385897136,
         0.5117052033884599,
         0.5904841484268265
      ],
      [
         0.4644356654347918,
         0.6405648820240187,
         0.1295140231321425,
         0.11434531774540778,
         0.49251680782252166,
         0.7065109419991636,
         0.2704208438065071,
         0.4799872593475934,
         0.1725933340901678,
         0.13319429311501074,
         0.6234050867757853,
         0.7103300536060422,
         0.5164540103126682,
         0.6161589442270826,
         0.7240970097238133,
         0.31870414980837636,
         0.09473648914969332,
         0.4094740469611049,
         0.3084536838280119,
         0.4665907521793171,
         0.5482989155552593,
         0.5900315117481406,
         0.6802033622447967,
         0.35567644057627795,
         0.6361938885966898,
         0.3094756945081938,
         0.5933991672345326,
         0.490980618193904,
         0.6465589883386877,
         0.21626377323971702
      ],
      [
         0.5451854474529719,
         0.6385150058341471,
         0.7312724805783916,
         0.14806697461487126,
         0.1975415241240316,
         0.5646773984810805,
         0.06448107044863599,
         0.09793493568581907,
         0.7543903866036984,
         0.6543230294912974,
         0.14769329873363107,
         0.6593908238363744,
         0.5465113498031062,
         0.5383779514204685,
         0.7514947105319624,
         0.6035229059796496,
         0.7920232411814001,
         0.7265683023025383,
         0.3701954645032688,
         0.5608442683788176,
         0.11540825619455689,
         0.16608633622443553,
         0.5024461487250765,
         0.18505650882846977,
         0.6966938453563394,
         0.42673880178144236,
         0.6940503995979528,
         0.284912460649421,
         0.10823888681945071,
         0.5014052701886321
      ],
      [
         0.4179458079862078,
         0.18786598028470183,
         0.11352595753395578,
         0.33746359982949475,
         0.06582779071056882,
         0.3812100413205794,
         0.15087440872452662,
         0.36493356166399266,
         0.6178784254608864,
         0.6840780385269011,
         0.7730743701749676,
         0.48204454955976395,
         0.5130278072044971,
         0.28256194169946086,
         0.3847380731369094,
         0.21901132451155697,
         0.2629931274185352,
         0.6617054094918098,
         0.6734857426796436,
         0.35976139623781556,
         0.4146176020753941,
         0.28017044871445473,
         0.25411435424346523,
         0.2785507950231591,
         0.6914323838133872,
         0.4840529744150644,
         0.5025723994592521,
         0.5517221777839821,
         0.508010360730053,
         0.17536767389393215
      ],
      [
         0.13469447697010134,
         0.09371215727369056,
         0.41202852515424027,
         0.1430412129310334,
         0.34322774925362004,
         0.1572584587419572,
         0.5598549367150929,
         0.1368316260382078,
         0.4029272684972407,
         0.6108926270252908,
         0.7945373649006536,
         0.06886393225841651,
         0.7364468783677011,
         0.6568336822012365,
         0.4623443162744978,
         0.20584844823390258,
         0.4221407997327521,
         0.38981295426460993,
         0.3965405373823607,
         0.5939267665001445,
         0.2503619418471929,
         0.09672040859861034,
         0.7965426374145025,
         0.43515473578439845,
         0.20236779878487332,
         0.5789803042957271,
         0.4194374518916544,
         0.5682490527252055,
         0.16237589900414823,
         0.1451948817487136
      ],
      [
         0.4928841066605692,
         0.20853745948780372,
         0.15863583003715997,
         0.5504631474300768,
         0.523369894140446,
         0.21573497908022743,
         0.457851835698692,
         0.6368816228405866,
         0.1525266474355655,
         0.24809201327918162,
         0.3421666648115474,
         0.090052143185638,
         0.20547724246650134,
         0.46137651886895437,
         0.4602351768581379,
         0.21010472629024296,
         0.7359810264039535,
         0.3918588404861047,
         0.47125329679157413,
         0.5345821403843463,
         0.5643325202705458,
         0.7198424018356638,
         0.11663859721944918,
         0.379116954850318,
         0.5167964063541902,
         0.3959635753767304,
         0.10667062372158448,
         0.2602884453690627,
         0.08680021510196119,
         0.10608687198538233
      ],
      [
         0.2789071282448004,
         0.5296794947278013,
         0.17108467679502845,
         0.25284340968439667,
         0.08787853933411464,
         0.07974527609167366,
         0.3211347271794406,
         0.5704485507716982,
         0.08573959288829712,
         0.08998370119886337,
         0.3413951388904417,
         0.32320670979961075,
         0.7197345554154201,
         0.7317233108937854,
         0.5864679379393135,
         0.35552244447700115,
         0.07420665441123915,
         0.13779324721754027,
         0.39574423813636167,
         0.7569125041250448,
         0.06889455606189811,
         0.4519730290542071,
         0.35834924222799847,
         0.24359094322794345,
         0.5149104222385041,
         0.28729827052340057,
