{
   "worker_count": 40,
   "expertise_scores": [
      [
         0.6573942360938408,
         0.3718693562136536,
         0.3532706720783446,
         0.4653840200291617,
         0.6675848278714439,
         0.7497439340860549,
         0.18813379660405016,
         0.6986707769342055,
         0.12383492995123888,
         0.29053871565686085,
         0.14014869051241885,
         0.25577191626503304,
         0.27732938977446936,
         0.37811012354878387,
         0.5786634582654997,
         0.3788229612860613,
         0.4586499143280979,
         0.6603074126786961,
         0.6605799499559785,
         0.10457536259219219,
         0.40258621297412195,
         0.17120644205310193,
         0.5766442239115255,
         0.7492878668972538,
         0.48867796532120383,
         0.7294713149748756,
         0.2585875017237831,
         0.7216574957597388,
         0.6024952582818851,
         0.5725119202005966,
         0.7343982007332035,
         0.25689529392718735,
         0.4411867536403142,
         0.6358892939217338,
         0.5425615110888844,
         0.5138751750622074,
         0.4907965320632195,
         0.6182050862673583,
         0.6509779358084419,
         0.4130988191424441
      ],
      [
         0.14836327764766313,
         0.30232490765081704,
         0.2656455566426807,
         0.3859578430583188,
         0.3209064935690955,
         0.18231774016302,
         0.0775802053024983,
         0.7762838995358551,
         0.09816070463290619,
         0.401843086514927,
         0.34457010007990446,
         0.7499416019726672,
         0.583078056700992,
         0.46379084440542945,
         0.5860774837959007,
         0.07999764362811843,
         0.5493375713358287,
         0.7732852473566346,
         0.45411185797963555,
         0.49310128835045947,
         0.7999777322508909,
         0.37009771204116804,
         0.5698187678998035,
         0.5832246186847754,
         0.1669215041594388,
         0.4966707649495777,
         0.3365421457209178,
         0.19338974026453165,
         0.5431558522027549,
         0.12440380951831984,
         0.19146191799333578,
         0.4595111553447787,
         0.7924643001311508,
         0.3503969136706469,
         0.6160365904192769,
         0.5849661962137781,
         0.6396221080968323,
         0.3042584779341232,
         0.7839437906520254,
         0.13054584864956295
      ],
      [
         0.5229927733345774,
         0.28736589275830904,
         0.19243001629281503,
         0.23332627735666267,
         0.4003827242592135,
         0.1429029187764428,
         0.6178627670370633,
         0.7460194766752506,
         0.4062052021154233,
         0.4769847094498726,
         0.5090902408201168,
         0.3617423149375243,
         0.29496922732023034,
         0.24159958636558654,
         0.779076317322807,
         0.421851885867174,
         0.6996711623035157,
         0.1509649893493675,
         0.36244155191972993,
         0.17381963552673077,
         0.2598822166182717,
         0.15084515204398946,
         0.6348168089134446,
         0.6576942111471112,
         0.3302088789426016,
         0.45680732602039203,
         0.5605968809038938,
         0.6460651091098708,
         0.07171270499938454,
         0.17055494727010628,
         0.183062173939508,
         0.6534020548077683,
         0.3540592357861594,
         0.7456830847081799,
         0.35221192280493996,
         0.3798922783422528,
         0.7460454138478305,
         0.16225162402023827,
         0.6471195293916578,
         0.33814086702426416
      ],
      [
         0.3395756122093327,
         0.4524805363119113,
         0.7646044309179019,
         0.7995856029143196,
         0.5598288029725982,
         0.25834340670027,
         0.6307479945126203,
         0.6754206352236324,
         0.3907726506057368,
         0.7186268046108646,
         0.6222496507669577,
         0.7292620880223034,
         0.19722601562843822,
         0.48930581167607246,
         0.148844184899367,
         0.4472964239093884,
         0.4471571820599381,
         0.09827672498742729,
         0.3077493228222665,
         0.26797191194125053,
         0.6178580127360469,
         0.6394053157020904,
         0.5996088860697458,
         0.1644006506859631,
         0.3632736429615451,
         0.6529550494727825,
         0.6576213459033092,
         0.39739574589096355,
         0.23708680466291054,
         0.6337937024672634,
         0.6092389453827153,
         0.6614962667835614,
         0.7532084727569134,
         0.6253344126376571,
         0.5879016637362482,
         0.3389464674693298,
         0.6832195414711889,
         0.24923617601762027,
         0.6258317820743412,
         0.513815082900951
      ],
      [
         0.6021313756328116,
         0.45493649037933165,
         0.32493499339133586,
         0.5829662251951783,
         0.24836158982270407,
         0.5189635834495228,
         0.27235370390249103,
         0.6821755369078626,
         0.6685240624436429,
         0.5868876753436543,
         0.10411922639778304,
         0.3346771680636501,
         0.2804242725519852,
         0.7986557263111113,
         0.16484503212013565,
         0.4749732418735496,
         0.34194924823091066,
         0.47590012438765583,
         0.6655671041714865,
         0.11836945520885078,
         0.4029309769728664,
         0.7754571119914145,
         0.5281805250537944,
         0.2597198962677045,
         0.5379316166620197,
         0.11230745748880816,
         0.6165710636533019,
         0.541001743780644,
         0.7493403660861949,
         0.17384542194254166,
         0.3788967102689674,
         0.11100613677598223,
         0.6295779920759302,
         0.6022158130375815,
         0.368954745351093,
         0.5313729264805261,
         0.30152908618294805,
         0.744543759900249,
         0.21802111758195897,
         0.16088286340704822
      ],
      [
         0.06363772162202291,
         0.24663897118909373,
         0.44595479547830347,
         0.5892271944212326,
         0.7902136912831507,
         0.623501534313669,
         0.5658360393275057,
         0.6763158372778918,
         0.5982279071937705,
         0.286862253416068,
         0.1460192961725145,
         0.23253438951706218,
         0.11691995823604678,
         0.4164862067293672,
         0.4668937953231339,
         0.46393402699561503,
         0.517394299901643,
         0.450462069277091,
         0.4291741446195281,
         0.25820406044869887,
         0.07631856742952692,
         0.6554401396825058,
         0.30536406074066763,
         0.4173909450532633,
         0.4346844806573425,
         0.5036628939573566,
         0.6824265892548602,
         0.3536252196778468,
         0.7904754609079153,
         0.6966500902143034,
         0.2274620676339345,
         0.3159601916153098,
         0.4277073759634191,
         0.7399670247370244,
         0.3805931687480069,
         0.7157260272825884,
         0.6003782388072658,
         0.23767324342877477,
         0.5765431647345958,
         0.09875184120263111
      ],
      [
         0.7932400571499374,
         0.30588641641182696,
         0.7054507567014338,
         0.33872648485268486,
         0.5753572120347984,
         0.30632510641855476,
         0.289697939664636,
         0.6777788352984083,
         0.2663502597487973,
         0.3379203462860179,
         0.16156578937648733,
         0.4243374869989189,
         0.1550210037808566,
         0.6679513676243927,
         0.26017184520685066,
         0.2321900565208923,
         0.14196072833964554,
         0.6318672792748818,
         0.389836240291211,
         0.7948156375611086,
         0.48019988632978705,
         0.36243527510880386,
         0.24690622203271512,
         0.662821298112712,
         0.21509089275507176,
         0.13972397321452995,
         0.24658900014045038,
         0.7481033576730336,
