{
   "worker_count": 10,
   "expertise_scores": [
      [
         0.403541049340191,
         0.11944620428020346,
         0.6228828968454957,
         0.3229942929377007,
         0.6373214655421613,
         0.13833900159625362,
         0.6104550823391539,
         0.5320538449813641,
         0.24102797542339338,
         0.19754075188481152
      ],
      [
         0.14286014900133923,
         0.38469640929342586,
         0.4571417475672717,
         0.31929023510609683,
         0.5733690246886906,
         0.2819559964828875,
         0.637972754714525,
         0.5937185147725567,
         0.7459663857434096,
         0.10753672573560658
      ],
      [
         0.1664985926850538,
         0.7282316141168469,
         0.28675125426736786,
         0.09953071354960291,
         0.7113553401858559,
         0.11029413045773712,
         0.3603540009432091,
         0.691347607957831,
         0.7898235029445643,
         0.07695797331639033
      ],
      [
         0.6041174520919996,
         0.5592757903130666,
         0.578741028317231,
         0.17795809698283602,
         0.5308996048757672,
         0.4090143464418469,
         0.7983074901472245,
         0.6885216033008471,
         0.38377826267551135,
         0.4137005836890303
      ],
      [
         0.08168987088466752,
         0.5245516884066556,
         0.4495947651694538,
         0.7879808652781966,
         0.18980294597761743,
         0.5980636280900045,
         0.7786755051849529,
         0.7598978333896541,
         0.43508196499868074,
         0.20099681293098276
      ],
      [
         0.5957036581395686,
         0.5225619972553873,
         0.543975391343866,
         0.4736682049403496,
         0.6441615646151112,
         0.7559639741228367,
         0.36867621819051155,
         0.11964084936181782,
         0.12110624395941064,
         0.07977451056344612
      ],
      [
         0.30312004586754415,
         0.6663344221120403,
         0.7895610520689108,
         0.2284661336101328,
         0.4585047524934177,
         0.5276906701416738,
         0.648462179600073,
         0.25146700864348803,
         0.7277362892361344,
         0.7133127997248256
      ],
      [
         0.40090219699904944,
         0.28415575215899397,
         0.7627310678823819,
         0.7590436134158034,
         0.23039674553347422,
         0.2517331139921592,
         0.7762590353840804,
         0.20342562536110204,
         0.508471909902106,
         0.6181618647415746
      ],
      [
         0.5799677195863824,
         0.4245355786722122,
         0.328733118303481,
         0.2573238458390639,
         0.6862716038577207,
         0.12342497741773914,
         0.5834337064731924,
         0.1459085649735431,
         0.600260163591103,
         0.4207620928350453
      ],
      [
         0.6347328688159646,
         0.7076877922741509,
         0.6207218439959042,
         0.44083510805880605,
         0.7570835734459365,
         0.7084602195203358,
         0.25961294786587846,
         0.6528348130126147,
         0.15408780463716967,
         0.10967885963014837
      ]
   ],
   "mv_f1_micro": [
      0.8444444444444444,
      0.9555555555555556,
      0.9333333333333333,
      0.9555555555555556,
      0.9333333333333333,
      0.8666666666666667,
      0.9777777777777777,
      0.9777777777777777,
      0.9111111111111111,
      0.9555555555555556
   ],
   "mv_f1_macro": [
      0.8334920634920634,
      0.9542857142857143,
      0.932063492063492,
      0.9566666666666667,
      0.9320634920634921,
      0.85984126984127,
      0.9771428571428572,
      0.9771428571428572,
      0.9085714285714287,
      0.954920634920635
   ],
   "mv_f1_weighted": [
      0.8334920634920635,
      0.9542857142857143,
      0.932063492063492,
      0.9566666666666666,
      0.9320634920634919,
      0.8598412698412697,
      0.9771428571428571,
      0.9771428571428571,
      0.9085714285714285,
      0.9549206349206348
   ],
   "ct_f1_micro": [
      0.8888888888888888,
      0.9333333333333333,
      0.9555555555555556,
      0.9777777777777777,
      0.9777777777777777,
      0.9111111111111111,
      0.9777777777777777,
      1.0,
      0.9333333333333333,
      1.0
   ],
   "ct_f1_macro": [
      0.888095238095238,
      0.9314285714285716,
      0.9542857142857143,
      0.9771428571428572,
      0.9771428571428572,
      0.9098412698412699,
      0.9771428571428572,
      1.0,
      0.9314285714285716,
      1.0
   ],
   "ct_f1_weighted": [
      0.8880952380952379,
      0.9314285714285714,
      0.9542857142857143,
      0.9771428571428571,
      0.9771428571428571,
      0.9098412698412699,
      0.9771428571428572,
      1.0,
      0.9314285714285714,
      1.0
   ],
   "gt": [
      7,
      7,
      7,
      9,
      9,
      9,
      2,
      2,
      2,
      6,
      6,
      6,
      13,
      13,
      13,
      8,
      8,
      8,
      5,
      5,
      5,
      11,
      11,
      11,
      0,
      0,
      0,
      3,
      3,
      3,
      12,
      12,
      12,
      4,
      4,
      4,
      10,
      10,
      10,
      1,
      1,
      1,
      14,
      14,
      14
   ],
   "em_f1_micro": [
      0.8888888888888888,
      0.9111111111111111,
      0.9333333333333333,
      0.9777777777777777,
      0.9777777777777777,
      0.8666666666666667,
      1.0,
      1.0,
      0.9111111111111111,
      0.9777777777777777
   ],
   "em_f1_macro": [
      0.8901587301587301,
      0.9092063492063492,
      0.9276190476190477,
      0.9771428571428572,
      0.9771428571428571,
      0.8592063492063493,
      1.0,
      1.0,
      0.9085714285714287,
      0.9771428571428572
   ],
   "em_f1_weighted": [
      0.8901587301587301,
      0.9092063492063491,
      0.9276190476190476,
      0.9771428571428572,
      0.9771428571428572,
      0.8592063492063491,
      1.0,
      1.0,
      0.9085714285714285,
      0.9771428571428571
   ]
}