{
   "worker_count": 8,
   "expertise_scores": [
      [
         0.49963256223144903,
         0.48565313923478554,
         0.3734301763467799,
         0.5853902653695114,
         0.7344218430990163,
         0.0654014089596775,
         0.5262861488788433,
         0.3432314154451551
      ],
      [
         0.5186337648293048,
         0.7529181355292944,
         0.5054370061937408,
         0.4677283665707174,
         0.5378840127578686,
         0.36593306528306785,
         0.13411012551401774,
         0.09247189021899031
      ],
      [
         0.3020857451839203,
         0.1462366710714148,
         0.5752609854120074,
         0.27284089496177844,
         0.6964742229059777,
         0.19424361998231016,
         0.7273052779876541,
         0.7519893069984925
      ],
      [
         0.12169355929521966,
         0.25081946755777634,
         0.35803356276697335,
         0.6257036643834719,
         0.6699234197191851,
         0.26134178964789756,
         0.3721430589777606,
         0.11701054686698495
      ],
      [
         0.5987809604769367,
         0.11099503294095248,
         0.752971846108932,
         0.784386002282742,
         0.17547461185135016,
         0.4884200396826074,
         0.6086139811039988,
         0.6735426054182575
      ],
      [
         0.5132466672363929,
         0.6958372482512722,
         0.5551283905794832,
         0.20001862879409366,
         0.6703769386920281,
         0.22293882482261634,
         0.4133800863337639,
         0.08898571724838293
      ],
      [
         0.2293799825270575,
         0.24057980371707116,
         0.17075019809431363,
         0.7991351565355735,
         0.40462218089171037,
         0.6156960166992593,
         0.13233462588177253,
         0.6913721198579826
      ],
      [
         0.4254485081601038,
         0.5015475596554779,
         0.7218427866324747,
         0.5982753695109798,
         0.1117563005840455,
         0.5032970235969991,
         0.14821335373348796,
         0.4847420116883211
      ],
      [
         0.3437651163561872,
         0.1555934567421412,
         0.1277885107214548,
         0.22963292953356323,
         0.7409043108806219,
         0.6224648929874191,
         0.1464924197793254,
         0.4205259435665629
      ],
      [
         0.7873103766523025,
         0.7986869777678733,
         0.15785744734034315,
         0.12558928216244933,
         0.36490815671754406,
         0.26540664742908154,
         0.345044661992437,
         0.28200443719043095
      ]
   ],
   "mv_f1_micro": [
      0.8888888888888888,
      0.8222222222222222,
      0.9111111111111111,
      0.6888888888888889,
      0.9111111111111111,
      0.8666666666666667,
      0.8222222222222222,
      0.8666666666666667,
      0.7333333333333333,
      0.7555555555555555
   ],
   "mv_f1_macro": [
      0.8863492063492064,
      0.8214285714285715,
      0.9109523809523811,
      0.6912169312169313,
      0.9085714285714288,
      0.8580952380952381,
      0.8234920634920636,
      0.865873015873016,
      0.7049206349206348,
      0.7547619047619047
   ],
   "mv_f1_weighted": [
      0.8863492063492062,
      0.8214285714285714,
      0.9109523809523808,
      0.6912169312169313,
      0.9085714285714285,
      0.8580952380952381,
      0.8234920634920633,
      0.8658730158730157,
      0.7049206349206348,
      0.7547619047619046
   ],
   "ct_f1_micro": [
      0.8000000000000002,
      0.8444444444444444,
      0.9777777777777777,
      0.7777777777777778,
      0.9333333333333333,
      0.9333333333333333,
      0.8444444444444444,
      0.8888888888888888,
      0.8222222222222222,
      0.8666666666666667
   ],
   "ct_f1_macro": [
      0.7901587301587302,
      0.8319047619047619,
      0.9771428571428572,
      0.7841269841269841,
      0.9314285714285716,
      0.9314285714285716,
      0.8353968253968255,
      0.8887301587301589,
      0.8098412698412698,
      0.8666666666666668
   ],
   "ct_f1_weighted": [
      0.7901587301587302,
      0.8319047619047618,
      0.9771428571428571,
      0.7841269841269841,
      0.9314285714285714,
      0.9314285714285714,
      0.8353968253968252,
      0.8887301587301585,
      0.8098412698412698,
      0.8666666666666667
   ],
   "gt": [
      7,
      7,
      7,
      9,
      9,
      9,
      2,
      2,
      2,
      6,
      6,
      6,
      13,
      13,
      13,
      8,
      8,
      8,
      5,
      5,
      5,
      11,
      11,
      11,
      0,
      0,
      0,
      3,
      3,
      3,
      12,
      12,
      12,
      4,
      4,
      4,
      10,
      10,
      10,
      1,
      1,
      1,
      14,
      14,
      14
   ],
   "em_f1_micro": [
      0.8888888888888888,
      0.8888888888888888,
      0.9555555555555556,
      0.7333333333333333,
      0.9333333333333333,
      0.9111111111111111,
      0.8222222222222222,
      0.8888888888888888,
      0.8000000000000002,
      0.8222222222222222
   ],
   "em_f1_macro": [
      0.8887301587301588,
      0.8887301587301588,
      0.9542857142857144,
      0.7368253968253968,
      0.9314285714285716,
      0.9130158730158731,
      0.8107936507936508,
      0.8842857142857145,
      0.7965079365079365,
      0.8228571428571428
   ],
   "em_f1_weighted": [
      0.8887301587301587,
      0.8887301587301587,
      0.9542857142857143,
      0.7368253968253968,
      0.9314285714285714,
      0.913015873015873,
      0.8107936507936506,
      0.8842857142857143,
      0.7965079365079365,
      0.8228571428571427
   ]
}