{
   "worker_count": 20,
   "expertise_scores": [
      [
         0.5800737572755449,
         0.697506281681625,
         0.674888690857403,
         0.7611205019750225,
         0.5893433678376434,
         0.7529925180369013,
         0.5815142698313098,
         0.7301725675637613,
         0.5507882173909574,
         0.7818448650629873,
         0.6816953006268955,
         0.7004891475189202,
         0.6777476898393051,
         0.9605182993898662,
         0.7873686150280041,
         0.7545925778963282,
         0.8851458404905809,
         0.5300749733455793,
         0.5601161582506478,
         0.6956284296264788
      ],
      [
         0.8915907507631553,
         0.7125489654124627,
         0.679360271046404,
         0.5694491121892826,
         0.5205343378563067,
         0.5512233546075643,
         0.5542530583051645,
         0.7029012523467959,
         0.6372426505817179,
         0.9257016493932024,
         0.7240323501631265,
         0.7104827873604476,
         0.6516171819213543,
         0.866034462417491,
         0.6408438715465258,
         0.7914184814598295,
         0.6425106782511205,
         0.5757811869449718,
         0.5566708144776278,
         0.5717284805736538
      ],
      [
         0.5661509748758655,
         0.7865941828214997,
         0.7275535845487253,
         0.6316930800836279,
         0.7174605046831488,
         0.9255211495476425,
         0.8088635691159737,
         0.5233134186603791,
         0.5959797734200565,
         0.7604925207344211,
         0.7305378767805266,
         0.7448598079542169,
         0.6018043433281093,
         0.9028178918651306,
         0.6990330669267155,
         0.5793305181962332,
         0.6377340239450958,
         0.9748807065359337,
         0.962074782594172,
         0.8458594873705845
      ],
      [
         0.8889789436401072,
         0.6504506430111971,
         0.6718622424016693,
         0.5261456347376061,
         0.5184924117787736,
         0.6886053702075984,
         0.537861410880293,
         0.7847791332308816,
         0.887565881004715,
         0.5447286818356618,
         0.5928419871126277,
         0.6490076523602218,
         0.9859975580545233,
         0.8656006832663079,
         0.5837814331014893,
         0.7565218959634958,
         0.777691020561788,
         0.6479083133643454,
         0.6851784807074599,
         0.5186074576408606
      ],
      [
         0.8074901773489662,
         0.5915387176555678,
         0.6218841206598558,
         0.6512607565064634,
         0.5217853836022119,
         0.9200143941616437,
         0.8657650848355014,
         0.7103505344374634,
         0.7370757518456866,
         0.8742203231688999,
         0.7591875044555771,
         0.8617724440907785,
         0.5118462100256345,
         0.8163010725647026,
         0.7705901133899893,
         0.9524035508326398,
         0.6837967707667725,
         0.8220401286056679,
         0.5210757321764058,
         0.7558343272880482
      ],
      [
         0.670876911845864,
         0.5531040297267819,
         0.594721101873638,
         0.6057191279443295,
         0.6305194588294267,
         0.8972922596460757,
         0.8371059927403055,
         0.7321986250692104,
         0.8450671483755959,
         0.9518272394039535,
         0.519082234470751,
         0.9822524641979861,
         0.8640334769896681,
         0.7051758284037196,
         0.7688130725751365,
         0.7943360819497017,
         0.8037619049455251,
         0.5713870798451256,
         0.5576122586380692,
         0.5777643836914008
      ],
      [
         0.8948303232568876,
         0.9336510267324363,
         0.5431888458780249,
         0.8260224310457843,
         0.8744786805042553,
         0.9617713418411731,
         0.7783075240611008,
         0.8679852133417458,
         0.6356530479039423,
         0.6153344382960687,
         0.7144589310510343,
         0.6605387472842393,
         0.6478077233435631,
         0.8796461063440011,
         0.6759890396970295,
         0.8988029228098184,
         0.8168769063823598,
         0.9739601413014451,
         0.7805170127015837,
         0.6665209778899002
      ],
      [
         0.7425183803846196,
         0.5223688685669003,
         0.6525440506912652,
         0.8350433683724985,
         0.9768341676685551,
         0.544089636754104,
         0.7303808077220917,
         0.7926715646265632,
         0.9261037236403927,
         0.7461780121352424,
         0.7092360629111952,
         0.6094669753183841,
         0.9828589247156247,
         0.9026098334057696,
         0.5856198526490293,
         0.6703437526519316,
         0.9427137182815053,
         0.9148198079651404,
         0.8961379084186699,
         0.5898124864767611
      ],
      [
         0.8744492357876357,
         0.5984041190721747,
         0.7127621806966394,
         0.9182743809331742,
         0.5208809673924442,
         0.6907760684601159,
         0.7785128246360797,
         0.9546762799760378,
         0.8145531814866425,
         0.8375068010121508,
         0.9536656948746558,
         0.652700565043016,
         0.540448781593702,
         0.9016057699143215,
         0.5243487765720353,
         0.8935853680516929,
         0.7752567475426864,
         0.954301685366401,
         0.6860717343797047,
         0.5180360197060606
      ],
      [
         0.8829469806642741,
         0.9630130642447252,
         0.5671175083698873,
         0.9475821782624345,
         0.6803806428320538,
         0.6189332332370341,
         0.840742872309175,
         0.9636677981832488,
         0.8086141132135232,
         0.6042636078141319,
         0.687361392845199,
         0.5294748652667555,
         0.7462601808903278,
         0.8218648051826937,
         0.8315084888921958,
         0.9073432642260403,
         0.7716588247242451,
         0.9453876890917823,
         0.6236927264728366,
         0.9100503511532425
      ]
   ],
   "mv_f1_micro": [
      1.0,
      1.0,
      1.0,
      1.0,
      1.0,
      1.0,
      1.0,
      1.0,
      1.0,
      1.0
   ],
   "mv_f1_macro": [
      1.0,
      1.0,
      1.0,
      1.0,
      1.0,
      1.0,
      1.0,
      1.0,
      1.0,
      1.0
   ],
   "mv_f1_weighted": [
      1.0,
      1.0,
      1.0,
      1.0,
      1.0,
      1.0,
      1.0,
      1.0,
      1.0,
      1.0
   ],
   "ct_f1_micro": [
      1.0,
      1.0,
      1.0,
      1.0,
      1.0,
      1.0,
      1.0,
      1.0,
      1.0,
      1.0
   ],
   "ct_f1_macro": [
      1.0,
      1.0,
      1.0,
      1.0,
      1.0,
      1.0,
      1.0,
      1.0,
      1.0,
      1.0
   ],
   "ct_f1_weighted": [
      1.0,
      1.0,
      1.0,
      1.0,
      1.0,
      1.0,
      1.0,
      1.0,
      1.0,
      1.0
   ],
   "em_f1_micro": [
      1.0,
      1.0,
      1.0,
      1.0,
      1.0,
      1.0,
      1.0,
      1.0,
      1.0,
      1.0
   ],
   "em_f1_macro": [
      1.0,
      1.0,
      1.0,
      1.0,
      1.0,
      1.0,
      1.0,
      1.0,
      1.0,
      1.0
   ],
   "em_f1_weighted": [
      1.0,
      1.0,
      1.0,
      1.0,
      1.0,
      1.0,
      1.0,
      1.0,
      1.0,
      1.0
   ]
}