{
   "worker_count": 30,
   "expertise_scores": [
      [
         0.8563550473834132,
         0.7127579548246241,
         0.6484446153840566,
         0.9008359687120671,
         0.9352832382272254,
         0.5249225901908365,
         0.8393391576148013,
         0.617893940736898,
         0.6273621095013199,
         0.8272387716351566,
         0.903492157455526,
         0.7436730935473269,
         0.5600246602268637,
         0.7949864502901027,
         0.8607608443472581,
         0.580385253574677,
         0.92150826262733,
         0.8505494346359623,
         0.6521269224808107,
         0.8540146608031741,
         0.7473482627416566,
         0.7196376579600967,
         0.7159047481897605,
         0.7805517770208497,
         0.8256385308246736,
         0.5530253816305631,
         0.9792114241967402,
         0.97465817934249,
         0.925513919344876,
         0.5933917700436968
      ],
      [
         0.9796471477907861,
         0.6069558230453618,
         0.745429208501757,
         0.701552593629632,
         0.7717247264820201,
         0.8577941622889035,
         0.904822065506756,
         0.6177176972402053,
         0.6202568959881949,
         0.7291433771439847,
         0.9153054428387758,
         0.8576387234913696,
         0.9148843868485024,
         0.883923113799344,
         0.91920406807577,
         0.5584871892164794,
         0.9047517912781118,
         0.8774801607635054,
         0.5362854727652853,
         0.94478550226135,
         0.7617830887786257,
         0.7932854909079239,
         0.5985797682702556,
         0.9695237734920941,
         0.5946172620532609,
         0.6939802480905938,
         0.760887933097123,
         0.7624030582963554,
         0.7768809356623783,
         0.7410946647856071
      ],
      [
         0.5867473952828236,
         0.7299319364984405,
         0.8513666256360299,
         0.7293862665697702,
         0.8057710827944585,
         0.5521302383418027,
         0.851352495116658,
         0.6102748366774815,
         0.9732220763177597,
         0.5777119744575,
         0.6638220877746087,
         0.950181167272246,
         0.8757788224522203,
         0.8662915233016865,
         0.8380456379264286,
         0.8694016705763339,
         0.8693607353069692,
         0.5231979860983705,
         0.8090823490633732,
         0.9175866446781673,
         0.8089237788069861,
         0.8442957058522534,
         0.8011557278878663,
         0.6698583859620488,
         0.5974494225218945,
         0.6627876518614526,
         0.5935611733467274,
         0.8600755994162175,
         0.5692640185316094,
         0.5287272673923022
      ],
      [
         0.5990001974990697,
         0.8200760061994005,
         0.6834846076832632,
         0.6640562264221198,
         0.8703762589299111,
         0.9506045999246919,
         0.9568190054229513,
         0.6222721119380069,
         0.8152142238766447,
         0.8291713148486674,
         0.6228164872468307,
         0.5364934523959828,
         0.9221293143934401,
         0.5707399838910165,
         0.9052121721296131,
         0.674145319347828,
         0.7667193262182426,
         0.9242290739923673,
         0.984712516810022,
         0.8414213645968824,
         0.5817597449290456,
         0.6670832953887867,
         0.6025570329399822,
         0.9491323434188635,
         0.9383484927164093,
         0.9777250469420455,
         0.8156758895178085,
         0.8965011561131271,
         0.7089787490579744,
         0.5745017020462979
      ],
      [
         0.7007235581341764,
         0.5431854348572326,
         0.6487174859355342,
         0.8513864880718495,
         0.7369977516083027,
         0.9831317412706448,
         0.6830244606680126,
         0.8477862393247699,
         0.9730391233448119,
         0.6067589238698319,
         0.5312438980988758,
         0.9629471130911988,
         0.537830905179298,
         0.7023431420112907,
         0.6862069208507062,
         0.557519555041258,
         0.6797914528035311,
         0.5964520631974559,
         0.604995512597589,
         0.9410007795325634,
         0.6259757042444506,
         0.6098839768814514,
         0.661962100433215,
         0.5120647702678852,
         0.8477058059868321,
         0.5498365096297639,
         0.5543188389348298,
         0.7980386927168938,
         0.7353870794458258,
         0.6527447205051693
      ],
      [
         0.6026856069293147,
         0.7816601239459112,
         0.628732687597554,
         0.7154924146025579,
         0.5281710682163692,
         0.7255672542419729,
         0.8741613523840959,
         0.9853712790693805,
         0.9256025031607058,
         0.5169538021660811,
         0.5627934432459434,
         0.5271819759754287,
         0.6464852737577129,
         0.8280159355724102,
         0.5387855074344143,
         0.7215688864671754,
         0.8317595932144983,
         0.5158392304758419,
         0.6130277802950965,
         0.6789811095070895,
         0.6151551437361147,
         0.6707474085091497,
         0.695657660797917,
         0.5491464119615035,
         0.5532527647046624,
         0.9046939057421277,
         0.6536103485568417,
         0.9240286595925704,
         0.7979808462031599,
         0.6046063083972368
      ],
      [
         0.6588264991024811,
         0.6833313490574834,
         0.5436047307582932,
         0.6950939044353526,
         0.6171210391491596,
         0.6627625071055003,
         0.9892716046590091,
         0.8812770943272593,
         0.922801236719488,
         0.8425645107332573,
         0.6517995629832896,
         0.9829141760940281,
         0.6564250676297846,
         0.6137798543015411,
         0.8816811292460709,
         0.8354023620882858,
         0.9409110791348312,
         0.9058662393162321,
         0.9241553404232865,
         0.8089108933656667,
         0.9097267230906467,
         0.8361826517183657,
         0.6909346318760088,
         0.9597593023236608,
         0.8529836826574204,
         0.6727332154822304,
         0.8372643977606135,
         0.7410595751910369,
         0.8562671973889555,
         0.6994712015174047
      ],
      [
         0.9467018447430722,
         0.8612385666177969,
         0.972182181614486,
         0.5453737246843018,
         0.9892863750821844,
         0.7619298217121329,
         0.7409710579871392,
         0.5231452045770946,
         0.982487241453246,
         0.963345448566236,
         0.7569547518513746,
         0.8936761812129526,
         0.5404373125574881,
         0.6784793801384726,
         0.9843583092866905,
         0.5676881009081424,
         0.6931464409377086,
         0.6622944371383781,
         0.9388949112509959,
         0.9786987119594937,
         0.9780905889323486,
         0.9408783602483598,
         0.6732040311158746,
         0.9491663943532596,
         0.5736747229298274,
         0.8324571464927446,
         0.8314800358868498,
         0.9463366928748798,
         0.6510964561378444,
         0.9776018064295882
      ],
      [
         0.5914433414836962,
         0.5701696848612688,
         0.6082904022654196,
         0.6906873397293879,
         0.8561868886384485,
         0.7220711350327891,
         0.8754199983560119,
         0.7079453824821323,
         0.9313407513438033,
         0.6590085268931791,
         0.7833449247671892,
         0.8901864014440385,
         0.7714102556683855,
         0.7413797772938739,
         0.9547215452821587,
         0.7724912310858801,
         0.8986481334335502,
         0.841898183964428,
         0.8029539335158167,
         0.9099633296648918,
         0.7135564613673159,
         0.6487641640304198,
         0.5566446119654651,
         0.733098911845147,
         0.8158795158976861,
         0.6139638215441765,
         0.7170757024084394,
         0.891283161330779,
         0.9480845560639044,
         0.9529010538107496
      ],
      [
