{
   "worker_count": 8,
   "expertise_scores": [
      [
         0.786918728935571,
         0.6529421739064875,
         0.8584284530574136,
         0.5710067140748298,
         0.9474144359273082,
         0.5842588521561366,
         0.5823507659258919,
         0.7068193009438216
      ],
      [
         0.7910602633967643,
         0.5211078190974467,
         0.8148450814597247,
         0.7494303195708412,
         0.6891591439295881,
         0.699082248843359,
         0.6134260293593152,
         0.62629442145576
      ],
      [
         0.6429736455074053,
         0.8422462626431546,
         0.5122887894477588,
         0.6488931151905584,
         0.6195095566628054,
         0.600674157612379,
         0.9697856783676408,
         0.7488170237059387
      ],
      [
         0.9208294135440811,
         0.9298375286787033,
         0.9045562036164703,
         0.6838344934542717,
         0.8914290445365736,
         0.5122396615687815,
         0.9239651112477613,
         0.9434066563257564
      ],
      [
         0.9828908061558036,
         0.9189665820051205,
         0.7895840420121438,
         0.91736449637325,
         0.7934601106788921,
         0.7740972354071987,
         0.7457090336236358,
         0.7707989659425845
      ],
      [
         0.7102941828912844,
         0.911058155033398,
         0.9189003589018054,
         0.6053365333990264,
         0.5364696373892384,
         0.6718508659142941,
         0.8751947511727982,
         0.6097026590478433
      ],
      [
         0.8369099084624791,
         0.892052796158511,
         0.9642846240805452,
         0.6884139142254624,
         0.9471920196099471,
         0.8157752565317644,
         0.8656240486258149,
         0.9058624409302677
      ],
      [
         0.6334923277215991,
         0.6307744491929856,
         0.7228266689816464,
         0.8227504173910335,
         0.8484089954916468,
         0.9687509121562673,
         0.6843979244021205,
         0.7135488207364327
      ],
      [
         0.9112884926443108,
         0.7126037169153195,
         0.612662013848829,
         0.7449064981688486,
         0.6894170308087495,
         0.7925140960905825,
         0.6079259392688814,
         0.5428216366898351
      ],
      [
         0.8323027871546542,
         0.7762037217281695,
         0.5140222004376842,
         0.5436952642523145,
         0.564455305632884,
         0.6939830995379366,
         0.5812991339238238,
         0.9419105816388456
      ]
   ],
   "mv_f1_micro": [
      0.968,
      0.974,
      0.974,
      0.998,
      0.998,
      0.968,
      1.0,
      0.98,
      0.972,
      0.97
   ],
   "mv_f1_macro": [
      0.9676435847784163,
      0.9739118788821696,
      0.9740900299398589,
      0.9978866389601202,
      0.9978793548961953,
      0.9681923618781512,
      1.0,
      0.9796022932027426,
      0.9719982877933938,
      0.970067155148046
   ],
   "mv_f1_weighted": [
      0.9679736873309908,
      0.9740129108763815,
      0.9739711575115282,
      0.9980008488814219,
      0.9980008197451662,
      0.9679930195572098,
      1.0,
      0.9799996476805637,
      0.9720305343511451,
      0.9699989347042611
   ],
   "ct_f1_micro": [
      0.984,
      0.972,
      0.99,
      1.0,
      1.0,
      0.992,
      1.0,
      0.992,
      0.978,
      0.992
   ],
   "ct_f1_macro": [
      0.9838310862165823,
      0.9722608819507232,
      0.9898310095890741,
      1.0,
      1.0,
      0.9923806473424794,
      1.0,
      0.9919161530425914,
      0.9781295112822552,
      0.9921497791626086
   ],
   "ct_f1_weighted": [
      0.9839999140808301,
      0.972035761977504,
      0.9900067256196289,
      1.0,
      1.0,
      0.9919998825601879,
      1.0,
      0.9919886785830763,
      0.9780000880760097,
      0.9920138821355183
   ],
   "em_f1_micro": [
      0.984,
      0.966,
      0.994,
      1.0,
      1.0,
      0.992,
      1.0,
      0.994,
      0.976,
      0.986
   ],
   "em_f1_macro": [
      0.984058199393977,
      0.9662914422699703,
      0.993839417841273,
      1.0,
      1.0,
      0.9923806473424794,
      1.0,
      0.993593676655581,
      0.9762566300286997,
      0.9862130307136263
   ],
   "em_f1_weighted": [
      0.983991308235715,
      0.9660275075668253,
      0.9940076919715047,
      1.0,
      1.0,
      0.9919998825601879,
      1.0,
      0.9939687532554629,
      0.9760447263764499,
      0.9860229013193941
   ]
}