{
   "worker_count": 10,
   "expertise_scores": [
      [
         0.7709111167212273,
         0.6371730083347437,
         0.7106455786547818,
         0.6626646619585965,
         0.8377124703012522,
         0.7010246134160691,
         0.6096400391197773,
         0.7157791515034071,
         0.5715518095670044,
         0.6876211712630538
      ],
      [
         0.6708199767628172,
         0.9815462468004246,
         0.763837699187355,
         0.9657964391870517,
         0.8491639298426699,
         0.5312690947433263,
         0.8395817878032965,
         0.9470606763492586,
         0.5947719164821645,
         0.8721107364874994
      ],
      [
         0.8024184510546921,
         0.6264070295900777,
         0.8873550201599978,
         0.5244892862847013,
         0.8660669767866659,
         0.9872114403542838,
         0.6314650319162421,
         0.8910273299395985,
         0.7519740542846175,
         0.9844362356604734
      ],
      [
         0.8834363179217903,
         0.6632941083059913,
         0.6361620514166304,
         0.8499888898042421,
         0.8016535156431052,
         0.7965528523747158,
         0.8815950805329322,
         0.9444463295692835,
         0.8586601497984321,
         0.5878171159121899
      ],
      [
         0.7677551500604266,
         0.6293445917527288,
         0.8282447386749422,
         0.6350569202808922,
         0.8986100173282074,
         0.9053570141211542,
         0.5871207924374152,
         0.832581468361717,
         0.6291189732689635,
         0.516436922354869
      ],
      [
         0.8653144463001279,
         0.7393608032789936,
         0.95988777080986,
         0.5307893913523569,
         0.8399795279881075,
         0.8861793150488128,
         0.6253732637821614,
         0.8567049417198203,
         0.8690321168220909,
         0.5141926254801756
      ],
      [
         0.771116591036757,
         0.6076787906609201,
         0.8081654549036117,
         0.6120672039518866,
         0.548481133379637,
         0.9564679467269328,
         0.9876647660691592,
         0.877648213096174,
         0.9270543305636374,
         0.9276794978578429
      ],
      [
         0.7135597419785494,
         0.5155244429584892,
         0.7513263708350661,
         0.6350457649946671,
         0.7183921000777282,
         0.783983841336551,
         0.9131549169555084,
         0.8820651322711277,
         0.6579006212165602,
         0.8145243067066266
      ],
      [
         0.6087578434485461,
         0.8100864961672412,
         0.947806132262955,
         0.6898609348126767,
         0.5415218609466038,
         0.9114050728270815,
         0.8252958248175974,
         0.9401220731825428,
         0.8404411558731562,
         0.959877523197686
      ],
      [
         0.5549878183746295,
         0.668390266810064,
         0.7684006836452337,
         0.5426872734078083,
         0.748445593072046,
         0.7059941934139269,
         0.7700276808466904,
         0.6202654765527938,
         0.5436915366232457,
         0.6205473440074064
      ]
   ],
   "mv_f1_micro": [
      0.978,
      1.0,
      1.0,
      0.996,
      0.992,
      0.998,
      1.0,
      1.0,
      1.0,
      0.98
   ],
   "mv_f1_macro": [
      0.9778672672072977,
      1.0,
      1.0,
      0.9959600397271171,
      0.9917294174969199,
      0.9980841786925437,
      1.0,
      1.0,
      1.0,
      0.9796387969374003
   ],
   "mv_f1_weighted": [
      0.9779635969125343,
      1.0,
      1.0,
      0.9959991365819437,
      0.9920023718165433,
      0.9979999412775078,
      1.0,
      1.0,
      1.0,
      0.980007253582919
   ],
   "ct_f1_micro": [
      0.984,
      1.0,
      1.0,
      0.998,
      0.998,
      1.0,
      1.0,
      1.0,
      1.0,
      0.982
   ],
   "ct_f1_macro": [
      0.9838224462231594,
      1.0,
      1.0,
      0.9978757207376069,
      0.9980841786925437,
      1.0,
      1.0,
      1.0,
      1.0,
      0.9815021820663625
   ],
   "ct_f1_weighted": [
      0.9839666457294971,
      1.0,
      1.0,
      0.997999107445688,
      0.9979999412775078,
      1.0,
      1.0,
      1.0,
      1.0,
      0.9819732365347609
   ],
   "em_f1_micro": [
      0.976,
      1.0,
      1.0,
      1.0,
      0.996,
      1.0,
      1.0,
      0.998,
      1.0,
      0.98
   ],
   "em_f1_macro": [
      0.9757556913339139,
      1.0,
      1.0,
      1.0,
      0.9959670735459408,
      1.0,
      1.0,
      0.9980842911877394,
      1.0,
      0.9796087931117258
   ],
   "em_f1_weighted": [
      0.9759684493848199,
      1.0,
      1.0,
      1.0,
      0.9959990200267328,
      1.0,
      1.0,
      0.998,
      1.0,
      0.9799965714247874
   ]
}