{
   "worker_count": 5,
   "expertise_scores": [
      [
         0.5780781891349659,
         0.6353091317920054,
         0.6414512818170264,
         0.6765896569875762,
         0.8308394063129233
      ],
      [
         0.8644704501540728,
         0.6563973276671022,
         0.6270445582663122,
         0.615857468360972,
         0.8840707470857294
      ],
      [
         0.5823832130204376,
         0.6713611487391502,
         0.6719058346091589,
         0.7706893113708588,
         0.6308730956079396
      ],
      [
         0.8447658380326859,
         0.7033147682002263,
         0.7815359110507172,
         0.9211623785785346,
         0.983373453050326
      ],
      [
         0.8573144727497217,
         0.6874655289377074,
         0.7002260698925207,
         0.8992977314283881,
         0.6898846833480157
      ],
      [
         0.723692541525847,
         0.6515219202975765,
         0.5891791069741354,
         0.750216970051669,
         0.7332578114179129
      ],
      [
         0.6901563181554954,
         0.8426008851801596,
         0.7170834308691708,
         0.7413641826505656,
         0.6135665200305105
      ],
      [
         0.7460168428173538,
         0.5632683860219914,
         0.738949961035235,
         0.7273553876722824,
         0.6590214486201007
      ],
      [
         0.697825612122958,
         0.9708342385591334,
         0.9543595462969452,
         0.6382375701259633,
         0.7099486736296607
      ],
      [
         0.511305011871123,
         0.808732936397525,
         0.6004395883388244,
         0.982609741028172,
         0.9797025917934061
      ]
   ],
   "mv_f1_micro": [
      0.8960000000000001,
      0.948,
      0.898,
      0.99,
      0.956,
      0.916,
      0.916,
      0.898,
      0.978,
      0.984
   ],
   "mv_f1_macro": [
      0.895829392403236,
      0.9476012605692259,
      0.8975802846423416,
      0.9894185438992976,
      0.9567484989859376,
      0.9155719378730198,
      0.9143655415278383,
      0.8966790326032674,
      0.9781344549070108,
      0.9835621924716955
   ],
   "mv_f1_weighted": [
      0.8961025959362082,
      0.9480072145078011,
      0.8980930517340245,
      0.99001176156108,
      0.9560443305370755,
      0.9159922756268624,
      0.9158468272119518,
      0.8980152671755725,
      0.9779825734102866,
      0.9839317756797322
   ],
   "ct_f1_micro": [
      0.916,
      0.97,
      0.902,
      0.996,
      0.976,
      0.922,
      0.926,
      0.926,
      0.99,
      0.998
   ],
   "ct_f1_macro": [
      0.9159188906303559,
      0.9695421598157421,
      0.9007531765890676,
      0.9957624107174584,
      0.9764792056162632,
      0.9214323232515915,
      0.924727324617874,
      0.9249494901096444,
      0.9898356436546567,
      0.9980841786925437
   ],
   "ct_f1_weighted": [
      0.916022956220241,
      0.9700575170769051,
      0.9019795994695291,
      0.996,
      0.9760636540010289,
      0.9219404818745753,
      0.925927956509936,
      0.925902573808326,
      0.9900100924845111,
      0.9979999412775078
   ],
   "em_f1_micro": [
      0.8960000000000001,
      0.956,
      0.898,
      0.994,
      0.976,
      0.9,
      0.922,
      0.904,
      0.986,
      0.998
   ],
   "em_f1_macro": [
      0.8966225231165471,
      0.9562595197440551,
      0.8969214688649462,
      0.9936343635032919,
      0.9760123968467694,
      0.8994503367056602,
      0.9210258183939325,
      0.9006524862913443,
      0.9862110838603864,
      0.9978719583370746
   ],
   "em_f1_weighted": [
      0.8959994675532524,
      0.9561039536675966,
      0.8980983544818891,
      0.9939897177743264,
      0.9760282799993452,
      0.8998124797881737,
      0.9218730980903751,
      0.9029310380222871,
      0.9859986884099156,
      0.9980007901589297
   ]
}