{
   "worker_count": 13,
   "expertise_scores": [
      [
         0.9734786729959166,
         0.7088830329381502,
         0.8426220598331559,
         0.9807850097625535,
         0.8967550427643232,
         0.9761538032933326,
         0.8585749258862829,
         0.7793741598901176,
         0.7394139053886897,
         0.7739409955681862,
         0.6808809248973714,
         0.9204250059561379,
         0.7018265071322102
      ],
      [
         0.5822714847485229,
         0.6138541256607285,
         0.7561304228624093,
         0.6396981067435631,
         0.51090847265265,
         0.5702686933985016,
         0.8270904211179755,
         0.8409518249533559,
         0.6671322524488401,
         0.7990866491231374,
         0.8980688247166397,
         0.6573250156595942,
         0.864582520712111
      ],
      [
         0.5943334127085956,
         0.5161309115925076,
         0.9173926859783583,
         0.7270291154217873,
         0.7770939808021264,
         0.5386380309523576,
         0.8351255550491523,
         0.6028899069333954,
         0.8296216916457544,
         0.7912556163430424,
         0.8348917709587962,
         0.6065042640200917,
         0.9167375618077404
      ],
      [
         0.8967027537922297,
         0.7774036126815722,
         0.9245163965720771,
         0.6755479155805433,
         0.5238876942392505,
         0.6687322953289223,
         0.6657419420124512,
         0.8672391381460312,
         0.7905711768847065,
         0.6125795655469624,
         0.5735596929052726,
         0.6606089925015773,
         0.8617100059414985
      ],
      [
         0.8043857978931308,
         0.5947673714580192,
         0.653881948302315,
         0.823267593008127,
         0.6755251360627048,
         0.9379981079301257,
         0.8477805112257457,
         0.5538038733870009,
         0.6376000186197298,
         0.5467510003473416,
         0.9237798901557421,
         0.8147944686090473,
         0.76620139219582
      ],
      [
         0.5702095692724102,
         0.6405259028440398,
         0.8010266317502306,
         0.6991305568609699,
         0.9423704115932361,
         0.7579819254068716,
         0.6755443161499712,
         0.6490867184746096,
         0.8021165502856795,
         0.5161706592149267,
         0.7516405260513597,
         0.5102233673059515,
         0.6873392834373828
      ],
      [
         0.5881486018941691,
         0.820556458659907,
         0.7491257995026066,
         0.668424671986622,
         0.6926050026283872,
         0.7828662905810806,
         0.7826017662641365,
         0.5233435806295422,
         0.9395953668094754,
         0.8573024699861412,
         0.9715732148397738,
         0.5424333398564318,
         0.518640992148653
      ],
      [
         0.5404060072823376,
         0.5699424646217034,
         0.6905247044359653,
         0.6787871642253972,
         0.8585463142096219,
         0.695974754009415,
         0.7716000700597695,
         0.5111990193506004,
         0.9549355382081235,
         0.7033096812399156,
         0.5187587771146641,
         0.6922996674085831,
         0.8584201023604662
      ],
      [
         0.9181743761458825,
         0.7363441297426389,
         0.7303918173257464,
         0.8178365798729066,
         0.6656008463013332,
         0.7356223662600235,
         0.5453244294055537,
         0.6764117222159065,
         0.6347148614073738,
         0.5759883723407552,
         0.6550225548245435,
         0.9676179298913534,
         0.5364940781689093
      ],
      [
         0.5772045918275116,
         0.6487036788884143,
         0.7728698711694586,
         0.6292265602225637,
         0.7772268862216731,
         0.7570692384566092,
         0.7969756078666914,
         0.8062993042056568,
         0.6727485795100655,
         0.9143436167783636,
         0.6167547735215312,
         0.6680952527656733,
         0.9208101015600842
      ]
   ],
   "mv_f1_micro": [
      1.0,
      1.0,
      0.998,
      0.998,
      1.0,
      0.996,
      0.994,
      1.0,
      0.996,
      1.0
   ],
   "mv_f1_macro": [
      1.0,
      1.0,
      0.9978828948533971,
      0.9980915752516644,
      1.0,
      0.9959562779731184,
      0.993860966931164,
      1.0,
      0.9959635620370433,
      1.0
   ],
   "mv_f1_weighted": [
      1.0,
      1.0,
      0.997999078749225,
      0.9980000291362556,
      1.0,
      0.9960008197451662,
      0.9940108552332887,
      1.0,
      0.9960008488814219,
      1.0
   ],
   "ct_f1_micro": [
      1.0,
      1.0,
      0.996,
      0.998,
      1.0,
      0.994,
      1.0,
      1.0,
      0.996,
      1.0
   ],
   "ct_f1_macro": [
      1.0,
      1.0,
      0.9957549042102032,
      0.9980915752516644,
      1.0,
      0.9936453487525109,
      1.0,
      1.0,
      0.9957693638777289,
      1.0
   ],
   "ct_f1_weighted": [
      1.0,
      1.0,
      0.9959999125810447,
      0.9980000291362556,
      1.0,
      0.9940101512070032,
      1.0,
      1.0,
      0.9960108552332887,
      1.0
   ],
   "em_f1_micro": [
      1.0,
      1.0,
      0.996,
      0.998,
      1.0,
      0.994,
      1.0,
      0.998,
      0.998,
      0.998
   ],
   "em_f1_macro": [
      1.0,
      1.0,
      0.9957402588014168,
      0.9980915752516644,
      1.0,
      0.9938536835137727,
      1.0,
      0.9980842911877394,
      0.9978866389601202,
      0.9980841786925437
   ],
   "em_f1_weighted": [
      1.0,
      1.0,
      0.9959887370780018,
      0.9980000291362556,
      1.0,
      0.9940031630393895,
      1.0,
      0.998,
      0.9980008488814219,
      0.9979999412775078
   ]
}