{
   "worker_count": 40,
   "expertise_scores": [
      [
         0.5577926132360496,
         0.7186007627188659,
         0.6264145802245928,
         0.9462057244250979,
         0.7361628330548144,
         0.8724938770323549,
         0.822810962966853,
         0.8714449131009615,
         0.5475078581994728,
         0.6662473826127,
         0.9638947190498908,
         0.8411618512688234,
         0.745785880417114,
         0.7091893666223584,
         0.6128043443552014,
         0.9429763025408139,
         0.8490363048931282,
         0.9707668119624956,
         0.9866785124575433,
         0.656744227602541,
         0.7889433800654684,
         0.8245784701975833,
         0.614398544583269,
         0.9138587330305488,
         0.7214389389358,
         0.9230915699561134,
         0.9776599824770835,
         0.542312929614672,
         0.7406138833641731,
         0.5538765318327392,
         0.9555872379549827,
         0.5704339405450461,
         0.5596126593489209,
         0.7459592174598273,
         0.9542719620009453,
         0.9323738882260284,
         0.8662203512010669,
         0.8641007576723517,
         0.7547284517300761,
         0.6709833036090614
      ],
      [
         0.8879578587926309,
         0.8744928725134912,
         0.9715987241159754,
         0.5410150841809404,
         0.6610214896028686,
         0.9638198547317343,
         0.6407547865975869,
         0.7880545341150436,
         0.7769762689462069,
         0.5414372584158914,
         0.6954974759977186,
         0.8841943231587492,
         0.5930133051981913,
         0.8777627949800291,
         0.8109834683049632,
         0.514802004476616,
         0.8427872754701267,
         0.6341879446264845,
         0.9633359616851238,
         0.9721745009203484,
         0.8225501448695283,
         0.5373368880530196,
         0.8984639447608664,
         0.8221545639492771,
         0.87338631997154,
         0.6412535133902615,
         0.9496099322185814,
         0.7546055431634816,
         0.5430195254992568,
         0.7667615204382633,
         0.636376098571716,
         0.9381833807828959,
         0.6163575641128631,
         0.8259843364542658,
         0.7705739735123065,
         0.7902314963690422,
         0.9852809383818231,
         0.9340167789489542,
         0.8866742398582053,
         0.9577020576196811
      ],
      [
         0.6087490321795841,
         0.6389244496679314,
         0.6519830916872468,
         0.6497087091766238,
         0.7918743699843638,
         0.7996030075099734,
         0.9535287523952354,
         0.6549028690335381,
         0.8027318680917483,
         0.6103899427574075,
         0.7038085620789931,
         0.5160438663940262,
         0.5208349708647745,
         0.8738014383886782,
         0.5194613935478782,
         0.5570484480277158,
         0.9342275088862104,
         0.8225057431178133,
         0.6902733010236095,
         0.7072668495276523,
         0.5341943406313936,
         0.6118386061606012,
         0.8203664925447114,
         0.7188574944428466,
         0.8605930211439062,
         0.7387457750517081,
         0.5224480637165216,
         0.7980274871584978,
         0.9255698826481868,
         0.8112171333821407,
         0.6813317823982211,
         0.8689234981181132,
         0.9525034215893629,
         0.6435915920329461,
         0.8089475924658045,
         0.7647134338523704,
         0.9691807459449213,
         0.6836301769490415,
         0.9408913824424661,
         0.7811490902529373
      ],
      [
         0.8185337727576534,
         0.8082872439946782,
         0.7325728749924674,
         0.585964163272482,
         0.5645247563953966,
         0.845695447848825,
         0.8010515460477652,
         0.6337888642025427,
         0.680119753519465,
         0.6981857187572189,
         0.5975897303524809,
         0.9542998771154381,
         0.680629038324541,
         0.5737768620372311,
         0.9302899530662766,
         0.6108829719204282,
         0.6971074044348424,
         0.8002845400219606,
         0.712397410623294,
         0.5377470884426812,
         0.756669782014753,
         0.7839434311930018,
         0.5514116655678969,
         0.8089824959889216,
         0.5865825105525477,
         0.7850710287652549,
         0.8870598582833013,
         0.6466708603911344,
         0.8086057412655261,
         0.8201075221609025,
         0.898175125894829,
         0.8093752791282958,
         0.9382418958653772,
         0.8959932975916287,
         0.9825240871141684,
         0.5641784722783207,
         0.9847744232300901,
         0.5788586449724081,
         0.6993343539561889,
         0.9886930069849076
      ],
      [
         0.5429097388128548,
         0.8193636671521232,
         0.6104745129987894,
         0.7437162170678551,
         0.5234886646231071,
         0.6821928844385843,
         0.7471874234749217,
         0.9180248450044144,
         0.6312793043929387,
         0.6010687966583392,
         0.5349226513077401,
         0.7323872236142013,
         0.7390943936338465,
         0.7285665440584647,
         0.7627004485860505,
         0.7064781837843818,
         0.7849066594756953,
         0.8895643661324317,
         0.5445943424118044,
         0.7888956689701185,
         0.5617862086797121,
         0.9787448301912272,
         0.6540553017596505,
         0.8182892454075592,
         0.8750692129947382,
         0.5164109792626806,
         0.8864051384254162,
         0.8695304368958057,
         0.78989548932624,
         0.8405401299254153,
         0.5779232012698827,
         0.5617751975313926,
         0.5625837032181703,
         0.7007512678925393,
         0.6147607322034755,
         0.5622710350815273,
         0.7713555373272794,
         0.653455677252744,
         0.6144144575247528,
         0.9233681133877065
      ],
      [
         0.6515176853792147,
         0.5245385914406768,
         0.9551424159988946,
         0.7479570931594298,
         0.7936111622398566,
         0.7157798148970718,
         0.7719592545335088,
         0.666447496506445,
         0.8539235228190757,
         0.7326952005547837,
         0.9496613404105871,
         0.5662714559620727,
         0.5246789808896634,
         0.5590459240990883,
         0.8462537773999113,
         0.9294730756777991,
         0.9304715490281736,
         0.8744644311661584,
         0.6076040961793155,
         0.7420741085725816,
         0.7837980152013133,
         0.6940059196811942,
         0.6858796222270934,
         0.9206775192456855,
         0.5526207742043544,
         0.7905450762943584,
         0.818516833307266,
         0.8546517838864045,
         0.6778341907767741,
         0.881909832093146,
         0.9440472743146329,
         0.8204976207533466,
         0.9056252593046705,
         0.596579712033466,
         0.7089444482361751,
         0.9278516785247097,
         0.9298957288477452,
         0.7525546544742775,
         0.6015382277607134,
         0.7374183811995098
      ],
      [
         0.7979067445732468,
         0.5982507984076272,
         0.5575401003172052,
         0.6459862013519534,
         0.7219855742907727,
         0.6037761729500143,
         0.9318590069305621,
         0.7668152972794913,
         0.5246672595596618,
         0.8868150964282606,
         0.9360757851931636,
         0.9004161569448579,
         0.9402113213738577,
         0.5944318643118766,
         0.8451656065151278,
         0.5406237615064724,
         0.6092651664758265,
         0.915667155255907,
         0.8467426519290548,
         0.8891026010261203,
         0.829288400495887,
         0.797712863321937,
         0.5991656422591617,
         0.9610041300206831,
         0.5187367024215553,
         0.9878358167419014,
         0.6238249368734359,
         0.9847381293583043,
         0.8633216337870323,
         0.7439427840956789,
         0.6826749125673561,
