{
   "worker_count": 5,
   "expertise_scores": [
      [
         0.611809454621395,
         0.5675111697336882,
         0.1222578389463273,
         0.3687759639398802,
         0.5466254012205787
      ],
      [
         0.4137523591303369,
         0.6129437924587432,
         0.25241611837387007,
         0.33733719895847064,
         0.7895263836953662
      ],
      [
         0.664865137563562,
         0.7721171581402808,
         0.16733294863550952,
         0.6047593335918441,
         0.22312492374568532
      ],
      [
         0.44396775258742827,
         0.7949156374829157,
         0.32417757191268853,
         0.5967720008487242,
         0.14070122237498423
      ],
      [
         0.588759281338019,
         0.5413524316004881,
         0.6766739249979681,
         0.16368368791907223,
         0.15053763330335607
      ],
      [
         0.7171898385240045,
         0.35383332630676323,
         0.6984042618058448,
         0.22235415779537732,
         0.7251665412370516
      ],
      [
         0.7333645284093102,
         0.17521301035691772,
         0.22914763948151284,
         0.5244097449252606,
         0.25924159370959754
      ],
      [
         0.21043560735259226,
         0.40213433751265415,
         0.6008821333524326,
         0.11368338521899403,
         0.5381771803500852
      ],
      [
         0.32495011683089203,
         0.4534904686695598,
         0.4572240195441004,
         0.5114252355807745,
         0.648967046391024
      ],
      [
         0.5472081087501091,
         0.4102924711301362,
         0.4645832320804306,
         0.39230317661170766,
         0.33617018354733486
      ]
   ],
   "mv_f1_micro": [
      0.7346938775510203,
      0.7959183673469388,
      0.8367346938775511,
      0.8571428571428571,
      0.7142857142857143,
      0.8979591836734694,
      0.6530612244897959,
      0.5510204081632653,
      0.6938775510204082,
      0.6938775510204082
   ],
   "mv_f1_macro": [
      0.7443939393939394,
      0.7936363636363637,
      0.8252525252525252,
      0.8562121212121212,
      0.712020202020202,
      0.8990476190476191,
      0.6470418470418469,
      0.5486019536019535,
      0.6884310134310134,
      0.6892352092352092
   ],
   "mv_f1_weighted": [
      0.7414450628736343,
      0.7949907235621521,
      0.8239538239538239,
      0.8555452484023912,
      0.7129457843743556,
      0.8999028182701654,
      0.6511764879111818,
      0.5481361042585532,
      0.6943173606438913,
      0.689695791736608
   ],
   "ct_f1_micro": [
      0.8163265306122449,
      0.8571428571428571,
      0.9183673469387755,
      0.7959183673469388,
      0.8367346938775511,
      0.8979591836734694,
      0.6122448979591837,
      0.6530612244897959,
      0.673469387755102,
      0.7346938775510203
   ],
   "ct_f1_macro": [
      0.8155050505050505,
      0.8547979797979798,
      0.9173737373737374,
      0.7992424242424242,
      0.8380303030303031,
      0.8972222222222221,
      0.5982828282828281,
      0.6478787878787878,
      0.6664285714285715,
      0.7215445665445664
   ],
   "ct_f1_weighted": [
      0.8140074211502784,
      0.855916305916306,
      0.9179550608122037,
      0.7974129045557617,
      0.8398268398268398,
      0.8973922902494331,
      0.6002886002886002,
      0.6520305091733662,
      0.67095885973437,
      0.7246081582816277
   ],
   "gt": [
      7,
      7,
      7,
      7,
      7,
      5,
      5,
      5,
      5,
      5,
      4,
      4,
      4,
      4,
      4,
      6,
      6,
      6,
      6,
      6,
      3,
      3,
      3,
      3,
      3,
      9,
      9,
      9,
      9,
      9,
      0,
      0,
      0,
      0,
      1,
      1,
      1,
      1,
      1,
      2,
      2,
      2,
      2,
      2,
      8,
      8,
      8,
      8,
      8
   ],
   "em_f1_micro": [
      0.7346938775510203,
      0.7755102040816326,
      0.8367346938775511,
      0.8571428571428571,
      0.7551020408163265,
      0.8979591836734694,
      0.6938775510204082,
      0.5918367346938775,
      0.7346938775510203,
      0.6938775510204082
   ],
   "em_f1_macro": [
      0.7426767676767676,
      0.7737878787878788,
      0.8312121212121213,
      0.8586363636363636,
      0.7486363636363637,
      0.8990476190476191,
      0.6868903318903319,
      0.5915873015873017,
      0.7344444444444445,
      0.6848484848484848
   ],
   "em_f1_weighted": [
      0.7374252731395587,
      0.7732529375386519,
      0.8277674706246134,
      0.8557513914656772,
      0.7486085343228202,
      0.8999028182701654,
      0.6892466943487351,
      0.5945902170391967,
      0.7403628117913832,
      0.683982683982684
   ]
}