{
   "worker_count": 8,
   "expertise_scores": [
      [
         0.32546900402256496,
         0.5243420618692398,
         0.11229203282940846,
         0.17337826323410377,
         0.21492599849599392,
         0.630050980736363,
         0.281520317127277,
         0.4989720143369559
      ],
      [
         0.7353248547890318,
         0.4941792584077107,
         0.38837587404241203,
         0.47853202144795726,
         0.7969176497886038,
         0.40634565690070634,
         0.3957304112323725,
         0.797748276106408
      ],
      [
         0.3116803432672641,
         0.13835976244155365,
         0.23629226292653532,
         0.5284061607713132,
         0.1087957174853534,
         0.40450707050186585,
         0.6745018796243686,
         0.2641248164163665
      ],
      [
         0.7817790727706031,
         0.14328780191378915,
         0.7603201446342948,
         0.3583725510578417,
         0.20114201062005632,
         0.713166288678614,
         0.25082941364517936,
         0.4415222131627986
      ],
      [
         0.5938738071371265,
         0.43788226920319184,
         0.4459167616768248,
         0.3673208092630037,
         0.22153853055879463,
         0.3454425239687583,
         0.708265774273581,
         0.3410425698165224
      ],
      [
         0.38817577334123277,
         0.5696816559608634,
         0.49396237861016945,
         0.5457685175169018,
         0.19690118700297696,
         0.3951892304875694,
         0.7013172368912305,
         0.5238033556041356
      ],
      [
         0.18268291784875682,
         0.6433252746466197,
         0.5495845147810814,
         0.42645157845521997,
         0.2531282314669498,
         0.592165915632969,
         0.7246620749624725,
         0.4961424750435315
      ],
      [
         0.4778308711538337,
         0.4414869857281193,
         0.41633524932245347,
         0.515475525816741,
         0.792178458964978,
         0.5188020704078653,
         0.6494996090272795,
         0.6826314054958332
      ],
      [
         0.6921752259102378,
         0.763473911339416,
         0.5671330584165779,
         0.7441646569067307,
         0.09822882680109529,
         0.30317341031295664,
         0.34815313452466035,
         0.6536913982755558
      ],
      [
         0.6094671197475163,
         0.5177382438218693,
         0.3622570793817249,
         0.7145261698786787,
         0.5875685774856533,
         0.5636216771357544,
         0.41193102648684043,
         0.6186051420449833
      ]
   ],
   "mv_f1_micro": [
      0.6938775510204082,
      1.0,
      0.6122448979591837,
      0.8367346938775511,
      0.8163265306122449,
      0.7959183673469388,
      0.8979591836734694,
      0.9795918367346939,
      0.9183673469387755,
      0.9591836734693877
   ],
   "mv_f1_macro": [
      0.6906260406260406,
      1.0,
      0.6223737373737374,
      0.8353030303030303,
      0.8132828282828284,
      0.7918686868686869,
      0.8916161616161616,
      0.9797979797979798,
      0.9191919191919192,
      0.9595959595959596
   ],
   "mv_f1_weighted": [
      0.6843122863531027,
      1.0,
      0.6214698000412285,
      0.8342094413522985,
      0.8162749948464234,
      0.7978251906823335,
      0.8945062873634303,
      0.9793856936714079,
      0.9175427746856318,
      0.9587713873428159
   ],
   "ct_f1_micro": [
      0.6938775510204082,
      0.9795918367346939,
      0.6530612244897959,
      0.9387755102040817,
      0.7959183673469388,
      0.7755102040816326,
      0.8979591836734694,
      0.9795918367346939,
      0.9591836734693877,
      0.9387755102040817
   ],
   "ct_f1_macro": [
      0.6916666666666667,
      0.9797979797979798,
      0.6486724386724385,
      0.9373737373737374,
      0.7978427128427128,
      0.7713364413364414,
      0.8931313131313132,
      0.9797979797979798,
      0.9595959595959596,
      0.9364213564213564
   ],
   "ct_f1_weighted": [
      0.6921768707482993,
      0.9793856936714079,
      0.6560797479164825,
      0.9383632240775098,
      0.798819094737462,
      0.7768739197310625,
      0.8960523603380747,
      0.9793856936714079,
      0.9587713873428159,
      0.9380392849780606
   ],
   "gt": [
      7,
      7,
      7,
      7,
      7,
      5,
      5,
      5,
      5,
      5,
      4,
      4,
      4,
      4,
      4,
      6,
      6,
      6,
      6,
      6,
      3,
      3,
      3,
      3,
      3,
      9,
      9,
      9,
      9,
      9,
      0,
      0,
      0,
      0,
      1,
      1,
      1,
      1,
      1,
      2,
      2,
      2,
      2,
      2,
      8,
      8,
      8,
      8,
      8
   ],
   "em_f1_micro": [
      0.5714285714285714,
      0.9795918367346939,
      0.6326530612244898,
      0.8979591836734694,
      0.7755102040816326,
      0.8163265306122449,
      0.8979591836734694,
      0.9795918367346939,
      0.9387755102040817,
      0.8979591836734694
   ],
   "em_f1_macro": [
      0.5745454545454546,
      0.9797979797979798,
      0.636969696969697,
      0.8973737373737375,
      0.7752059052059053,
      0.8149494949494949,
      0.8934343434343435,
      0.9797979797979798,
      0.940909090909091,
      0.8945959595959596
   ],
   "em_f1_weighted": [
      0.570964749536178,
      0.9793856936714079,
      0.6363636363636364,
      0.8975468975468975,
      0.7757203114345971,
      0.8225108225108224,
      0.8963615749330035,
      0.9793856936714079,
      0.9397031539888683,
      0.8975468975468975
   ]
}