{
   "worker_count": 18,
   "expertise_scores": [
      [
         0.5041995380538158,
         0.11737850002445178,
         0.2990476976132617,
         0.7348091027549994,
         0.6651091200103362,
         0.5721463891263394,
         0.7711416612099017,
         0.4469546841091908,
         0.322385323044455,
         0.11291448882373595,
         0.1914596481550344,
         0.5145330470576527,
         0.4833488127654253,
         0.23461871179207838,
         0.6670804771577552,
         0.5908603808135269,
         0.5002910039488676,
         0.5072832683975673
      ],
      [
         0.20684675435306343,
         0.4199202737339328,
         0.18213422373484173,
         0.5164388251780652,
         0.4055723062738611,
         0.5586335675640476,
         0.15106357390135447,
         0.5555095338954054,
         0.10347963665201833,
         0.43962469605424237,
         0.5158029251242949,
         0.5951091049270131,
         0.4271220276088604,
         0.12735770722802342,
         0.39082144404950625,
         0.6571964147802215,
         0.13752058184209626,
         0.19912740016462938
      ],
      [
         0.7386913674225714,
         0.719318618284137,
         0.13943116082685633,
         0.38240835434984877,
         0.17927411911991886,
         0.38309788031187275,
         0.15432268272863242,
         0.14037983042693747,
         0.7398533496721275,
         0.5549981186893357,
         0.4843201903969877,
         0.11808675640494175,
         0.6783278768226334,
         0.6434973613350545,
         0.6928938582641957,
         0.21818321574172334,
         0.19158957192121934,
         0.7748490102877563
      ],
      [
         0.5705426273211619,
         0.4714710966672797,
         0.44531753081415626,
         0.7540658949664584,
         0.344724274243272,
         0.7470524822485858,
         0.2845936870682738,
         0.2821312829824437,
         0.3832842261827808,
         0.18293180987350344,
         0.102853977085445,
         0.6338758589606401,
         0.6061513899405865,
         0.15515684555413448,
         0.7030107375186573,
         0.7778003492249089,
         0.6069123676821728,
         0.7868048352728806
      ],
      [
         0.7697905256513305,
         0.5587181270328073,
         0.6806350224547913,
         0.6195460235647966,
         0.5307115208013418,
         0.5993071435743785,
         0.5425108402045444,
         0.5432512315515713,
         0.4139716794958137,
         0.783871690822293,
         0.5833114130791397,
         0.46459969007964075,
         0.4725078238074365,
         0.38470857099805245,
         0.4606507965149814,
         0.6728774379731786,
         0.5388189440938917,
         0.48027930193569
      ],
      [
         0.12046386554268286,
         0.46822482221316364,
         0.7413317619308091,
         0.3792709493066564,
         0.20181865555134684,
         0.6843773775192197,
         0.6840974867050946,
         0.5298178895015611,
         0.17461072726865143,
         0.7418010122382623,
         0.6851014471969019,
         0.7941474059966025,
         0.13619484805978546,
         0.3217547446023308,
         0.5503259881195207,
         0.10264500523525755,
         0.5478167690478541,
         0.32437692138464325
      ],
      [
         0.7920371550840545,
         0.6648061270509108,
         0.22137208956628004,
         0.7451031987233518,
         0.6240364446180268,
         0.21361120761760832,
         0.21768404732522023,
         0.6292673070619664,
         0.6707383309280811,
         0.7027646224896852,
         0.11452643852371763,
         0.3204114013747807,
         0.22575917409186727,
         0.5172174730199796,
         0.7854623788958881,
         0.5200609293344592,
         0.7116138673913422,
         0.17892224094618364
      ],
      [
         0.526164346541441,
         0.755319991438863,
         0.5028654109130385,
         0.64933565870115,
         0.1456954340139746,
         0.20455383418716927,
         0.6446600221596447,
         0.6576400881716433,
         0.3942460805303989,
         0.4496716315921748,
         0.7948290129759911,
         0.5810665223668883,
         0.7580964592771345,
         0.5347655324997586,
         0.3297702601590624,
         0.2110398502400863,
         0.2310885891227348,
         0.5099174533923834
      ],
      [
         0.5659017278427895,
         0.49757968653402185,
         0.47321233183986144,
         0.175192631139229,
         0.6750749069570543,
         0.1041215767276425,
         0.11071315434921104,
         0.33617247496049174,
         0.685655577383474,
         0.6806994011182673,
         0.29080244829249213,
         0.1531180147347206,
         0.29830250855594453,
         0.5211949329938992,
         0.4787855922420985,
         0.3230064951593874,
         0.7570324905621049,
         0.1038999601965707
      ],
      [
         0.39062282109420166,
         0.09857907855517643,
         0.6884653172363295,
         0.26004943836112604,
         0.22618494230531905,
         0.49893209585921894,
         0.11668690160509994,
         0.7126586168481922,
         0.10585774239815429,
         0.42537188235650936,
         0.434855799436072,
         0.5648741056756857,
         0.6567580455180051,
         0.4798298070191386,
         0.11672226853997145,
         0.5909669691860253,
         0.2986704051623287,
         0.38234073706546745
      ]
   ],
   "mv_f1_micro": [
      0.9795918367346939,
      0.9183673469387755,
      0.9795918367346939,
      0.9795918367346939,
      1.0,
      1.0,
      1.0,
      1.0,
      0.9591836734693877,
      0.9387755102040817
   ],
   "mv_f1_macro": [
      0.9797979797979799,
      0.9222222222222223,
      0.9797979797979798,
      0.9797979797979798,
      1.0,
      1.0,
      1.0,
      1.0,
      0.9579365079365079,
      0.9393939393939394
   ],
   "mv_f1_weighted": [
      0.9793856936714079,
      0.9206349206349206,
      0.9793856936714079,
      0.9793856936714079,
      1.0,
      1.0,
      1.0,
      1.0,
      0.959993521218011,
      0.9381570810142239
   ],
   "ct_f1_micro": [
      0.9795918367346939,
      1.0,
      0.9795918367346939,
      0.9795918367346939,
      1.0,
      1.0,
      1.0,
      1.0,
      0.9591836734693877,
      0.9591836734693877
   ],
   "ct_f1_macro": [
      0.9797979797979799,
      1.0,
      0.9797979797979798,
      0.9797979797979798,
      1.0,
      1.0,
      1.0,
      1.0,
      0.9575757575757576,
      0.9595959595959596
   ],
   "ct_f1_weighted": [
      0.9793856936714079,
      1.0,
      0.9793856936714079,
      0.9793856936714079,
      1.0,
      1.0,
      1.0,
      1.0,
      0.9589775304061018,
      0.9587713873428159
   ],
   "gt": [
      7,
      7,
      7,
      7,
      7,
      5,
      5,
      5,
      5,
      5,
      4,
      4,
      4,
      4,
      4,
      6,
      6,
      6,
      6,
      6,
      3,
      3,
      3,
      3,
      3,
      9,
      9,
      9,
      9,
      9,
      0,
      0,
      0,
      0,
      1,
      1,
      1,
      1,
      1,
      2,
      2,
      2,
      2,
      2,
      8,
      8,
      8,
      8,
      8
   ],
   "em_f1_micro": [
      0.9795918367346939,
      0.9795918367346939,
      0.9795918367346939,
      1.0,
      1.0,
      1.0,
      1.0,
      1.0,
      0.9591836734693877,
      0.9591836734693877
   ],
   "em_f1_macro": [
      0.9797979797979799,
      0.9797979797979798,
      0.9797979797979798,
      1.0,
      1.0,
      1.0,
      1.0,
      1.0,
      0.9595959595959597,
      0.9595959595959596
   ],
   "em_f1_weighted": [
      0.9793856936714079,
      0.9793856936714079,
      0.9793856936714079,
      1.0,
      1.0,
      1.0,
      1.0,
      1.0,
      0.9587713873428159,
      0.9587713873428159
   ]
}