{
   "worker_count": 15,
   "expertise_scores": [
      [
         0.522453349846382,
         0.4936150296836992,
         0.6255449759862692,
         0.6287073460063175,
         0.24415050698753696,
         0.19175517348012172,
         0.19246356575683704,
         0.23910075402065087,
         0.2932898689203829,
         0.5659189378229517,
         0.11902928730765236,
         0.47108801366781794,
         0.6902338990663254,
         0.33174426097381515,
         0.5198161763882377
      ],
      [
         0.10678894302482991,
         0.5158469842537484,
         0.7294982292630463,
         0.13901812884111753,
         0.5438718575735759,
         0.3321597585267452,
         0.361233201967875,
         0.4786607555899567,
         0.7325903348676421,
         0.6272897049370022,
         0.1436773361030486,
         0.326094383584805,
         0.4631575751275765,
         0.33042932699078276,
         0.1190500924638217
      ],
      [
         0.7494029724104374,
         0.3503524566435514,
         0.6223998026604654,
         0.17251779704437117,
         0.19329978816043505,
         0.6231955081972278,
         0.44671651050655614,
         0.29458760992712507,
         0.7190259478085534,
         0.7780501049815993,
         0.7933393941161226,
         0.5099736330674944,
         0.16272513507232073,
         0.500631626285687,
         0.5292426123901118
      ],
      [
         0.2073759699766176,
         0.30926187568474117,
         0.267392618967578,
         0.6824237961671022,
         0.26893010528438216,
         0.3707722554893894,
         0.13133640561155047,
         0.7031231851333654,
         0.17051491508394928,
         0.09898319427118389,
         0.601594767879653,
         0.4652419273143392,
         0.20015676742940675,
         0.4334298668550429,
         0.37989019137629865
      ],
      [
         0.7850203362109484,
         0.603331165809598,
         0.16281218527058133,
         0.4702886974902467,
         0.400758734550967,
         0.16286429494122195,
         0.16378423864866476,
         0.6105255879255712,
         0.730614774445632,
         0.6067858198032573,
         0.7162147968889788,
         0.5304592141567853,
         0.48812918401188854,
         0.1423754966867935,
         0.554847063957552
      ],
      [
         0.725933975230634,
         0.6155562653054186,
         0.628827888608222,
         0.7569062705289432,
         0.2824680736552143,
         0.2446195888428312,
         0.3441622505685975,
         0.7181438987932263,
         0.6730806346179347,
         0.09781254371604615,
         0.45375898324565234,
         0.3470078816811645,
         0.20128068047500144,
         0.385121128220947,
         0.243271764815551
      ],
      [
         0.5402488534915945,
         0.6422828215531209,
         0.2478961265502327,
         0.4614818614084393,
         0.7943904819374558,
         0.5261585669508169,
         0.30646855835045206,
         0.13674054196712052,
         0.13762363042206305,
         0.7892890541407089,
         0.1301072149218336,
         0.46008572464603237,
         0.5614896536084398,
         0.21956870453612626,
         0.37125841502213286
      ],
      [
         0.7243509445002956,
         0.3473062183241493,
         0.6494612263076567,
         0.5511895288289924,
         0.5763859998356612,
         0.1940967178833773,
         0.7402257577009596,
         0.5968775118094658,
         0.2624817165177009,
         0.7986578017935742,
         0.6788561693808016,
         0.335576162757514,
         0.16113226823785345,
         0.3306346550514636,
         0.5680078606289224
      ],
      [
         0.672719065548218,
         0.26784451661907316,
         0.2592466715595914,
         0.3429976177282257,
         0.5285093979934594,
         0.5831906277695054,
         0.731579062805977,
         0.29533644060253983,
         0.7904991253600117,
         0.38404989960206615,
         0.23848227344153738,
         0.20044773268442034,
         0.7947751808883489,
         0.663731481009562,
         0.7110281856494228
      ],
      [
         0.14556917729191496,
         0.730457468686318,
         0.7765588719125707,
         0.6658616735538454,
         0.5624816655723832,
         0.161981194982282,
         0.5388585722874872,
         0.10774176773351955,
         0.6987370211278787,
         0.13438756801840837,
         0.29005311214635426,
         0.19359393214068582,
         0.4878154125682702,
         0.780034159925582,
         0.2568613404108757
      ]
   ],
   "mv_f1_micro": [
      0.9387755102040817,
      0.9591836734693877,
      1.0,
      0.8571428571428571,
      0.9591836734693877,
      0.9183673469387755,
      0.9795918367346939,
      1.0,
      0.9795918367346939,
      0.9387755102040817
   ],
   "mv_f1_macro": [
      0.9393939393939394,
      0.9547979797979798,
      1.0,
      0.8480519480519482,
      0.9597979797979799,
      0.9145959595959597,
      0.9797979797979798,
      1.0,
      0.9797979797979798,
      0.9364213564213564
   ],
   "mv_f1_weighted": [
      0.9381570810142239,
      0.9589775304061018,
      1.0,
      0.8536973230850782,
      0.9589775304061018,
      0.9179550608122037,
      0.9793856936714079,
      1.0,
      0.9793856936714079,
      0.9380392849780606
   ],
   "ct_f1_micro": [
      0.9591836734693877,
      0.9795918367346939,
      1.0,
      0.9591836734693877,
      0.9795918367346939,
      1.0,
      0.9795918367346939,
      1.0,
      0.9795918367346939,
      0.9591836734693877
   ],
   "ct_f1_macro": [
      0.9566233766233767,
      0.9797979797979798,
      1.0,
      0.9575757575757576,
      0.9797979797979798,
      1.0,
      0.9766233766233766,
      1.0,
      0.9797979797979798,
      0.9575757575757574
   ],
   "ct_f1_weighted": [
      0.9586535913066526,
      0.9793856936714079,
      1.0,
      0.9589775304061018,
      0.9793856936714079,
      1.0,
      0.9790617545719588,
      1.0,
      0.9793856936714079,
      0.9589775304061018
   ],
   "gt": [
      7,
      7,
      7,
      7,
      7,
      5,
      5,
      5,
      5,
      5,
      4,
      4,
      4,
      4,
      4,
      6,
      6,
      6,
      6,
      6,
      3,
      3,
      3,
      3,
      3,
      9,
      9,
      9,
      9,
      9,
      0,
      0,
      0,
      0,
      1,
      1,
      1,
      1,
      1,
      2,
      2,
      2,
      2,
      2,
      8,
      8,
      8,
      8,
      8
   ],
   "em_f1_micro": [
      0.9591836734693877,
      0.9795918367346939,
      1.0,
      0.8367346938775511,
      0.9795918367346939,
      0.9591836734693877,
      0.9795918367346939,
      1.0,
      1.0,
      0.9795918367346939
   ],
   "em_f1_macro": [
      0.9595959595959597,
      0.9777777777777779,
      1.0,
      0.8282034632034632,
      0.9797979797979798,
      0.9564213564213564,
      0.9797979797979798,
      1.0,
      1.0,
      0.9797979797979798
   ],
   "em_f1_weighted": [
      0.9587713873428159,
      0.9795918367346939,
      1.0,
      0.8334437671172366,
      0.9793856936714079,
      0.9584474482433667,
      0.9793856936714079,
      1.0,
      1.0,
      0.9793856936714079
   ]
}