{
   "worker_count": 10,
   "expertise_scores": [
      [
         0.6344674890393281,
         0.39134672623550415,
         0.4109690259606117,
         0.12184815753548676,
         0.5396460359177406,
         0.6616232727547419,
         0.17159508426571646,
         0.4393654799879444,
         0.6973494822124193,
         0.34183251881549315
      ],
      [
         0.3399565059169863,
         0.5377199805790077,
         0.6952426773426202,
         0.21378402556164866,
         0.4741256963679604,
         0.25630162496408004,
         0.37376778695612245,
         0.3918202515273894,
         0.2540577912287619,
         0.6286792038519288
      ],
      [
         0.749336533724453,
         0.3123949223915443,
         0.5476765250612694,
         0.2852747911825465,
         0.20084324968823114,
         0.3424715576235302,
         0.7247855241949707,
         0.6355229519570479,
         0.3264694577972269,
         0.2344192433696138
      ],
      [
         0.37797027072049993,
         0.2647023910168942,
         0.6741120768924296,
         0.11093963097865979,
         0.7799057867803617,
         0.4202424235759825,
         0.3351894943888123,
         0.38799681589553336,
         0.17344018539049044,
         0.7477081455268357
      ],
      [
         0.6209338356527504,
         0.5951093682556438,
         0.20405449573363482,
         0.5162646394830731,
         0.27183602346662045,
         0.6066421156144653,
         0.618447613309844,
         0.789435074397928,
         0.2255977491066724,
         0.7644222285726892
      ],
      [
         0.17339390696590523,
         0.4645892318791123,
         0.362875706357805,
         0.47275659903727296,
         0.23759644253332182,
         0.17553048812260946,
         0.23220682181962976,
         0.3275159454608795,
         0.7272628010676709,
         0.46444178023110017
      ],
      [
         0.5197673929245062,
         0.30054407940974415,
         0.23888434064383068,
         0.5177984033855877,
         0.786409199970166,
         0.7594556901190572,
         0.7569287997189866,
         0.7157034020432489,
         0.514651430929194,
         0.30141623274808405
      ],
      [
         0.7867384091974068,
         0.13348071615054613,
         0.6987959699804259,
         0.2815774712896189,
         0.26160427193492597,
         0.4157224371364261,
         0.17633564520178416,
         0.23615455201262828,
         0.41333323713414016,
         0.4584821686216678
      ],
      [
         0.4771699042575729,
         0.6676520683708276,
         0.4175904329565937,
         0.18740955595936631,
         0.3377645827683215,
         0.2506047913498734,
         0.6034349150975374,
         0.45616768921551853,
         0.23544922302009297,
         0.5202466284333375
      ],
      [
         0.31945180140097784,
         0.3648213259278884,
         0.16365640618519733,
         0.6716929248090746,
         0.5153592655638662,
         0.30761858508200324,
         0.5645687611168668,
         0.6453402646005254,
         0.20515487017870043,
         0.5071169193098409
      ]
   ],
   "mv_f1_micro": [
      0.8571428571428571,
      0.8571428571428571,
      0.8163265306122449,
      0.8775510204081631,
      0.9387755102040817,
      0.7959183673469388,
      1.0,
      0.8775510204081631,
      0.8163265306122449,
      0.9795918367346939
   ],
   "mv_f1_macro": [
      0.8562121212121212,
      0.8316666666666667,
      0.8132828282828282,
      0.8747546897546897,
      0.9395959595959595,
      0.7918942168942168,
      1.0,
      0.877020202020202,
      0.8168759018759019,
      0.9797979797979798
   ],
   "mv_f1_weighted": [
      0.8583797155225728,
      0.8404761904761904,
      0.8145743145743146,
      0.8751141149100333,
      0.9383632240775098,
      0.7876471600961396,
      1.0,
      0.876777983920841,
      0.816054127278617,
      0.9793856936714079
   ],
   "ct_f1_micro": [
      0.8979591836734694,
      0.8571428571428571,
      0.8775510204081631,
      0.9183673469387755,
      0.9795918367346939,
      0.8367346938775511,
      0.9795918367346939,
      0.9183673469387755,
      0.8367346938775511,
      0.9387755102040817
   ],
   "ct_f1_macro": [
      0.8972333222333223,
      0.8356565656565657,
      0.8749494949494949,
      0.9171717171717171,
      0.9797979797979798,
      0.8304079254079253,
      0.9797979797979798,
      0.9193939393939393,
      0.8344444444444445,
      0.9388888888888889
   ],
   "ct_f1_weighted": [
      0.8980514949902706,
      0.8445475159760873,
      0.8792001649144506,
      0.9154813440527726,
      0.9793856936714079,
      0.8337495837495837,
      0.9793856936714079,
      0.9177489177489178,
      0.8361678004535147,
      0.9399092970521541
   ],
   "gt": [
      7,
      7,
      7,
      7,
      7,
      5,
      5,
      5,
      5,
      5,
      4,
      4,
      4,
      4,
      4,
      6,
      6,
      6,
      6,
      6,
      3,
      3,
      3,
      3,
      3,
      9,
      9,
      9,
      9,
      9,
      0,
      0,
      0,
      0,
      1,
      1,
      1,
      1,
      1,
      2,
      2,
      2,
      2,
      2,
      8,
      8,
      8,
      8,
      8
   ],
   "em_f1_micro": [
      0.8979591836734694,
      0.9183673469387755,
      0.8571428571428571,
      0.9183673469387755,
      0.9591836734693877,
      0.8571428571428571,
      1.0,
      0.8367346938775511,
      0.8163265306122449,
      0.9795918367346939
   ],
   "em_f1_macro": [
      0.8921717171717173,
      0.906060606060606,
      0.8556099456099456,
      0.9214141414141415,
      0.9597979797979799,
      0.8560173160173161,
      1.0,
      0.8342424242424242,
      0.8147474747474748,
      0.9797979797979798
   ],
   "em_f1_weighted": [
      0.8967738610595754,
      0.9109461966604823,
      0.8577652506223935,
      0.919810348381777,
      0.9589775304061018,
      0.8559943457902642,
      1.0,
      0.8331271902700474,
      0.8177695320552464,
      0.9793856936714079
   ]
}