{
   "worker_count": 13,
   "expertise_scores": [
      [
         0.12245227232240186,
         0.7710725169092079,
         0.7128123090759763,
         0.7403078880399883,
         0.495911151560816,
         0.716944831948066,
         0.23404017578120445,
         0.3791325247056233,
         0.44321466037411306,
         0.7171952020908494,
         0.10558121306705806,
         0.2565888911632279,
         0.44719836681874725
      ],
      [
         0.695345515948051,
         0.6822396906415785,
         0.3518713364579167,
         0.7062886489499777,
         0.5817033629378142,
         0.5300624663248849,
         0.4571705191332721,
         0.6614132636814952,
         0.17285366339931174,
         0.47819267369669005,
         0.48803869437805136,
         0.33566699622414226,
         0.13195369575221338
      ],
      [
         0.14995406829510033,
         0.5945465198604557,
         0.39219718832401396,
         0.43483095063402677,
         0.6095962097467759,
         0.24414846094070045,
         0.49916841101886533,
         0.27429712955160446,
         0.4364627703357149,
         0.594899398232361,
         0.7927842491951731,
         0.5578447043603952,
         0.43361454237446495
      ],
      [
         0.6230220659234856,
         0.14026567877688764,
         0.558371671297091,
         0.14821222705846984,
         0.20567839798957155,
         0.6725871984760794,
         0.7499981786243485,
         0.3251205564232833,
         0.17549948437869586,
         0.26338460141845743,
         0.2955956773817997,
         0.6584123976818427,
         0.6284246942429711
      ],
      [
         0.5549321549296351,
         0.3363395210867278,
         0.6469947919461352,
         0.3015479035318603,
         0.4756196037528623,
         0.4992373753900091,
         0.7680658645993687,
         0.11090016194440944,
         0.10589499887051423,
         0.6541662760763378,
         0.18700586810152325,
         0.6455414751850146,
         0.6523989388642728
      ],
      [
         0.7162984037132583,
         0.12204353986163506,
         0.23998976545311623,
         0.4808153453586891,
         0.5673325929281569,
         0.3152810399762357,
         0.7024214642599854,
         0.4473172842324087,
         0.3053401570042633,
         0.389277382590531,
         0.4180427022791259,
         0.7638755282356041,
         0.14961871940314453
      ],
      [
         0.6035253738719636,
         0.4697591116548667,
         0.17895438850244255,
         0.1322477429899073,
         0.7333634740624286,
         0.410358566354472,
         0.5223646855009716,
         0.5906526916217409,
         0.5270431198811785,
         0.7025464761031317,
         0.3112175401964398,
         0.15706252505782675,
         0.7307056686463449
      ],
      [
         0.4833232467665167,
         0.6222943592520028,
         0.7858672261879592,
         0.2116292481503018,
         0.536541055847466,
         0.5793416629331168,
         0.2190120189228562,
         0.7529753259703468,
         0.5538256969710963,
         0.5628668256650253,
         0.22709994094482017,
         0.5494621037734376,
         0.5496495028519768
      ],
      [
         0.2519427464669096,
         0.6101032237712976,
         0.44607689304603104,
         0.5467322443260936,
         0.13214468773416413,
         0.5356441795317468,
         0.1105876462456642,
         0.4774761979985235,
         0.3145527591324422,
         0.16702532187707178,
         0.232816906412389,
         0.3258606333282664,
         0.2620976590049511
      ],
      [
         0.40488707426546255,
         0.6861203012586603,
         0.5795968930900687,
         0.4931118872620007,
         0.6901628660328218,
         0.7909420777524384,
         0.6408865323931315,
         0.7635149154780194,
         0.24715322755541896,
         0.2404732108117899,
         0.7638345864867928,
         0.1556600513524568,
         0.5100250120149056
      ]
   ],
   "mv_f1_micro": [
      0.9591836734693877,
      0.9183673469387755,
      0.9387755102040817,
      0.9387755102040817,
      0.9795918367346939,
      0.9183673469387755,
      0.9795918367346939,
      0.9795918367346939,
      0.7755102040816326,
      1.0
   ],
   "mv_f1_macro": [
      0.961111111111111,
      0.9193939393939393,
      0.9377344877344876,
      0.9373737373737374,
      0.9797979797979799,
      0.9147979797979799,
      0.9777777777777779,
      0.9766233766233766,
      0.7669408369408369,
      1.0
   ],
   "mv_f1_weighted": [
      0.9603174603174602,
      0.9177489177489178,
      0.9393792148894191,
      0.9383632240775098,
      0.9793856936714079,
      0.9153267367553083,
      0.9795918367346939,
      0.9790617545719588,
      0.7689872485790854,
      1.0
   ],
   "ct_f1_micro": [
      0.9795918367346939,
      0.9591836734693877,
      0.9591836734693877,
      0.9591836734693877,
      0.9795918367346939,
      0.9387755102040817,
      0.9795918367346939,
      1.0,
      0.8367346938775511,
      1.0
   ],
   "ct_f1_macro": [
      0.9797979797979798,
      0.9568181818181818,
      0.961111111111111,
      0.9595959595959596,
      0.9777777777777779,
      0.9375757575757575,
      0.9777777777777779,
      1.0,
      0.8273737373737374,
      1.0
   ],
   "ct_f1_weighted": [
      0.9793856936714079,
      0.9559369202226345,
      0.9603174603174602,
      0.9587713873428159,
      0.9795918367346939,
      0.9385693671407958,
      0.9795918367346939,
      1.0,
      0.8279323850752424,
      1.0
   ],
   "gt": [
      7,
      7,
      7,
      7,
      7,
      5,
      5,
      5,
      5,
      5,
      4,
      4,
      4,
      4,
      4,
      6,
      6,
      6,
      6,
      6,
      3,
      3,
      3,
      3,
      3,
      9,
      9,
      9,
      9,
      9,
      0,
      0,
      0,
      0,
      1,
      1,
      1,
      1,
      1,
      2,
      2,
      2,
      2,
      2,
      8,
      8,
      8,
      8,
      8
   ],
   "em_f1_micro": [
      0.9387755102040817,
      0.9591836734693877,
      0.9795918367346939,
      0.9183673469387755,
      1.0,
      0.9591836734693877,
      0.9795918367346939,
      1.0,
      0.7346938775510203,
      1.0
   ],
   "em_f1_macro": [
      0.9409090909090908,
      0.9595959595959596,
      0.9797979797979798,
      0.9143939393939394,
      1.0,
      0.9575757575757576,
      0.9777777777777779,
      1.0,
      0.7298989898989898,
      1.0
   ],
   "em_f1_weighted": [
      0.9397031539888682,
      0.9587713873428159,
      0.9793856936714079,
      0.9149144506287364,
      1.0,
      0.9589775304061018,
      0.9795918367346939,
      1.0,
      0.7299525870954442,
      1.0
   ]
}