{
   "worker_count": 30,
   "expertise_scores": [
      [
         0.586730088931348,
         0.6953870896934453,
         0.461001521833139,
         0.48405126638649765,
         0.5842959007881922,
         0.7156530205947317,
         0.2920891288113562,
         0.3806494472096471,
         0.5928883490930311,
         0.6554588958921308,
         0.6694533840055714,
         0.17766610171953529,
         0.7913855577821101,
         0.24987501880984123,
         0.31724025780115106,
         0.3727771547013019,
         0.176191149738341,
         0.7526619307017195,
         0.7673564119369062,
         0.39159001265559235,
         0.5461825545677629,
         0.5345038204834321,
         0.6359525789980043,
         0.09833044472517256,
         0.578387959786041,
         0.5815157399065434,
         0.5822041942650367,
         0.5409098564407734,
         0.32262899917492965,
         0.36726992284294735
      ],
      [
         0.5834044177245042,
         0.13731581749105326,
         0.21913367394781272,
         0.43357461263953434,
         0.37055767210211454,
         0.20512929940549757,
         0.21593259403826742,
         0.6831747038385771,
         0.5123640737939217,
         0.5319451046596968,
         0.5513374590409416,
         0.4271475870578457,
         0.7016937673459297,
         0.18437203983998196,
         0.3524693431355649,
         0.22224487744688246,
         0.7018284437895463,
         0.37370967932910215,
         0.37056150212358374,
         0.3505823482227026,
         0.5001422489195019,
         0.6904387630934129,
         0.6552786520800156,
         0.7657354017758072,
         0.15675955097589714,
         0.3193209131118391,
         0.44870231618098555,
         0.3774744588989526,
         0.12681073475218557,
         0.1420646893404271
      ],
      [
         0.621257024355245,
         0.10660949254849751,
         0.6990377117322039,
         0.2801039073622155,
         0.26828257920025894,
         0.3813008506895451,
         0.196916304416194,
         0.6906245902401494,
         0.3374240020111947,
         0.358844820317475,
         0.438977908792512,
         0.7347076452223785,
         0.7792712904142994,
         0.17236033429434136,
         0.3813822735922928,
         0.7916177410470411,
         0.6670453525695039,
         0.7452651207440667,
         0.3653120331220271,
         0.2649125163959293,
         0.36202870980836155,
         0.6817603638790225,
         0.3068276578124324,
         0.14846323018007657,
         0.3558741753245219,
         0.5069097381287032,
         0.481918584895602,
         0.11875295117479821,
         0.5753279137613821,
         0.5921675034901004
      ],
      [
         0.5168919402917088,
         0.28533603622231407,
         0.67550803086711,
         0.28592522700922285,
         0.5506354267646418,
         0.22992036141862324,
         0.42290305773100434,
         0.3354488486600632,
         0.6551068808575979,
         0.5981243918530476,
         0.5030610001697063,
         0.258877262809361,
         0.1643201254968991,
         0.3925077272942672,
         0.5168773562222714,
         0.3989843443405815,
         0.7223327251727553,
         0.5182683032360549,
         0.3177070115119819,
         0.26528411876002134,
         0.7754689055448862,
         0.3599990436321392,
         0.27294276234747505,
         0.1535949757654298,
         0.3469643096038987,
         0.38011981066036904,
         0.7272536039296519,
         0.7282738057567774,
         0.7502165798671113,
         0.5656556873091978
      ],
      [
         0.38662913071325167,
         0.5256798735541393,
         0.3853149120834557,
         0.2702109804538077,
         0.3747707831430396,
         0.7842544424238616,
         0.5566866326926956,
         0.11160585655892405,
         0.6510659075491051,
         0.19098995962236864,
         0.5381244349772075,
         0.6140309350935523,
         0.17736510181826942,
         0.7696072695542906,
         0.379940596193139,
         0.790382801259937,
         0.6820189803918529,
         0.5697680274198847,
         0.6808814323595559,
         0.43692455217803183,
         0.3894395380956681,
         0.33136379544787403,
         0.2687769394819325,
         0.3119284749211819,
         0.5196132582450753,
         0.5173392395961779,
         0.3561186691289081,
         0.35076442187710766,
         0.41590249145800506,
         0.5537818720080726
      ],
      [
         0.720916506689961,
         0.4421420158676619,
         0.4463378686497259,
         0.43779714872285536,
         0.23279536108891435,
         0.568438235545232,
         0.6507513931489386,
         0.607733719359709,
         0.3228842252609113,
         0.7973273139127043,
         0.23306058591190584,
         0.35501079547614833,
         0.3616967165420826,
         0.7877898990817294,
         0.4709207048689428,
         0.6436417987799546,
         0.4515580985963661,
         0.23943157540579738,
         0.4486816837080835,
         0.3509399746285551,
         0.707031626836203,
         0.7638594015383164,
         0.22319428952596382,
         0.20109889585366947,
         0.19634091073198962,
         0.17571314328929327,
         0.7518631942472473,
         0.40891155888981845,
         0.4889949790682464,
         0.7492024117808327
      ],
      [
         0.3654981219963397,
         0.2815327934718197,
         0.630935984037328,
         0.6838519285161434,
         0.10160702671578423,
         0.17120618868706067,
         0.7547527813926295,
         0.1824585802670683,
         0.4142760704931917,
         0.25724403874526136,
         0.6787474937321019,
         0.6480135566242687,
         0.6534025136452211,
         0.7033721407724841,
         0.2025098258554507,
         0.6861703331032399,
         0.5027225238072737,
         0.7843410540788922,
         0.26156207169571777,
         0.3562479645272011,
         0.6396740623378873,
         0.7315080842439938,
         0.6399657562483533,
         0.7733932506375136,
         0.25149900926873486,
         0.26388080994698815,
         0.47510862765699025,
         0.3088517651597264,
         0.6898334207894414,
         0.23774698457243146
      ],
      [
         0.15272684425690825,
         0.6462517509975917,
         0.2677314139908011,
         0.17398351980047685,
         0.5918837943130776,
         0.6148603093105174,
         0.4812366205131966,
         0.39523859767787617,
         0.44645009410327574,
         0.2906536957566539,
         0.434951773123189,
         0.5248128537140624,
         0.6456675473283374,
         0.44300824926216653,
         0.5810636164177724,
         0.42920008415056876,
         0.580236596035273,
         0.3264535091859972,
         0.7646844387963737,
         0.7870204836557112,
         0.5284069420481129,
         0.29073539549169897,
         0.4557712865561081,
         0.553435180362322,
         0.7210200782369564,
         0.3586601597960203,
         0.2925300103198528,
         0.13710086270284821,
         0.7372685697730222,
         0.2510444536015234
      ],
      [
         0.38933823728680095,
         0.4174538347038238,
         0.6536284213662685,
         0.5441426469980462,
         0.48141016497980094,
         0.6887035346825207,
         0.7443558772381215,
         0.6612440265557317,
         0.5680885695839151,
         0.5734813116983201,
         0.19507752326844907,
         0.27406129308303395,
         0.6225353876488616,
         0.2536714195969026,
         0.6373507998896893,
         0.20132129407943772,
         0.3180704466001027,
         0.25836775444804166,
         0.7565673405338478,
         0.20508405216970665,
         0.24150110589391244,
         0.5778211008769373,
         0.6925208973001821,
         0.7024989444289919,
         0.5742411367068225,
         0.7320959987509554,
         0.21452742874782987,
