{
   "worker_count": 20,
   "expertise_scores": [
      [
         0.29328039856845584,
         0.45510763170092017,
         0.7965501439765101,
         0.654624933220075,
         0.6018127295446009,
         0.6776434980123272,
         0.6953628089449897,
         0.549286412978462,
         0.717407716504767,
         0.7925002844991672,
         0.7423240249155153,
         0.2540851330949907,
         0.3783072791997678,
         0.6059432181254154,
         0.3314606087716807,
         0.7398506393283849,
         0.3178222799635054,
         0.21942627451314434,
         0.16378983479524287,
         0.2114821482221314
      ],
      [
         0.27253069023484944,
         0.3873814655415857,
         0.1912358384345994,
         0.6247849577900261,
         0.7394324086244999,
         0.5121969153328372,
         0.7654597881838265,
         0.38492862944699113,
         0.6608769580050013,
         0.43087275396173597,
         0.6032431713393668,
         0.5279852561408109,
         0.12164356112944089,
         0.5810720400162351,
         0.2420660596910844,
         0.6426788795545743,
         0.5452150752457587,
         0.6330110148069732,
         0.7461432224626405,
         0.30326383040548943
      ],
      [
         0.3904288275942642,
         0.403110011335448,
         0.5332377405709018,
         0.6295424569306791,
         0.20659917460077828,
         0.24456614397358672,
         0.30652047603300414,
         0.2516147437602416,
         0.34693721758690166,
         0.24506593376295394,
         0.7863612406957156,
         0.5394597595020943,
         0.15496861237420623,
         0.5754240490439435,
         0.10970285126587741,
         0.6988786745694137,
         0.7854973270614717,
         0.5175106725136907,
         0.31699735939301515,
         0.7797528103974254
      ],
      [
         0.5416690503225259,
         0.6614519496343829,
         0.33099255047583154,
         0.605256574318832,
         0.4332278524896871,
         0.42649887412631005,
         0.7113891779450522,
         0.5372618876563102,
         0.25093220590972487,
         0.7367731829910917,
         0.347450074830436,
         0.5328322546766554,
         0.5749936535700455,
         0.6307441833597478,
         0.15366451553204213,
         0.5940768777329855,
         0.493327362214504,
         0.3402616648894159,
         0.5263580539377362,
         0.6684959271010041
      ],
      [
         0.5538002418848688,
         0.5483227916805379,
         0.15682813271868482,
         0.5155541391370677,
         0.5406292078513634,
         0.6575625561762714,
         0.5035959976011113,
         0.43307023119392585,
         0.19146932692074775,
         0.459491807078638,
         0.5938499646170358,
         0.7772590798974128,
         0.569936942273555,
         0.19787212154291972,
         0.2793741990158046,
         0.6843135633712782,
         0.4094981095433943,
         0.4022838532105999,
         0.5655372712448216,
         0.739889096775072
      ],
      [
         0.1618407825355681,
         0.2749283464870526,
         0.7381963714016307,
         0.4251818437577838,
         0.7433660206801928,
         0.2321241958399651,
         0.1204529656532287,
         0.24848069512693688,
         0.4260079141584684,
         0.40777113698464407,
         0.462156824998057,
         0.25145283691541026,
         0.7552197743624517,
         0.10482779057481165,
         0.5623143538350491,
         0.17318614066716645,
         0.33697650210425073,
         0.6996595225916259,
         0.6343479573226326,
         0.23965830951027278
      ],
      [
         0.35866383221148324,
         0.565145274273934,
         0.09877160803630076,
         0.557820482163641,
         0.5091799960159105,
         0.10281293077358963,
         0.7418167501877836,
         0.1632015719500527,
         0.583903629039827,
         0.78585673459849,
         0.49132060108344733,
         0.38082533465255874,
         0.11937910650911239,
         0.23971973072710911,
         0.7554861871780633,
         0.25355436969542716,
         0.36079805244885554,
         0.5546528886107783,
         0.6548763417589487,
         0.4368656988174755
      ],
      [
         0.44946750538110825,
         0.3869473706360185,
         0.6249779670847776,
         0.0961791611171673,
         0.553839619703895,
         0.7522646515610739,
         0.6472977031331347,
         0.3060578831065568,
         0.6373173200852167,
         0.7876459400872847,
         0.4231644186224329,
         0.5206031439044165,
         0.7646631981214314,
         0.2863583762152976,
         0.23103915152330282,
         0.2033633192220309,
         0.5899946156862804,
         0.2450371387516584,
         0.7467507375780471,
         0.25686064946639514
      ],
      [
         0.7464733547271549,
         0.4147047374218721,
         0.4424502495652264,
         0.5402545004585269,
         0.389163337172051,
         0.7199382435244807,
         0.6355184235728559,
         0.12248869589273506,
         0.144207747950874,
         0.39405218737098824,
         0.26526335881487895,
         0.14370725769368814,
         0.2968828802529657,
         0.6058844545698787,
         0.5111012490869584,
         0.23279439916559275,
         0.21036570820993972,
         0.521537173435757,
         0.5371886836647766,
         0.6817700355230897
      ],
      [
         0.7084703280738402,
         0.3285794446906338,
         0.25948112334873774,
         0.4166834776539202,
         0.45708268210019465,
         0.5129910102428634,
         0.7689016712097971,
         0.3832290888020685,
         0.24024961984198967,
         0.29841814510352827,
         0.3873349385696615,
         0.6203451899937619,
         0.2973186627421919,
         0.4315941828274288,
         0.3514606698723103,
         0.708707748552857,
         0.5522019254326126,
         0.4352514979399239,
         0.2043356351811553,
         0.325612455460501
      ]
   ],
   "mv_f1_micro": [
      1.0,
      0.9795918367346939,
      1.0,
      1.0,
      1.0,
      0.9795918367346939,
      1.0,
      0.9795918367346939,
      1.0,
      0.9387755102040817
   ],
   "mv_f1_macro": [
      1.0,
      0.9797979797979798,
      1.0,
      1.0,
      1.0,
      0.9797979797979798,
      1.0,
      0.9766233766233766,
      1.0,
      0.9395959595959595
   ],
   "mv_f1_weighted": [
      1.0,
      0.9793856936714079,
      1.0,
      1.0,
      1.0,
      0.9793856936714079,
      1.0,
      0.9790617545719588,
      1.0,
      0.9383632240775098
   ],
   "ct_f1_micro": [
      1.0,
      0.9795918367346939,
      1.0,
      1.0,
      1.0,
      0.9591836734693877,
      0.9795918367346939,
      0.9795918367346939,
      1.0,
      0.9591836734693877
   ],
   "ct_f1_macro": [
      1.0,
      0.9797979797979798,
      1.0,
      1.0,
      1.0,
      0.9595959595959596,
      0.9797979797979798,
      0.9766233766233766,
      1.0,
      0.9595959595959596
   ],
   "ct_f1_weighted": [
      1.0,
      0.9793856936714079,
      1.0,
      1.0,
      1.0,
      0.9587713873428159,
      0.9793856936714079,
      0.9790617545719588,
      1.0,
      0.9587713873428159
   ],
   "gt": [
      7,
      7,
      7,
      7,
      7,
      5,
      5,
      5,
      5,
      5,
      4,
      4,
      4,
      4,
      4,
      6,
      6,
      6,
      6,
      6,
      3,
      3,
      3,
      3,
      3,
      9,
      9,
      9,
      9,
      9,
      0,
      0,
      0,
      0,
      1,
      1,
      1,
      1,
      1,
      2,
      2,
      2,
      2,
      2,
      8,
      8,
      8,
      8,
      8
   ],
   "em_f1_micro": [
      1.0,
      0.9795918367346939,
      1.0,
      1.0,
      1.0,
      1.0,
      0.9795918367346939,
      1.0,
      1.0,
      0.9591836734693877
   ],