{
   "worker_count": 20,
   "expertise_scores": [
      [
         0.44601142563431334,
         0.6455827225224864,
         0.45122784798698945,
         0.47372073385107755,
         0.353031011623039,
         0.737274034504789,
         0.6857993258387947,
         0.7924078005376969,
         0.569020664464188,
         0.5217321736361761,
         0.7622574312098873,
         0.39275922785007766,
         0.4130741672826619,
         0.4899604988694498,
         0.7152336741046228,
         0.40530333791256884,
         0.7145176303181067,
         0.5995710757899995,
         0.6477009432972456,
         0.5756346187363732
      ],
      [
         0.641414785130404,
         0.44660296749841805,
         0.5906427557329073,
         0.5247517358618524,
         0.34005506010836417,
         0.5293606012503121,
         0.6681799277484537,
         0.46226168571287696,
         0.4839049106191198,
         0.71343905825793,
         0.35786251412083325,
         0.3856797328393225,
         0.5071163885165912,
         0.4540540641838431,
         0.3493214997741315,
         0.5220132374385322,
         0.7783767397271061,
         0.7934769970251743,
         0.6868487807078849,
         0.5504717450952362
      ],
      [
         0.7420398709783032,
         0.5953585868854856,
         0.7841022965183638,
         0.521682209850454,
         0.43640232205158164,
         0.4409546351045498,
         0.7955654663827539,
         0.6014654807906221,
         0.39324709676981817,
         0.6461664456643144,
         0.5795664348668623,
         0.7124445363322058,
         0.7280430158065383,
         0.7353946041625761,
         0.6636358996952687,
         0.4049095390500193,
         0.6201071770463672,
         0.5922332335158204,
         0.47642540042771186,
         0.6850733304612571
      ],
      [
         0.75481001891333,
         0.4084455288065076,
         0.560802254231302,
         0.5844416445002496,
         0.781813628482246,
         0.7505207206219746,
         0.7488730972320767,
         0.7966165257833655,
         0.7392740319964346,
         0.5969715896025364,
         0.7624492693562097,
         0.6480205649808133,
         0.33656493520789177,
         0.7463865076564189,
         0.5304440326619204,
         0.5272075179595449,
         0.4569647778961548,
         0.7390687016550839,
         0.3853215369488737,
         0.7293010772791799
      ],
      [
         0.7835288244042593,
         0.5573342012628758,
         0.40830593681212324,
         0.7871065991443864,
         0.478262369967555,
         0.7983295872052316,
         0.32844580953046665,
         0.6814276373725885,
         0.3959868256218092,
         0.47093050442342277,
         0.4141925232372208,
         0.5818825226891122,
         0.368493352788327,
         0.6526317115027727,
         0.7231326060618015,
         0.408254988034026,
         0.3688196741861183,
         0.4881452455294726,
         0.7277468421105493,
         0.7501093626113282
      ],
      [
         0.6506346158519648,
         0.6688851309592554,
         0.6855241989728829,
         0.573259582258506,
         0.690349171549621,
         0.4606783777843564,
         0.41461709117651124,
         0.7373505568293685,
         0.4511885464475857,
         0.7288623354639543,
         0.42436046248065823,
         0.4219347581822286,
         0.6295052377179928,
         0.596806742738335,
         0.6996021447405436,
         0.6817827279898387,
         0.600632397168763,
         0.552053770528147,
         0.7157152929993553,
         0.4002774415944729
      ],
      [
         0.6250747103411527,
         0.5638665725167378,
         0.7026806868814474,
         0.689408870184617,
         0.35924997528330754,
         0.6494599600267803,
         0.4446370488916593,
         0.485108263911998,
         0.5400216225571088,
         0.6603814835738538,
         0.6329092334542601,
         0.3284022185669212,
         0.6006412112344358,
         0.6345564074472649,
         0.5052138036169979,
         0.46677665890272807,
         0.6622818765391472,
         0.5733671309138464,
         0.4869456656925699,
         0.6670328718731966
      ],
      [
         0.5942363924150633,
         0.6911309054974202,
         0.5842165991540191,
         0.5747557549975306,
         0.4496468352914516,
         0.6436914172575079,
         0.3719262584489787,
         0.6530203539144961,
         0.6370293632976325,
         0.7443031174354582,
         0.3809595158399567,
         0.3807251788312342,
         0.6752168746017373,
         0.3735000597594066,
         0.4712776323592347,
         0.37360698215495064,
         0.5224351486496068,
         0.38398545675933526,
         0.5539037768344297,
         0.42336596646982577
      ],
      [
         0.6344244771898537,
         0.3826895747103024,
         0.4718036008253676,
         0.7361634601801527,
         0.418076382933282,
         0.6058813672068968,
         0.7636002501769703,
         0.5267432921023211,
         0.3687705785578631,
         0.6792996689785958,
         0.34617509869158325,
         0.40227819285117383,
         0.753933624926467,
         0.7491561028856295,
         0.7938204231956419,
         0.5896574837638164,
         0.46329439611014067,
         0.5515730863379434,
         0.6257253271723432,
         0.36977422666347737
      ],
      [
         0.6262412611533694,
         0.6848470011343696,
         0.3456107654208128,
         0.7710104750215838,
         0.5091884956099015,
         0.4201705165727958,
         0.6521382571114356,
         0.5178092468671105,
         0.6033857224402891,
         0.623663842540312,
         0.7589898452201881,
         0.6383112306796231,
         0.38168877976305576,
         0.7008447599546765,
         0.7314478755631723,
         0.4396425627830964,
         0.40813358846933134,
         0.7352119117613529,
         0.41478671855453786,
         0.7266879995812885
      ]
   ],
   "mv_f1_micro": [
      0.964,
      0.916,
      0.974,
      0.98,
      0.934,
      0.972,
      0.938,
      0.914,
      0.944,
      0.958
   ],
   "mv_f1_macro": [
      0.9643094652567376,
      0.9156872113393852,
      0.9741110950150498,
      0.9801609178504266,
      0.9334731152735066,
      0.9723971727986843,
      0.9388376234418002,
      0.9140542008639141,
      0.9433679492479282,
      0.9575542828944519
   ],
   "mv_f1_weighted": [
      0.9639719282375174,
      0.9161028189202103,
      0.9739444685885364,
      0.9799975742874469,
      0.9340407604137545,
      0.9719587204114837,
      0.9380507042253521,
      0.913923517132448,
      0.9440984196513393,
      0.957951030448643
   ],
   "ct_f1_micro": [
      0.982,
      0.956,
      0.99,
      0.986,
      0.964,
      0.982,
      0.964,
      0.928,
      0.978,
      0.976
   ],
   "ct_f1_macro": [
      0.9820422398314306,
      0.9556349683261866,
      0.9901839382916698,
      0.9860123294539398,
      0.9639209600329748,
      0.9819929827187385,
      0.9645032916322686,
      0.9277160005812393,
      0.9776150636202505,
      0.975754962921176
   ],
   "ct_f1_weighted": [
      0.9819909597626972,
      0.956094870845239,
      0.9899910997600805,
      0.986000158703708,
      0.9640109086510298,
      0.981966779354133,
      0.9639937765923667,
      0.9279871437754446,
      0.9779882865509607,
      0.9760002820612486
   ],
   "em_f1_micro": [
      0.984,
      0.948,
      0.992,
      0.988,
      0.982,
      0.976,
      0.964,
      0.934,
      0.988,
      0.982
   ],
   "em_f1_macro": [
      0.9839113712113257,
      0.94770838925702,
      0.9920828152455007,
      0.9878900252768487,
      0.9816747349631455,
      0.9761981504318221,
      0.9645102662344042,
      0.9339187440999271,
      0.9882949364576219,
      0.9820460670187762
   ],