{
   "worker_count": 8,
   "expertise_scores": [
      [
         0.7928554301380912,
         0.7297790698295863,
         0.49916429111762173,
         0.3740415098489379,
         0.6560181898758575,
         0.5950119591917225,
         0.6117941494115327,
         0.678636086322981
      ],
      [
         0.6296390300261003,
         0.7196895168276799,
         0.6475990414073006,
         0.6127817982528415,
         0.5763932173097994,
         0.555687072938679,
         0.5652779397632817,
         0.47336899946123534
      ],
      [
         0.44611196400444203,
         0.5223832111247175,
         0.48419793241338627,
         0.6925109201718305,
         0.5188898298369725,
         0.4812669053996639,
         0.572693034888853,
         0.43017024311471097
      ],
      [
         0.41793873790431546,
         0.7281875165561136,
         0.6196904444141788,
         0.6624945426887323,
         0.4783225548910078,
         0.4803583798768417,
         0.6866083565420347,
         0.32910983279343736
      ],
      [
         0.7096292077000017,
         0.6448537665239296,
         0.35874132534621256,
         0.6800261293961372,
         0.6916342680203795,
         0.4418578583176715,
         0.554236020109282,
         0.7701793203311231
      ],
      [
         0.47154322079306166,
         0.5043502084818348,
         0.4264210976926448,
         0.5461335467138448,
         0.7239110079232697,
         0.627256726240896,
         0.46086095095829127,
         0.48304629141485367
      ],
      [
         0.4738722067131631,
         0.5016026934042249,
         0.4748927078038605,
         0.6205926727336499,
         0.49238186512163773,
         0.7123917722907485,
         0.6829225109828235,
         0.5661769250872378
      ],
      [
         0.7555964863875366,
         0.4303020138807006,
         0.6804541177916473,
         0.7306963492134535,
         0.7487120344420721,
         0.3401666355468365,
         0.6772985194813843,
         0.3894395646825854
      ],
      [
         0.6936061584587421,
         0.6677251894614615,
         0.3893489341624298,
         0.5587517005015366,
         0.3839632480823431,
         0.5676897443550215,
         0.6915485999223868,
         0.6376471422440554
      ],
      [
         0.33542754286362403,
         0.4618260688454543,
         0.5156701267023389,
         0.5144346394683883,
         0.40853248050085156,
         0.5116082058075866,
         0.690093284468204,
         0.5709537151396338
      ]
   ],
   "mv_f1_micro": [
      0.8759999999999999,
      0.866,
      0.72,
      0.768,
      0.882,
      0.754,
      0.804,
      0.8399999999999999,
      0.816,
      0.67
   ],
   "mv_f1_macro": [
      0.8757583606068454,
      0.8657415011502799,
      0.7195886359908402,
      0.7665131029573088,
      0.8802544260901203,
      0.7539231313505935,
      0.8036905956922018,
      0.8394654201704294,
      0.8152588275877254,
      0.6678375317005459
   ],
   "mv_f1_weighted": [
      0.8758016058016058,
      0.8660297646584053,
      0.7199867086044631,
      0.7688565434719322,
      0.8823477124952479,
      0.7543680391708161,
      0.8040222468236442,
      0.8397549574729537,
      0.8163303813850621,
      0.6703602055024728
   ],
   "ct_f1_micro": [
      0.91,
      0.8960000000000001,
      0.7419999999999999,
      0.822,
      0.898,
      0.7940000000000002,
      0.834,
      0.906,
      0.864,
      0.7299999999999999
   ],
   "ct_f1_macro": [
      0.9099747474747475,
      0.8952329350114473,
      0.7414472827132693,
      0.820743336105655,
      0.8966158236797329,
      0.79337018670837,
      0.833380534639835,
      0.9047218785132024,
      0.8628822046643779,
      0.7269513212078641
   ],
   "ct_f1_weighted": [
      0.9099851010101011,
      0.8960871867746157,
      0.7418047406230018,
      0.8222426812478987,
      0.8982311474165179,
      0.7940368243410438,
      0.8340578477809462,
      0.9062080213506009,
      0.8643352236857145,
      0.7304917000512399
   ],
   "em_f1_micro": [
      0.898,
      0.874,
      0.712,
      0.8459999999999999,
      0.9,
      0.762,
      0.824,
      0.902,
      0.88,
      0.714
   ],
   "em_f1_macro": [
      0.8978521900896329,
      0.8739257247556758,
      0.7095169864132059,
      0.8437093691129612,
      0.8986504072064233,
      0.7615729721176776,
      0.8232087185796043,
      0.9007137526980268,
      0.8782002571914824,
      0.7009022866007498
   ],
   "em_f1_weighted": [
      0.8979204464738711,
      0.8742210465305139,
      0.7103936247428001,
      0.8454266284417938,
      0.8999439709922294,
      0.762334237954769,
      0.8237545080224861,
      0.9025941967435922,
      0.8800501639807492,
      0.7069498245074876
   ],