{
   "worker_count": 5,
   "expertise_scores": [
      [
         0.47641160029978846,
         0.7387563762573532,
         0.7860076030558968,
         0.6230677383107388,
         0.7338452276045064
      ],
      [
         0.7296911417928204,
         0.5756827763735388,
         0.4120722044744954,
         0.5414073637232155,
         0.6813858805568205
      ],
      [
         0.6453153003106593,
         0.47727112059505106,
         0.4650795459017347,
         0.47903029473289793,
         0.5610986918748309
      ],
      [
         0.7558721612519759,
         0.6327809129214604,
         0.47597903073139003,
         0.44667690938800864,
         0.610040030668332
      ],
      [
         0.35752396412785936,
         0.5640816933107462,
         0.49132277333781016,
         0.6240466457042748,
         0.38805623561661434
      ],
      [
         0.38119813669964747,
         0.40453199999830936,
         0.4399857172782146,
         0.44950884171586375,
         0.41232016594846244
      ],
      [
         0.3516647729562329,
         0.44720625631012345,
         0.7222280838969293,
         0.393968994383196,
         0.46375576961139064
      ],
      [
         0.48223859826666027,
         0.40854714304561146,
         0.4615265786851066,
         0.4117534902147412,
         0.6403535972885708
      ],
      [
         0.35291259176136897,
         0.5244770378056374,
         0.7316321417943408,
         0.3519184064232331,
         0.7528350616382139
      ],
      [
         0.34340907003515714,
         0.7349335548396438,
         0.39750749437406924,
         0.6024670936224606,
         0.6474248323246078
      ]
   ],
   "mv_f1_micro": [
      0.87,
      0.76,
      0.634,
      0.766,
      0.594,
      0.472,
      0.578,
      0.548,
      0.688,
      0.686
   ],
   "mv_f1_macro": [
      0.8697276822276822,
      0.7594499436603286,
      0.6326820404387473,
      0.7665263968879678,
      0.5921296098632765,
      0.47126558589109196,
      0.5775814603922175,
      0.5477161863592542,
      0.6869928201866934,
      0.6855401612439552
   ],
   "mv_f1_weighted": [
      0.8699585380835381,
      0.7601726488549383,
      0.6337373503369895,
      0.7658173810640804,
      0.5945408459585593,
      0.4735490025606423,
      0.5781515091735574,
      0.5482513556584354,
      0.6877829763792858,
      0.686024791851914
   ],
   "ct_f1_micro": [
      0.898,
      0.802,
      0.67,
      0.774,
      0.618,
      0.45,
      0.652,
      0.578,
      0.804,
      0.734
   ],
   "ct_f1_macro": [
      0.8979972108339046,
      0.8024251376054133,
      0.6672781680978402,
      0.7743365633406899,
      0.616958139225082,
      0.4495916916873359,
      0.651105651105651,
      0.5775778863471278,
      0.8031199898621995,
      0.7332879612825165
   ],
   "ct_f1_weighted": [
      0.8979807603509312,
      0.8020359566732314,
      0.669428181108509,
      0.7738751667184625,
      0.6179454423578489,
      0.4509962316696401,
      0.6521096437346436,
      0.5782245395476572,
      0.8042093972505304,
      0.7343398366606171
   ],
   "em_f1_micro": [
      0.9,
      0.786,
      0.618,
      0.796,
      0.592,
      0.37,
      0.594,
      0.462,
      0.798,
      0.7419999999999999
   ],
   "em_f1_macro": [
      0.8997731503067103,
      0.7844608110565557,
      0.5962437844199622,
      0.7961726081204881,
      0.5815891768028854,
      0.36885358250032435,
      0.5907110083655613,
      0.45959015185021385,
      0.7948393760866046,
      0.7422360347220803
   ],
   "em_f1_weighted": [
      0.8999301720307242,
      0.7840444626295692,
      0.6013928267553689,
      0.7954924288245843,
      0.5842371207138851,
      0.37017612785102166,
      0.5954362296716381,
      0.45730057496682885,
      0.7975559843317779,
      0.7416452568375282
   ],
   "gt": [
      0,
      0,
      0,
      0,
      0,
      0,
      0,
      0,
      0,
      0,
      0,
      0,
      0,
      0,
      0,
      0,
      0,
      0,
      0,
      0,
      0,
      0,
      0,
      0,
      0,
      0,
      0,
      0,
      0,
      0,
      0,
      0,
      0,
      0,
      0,
      0,
      0,
      0,
      0,
      0,
      0,
      0,
      0,
      0,
      0,
      0,
      0,
      0,
      0,
      0,
      0,
      0,
      0,
      0,
      0,
      0,
      0,
      0,
      0,
      0,
      0,
      0,
      0,
      0,
      0,
      0,
      0,
      0,
      0,
      0,
      0,
      0,
      0,
      0,
      0,
      0,
      0,
      0,
      0,
      0,
      0,
      0,
      0,
      0,
      0,
      0,
      0,
      0,
      0,
      0,
      0,
      0,
      0,
      0,
      0,
      0,
      0,
      0,
      0,
      0,
      0,
      0,
      0,
      0,
      0,
      0,
      0,
      0,
      0,
      0,
      0,
      0,
      0,
      0,
      0,
      0,
      0,
      0,
      0,
      0,
      0,
      0,
      0,
      0,
      0,
      0,
      0,
      0,
      0,
      0,
      0,
      0,
      0,
      0,
      0,
      0,
      0,
      0,
      0,
      0,
      0,
      0,
      0,
      0,
      0,
      1,
      1,
      1,
      1,
      1,
      1,
      1,
      1,
      1,
      1,
      1,
      1,
      1,
      1,
      1,
      1,
      1,
      1,
      1,
      1,
      1,
      1,
      1,
      1,
      1,
      1,
      1,
      1,
      1,
      1,
      1,
      1,
      1,
      1,
      1,
      1,
      1,
      1,
      1,
      1,
      1,
      1,
      1,
      1,
      1,
      1,
      1,
      1,
      1,
      1,
      1,
      1,
      1,
      1,
      1,
      1,
      1,
      1,
      1,
      1,
      1,
      1,
      1,
      1,
      1,
      1,
      1,
      1,
      1,
      1,
      1,
      1,
      1,
      1,
      1,
      1,
      1,
      1,
      1,
      1,
      1,
      1,
      1,
      1,
      1,
      1,
      1,
      1,
      1,
      1,
      1,
      1,
      1,
      1,
      1,
      1,
      1,
      1,
      1,
      1,
      1,
      1,
      1,
      1,
      1,
      1,
      1,
      1,
      1,
      1,
      1,
      1,
      1,
      1,
      1,
      1,
      1,
      1,
      1,
      1,
      1,
      1,
      1,
      1,
      1,
      1,
      1,
      1,
      1,
      1,
      1,
      1,
      1,
      1,
      1,
      1,
      1,
      1,
      1,
      1,
      1,
      1,
      1,
      1,
      1,
      1,
      1,
      1,
      1,
      1,
      1,
      1,
      1,
      1,
      1,
      1,
      1,
      1,
      1,
      1,
      1,
      1,
      1,
      1,
      1,
      1,
      1,
      1,
      1,
      1,
      1,
      1,
      1,
      1,
      1,
      1,
      2,
      2,
      2,
      2,
      2,
      2,
      2,
      2,
      2,
      2,
      2,
      2,
      2,
      2,
      2,
      2,
      2,
      2,
      2,
      2,
      2,
      2,
      2,
      2,
      2,
      2,
      2,
      2,
      2,
      2,
      2,
      2,
      2,
      2,
      2,
      2,
      2,
      2,
      2,
      2,
      2,
      2,
      2,
      2,
      2,
      2,
      2,
      2,
      2,
      2,
      2,
      2,
      2,
      2,
      2,
      2,
      2,
      2,
      2,
      2,
      2,
      2,
      2,
      2,
      2,
      2,
      2,
      2,
      2,
      2,
      2,
      2,
      2,
      2,
      2,
      2,
      2,
      2,
      2,
      2,
      2,
      2,
      2,
      2,
      2,
      2,
      2,
      2,
      2,
      2,
      2,
      2,
      2,
      2,
      2,
      2,
      2,
      2,
      2,
      2,
      2,
      2,
      2,
      2,
      2,
      2,
      2,
      2,
      2,
      2,
      2,
      2,
      2,
      2,
      2,
      2,
      2,
      2,
      2,
      2,
      2,
      2,
      2,
      2,
      2,
      2,
      2,
      2,
      2,
      2,
      2,
      2,
      2,
      2,
      2,
      2,
