{
   "worker_count": 3,
   "expertise_scores": [
      [
         0.6468229892926898,
         0.47703807186005776,
         0.6680541851343047
      ],
      [
         0.5635920135251435,
         0.7219562260047383,
         0.5434789323112588
      ],
      [
         0.43912090293481665,
         0.6252943369096013,
         0.6388436586896683
      ],
      [
         0.3500274639398167,
         0.4271927810782208,
         0.3665650528149546
      ],
      [
         0.7464761611291816,
         0.35735314458608713,
         0.7026686101319493
      ],
      [
         0.4615767465283678,
         0.4736874065535056,
         0.5515872355581737
      ],
      [
         0.658047160188391,
         0.372173882360153,
         0.6125691944450986
      ],
      [
         0.6667570682941653,
         0.4617838050290681,
         0.6691099815114165
      ],
      [
         0.4473599355484925,
         0.6958984560980459,
         0.6349180350255983
      ],
      [
         0.658403443207672,
         0.5040493175336969,
         0.37080773450683496
      ]
   ],
   "mv_f1_micro": [
      0.712,
      0.7160000000000001,
      0.65,
      0.372,
      0.734,
      0.55,
      0.64,
      0.712,
      0.69,
      0.578
   ],
   "mv_f1_macro": [
      0.7125354439551946,
      0.7132762210869936,
      0.6493865005599562,
      0.37184585914704704,
      0.7327823285435096,
      0.5491856505451879,
      0.636862423311804,
      0.7119842544721329,
      0.6879017779600746,
      0.5756280756280756
   ],
   "mv_f1_weighted": [
      0.7119060622388401,
      0.7160748321920353,
      0.650386304370928,
      0.3717906134814957,
      0.7342441653489954,
      0.5494902872225775,
      0.6396486866596478,
      0.7119591217574317,
      0.6896383914623654,
      0.5785040145040146
   ],
   "ct_f1_micro": [
      0.704,
      0.736,
      0.66,
      0.35800000000000004,
      0.76,
      0.542,
      0.644,
      0.706,
      0.72,
      0.566
   ],
   "ct_f1_macro": [
      0.7044366032728494,
      0.734847686701117,
      0.6591337099811675,
      0.3573941512325054,
      0.759552417225544,
      0.5416211138283454,
      0.6428932233524433,
      0.7055037165081294,
      0.7169503546099291,
      0.5644689456305604
   ],
   "ct_f1_weighted": [
      0.7040108234721537,
      0.7363374570572974,
      0.6601129943502824,
      0.35881839533389065,
      0.760229781068415,
      0.5428343930546845,
      0.6437256472087342,
      0.7061307816346785,
      0.7192068085106383,
      0.5663601623172723
   ],
   "em_f1_micro": [
      0.69,
      0.702,
      0.634,
      0.368,
      0.714,
      0.48,
      0.618,
      0.682,
      0.688,
      0.63
   ],
   "em_f1_macro": [
      0.6907425941587717,
      0.7013368242837901,
      0.6327351805811584,
      0.36603917775213496,
      0.7132933408005536,
      0.47793889196505485,
      0.6152802433550048,
      0.6815500134084204,
      0.6871314597198271,
      0.6205694876375747
   ],
   "em_f1_weighted": [
      0.6903614010269591,
      0.7031974462314597,
      0.6316712306228128,
      0.36931734740899,
      0.7140904933979457,
      0.47616150562938353,
      0.6173030959914826,
      0.6824743899168677,
      0.6896096065203287,
      0.6250608085753986
   ],
   "gt": [
      0,
      0,
      0,
      0,
      0,
      0,
      0,
      0,
      0,
      0,
      0,
      0,
      0,
      0,
      0,
      0,
      0,
      0,
      0,
      0,
      0,
      0,
      0,
      0,
      0,
      0,
      0,
      0,
      0,
      0,
      0,
      0,
      0,
      0,
      0,
      0,
      0,
      0,
      0,
      0,
      0,
      0,
      0,
      0,
      0,
      0,
      0,
      0,
      0,
      0,
      0,
      0,
      0,
      0,
      0,
      0,
      0,
      0,
      0,
      0,
      0,
      0,
      0,
      0,
      0,
      0,
      0,
      0,
      0,
      0,
      0,
      0,
      0,
      0,
      0,
      0,
      0,
      0,
      0,
      0,
      0,
      0,
      0,
      0,
      0,
      0,
      0,
      0,
      0,
      0,
      0,
      0,
      0,
      0,
      0,
      0,
      0,
      0,
      0,
      0,
      0,
      0,
      0,
      0,
      0,
      0,
      0,
      0,
      0,
      0,
      0,
      0,
      0,
      0,
      0,
      0,
      0,
      0,
      0,
      0,
      0,
      0,
      0,
      0,
      0,
      0,
      0,
      0,
      0,
      0,
      0,
      0,
      0,
      0,
      0,
      0,
      0,
      0,
      0,
      0,
      0,
      0,
      0,
      0,
      0,
      1,
      1,
      1,
      1,
      1,
      1,
      1,
      1,
      1,
      1,
      1,
      1,
      1,
      1,
      1,
      1,
      1,
      1,
      1,
      1,
      1,
      1,
      1,
      1,
      1,
      1,
      1,
      1,
      1,
      1,
      1,
      1,
      1,
      1,
      1,
      1,
      1,
      1,
      1,
      1,
      1,
      1,
      1,
      1,
      1,
      1,
      1,
      1,
      1,
      1,
      1,
      1,
      1,
      1,
      1,
      1,
      1,
      1,
      1,
      1,
      1,
      1,
      1,
      1,
      1,
      1,
      1,
      1,
      1,
      1,
      1,
      1,
      1,
      1,
      1,
      1,
      1,
      1,
      1,
      1,
      1,
      1,
      1,
      1,
      1,
      1,
      1,
      1,
      1,
      1,
      1,
      1,
      1,
      1,
      1,
      1,
      1,
      1,
      1,
      1,
      1,
      1,
      1,
      1,
      1,
      1,
      1,
      1,
      1,
      1,
      1,
      1,
      1,
      1,
      1,
      1,
      1,
      1,
      1,
      1,
      1,
      1,
      1,
      1,
      1,
      1,
      1,
      1,
      1,
      1,
      1,
      1,
      1,
      1,
      1,
      1,
      1,
      1,
      1,
      1,
      1,
      1,
      1,
      1,
      1,
      1,
      1,
      1,
      1,
      1,
      1,
      1,
      1,
      1,
      1,
      1,
      1,
      1,
      1,
      1,
      1,
      1,
      1,
      1,
      1,
      1,
      1,
      1,
      1,
      1,
      1,
      1,
      1,
      1,
      1,
      1,
      2,
      2,
      2,
      2,
      2,
      2,
      2,
      2,
      2,
      2,
      2,
      2,
      2,
      2,
      2,
      2,
      2,
      2,
      2,
      2,
      2,
      2,
      2,
      2,
      2,
      2,
      2,
      2,
      2,
      2,
      2,
      2,
      2,
      2,
      2,
      2,
      2,
      2,
      2,
      2,
      2,
      2,
      2,
      2,
      2,
      2,
      2,
      2,
      2,
      2,
      2,
      2,
      2,
      2,
      2,
      2,
      2,
      2,
      2,
      2,
      2,
      2,
      2,
      2,
      2,
      2,
      2,
      2,
      2,
      2,
      2,
      2,
      2,
      2,
      2,
      2,
      2,
      2,
      2,
      2,
      2,
      2,
      2,
      2,
      2,
      2,
      2,
      2,
      2,
      2,
      2,
      2,
      2,
      2,
      2,
      2,
      2,
      2,
      2,
      2,
      2,
      2,
      2,
      2,
      2,
      2,
      2,
      2,
      2,
      2,
      2,
      2,
      2,
      2,
      2,
      2,
      2,
      2,
      2,
      2,
      2,
      2,
      2,
      2,
      2,
      2,
      2,
      2,
      2,
      2,
      2,
      2,
      2,
      2,
      2,
      2,
      2,
      2,
      2,
      2,
      2,
      2,
      2,
      2,
      2,
      2,
      2,
      2,
      2,
      2,
      2,
      2,
      2,
      2,
      2,
      2,
      2,
      2,
      2,
      2,
      2,
      2,
      2,
      2,
      2,
      2,
      2,
      2,
      2,
      2,
      2,
      2,
      2,
      2,
      2,
      2,
      2,
      2,
      2
   ]
}