{
   "worker_count": 40,
   "expertise_scores": [
      [
         0.5393266283764908,
         0.710799416423687,
         0.3502578088159845,
         0.3522364447095867,
         0.35581430442831985,
         0.44801952208974677,
         0.4179930468599299,
         0.4942577846725654,
         0.7571502116709484,
         0.6658519216975811,
         0.5656776538522369,
         0.7970277751107552,
         0.6562849608688428,
         0.761766589936524,
         0.39681277835726536,
         0.41367054101797673,
         0.5465220838230466,
         0.794240925257452,
         0.7387728744125612,
         0.48096318314862474,
         0.5023538056625407,
         0.5538450149015848,
         0.45123560108724203,
         0.5221602462994015,
         0.778876072333755,
         0.5688203724660253,
         0.6545113958110471,
         0.7168391124382066,
         0.5899624578013403,
         0.7412613712588241,
         0.7896223330265598,
         0.43855318985059466,
         0.34224336244527676,
         0.5457850963452856,
         0.4069801098865509,
         0.4510914424035374,
         0.56567451308544,
         0.4632505573755671,
         0.6394798355340696,
         0.6991541466387232
      ],
      [
         0.41622464993205505,
         0.5742264626309994,
         0.7377170376758524,
         0.6219415459912558,
         0.3535344891431464,
         0.763373191849762,
         0.43812683502671423,
         0.4983016548519643,
         0.516511275842564,
         0.6122334323160091,
         0.7050407864219213,
         0.43725580841602724,
         0.46812827643059846,
         0.4971607418549659,
         0.5353424738682466,
         0.7914309632303067,
         0.6260565864377662,
         0.6348183927302056,
         0.706035558968793,
         0.44900935385909946,
         0.46576379308518256,
         0.6541307597564843,
         0.6042360794013437,
         0.5834491397637553,
         0.4414377091795435,
         0.7075847561641909,
         0.48747221689442466,
         0.7441847623736212,
         0.6789959912222752,
         0.49815901796289175,
         0.343471709544532,
         0.6631259775638865,
         0.420054434139532,
         0.699850179270961,
         0.7316461951343224,
         0.3390296347636531,
         0.3354445343554164,
         0.483313295239014,
         0.7517684295429832,
         0.594215343929652
      ],
      [
         0.7271653431318271,
         0.38789711554207235,
         0.6041468780761159,
         0.4422559540151441,
         0.5660729696870579,
         0.5414830332649987,
         0.5244152789510829,
         0.3762575445450635,
         0.42530311024508344,
         0.6890991113382947,
         0.684207898950234,
         0.7814878402064716,
         0.3988690728060323,
         0.4794952088960348,
         0.6473727474997282,
         0.6700007028482058,
         0.6039480863557305,
         0.6341895289675825,
         0.7038475033912834,
         0.6855764492972192,
         0.46588528372288024,
         0.6938782912035761,
         0.4820367210527048,
         0.4669099455592174,
         0.44612660487772876,
         0.7398006888955546,
         0.5190543845846629,
         0.7071210771469,
         0.36790461767987187,
         0.46819283574196024,
         0.6660979009899652,
         0.34602733296139415,
         0.5647535463836464,
         0.33848000787032123,
         0.7388291998738512,
         0.363325193643415,
         0.5031055113172,
         0.6028725658216236,
         0.3998196452446992,
         0.3908826220078714
      ],
      [
         0.643306387550264,
         0.48205826092555204,
         0.6371634404282407,
         0.7994700947888387,
         0.534664232619305,
         0.48751469225232347,
         0.4153972951386129,
         0.7856985140083486,
         0.6051329426303843,
         0.38569636469999835,
         0.7522901001278597,
         0.4165085852416627,
         0.35136115481234137,
         0.575639846831294,
         0.5474603590035824,
         0.501184898791098,
         0.6021032502972583,
         0.7216483682532389,
         0.4335120103219248,
         0.3511667376114625,
         0.4910616121092535,
         0.47076244974446607,
         0.5609630550593232,
         0.7434630916541467,
         0.3380538242920019,
         0.64755907340257,
         0.7468708630016272,
         0.5157437097654851,
         0.7501876550761193,
         0.43484710181017283,
         0.6479416641019985,
         0.40328573511016647,
         0.6580967506323879,
         0.788933438283882,
         0.40703603780857933,
         0.49388420268380706,
         0.5714419798453325,
         0.7633807097509226,
         0.7461534778422637,
         0.3922869253319353
      ],
      [
         0.33255044842131837,
         0.3940643958339881,
         0.7072926520799065,
         0.6608837414645121,
         0.42795775179458145,
         0.380792321323166,
         0.7532937285917278,
         0.4213751342455047,
         0.3946133752913463,
         0.46413213907229434,
         0.7534708882336658,
         0.6880389141633492,
         0.7222882281557046,
         0.6193851379419331,
         0.6992547106859937,
         0.35974926661987516,
         0.667687665041659,
         0.4962740642538999,
         0.7663967902826019,
         0.5971712032172647,
         0.4727987138539644,
         0.6836497323574537,
         0.5670486440631528,
         0.6953736460991811,
         0.6397516151879068,
         0.5848356735805256,
         0.3376161242205715,
         0.5909456909501973,
         0.6999431967874346,
         0.5916831859356417,
         0.38107385336332217,
         0.37150640517198713,
         0.7025674433667042,
         0.3451479777924304,
         0.5496410426613408,
         0.4226673824302753,
         0.615066616595944,
         0.674016162550588,
         0.7704242785215885,
         0.7591222975946017
      ],
      [
         0.4163975907049479,
         0.6954410264812828,
         0.5916465049613984,
         0.7620600763826643,
         0.6293627904350962,
         0.47449533070692573,
         0.5842649099850522,
         0.46251510974039256,
         0.7972042619341438,
         0.40406630402338845,
         0.3385046188640337,
         0.36187880123914984,
         0.4186746191901058,
         0.7785400875659865,
         0.4651168810994195,
         0.6326897125928814,
         0.7252831086595565,
         0.5770732462919901,
         0.6168567212706184,
         0.5769933290467052,
         0.7797763990956198,
         0.40359005758761035,
         0.6200103472516667,
         0.5458357100798523,
         0.3289176360086817,
         0.6616437882372359,
         0.5036811964830468,
         0.47507183072884934,
         0.5241505137086693,
         0.7237020620802603,
         0.5579994243455092,
         0.45290333057437576,
         0.4914087597498594,
         0.37326296956856225,
         0.35757273090721614,
         0.6794191124675037,
         0.46031286501637536,
         0.5577239141506326,
         0.6472856084338687,
         0.6389410289986769
      ],
      [
         0.4288854940836929,
         0.6157267080491053,
         0.7813644439667666,
         0.6127170291335573,
         0.4800538586651502,
         0.5639493443051631,
         0.6726505288345951,
         0.7301526423774625,
         0.43856517015742813,
         0.659516074462092,
         0.6620882996023962,
         0.5828581477415795,
         0.5218295267491057,
         0.47414771350230217,
         0.6367657128577264,
         0.6840811327401275,
         0.5715031071072946,
         0.4596093228665462,
         0.5881891669389343,
         0.6914263583844471,
         0.5198256520453335,
         0.6446651194450685,
         0.40756780698575457,
         0.41287569181700884,
         0.4639027669800603,
         0.5564313094296687,
         0.5961319972054029,
         0.7183215666465985,
         0.6664758878635165,
