{
   "worker_count": 10,
   "expertise_scores": [
      [
         0.3132677257959389,
         0.2320902330206563,
         0.16442826389103335,
         0.45198059623633136,
         0.4622809806287356,
         0.45315069754808707,
         0.21543019583884893,
         0.4130640921914372,
         0.4652986043678804,
         0.7146972277804902
      ],
      [
         0.14854779634116067,
         0.6664459051500212,
         0.3276314773019992,
         0.3157829568175164,
         0.5605077284978144,
         0.40676424579435616,
         0.5855497752422227,
         0.4949491335535208,
         0.35183695227043527,
         0.20681790905584896
      ],
      [
         0.44980431475407334,
         0.6033076299513713,
         0.47887327944614505,
         0.6024117264365728,
         0.3755248450979754,
         0.5545418930803492,
         0.4615498329204226,
         0.15079354351210594,
         0.4980825146513208,
         0.6961404440515225
      ],
      [
         0.29002675029831465,
         0.6600434341955761,
         0.3698016286510461,
         0.2758496807824671,
         0.7152695054187518,
         0.5849138043438351,
         0.15568979586797616,
         0.20133574066683796,
         0.11150490197993146,
         0.21211828518681147
      ],
      [
         0.14665544836207517,
         0.27090263707356926,
         0.13222923004677345,
         0.34818497336544096,
         0.6790385429269725,
         0.1880070230152206,
         0.15628269099113162,
         0.4326921911407253,
         0.7371616095914078,
         0.7510039811293413
      ],
      [
         0.26871149557704993,
         0.7521728874308432,
         0.6015558483394483,
         0.05963850451444341,
         0.08632478482921553,
         0.2251914798232521,
         0.5238525353766909,
         0.7682518332777574,
         0.7714612365614172,
         0.4442128220822762
      ],
      [
         0.052850193467217185,
         0.4209043358272794,
         0.4477843074967024,
         0.12522077380713584,
         0.4145099803743597,
         0.594127560150383,
         0.17348654355710186,
         0.7634650378491202,
         0.3305390663360192,
         0.11369509206549579
      ],
      [
         0.17772232535347832,
         0.7941935251227891,
         0.6618263222714204,
         0.742058919480544,
         0.28950452941630994,
         0.576846944430748,
         0.14168166900814372,
         0.20248155692451875,
         0.25954968891551156,
         0.46760761057123484
      ],
      [
         0.4949951298552191,
         0.6986024952775586,
         0.1339317747077957,
         0.4596481115904713,
         0.5891956616808979,
         0.5564911487676746,
         0.7864474964609923,
         0.7933544373049186,
         0.3183321843831662,
         0.4722606068966232
      ],
      [
         0.5877057029988642,
         0.6212582576396724,
         0.7569049568732023,
         0.3159446042167264,
         0.4677246586686627,
         0.19402665111095185,
         0.1611296877322702,
         0.4410988566836508,
         0.5295153318370098,
         0.4391670319042994
      ]
   ],
   "mv_f1_micro": [
      0.8545454545454545,
      0.8545454545454545,
      0.9272727272727272,
      0.8909090909090909,
      0.8909090909090909,
      0.9454545454545454,
      0.8181818181818182,
      0.9454545454545454,
      0.9454545454545454,
      0.9818181818181818
   ],
   "mv_f1_macro": [
      0.8510714285714286,
      0.8421428571428573,
      0.926547619047619,
      0.8828571428571429,
      0.880595238095238,
      0.9352380952380951,
      0.8116666666666668,
      0.9485714285714286,
      0.9435714285714285,
      0.9828571428571429
   ],
   "mv_f1_weighted": [
      0.8472294372294372,
      0.8490043290043292,
      0.9259307359307359,
      0.8843290043290043,
      0.8818614718614719,
      0.9414718614718615,
      0.8072727272727273,
      0.9438961038961038,
      0.9384415584415584,
      0.9812987012987013
   ],
   "ct_f1_micro": [
      0.8909090909090909,
      0.8727272727272727,
      0.9818181818181818,
      0.9090909090909091,
      0.9090909090909091,
      0.9454545454545454,
      0.8727272727272727,
      0.9818181818181818,
      0.9818181818181818,
      0.9454545454545454
   ],
   "ct_f1_macro": [
      0.8835714285714286,
      0.8514285714285716,
      0.9828571428571429,
      0.903809523809524,
      0.9052380952380952,
      0.9323809523809524,
      0.8795238095238096,
      0.9828571428571429,
      0.9828571428571429,
      0.9361904761904762
   ],
   "ct_f1_weighted": [
      0.8826839826839827,
      0.8682251082251083,
      0.9812987012987013,
      0.9071861471861472,
      0.9087445887445889,
      0.941991341991342,
      0.8746320346320346,
      0.9812987012987013,
      0.9812987012987012,
      0.9437229437229437
   ],
   "gt": [
      7,
      7,
      7,
      5,
      5,
      5,
      0,
      0,
      17,
      17,
      19,
      19,
      13,
      13,
      13,
      15,
      15,
      15,
      1,
      1,
      1,
      2,
      2,
      2,
      8,
      8,
      8,
      4,
      4,
      4,
      6,
      6,
      6,
      16,
      16,
      14,
      14,
      14,
      3,
      3,
      3,
      11,
      11,
      11,
      9,
      9,
      9,
      10,
      10,
      10,
      18,
      18,
      12,
      12,
      12
   ],
   "em_f1_micro": [
      0.8909090909090909,
      0.8727272727272727,
      0.9454545454545454,
      0.8545454545454545,
      0.8727272727272727,
      0.9818181818181818,
      0.8727272727272727,
      0.9636363636363636,
      0.9818181818181818,
      0.9818181818181818
   ],
   "em_f1_macro": [
      0.8869047619047619,
      0.8604761904761904,
      0.9428571428571428,
      0.8271428571428571,
      0.8636904761904761,
      0.9828571428571429,
      0.8714285714285716,
      0.9628571428571429,
      0.9828571428571429,
      0.9828571428571429
   ],
   "em_f1_weighted": [
      0.8838961038961041,
      0.8659740259740262,
      0.944935064935065,
      0.8453679653679654,
      0.8694805194805195,
      0.9812987012987013,
      0.8694372294372296,
      0.9631168831168831,
      0.9812987012987012,
      0.9812987012987013
   ]
}