{
   "worker_count": 30,
   "expertise_scores": [
      [
         0.5838153622331271,
         0.4207299478170793,
         0.21891372626709588,
         0.5016316189698985,
         0.42987058695837604,
         0.10044238507207862,
         0.6440023954839296,
         0.5704978604914142,
         0.7809831276989444,
         0.4405702883517535,
         0.19043117657615138,
         0.7551235767662886,
         0.25566499625638683,
         0.6462717921865386,
         0.31573481048275537,
         0.5360958968240687,
         0.4304897658234875,
         0.7022551260752818,
         0.5281612861005351,
         0.5963879467388148,
         0.25858486158158844,
         0.1480185864196274,
         0.23299374797622419,
         0.778268604660394,
         0.3333473005603052,
         0.19327670989509965,
         0.6544216448024669,
         0.504609756614245,
         0.5218435937927061,
         0.6037125036957145
      ],
      [
         0.5444197756205423,
         0.2106222202293317,
         0.796239140055807,
         0.39868906076895927,
         0.22898961149829344,
         0.5405620651009877,
         0.2353623572527409,
         0.09825649783259087,
         0.2579757159151403,
         0.7760136810611296,
         0.28013331455556223,
         0.14057338072607245,
         0.08381209927683692,
         0.5374796787221123,
         0.6669360040067612,
         0.724689291803584,
         0.09910004310414318,
         0.4567813662298775,
         0.5989854341598028,
         0.22069516983360637,
         0.6460749209119264,
         0.4512398717594993,
         0.4981904931519389,
         0.2964388601030644,
         0.547133712632902,
         0.58943982236948,
         0.19256837920702313,
         0.07828064332605209,
         0.5860977119532462,
         0.36269207975809314
      ],
      [
         0.24455420919688803,
         0.34226823545450985,
         0.5887849136322572,
         0.3060153828798214,
         0.45004280198109975,
         0.6835011889496978,
         0.7688836497564989,
         0.23652418706948541,
         0.776622796313873,
         0.5313011373957107,
         0.6613464256273257,
         0.24527321933461188,
         0.5327329940389415,
         0.45498064528235665,
         0.5646688727995257,
         0.3314068244550643,
         0.5931546183221759,
         0.49825820425056727,
         0.33446286171776024,
         0.604369202052341,
         0.5093967088542526,
         0.12637756865640698,
         0.22277433519556056,
         0.11034980996833407,
         0.4222039885651572,
         0.3878822457717684,
         0.46038428493006694,
         0.23442457422004082,
         0.31249133301492843,
         0.3535612294015077
      ],
      [
         0.09613820265664193,
         0.25685679039018605,
         0.18066300543668523,
         0.3509453388808907,
         0.3349177522032907,
         0.25629179221527676,
         0.7002611935964157,
         0.5443021607393188,
         0.5365038611969729,
         0.4400007685230735,
         0.29769498316721454,
         0.14972800617362098,
         0.26860412474898926,
         0.4388875488648464,
         0.6379172268227243,
         0.07117918176899608,
         0.46041180394469833,
         0.12510255208943719,
         0.31783433104554165,
         0.10015161905094198,
         0.49025504595727215,
         0.12952446463366035,
         0.6798689959761529,
         0.6480003039985311,
         0.6223013141824602,
         0.708762243280816,
         0.26854096385375,
         0.7872190481391715,
         0.4248451100229511,
         0.11394154901981417
      ],
      [
         0.7436762266150577,
         0.5974722726327666,
         0.26158377838965857,
         0.14268435879964886,
         0.06408061148622594,
         0.05486806386968627,
         0.2897437909405245,
         0.5409777103799043,
         0.5706437287506471,
         0.539636944628013,
         0.45617115910502,
         0.7903160174027146,
         0.6257173964496158,
         0.21162128092331906,
         0.4208182882222994,
         0.5058235903310478,
         0.6886214663844205,
         0.7995189376685052,
         0.40215855168006115,
         0.18834920088783053,
         0.7786078815358138,
         0.23198132441122576,
         0.7735067697529837,
         0.6057837634733207,
         0.6913517572114152,
         0.34082129354232793,
         0.4117158159065032,
         0.3043364501133656,
         0.45091004561880665,
         0.7910164857421094
      ],
      [
         0.42830385404494237,
         0.607810858927467,
         0.6208051064941263,
         0.4672902507950331,
         0.09689036989449679,
         0.7756359235767363,
         0.07805258908764956,
         0.1266238767691531,
         0.3591604498864408,
         0.35097027305058587,
         0.2688897589943691,
         0.6309655043096067,
         0.413206947274077,
         0.5033850699449867,
         0.076693041712877,
         0.0679031582640384,
         0.24365680756391317,
         0.7756416632592744,
         0.48833423029543943,
         0.30774544763685424,
         0.3958241611176319,
         0.7126054514349378,
         0.4912769108705952,
         0.6527082521680035,
         0.11742798935040262,
         0.06250817966416439,
         0.5747849437805648,
         0.3345302115652113,
         0.13445571461834144,
         0.34784408808971223
      ],
      [
         0.5423050165091728,
         0.5976063403143759,
         0.2726090693212592,
         0.40485853690879386,
         0.5053230156494551,
         0.05302474447052374,
         0.5656819899405546,
         0.5935893977066732,
         0.34700314995041887,
         0.06910111603918112,
         0.6168762020617471,
         0.632602932020002,
         0.12590425727917043,
         0.18251023713740894,
         0.3708492894547306,
         0.7503185800940552,
         0.2142046184714435,
         0.4775264292125523,
         0.3302189854546473,
         0.5092248994198191,
         0.08629247808968304,
         0.07480709754515824,
         0.2672482089488696,
         0.4223985943983493,
         0.7693761543468747,
         0.09697537667872039,
         0.20284554211837974,
         0.6917940344307723,
         0.5775550699637363,
         0.5138627966323273
      ],
      [
         0.5121144872214067,
         0.7830608494362504,
         0.6460166150618996,
         0.7329328487177065,
         0.7294339828296456,
         0.795136546649164,
         0.6537134304101889,
         0.5719413682941846,
         0.2851174604271852,
         0.3130705336120255,
         0.6802521889489493,
         0.27063009933488635,
         0.07207841860726741,
         0.1973460519130445,
         0.6821220606114722,
         0.22483652147570254,
         0.6567550782343011,
         0.7813651218809523,
         0.577157538982379,
         0.653846191231291,
         0.6429802900584493,
         0.11772528760509092,
         0.6618082485968613,
         0.29217927506221913,
         0.12315335794232188,
         0.4804285896886838,
         0.31908728026625777,
         0.4567881721900801,
         0.6585560587527204,
         0.3722990081955207
      ],
      [
         0.15957892749160424,
         0.3307841342307945,
         0.305420224511503,
         0.5768819187217465,
         0.6631159273923231,
         0.5436120942154213,
         0.640860382311912,
         0.08893669167282445,
         0.6717849598609573,
         0.5985540194337323,
         0.23854418248758358,
         0.43077316838381635,
         0.30513325408186065,
         0.3373981315393781,
         0.7057304121580731,
         0.6598632347409981,
         0.5012634425144646,
         0.7044541584137713,
         0.1633633990344613,
         0.692562037106726,
         0.23999069653437827,
         0.6182621613611015,
         0.5657421984238681,
         0.6740884959167346,
         0.15853453743616602,
         0.5257149407529026,
         0.6882111785270123,
