{
   "worker_count": 5,
   "expertise_scores": [
      [
         0.7549358065240918,
         0.4753342106803719,
         0.42768238780079715,
         0.1821273672842329,
         0.6459104040378902
      ],
      [
         0.665155281436869,
         0.5837092749237599,
         0.23055647831857728,
         0.47910236004913875,
         0.7901269832913235
      ],
      [
         0.38904088894592986,
         0.6459620464073923,
         0.5036448312430689,
         0.16881452412920095,
         0.503489394044615
      ],
      [
         0.1672717021387115,
         0.7093312455459713,
         0.4729510115417913,
         0.4270584213480943,
         0.14178069695327306
      ],
      [
         0.667605287141024,
         0.4553113938074697,
         0.6054451879263909,
         0.44177557542384066,
         0.061532218418551846
      ],
      [
         0.11488656676538075,
         0.47577347477487664,
         0.33491085012066096,
         0.1851697268951104,
         0.7210480918523043
      ],
      [
         0.23434581138022736,
         0.3818188547715079,
         0.05540626917150611,
         0.6109932565270522,
         0.4792921528458821
      ],
      [
         0.7933970684000066,
         0.09846210725665314,
         0.3428861824078114,
         0.645074138849041,
         0.7906673395665986
      ],
      [
         0.2603064731597482,
         0.42814799822687843,
         0.3129738959909746,
         0.11171428501153018,
         0.45806229765318496
      ],
      [
         0.5710063895211731,
         0.3665364513988375,
         0.049780723672620895,
         0.21296099245854205,
         0.17825968210256465
      ]
   ],
   "mv_f1_micro": [
      0.8727272727272727,
      0.8000000000000002,
      0.6545454545454545,
      0.7272727272727273,
      0.7636363636363637,
      0.6545454545454545,
      0.6909090909090909,
      0.8727272727272727,
      0.5454545454545454,
      0.45454545454545453
   ],
   "mv_f1_macro": [
      0.8652380952380954,
      0.7914285714285715,
      0.6282142857142857,
      0.7300000000000001,
      0.7760714285714285,
      0.6334523809523809,
      0.674047619047619,
      0.8765476190476191,
      0.5214285714285715,
      0.4503968253968254
   ],
   "mv_f1_weighted": [
      0.8663203463203464,
      0.8015584415584416,
      0.6374458874458875,
      0.7272727272727274,
      0.7678354978354979,
      0.635887445887446,
      0.6838095238095239,
      0.8725974025974027,
      0.5185281385281386,
      0.4456854256854257
   ],
   "ct_f1_micro": [
      0.8909090909090909,
      0.9090909090909091,
      0.7454545454545455,
      0.8000000000000002,
      0.8181818181818182,
      0.7454545454545455,
      0.6727272727272727,
      0.8909090909090909,
      0.5636363636363636,
      0.5636363636363636
   ],
   "ct_f1_macro": [
      0.8848809523809524,
      0.9080952380952383,
      0.7388095238095238,
      0.7805952380952382,
      0.8350000000000002,
      0.7435714285714284,
      0.6575000000000001,
      0.8864285714285716,
      0.564047619047619,
      0.5574603174603175
   ],
   "ct_f1_weighted": [
      0.8841125541125542,
      0.9058008658008658,
      0.7399134199134201,
      0.7921645021645023,
      0.8236363636363637,
      0.7445021645021647,
      0.6627272727272728,
      0.8833766233766235,
      0.5668398268398268,
      0.5570274170274171
   ],
   "gt": [
      7,
      7,
      7,
      5,
      5,
      5,
      0,
      0,
      17,
      17,
      19,
      19,
      13,
      13,
      13,
      15,
      15,
      15,
      1,
      1,
      1,
      2,
      2,
      2,
      8,
      8,
      8,
      4,
      4,
      4,
      6,
      6,
      6,
      16,
      16,
      14,
      14,
      14,
      3,
      3,
      3,
      11,
      11,
      11,
      9,
      9,
      9,
      10,
      10,
      10,
      18,
      18,
      12,
      12,
      12
   ],
   "em_f1_micro": [
      0.8727272727272727,
      0.8363636363636363,
      0.7272727272727273,
      0.7272727272727273,
      0.8000000000000002,
      0.6363636363636364,
      0.7090909090909091,
      0.8727272727272727,
      0.4909090909090909,
      0.43636363636363634
   ],
   "em_f1_macro": [
      0.8747619047619049,
      0.8102380952380953,
      0.7273809523809524,
      0.7190476190476192,
      0.8157142857142858,
      0.6278571428571429,
      0.7004761904761904,
      0.872857142857143,
      0.475,
      0.4288095238095238
   ],
   "em_f1_weighted": [
      0.8706493506493508,
      0.8220779220779222,
      0.718961038961039,
      0.7225974025974027,
      0.8062337662337663,
      0.6351515151515151,
      0.7053679653679654,
      0.8722077922077923,
      0.46848484848484845,
      0.41627705627705636
   ]
}