{
   "worker_count": 20,
   "expertise_scores": [
      [
         0.23233720170807437,
         0.07923057024548041,
         0.7071392610615469,
         0.606335016973759,
         0.37242831099789964,
         0.37031076653477996,
         0.23159985955762635,
         0.6572106969716467,
         0.5608405261330996,
         0.24502087907022274,
         0.7328428451644556,
         0.7352507201222516,
         0.38955582631201774,
         0.19765272042739473,
         0.4264664565723058,
         0.6845604722465601,
         0.4682916939038712,
         0.7732552555105807,
         0.6485250589511439,
         0.27139023065292905
      ],
      [
         0.38728783905640524,
         0.10567754453735499,
         0.22159402027110064,
         0.5180851078111881,
         0.25435739233740945,
         0.7741686265504146,
         0.1718998569302833,
         0.4089094965736632,
         0.6473178069541546,
         0.3873836776436895,
         0.12309479876875842,
         0.2676238538566751,
         0.42644550710511314,
         0.3332643673810078,
         0.5407705276675151,
         0.14739942144027013,
         0.6725185507125319,
         0.5747060932831874,
         0.051864823315415226,
         0.6016980436006099
      ],
      [
         0.5879688628965531,
         0.5092469996513376,
         0.12250856641231468,
         0.4556894028007311,
         0.10517347035525222,
         0.5034257774133194,
         0.5135803862264592,
         0.64326889431972,
         0.21824887384390274,
         0.353247640498708,
         0.5036443785373365,
         0.7056799837414044,
         0.5060794420384199,
         0.5472633033307489,
         0.4585527591787532,
         0.32883820022470456,
         0.09792366033536751,
         0.7497857045139619,
         0.7790853955045541,
         0.5075972155583015
      ],
      [
         0.7348743326525377,
         0.053371605537859045,
         0.6115230091740601,
         0.45705120500344376,
         0.36831290956907925,
         0.6906329123878082,
         0.30429650865899166,
         0.17197909597459632,
         0.38683021540431217,
         0.5700501074076733,
         0.36155406017149194,
         0.32526484725255983,
         0.05970180618263146,
         0.5071891481984463,
         0.6032342219112241,
         0.6600458686973297,
         0.7886358052521769,
         0.38758186660726873,
         0.4047139505099234,
         0.6540645752489238
      ],
      [
         0.7238595157931454,
         0.4924527544258967,
         0.6510818146933756,
         0.4056057752017601,
         0.34665009976862815,
         0.15919015668880648,
         0.6220557940019656,
         0.4716955786686838,
         0.3207368159064398,
         0.7235141222328442,
         0.6415497632576361,
         0.3169915341043193,
         0.6537189083233458,
         0.3360479140346434,
         0.40892016568228423,
         0.7015454567440547,
         0.42757052115304545,
         0.6082151166777134,
         0.35628205150261666,
         0.7137288020778008
      ],
      [
         0.5494468383227913,
         0.39262359369454275,
         0.7449770849056377,
         0.4457870872256132,
         0.6245187612498186,
         0.5608791980677967,
         0.49886234695425946,
         0.3934108417881553,
         0.060900600989339526,
         0.5411462974025234,
         0.4187564686579026,
         0.12676069746576968,
         0.5310682995634425,
         0.0906644260229623,
         0.28740653078166634,
         0.06959780031532843,
         0.11999778530956605,
         0.7640402260426504,
         0.30604389795344644,
         0.4632759299184543
      ],
      [
         0.08719652379044426,
         0.37280739079069286,
         0.3400778080818122,
         0.5001211278981197,
         0.7772689314333084,
         0.2741605092574998,
         0.10349661146871042,
         0.7492161401063377,
         0.60831805695185,
         0.32537382932808845,
         0.3488712079183364,
         0.3504725688737025,
         0.5542691464536132,
         0.742897860463849,
         0.5805077554352966,
         0.4492459091222561,
         0.7302294680706888,
         0.7543228061155701,
         0.2568666335691981,
         0.4343635621637013
      ],
      [
         0.3374343766883272,
         0.35311350991565177,
         0.5426470405330435,
         0.10585239603419966,
         0.7988866245826415,
         0.4888157887205917,
         0.404058861263065,
         0.36801389723536954,
         0.1261190143848119,
         0.3903334748990661,
         0.5095157234532891,
         0.12279281434101924,
         0.6775714313429507,
         0.1100120502831495,
         0.6201111096823841,
         0.7299310250569647,
         0.7756606555334468,
         0.5244181870961425,
         0.7328451278448719,
         0.15259297845667247
      ],
      [
         0.7046082728393857,
         0.1331462021823934,
         0.1232696985951724,
         0.776155659334058,
         0.539882168675916,
         0.07297558852593736,
         0.11190306976669037,
         0.2292469341909374,
         0.6946097729616202,
         0.21621185032031304,
         0.18601537506801086,
         0.6806229732291933,
         0.16621061220820893,
         0.2328858483168178,
         0.28959622531051277,
         0.14759693352717285,
         0.5353137191515352,
         0.07042190197082317,
         0.2912124071718665,
         0.07415774678195958
      ],
      [
         0.23094722508903615,
         0.5132594869334208,
         0.7942852120927208,
         0.7580608707641174,
         0.7352241044428924,
         0.2325109501664243,
         0.4903470309248412,
         0.6205932547441863,
         0.2987508043877731,
         0.21940837123320756,
         0.5921136820349931,
         0.2540142902403226,
         0.5375703009804365,
         0.5456900676674681,
         0.7262496217103301,
         0.08205162899841156,
         0.5222292065274978,
         0.2886491996057182,
         0.349089251420948,
         0.07485118318291648
      ]
   ],
   "mv_f1_micro": [
      1.0,
      1.0,
      1.0,
      1.0,
      1.0,
      0.9818181818181818,
      1.0,
      1.0,
      0.9818181818181818,
      1.0
   ],
   "mv_f1_macro": [
      1.0,
      1.0,
      1.0,
      1.0,
      1.0,
      0.9828571428571429,
      1.0,
      1.0,
      0.9800000000000001,
      1.0
   ],
   "mv_f1_weighted": [
      1.0,
      1.0,
      1.0,
      1.0,
      1.0,
      0.9812987012987012,
      1.0,
      1.0,
      0.9818181818181818,
      1.0
   ],
   "ct_f1_micro": [
      1.0,
      0.9818181818181818,
      1.0,
      1.0,
      0.9818181818181818,
      1.0,
      1.0,
      0.9818181818181818,
      0.9818181818181818,
      1.0
   ],
   "ct_f1_macro": [
      1.0,
      0.9761904761904763,
      1.0,
      1.0,
      0.9828571428571429,
      1.0,
      1.0,
      0.9828571428571429,
      0.9828571428571429,
      1.0
   ],
   "ct_f1_weighted": [
      1.0,
      0.9800865800865801,
      1.0,
      1.0,
      0.9812987012987013,
      1.0,
      1.0,
      0.9812987012987013,
      0.9812987012987012,
      1.0
   ],
   "gt": [
      7,
      7,
      7,
      5,
      5,
      5,
      0,
      0,
      17,
      17,
      19,
      19,
      13,
      13,
      13,
      15,
      15,
      15,
      1,
      1,
      1,
      2,
      2,
      2,
      8,
      8,
      8,
      4,
      4,
      4,
      6,
      6,
      6,
      16,
      16,
      14,
      14,
      14,
      3,
      3,
      3,
      11,
      11,
      11,
      9,
      9,
      9,
      10,
      10,
      10,
      18,
      18,
      12,
      12,
      12
   ],
   "em_f1_micro": [
      1.0,
      1.0,
      1.0,
      1.0,
      1.0,
      0.9818181818181818,
      1.0,
      1.0,
      1.0,
      1.0
   ],
   "em_f1_macro": [
      1.0,
      1.0,
      1.0,
      1.0,
      1.0,
      0.9828571428571429,
      1.0,
      1.0,
      1.0,
      1.0
   ],