{
   "worker_count": 40,
   "expertise_scores": [
      [
         0.6100707487946494,
         0.20450866466775747,
         0.6328006687169873,
         0.06758436170598961,
         0.41972148593023983,
         0.4612836097428466,
         0.7395398003536254,
         0.7818466124703883,
         0.06953895170372805,
         0.5877429657119321,
         0.7179727857566206,
         0.10792234642803061,
         0.4536079990389311,
         0.6466734291731778,
         0.46493018063225205,
         0.7029739174952833,
         0.17656185666539953,
         0.3045438318762877,
         0.16051490791359457,
         0.7874277548555942,
         0.3844606137675212,
         0.2839995512763146,
         0.7923435589918579,
         0.43456698058841003,
         0.26736901015984943,
         0.11294503765721844,
         0.653234879474483,
         0.1344424243592836,
         0.4914977209932737,
         0.32096677539833196,
         0.5636516921359226,
         0.41733777884795026,
         0.4442754745027127,
         0.6014391410115212,
         0.5629338034072837,
         0.705275698290174,
         0.40328586636006375,
         0.5665663789672363,
         0.06310601520307309,
         0.3173448102922153
      ],
      [
         0.07392602670587302,
         0.5298154646097195,
         0.10266749967019237,
         0.7238112261217317,
         0.4137143423378424,
         0.3746598259910086,
         0.4876733046818827,
         0.47598758144081077,
         0.38187337324634363,
         0.6502079673631452,
         0.20925220846841036,
         0.25286194775751725,
         0.3157824969927092,
         0.7924856776955773,
         0.6393234458076869,
         0.14429771100296232,
         0.7013871670199499,
         0.5366628571951247,
         0.46418642749252714,
         0.7346030522002835,
         0.27359158715948023,
         0.11649594441934162,
         0.41545392598075837,
         0.5925091354000325,
         0.21341672387770932,
         0.05596408196370609,
         0.6255862343227997,
         0.42140540709348834,
         0.46302044851890334,
         0.6078622802399621,
         0.18257112543605641,
         0.5096339477472916,
         0.42779690646110696,
         0.3815411722231498,
         0.05418254819105087,
         0.2844571402684067,
         0.08185823653594076,
         0.21378878812155838,
         0.14304461681179237,
         0.5020476030996457
      ],
      [
         0.6410168337148,
         0.38659986383764916,
         0.3367471937990506,
         0.752906480877773,
         0.2613991633493959,
         0.5757383328947451,
         0.5758188412826714,
         0.2394928847613062,
         0.7955629115626088,
         0.30062150980282676,
         0.055012194289410725,
         0.21235944264738915,
         0.2750076722817846,
         0.7013430276898629,
         0.6403578771578183,
         0.4614296525269451,
         0.1681103699768419,
         0.2623736803047927,
         0.4455721865569202,
         0.7008622636211114,
         0.05346490816827354,
         0.1964791370012443,
         0.562061263941434,
         0.1429395507799256,
         0.24805784146846782,
         0.4696922125020658,
         0.21793592510767534,
         0.1834112821683223,
         0.4015768978443015,
         0.5924015596897555,
         0.2275391290703072,
         0.7538831616377866,
         0.44213144443148256,
         0.06422311284658719,
         0.7517384645485825,
         0.24668357424728632,
         0.5884726450392757,
         0.622742525631404,
         0.2961892749977395,
         0.07329395447239274
      ],
      [
         0.7017101408001718,
         0.7199428553228937,
         0.6109260599288096,
         0.6426339472052429,
         0.6425607892055201,
         0.4877711120787764,
         0.09692083674895671,
         0.3734124871871144,
         0.6661197688055087,
         0.22739181227416116,
         0.21806141386121786,
         0.4400933819592415,
         0.7599423882770112,
         0.24646905551359122,
         0.5194591528443073,
         0.1426680620964456,
         0.06093873534596564,
         0.7176147827520603,
         0.5690404657882323,
         0.2417753938040602,
         0.28127209555142035,
         0.797293709843857,
         0.5041927165407927,
         0.24403904646821367,
         0.30605881102190297,
         0.08108227914518454,
         0.5258383345893011,
         0.23947634113170635,
         0.39091443904844175,
         0.19220873148630857,
         0.6782753176432756,
         0.4226343509093276,
         0.46068556176430714,
         0.7720820331071404,
         0.16347646916060188,
         0.49541936258598934,
         0.15113704653865928,
         0.06607134840305233,
         0.291505210931925,
         0.09436504172346843
      ],
      [
         0.6627381877270873,
         0.6423304491597754,
         0.6115267790763314,
         0.2808061727586398,
         0.16394988112799247,
         0.6754836183245907,
         0.7529505576955329,
         0.7599255715221511,
         0.23914174849304265,
         0.2324989545474344,
         0.25045583831771323,
         0.5278904406597333,
         0.2730998981346417,
         0.06377486101625711,
         0.09390450456923194,
         0.7136370530788189,
         0.5220639467644325,
         0.5242002896462566,
         0.07551888463102448,
         0.3917022412249144,
         0.5312353456225013,
         0.7135619575089391,
         0.17434396172376537,
         0.24627526407055872,
         0.0684415276218773,
         0.279993169128843,
         0.3899123216888301,
         0.4831349454781399,
         0.7996282845084979,
         0.7469683436406808,
         0.4784670336743554,
         0.3293668794692621,
         0.739969417791187,
         0.6698835614711407,
         0.4722000480397555,
         0.3566099175492955,
         0.34874199456572874,
         0.32865996900055694,
         0.62145434284269,
         0.6125344611906505
      ],
      [
         0.6227568936104247,
         0.704991400983459,
         0.1787078989394345,
         0.7760335865174541,
         0.6060231404244055,
         0.7614525758552345,
         0.4647881087024422,
         0.695280482396122,
         0.28407648843341754,
         0.7127615034361817,
         0.7516619422906424,
         0.7240358959390353,
         0.7084825242674503,
         0.3151570235727771,
         0.44031757029399654,
         0.7309730048351967,
         0.5232092433021405,
         0.39854116835187325,
         0.671051411190144,
         0.7657773767445752,
         0.10134561325248756,
         0.7193548869312049,
         0.6415061118040989,
         0.5208612228904174,
         0.5735653111545612,
         0.5034069458819977,
         0.527763284560298,
         0.4500994795989802,
         0.23840620462036183,
         0.37483754800007213,
         0.7258195242412008,
         0.4926435928602601,
         0.6209004666142073,
         0.3641913641229014,
         0.10392982029935988,
         0.29388395292474023,
         0.1262055752117735,
         0.12399033354365521,
         0.49786592302125626,
         0.05259346083649453
      ],
      [
         0.26420986339872676,
         0.17363636123152887,
         0.7993400408577535,
         0.5625077156200062,
         0.3923400111097745,
         0.7013816615378338,
         0.1002289913259621,
         0.23493238371721265,
         0.2755599183736996,
         0.22910496476853226,
         0.3735730567995013,
         0.4729702459060369,
         0.5444027494195177,
         0.16016623087707071,
         0.7707205729605802,
         0.14135139078241757,
         0.17516214271063862,
         0.4457193865329771,
         0.1299438525925046,
         0.7391759126514276,
         0.4727993678562023,
         0.7473641752758305,
         0.3398502506834029,
         0.08744465207230304,
         0.6719652194082674,
         0.22147793567608287,
         0.12466334176152306,
