{
   "worker_count": 15,
   "expertise_scores": [
      [
         0.4491423110583315,
         0.17564299881039974,
         0.6834366974028704,
         0.3152744147362902,
         0.05128109372674823,
         0.5050135145729578,
         0.4488108922708462,
         0.7926085216961912,
         0.07303817353168017,
         0.36471902256847716,
         0.5851967902359576,
         0.7595147379900908,
         0.05678907605199383,
         0.5486392953647491,
         0.10391994172885206
      ],
      [
         0.5910446435359146,
         0.2932128529086572,
         0.3583498418829968,
         0.32854236781883484,
         0.5657259672449476,
         0.2748007850053734,
         0.7060512126759166,
         0.4255531363004383,
         0.7355582142574965,
         0.38401621206485914,
         0.12279289742986915,
         0.7776182796476524,
         0.5058377639032559,
         0.418835460734402,
         0.7403383855568771
      ],
      [
         0.13439928047110727,
         0.2759084682160199,
         0.5455084673684493,
         0.7028534579392465,
         0.5360627503528901,
         0.26599483332924173,
         0.48735522788021723,
         0.1887013304211878,
         0.472735572480573,
         0.463981009678917,
         0.3847349152973278,
         0.28797235033083335,
         0.4350695484506366,
         0.3499920393932864,
         0.23244225271636987
      ],
      [
         0.22453574636473833,
         0.15791558081190965,
         0.17134251900851616,
         0.4697556903647249,
         0.5999600702497645,
         0.46165076731379845,
         0.46113806641850696,
         0.5848913561712491,
         0.650838394476696,
         0.7401871951933142,
         0.14784047650904109,
         0.5261172810457431,
         0.46659677891536316,
         0.5518990483711103,
         0.19935075267273805
      ],
      [
         0.6938605723486653,
         0.45772290363849544,
         0.13622546879887448,
         0.6581123920583453,
         0.35077003948669166,
         0.1207503411938496,
         0.6710863105412714,
         0.6457038050430187,
         0.7856666740846366,
         0.6572918092486931,
         0.7047962732363025,
         0.28735183713639206,
         0.257904005470054,
         0.6004232385922171,
         0.049796236190846596
      ],
      [
         0.07892702202430726,
         0.47528719578593176,
         0.49227801556952905,
         0.2491846344754991,
         0.4691339692776805,
         0.4668987034640911,
         0.09123753807290555,
         0.3699811459226523,
         0.29922669976575156,
         0.5775211168361151,
         0.3770748604876288,
         0.10700671274314905,
         0.11382633319858368,
         0.10541898619778513,
         0.20054505591548377
      ],
      [
         0.44437822158818285,
         0.32356347889872694,
         0.5709493781401871,
         0.3483603577310124,
         0.35228213246046014,
         0.35058717944153317,
         0.7908237497174024,
         0.12411485087768691,
         0.5204256200582695,
         0.1711869307350793,
         0.46104557212103275,
         0.4781555283283552,
         0.08499693975747764,
         0.13075347651745017,
         0.7932470357317833
      ],
      [
         0.1476081904025654,
         0.5002833584325723,
         0.392974678316974,
         0.6051644929136506,
         0.7205022546506635,
         0.29452298711590436,
         0.45861631207267595,
         0.41608476132989625,
         0.05426881771007471,
         0.3428091949082011,
         0.7820227879388769,
         0.39507125475803173,
         0.44235001058667595,
         0.6600941694559723,
         0.13078520216837014
      ],
      [
         0.3727282892789312,
         0.4668218952047584,
         0.31656136603613416,
         0.3245449297672107,
         0.5960334781647295,
         0.09882255083605017,
         0.08164830838786957,
         0.0894553478326732,
         0.203409406028207,
         0.534496073687453,
         0.6380802005510728,
         0.4328917522691648,
         0.5361258964800363,
         0.6041692598019494,
         0.4372774076478357
      ],
      [
         0.22376247938103283,
         0.22443011578045896,
         0.5727478114139597,
         0.3944256392214719,
         0.5305596468346282,
         0.46547979640848264,
         0.6119572687040559,
         0.7376594032122389,
         0.7095865988712584,
         0.20025668215384612,
         0.7590916718091556,
         0.36563023145171347,
         0.7625532041714167,
         0.7794642926875965,
         0.3894741621099297
      ]
   ],
   "mv_f1_micro": [
      1.0,
      1.0,
      0.9272727272727272,
      1.0,
      0.9636363636363636,
      0.8545454545454545,
      1.0,
      0.9818181818181818,
      0.9636363636363636,
      1.0
   ],
   "mv_f1_macro": [
      1.0,
      1.0,
      0.9290476190476191,
      1.0,
      0.9675,
      0.839047619047619,
      1.0,
      0.9828571428571429,
      0.9628571428571429,
      1.0
   ],
   "mv_f1_weighted": [
      1.0,
      1.0,
      0.9262337662337662,
      1.0,
      0.9645454545454545,
      0.8486580086580087,
      1.0,
      0.9812987012987013,
      0.963116883116883,
      1.0
   ],
   "ct_f1_micro": [
      1.0,
      1.0,
      0.9272727272727272,
      1.0,
      0.9818181818181818,
      0.8727272727272727,
      0.9454545454545454,
      0.9818181818181818,
      0.8909090909090909,
      1.0
   ],
   "ct_f1_macro": [
      1.0,
      1.0,
      0.9285714285714285,
      1.0,
      0.9828571428571429,
      0.8673809523809524,
      0.9323809523809524,
      0.9828571428571429,
      0.8897619047619049,
      1.0
   ],
   "ct_f1_weighted": [
      1.0,
      1.0,
      0.9257142857142858,
      1.0,
      0.9812987012987012,
      0.8686580086580087,
      0.9419913419913422,
      0.9812987012987013,
      0.8858008658008658,
      1.0
   ],
   "gt": [
      7,
      7,
      7,
      5,
      5,
      5,
      0,
      0,
      17,
      17,
      19,
      19,
      13,
      13,
      13,
      15,
      15,
      15,
      1,
      1,
      1,
      2,
      2,
      2,
      8,
      8,
      8,
      4,
      4,
      4,
      6,
      6,
      6,
      16,
      16,
      14,
      14,
      14,
      3,
      3,
      3,
      11,
      11,
      11,
      9,
      9,
      9,
      10,
      10,
      10,
      18,
      18,
      12,
      12,
      12
   ],
   "em_f1_micro": [
      1.0,
      1.0,
      0.9454545454545454,
      1.0,
      0.9818181818181818,
      0.8545454545454545,
      1.0,
      1.0,
      0.9818181818181818,
      1.0
   ],
   "em_f1_macro": [
      1.0,
      1.0,
      0.9457142857142857,
      1.0,
      0.9828571428571429,
      0.8461904761904762,
      1.0,
      1.0,
      0.9800000000000001,
      1.0
   ],
   "em_f1_weighted": [
      1.0,
      1.0,
      0.9444155844155844,
      1.0,
      0.9812987012987012,
      0.8509956709956711,
      1.0,
      1.0,
      0.9818181818181818,
      1.0
   ]
}