{
   "worker_count": 13,
   "expertise_scores": [
      [
         0.1388332540522448,
         0.47715542697820673,
         0.44512210486708365,
         0.24689091721279033,
         0.615483307279777,
         0.4756576239833104,
         0.40447034157754497,
         0.5531788235579771,
         0.7151295412430457,
         0.22399259469836147,
         0.19380516364934958,
         0.3244851668930759,
         0.6083172789255932
      ],
      [
         0.1304748019272341,
         0.28217027605892003,
         0.3051073271237993,
         0.3100608421155289,
         0.2685450348782445,
         0.45065354910966704,
         0.5996429507625282,
         0.24356375946572661,
         0.17455047448982575,
         0.10596475719602644,
         0.25984498421025765,
         0.6734664615930138,
         0.42136150966284436
      ],
      [
         0.7728320355953402,
         0.6887593258633431,
         0.5920806663022884,
         0.3402073996431167,
         0.2729485611135887,
         0.6107959767523877,
         0.556190295842246,
         0.565659115526132,
         0.7711710396303249,
         0.14170584670931013,
         0.16077893441614685,
         0.6021776074893402,
         0.3586706021719348
      ],
      [
         0.4308014495109468,
         0.7046755169120396,
         0.7750193228215853,
         0.6345828744271246,
         0.3536308241737381,
         0.7178829010594319,
         0.6686122906987847,
         0.29301141503177547,
         0.5107336383261674,
         0.5343537591587666,
         0.38132941200851367,
         0.690923171744704,
         0.5920161633249572
      ],
      [
         0.2259985876852058,
         0.5677416699669878,
         0.4052557098891733,
         0.0515858690966868,
         0.3600585933202862,
         0.21131360946050637,
         0.5354737438644557,
         0.15003251422413905,
         0.24789381329085447,
         0.07423777856499847,
         0.18953099900156567,
         0.4844866150199272,
         0.5630635699895524
      ],
      [
         0.1093934838512732,
         0.4337481127780676,
         0.7229698856642867,
         0.20492977552974667,
         0.3308828158287447,
         0.1546073107670039,
         0.2197809770283678,
         0.4125394779210106,
         0.3544255432594868,
         0.128845850661813,
         0.7203559205181366,
         0.45924486578264834,
         0.47967612013540606
      ],
      [
         0.6359915114938358,
         0.19958689557234105,
         0.7830896095844039,
         0.10884541021715052,
         0.7205621676148941,
         0.751783240889257,
         0.17120030200659508,
         0.13394600850064492,
         0.6638660078313184,
         0.7040427333592101,
         0.6851571041462283,
         0.5758955579950606,
         0.6280202099916252
      ],
      [
         0.07165377067703396,
         0.46100023428872167,
         0.4047639025519197,
         0.13329460194526488,
         0.585612248910329,
         0.5004418473487017,
         0.7546673514614609,
         0.6214277157522895,
         0.7702804768501186,
         0.394679103057967,
         0.17155939126023756,
         0.5382960974834454,
         0.6271073935218114
      ],
      [
         0.6836304288578753,
         0.12369277043389355,
         0.2474562535938472,
         0.49084414146172956,
         0.7512851533934448,
         0.689779865383797,
         0.34017787396025106,
         0.15910558020537618,
         0.5451663206590186,
         0.052665967439783856,
         0.5058135093909659,
         0.23675555277477017,
         0.6955737075962539
      ],
      [
         0.6975531097476354,
         0.6315436985945682,
         0.4238533936879509,
         0.659040417411998,
         0.30472464919896475,
         0.49089033051590164,
         0.4494706561669726,
         0.6243480721796016,
         0.3769449195734301,
         0.4378295587943828,
         0.15591713388028944,
         0.32955199572620614,
         0.43290563925346554
      ]
   ],
   "mv_f1_micro": [
      0.8909090909090909,
      0.9272727272727272,
      1.0,
      1.0,
      0.8363636363636363,
      0.9090909090909091,
      0.9818181818181818,
      1.0,
      0.9818181818181818,
      0.9818181818181818
   ],
   "mv_f1_macro": [
      0.8928571428571427,
      0.9180952380952382,
      1.0,
      1.0,
      0.8042857142857143,
      0.9092857142857144,
      0.9828571428571429,
      1.0,
      0.9761904761904763,
      0.9800000000000001
   ],
   "mv_f1_weighted": [
      0.8952380952380954,
      0.9227705627705629,
      1.0,
      1.0,
      0.8198268398268398,
      0.9010389610389611,
      0.9812987012987013,
      1.0,
      0.9800865800865801,
      0.9818181818181818
   ],
   "ct_f1_micro": [
      0.9272727272727272,
      0.8909090909090909,
      1.0,
      1.0,
      0.8181818181818182,
      0.9636363636363636,
      0.9636363636363636,
      0.9818181818181818,
      0.9818181818181818,
      0.9636363636363636
   ],
   "ct_f1_macro": [
      0.931904761904762,
      0.8895238095238096,
      1.0,
      1.0,
      0.8035714285714285,
      0.9628571428571429,
      0.959047619047619,
      0.9828571428571429,
      0.9761904761904763,
      0.9566666666666667
   ],
   "ct_f1_weighted": [
      0.9257142857142858,
      0.8891774891774892,
      1.0,
      1.0,
      0.8038961038961039,
      0.963116883116883,
      0.9613852813852815,
      0.9812987012987012,
      0.9800865800865801,
      0.9624242424242425
   ],
   "gt": [
      7,
      7,
      7,
      5,
      5,
      5,
      0,
      0,
      17,
      17,
      19,
      19,
      13,
      13,
      13,
      15,
      15,
      15,
      1,
      1,
      1,
      2,
      2,
      2,
      8,
      8,
      8,
      4,
      4,
      4,
      6,
      6,
      6,
      16,
      16,
      14,
      14,
      14,
      3,
      3,
      3,
      11,
      11,
      11,
      9,
      9,
      9,
      10,
      10,
      10,
      18,
      18,
      12,
      12,
      12
   ],
   "em_f1_micro": [
      0.9090909090909091,
      0.9636363636363636,
      1.0,
      1.0,
      0.9090909090909091,
      0.9454545454545454,
      0.9818181818181818,
      1.0,
      1.0,
      0.9818181818181818
   ],
   "em_f1_macro": [
      0.9095238095238095,
      0.9657142857142856,
      1.0,
      1.0,
      0.9023809523809525,
      0.9428571428571428,
      0.9828571428571429,
      1.0,
      1.0,
      0.9800000000000001
   ],
   "em_f1_weighted": [
      0.910995670995671,
      0.9625974025974026,
      1.0,
      1.0,
      0.9068398268398269,
      0.944935064935065,
      0.9812987012987013,
      1.0,
      1.0,
      0.9818181818181818
   ]
}