{
   "worker_count": 18,
   "expertise_scores": [
      [
         0.4777548585945772,
         0.2846368604488882,
         0.3758783859998667,
         0.160239797130865,
         0.7743300290649174,
         0.7354364621267416,
         0.692049045424421,
         0.3652757424581984,
         0.1700508714045233,
         0.0829830778718819,
         0.257894043374139,
         0.12924198260693331,
         0.0682432911327464,
         0.24054026748798552,
         0.23553659464918708,
         0.6818612076271395,
         0.17728339151451172,
         0.1666619674528511
      ],
      [
         0.6701452013862743,
         0.7690682347829753,
         0.30012771949866357,
         0.5116686370940499,
         0.5684510033644079,
         0.5881250801066766,
         0.20530894495434843,
         0.7520154308205466,
         0.1337165433867274,
         0.07682673322019246,
         0.7040284708226,
         0.16076759564392473,
         0.425997969397472,
         0.35738359244564144,
         0.10528645692580263,
         0.7636529374070388,
         0.7280459802185028,
         0.2793120055560761
      ],
      [
         0.44648195454736983,
         0.47785271331061574,
         0.7719465954610696,
         0.25549494227838443,
         0.5809727815008119,
         0.706514509464333,
         0.6053952406169363,
         0.7071018432857346,
         0.15726262535520807,
         0.5728840978565778,
         0.21651875742699433,
         0.14999772960681002,
         0.2563704497553754,
         0.17934960135073685,
         0.13484938012610176,
         0.666496819656519,
         0.1810627529436734,
         0.09809709674774039
      ],
      [
         0.18848996336385027,
         0.3798081122497009,
         0.42006912786745226,
         0.5100681681748401,
         0.18329313446355933,
         0.18218457548760714,
         0.6024018222008649,
         0.4845125543788498,
         0.5186048257807004,
         0.10123946782011288,
         0.09420240754778278,
         0.7256069249734662,
         0.40651697684537885,
         0.5520350717896221,
         0.31553043968677047,
         0.06801977655185217,
         0.4784250731756626,
         0.3338565120299742
      ],
      [
         0.4740107218368602,
         0.14247480888915875,
         0.4230075426393593,
         0.1828785103317701,
         0.0958896529263169,
         0.3569382725506126,
         0.5817837792025339,
         0.15751036647399147,
         0.4459132537149983,
         0.5466889963508266,
         0.6677344112350233,
         0.46460390678569324,
         0.6792403805261157,
         0.6330265961710986,
         0.08174837126259468,
         0.6413828492637761,
         0.5723107716080023,
         0.16219264147323834
      ],
      [
         0.7547843998215188,
         0.15737967366248964,
         0.7582487414280832,
         0.587842997805291,
         0.310673694680281,
         0.22058311450850043,
         0.4824719072950093,
         0.5987986899013926,
         0.246734539790243,
         0.7465177473494147,
         0.4470865200490541,
         0.2732977144303006,
         0.35121482985849894,
         0.1834207645006835,
         0.560271236895972,
         0.0884438493589222,
         0.5890545985119214,
         0.28093799256890833
      ],
      [
         0.3137163011045412,
         0.06033862120773394,
         0.6860946996414777,
         0.37946417470844257,
         0.3224637584299819,
         0.2728147951211771,
         0.11157737730165049,
         0.4951974505264948,
         0.6471806954347683,
         0.310726234021153,
         0.5078422620868325,
         0.29190080447249594,
         0.7458765251575478,
         0.2248329730730942,
         0.5644572387928245,
         0.6070796118997466,
         0.2198314570446253,
         0.0729550059544604
      ],
      [
         0.411316407726056,
         0.2441065653437594,
         0.5611579903456769,
         0.6707868717756696,
         0.19655986088047267,
         0.21695638614187995,
         0.2275535418696436,
         0.6234247738048159,
         0.5673821700089096,
         0.7954718511794747,
         0.5537469190408931,
         0.08520346722729474,
         0.5781133227449757,
         0.318876287276179,
         0.6950455738065617,
         0.3165270877724959,
         0.7009409562127156,
         0.05813222047171117
      ],
      [
         0.6694480687891207,
         0.4631116746958663,
         0.7826529050034697,
         0.7506044056448753,
         0.4571825802650382,
         0.3637884298409309,
         0.2346411088847669,
         0.7759317241860252,
         0.7183121236533243,
         0.30192484759809646,
         0.2595580620809622,
         0.4010462656011441,
         0.3073367896251706,
         0.5311625864959142,
         0.22094378697125416,
         0.5910061963830203,
         0.2932853636063927,
         0.49015864986497876
      ],
      [
         0.12376029550699426,
         0.6503712823289394,
         0.6868769355015358,
         0.7977109384192932,
         0.3453395858667665,
         0.2245170329565343,
         0.6741673776219869,
         0.23405697603033437,
         0.623813349728632,
         0.5603206842172613,
         0.49910109008281883,
         0.42791294841531763,
         0.08302641293065849,
         0.3327539083226876,
         0.4090359594172945,
         0.07729497198439665,
         0.1445240897350345,
         0.36463587925701213
      ]
   ],
   "mv_f1_micro": [
      0.9454545454545454,
      1.0,
      1.0,
      0.9636363636363636,
      0.9636363636363636,
      1.0,
      0.9272727272727272,
      0.9636363636363636,
      1.0,
      1.0
   ],
   "mv_f1_macro": [
      0.9457142857142857,
      1.0,
      1.0,
      0.9561904761904761,
      0.957857142857143,
      1.0,
      0.9314285714285715,
      0.9657142857142856,
      1.0,
      1.0
   ],
   "mv_f1_weighted": [
      0.9444155844155844,
      1.0,
      1.0,
      0.9619047619047619,
      0.9631168831168831,
      1.0,
      0.9251948051948052,
      0.9625974025974026,
      1.0,
      1.0
   ],
   "ct_f1_micro": [
      0.9272727272727272,
      1.0,
      1.0,
      0.9636363636363636,
      0.9454545454545454,
      1.0,
      0.9818181818181818,
      0.9818181818181818,
      1.0,
      0.9818181818181818
   ],
   "ct_f1_macro": [
      0.9285714285714286,
      1.0,
      1.0,
      0.9561904761904764,
      0.9395238095238095,
      1.0,
      0.9828571428571429,
      0.9800000000000001,
      1.0,
      0.9828571428571429
   ],
   "ct_f1_weighted": [
      0.9257142857142858,
      1.0,
      1.0,
      0.961904761904762,
      0.9437229437229437,
      1.0,
      0.9812987012987012,
      0.9818181818181818,
      1.0,
      0.9812987012987013
   ],
   "gt": [
      7,
      7,
      7,
      5,
      5,
      5,
      0,
      0,
      17,
      17,
      19,
      19,
      13,
      13,
      13,
      15,
      15,
      15,
      1,
      1,
      1,
      2,
      2,
      2,
      8,
      8,
      8,
      4,
      4,
      4,
      6,
      6,
      6,
      16,
      16,
      14,
      14,
      14,
      3,
      3,
      3,
      11,
      11,
      11,
      9,
      9,
      9,
      10,
      10,
      10,
      18,
      18,
      12,
      12,
      12
   ],
   "em_f1_micro": [
      0.9636363636363636,
      1.0,
      1.0,
      0.9636363636363636,
      0.9636363636363636,
      1.0,
      0.9818181818181818,
      0.9636363636363636,
      1.0,
      1.0
   ],
   "em_f1_macro": [
      0.9657142857142856,
      1.0,
      1.0,
      0.9561904761904761,
      0.957857142857143,
      1.0,
      0.9828571428571429,
      0.9657142857142859,
      1.0,
      1.0
   ],
   "em_f1_weighted": [
      0.9625974025974026,
      1.0,
      1.0,
      0.9619047619047619,
      0.9631168831168831,
      1.0,
      0.9812987012987012,
      0.9625974025974026,
      1.0,
      1.0
   ]
}