{
   "worker_count": 3,
   "expertise_scores": [
      [
         0.23000771153235838,
         0.6159988732664703,
         0.6885986208040364
      ],
      [
         0.5657941559973706,
         0.2058973356000337,
         0.18932546053060068
      ],
      [
         0.2534763831058858,
         0.09359626735155713,
         0.15978731706183444
      ],
      [
         0.77976752453263,
         0.6722606387392449,
         0.41816343919945675
      ],
      [
         0.7466870820180163,
         0.18925371265312885,
         0.09681692160007599
      ],
      [
         0.21546962214531495,
         0.6113074669495331,
         0.16489650561338803
      ],
      [
         0.4698062436428463,
         0.2133559693706657,
         0.4139986982375011
      ],
      [
         0.4881652846298396,
         0.16459112138458395,
         0.16993403896254156
      ],
      [
         0.7870248225968433,
         0.2027150100273697,
         0.311821181260374
      ],
      [
         0.4678581564930989,
         0.08204881047104767,
         0.21107935851765985
      ]
   ],
   "mv_f1_micro": [
      0.6727272727272727,
      0.36363636363636365,
      0.16363636363636364,
      0.7636363636363637,
      0.36363636363636365,
      0.38181818181818183,
      0.43636363636363634,
      0.2727272727272727,
      0.509090909090909,
      0.34545454545454546
   ],
   "mv_f1_macro": [
      0.6552380952380953,
      0.33595238095238095,
      0.16833333333333333,
      0.7654761904761905,
      0.3130952380952381,
      0.3515079365079365,
      0.4226190476190476,
      0.25722222222222224,
      0.46154761904761904,
      0.32865079365079375
   ],
   "mv_f1_weighted": [
      0.6596536796536796,
      0.3216450216450216,
      0.16303030303030303,
      0.7774891774891775,
      0.3264069264069264,
      0.3701298701298702,
      0.4300865800865802,
      0.2593939393939394,
      0.4604761904761905,
      0.3431746031746032
   ],
   "ct_f1_micro": [
      0.7090909090909091,
      0.5636363636363636,
      0.2545454545454545,
      0.8000000000000002,
      0.21818181818181817,
      0.6181818181818182,
      0.4909090909090909,
      0.45454545454545453,
      0.8000000000000002,
      0.23636363636363636
   ],
   "ct_f1_macro": [
      0.6834523809523809,
      0.5560714285714285,
      0.2536111111111111,
      0.7694047619047619,
      0.19456349206349205,
      0.588095238095238,
      0.4883333333333334,
      0.4488095238095239,
      0.7714285714285715,
      0.21083333333333334
   ],
   "ct_f1_weighted": [
      0.6855844155844155,
      0.5545021645021645,
      0.25727272727272726,
      0.7763203463203465,
      0.19861471861471863,
      0.5985281385281385,
      0.49939393939393945,
      0.45082251082251085,
      0.7821645021645023,
      0.2087878787878788
   ],
   "gt": [
      7,
      7,
      7,
      5,
      5,
      5,
      0,
      0,
      17,
      17,
      19,
      19,
      13,
      13,
      13,
      15,
      15,
      15,
      1,
      1,
      1,
      2,
      2,
      2,
      8,
      8,
      8,
      4,
      4,
      4,
      6,
      6,
      6,
      16,
      16,
      14,
      14,
      14,
      3,
      3,
      3,
      11,
      11,
      11,
      9,
      9,
      9,
      10,
      10,
      10,
      18,
      18,
      12,
      12,
      12
   ],
   "em_f1_micro": [
      0.7272727272727273,
      0.36363636363636365,
      0.18181818181818182,
      0.9090909090909091,
      0.4909090909090909,
      0.4909090909090909,
      0.36363636363636365,
      0.32727272727272727,
      0.5818181818181818,
      0.20000000000000004
   ],
   "em_f1_macro": [
      0.7141666666666666,
      0.36452380952380947,
      0.168015873015873,
      0.8961904761904762,
      0.48166666666666674,
      0.4658333333333333,
      0.35428571428571426,
      0.31285714285714283,
      0.5697619047619048,
      0.1838095238095238
   ],
   "em_f1_weighted": [
      0.7124242424242425,
      0.3600865800865801,
      0.15803751803751806,
      0.9055411255411255,
      0.4921212121212121,
      0.4796969696969697,
      0.36277056277056285,
      0.32883116883116886,
      0.5882251082251083,
      0.18285714285714286
   ]
}