{
   "worker_count": 8,
   "expertise_scores": [
      [
         0.38041516158624933,
         0.4460546924128228,
         0.33421357833425125,
         0.21141237081741554,
         0.7384543411115102,
         0.3547576711955486,
         0.5222446293803644,
         0.4535638672267232
      ],
      [
         0.33717405893530017,
         0.7301779670721725,
         0.1702470417176525,
         0.06328939569273967,
         0.24373172776144464,
         0.549696310180496,
         0.6251498866175793,
         0.12489472489550538
      ],
      [
         0.17058303229944832,
         0.7045125777282911,
         0.5252209524881694,
         0.6164178699635445,
         0.18346794947004808,
         0.21668275295080125,
         0.47541402428106233,
         0.6075368990716117
      ],
      [
         0.20841335328152505,
         0.4902624034643502,
         0.3186999114665107,
         0.49905136187119453,
         0.6696994940847868,
         0.770790986548931,
         0.22756571511149631,
         0.16595407417058194
      ],
      [
         0.4102053433287104,
         0.5963885795265947,
         0.4664092909923734,
         0.1629365219459477,
         0.4239479063258857,
         0.42438292705390934,
         0.35667668878479997,
         0.12007468155302069
      ],
      [
         0.40895849573792126,
         0.327489766586126,
         0.4425499499710796,
         0.07628432925086631,
         0.1775938273105207,
         0.5206805569685404,
         0.5830023505264823,
         0.7854237886668426
      ],
      [
         0.28545476437102,
         0.27068053978669343,
         0.6242349214171427,
         0.2667358882207316,
         0.16989816066035102,
         0.44004899996725966,
         0.6666491809244044,
         0.25387945077923785
      ],
      [
         0.741225996624072,
         0.6841141412558318,
         0.23933841934518735,
         0.7260666134971236,
         0.6342769432298855,
         0.29989965436436244,
         0.6592000963252926,
         0.26168406652382137
      ],
      [
         0.49952358541832015,
         0.5173390359699265,
         0.23400268879446734,
         0.679595889046817,
         0.22363612743084033,
         0.12790385828175388,
         0.23286410312708344,
         0.25356950289679214
      ],
      [
         0.3350320706022495,
         0.6667212203471791,
         0.28570381760840863,
         0.20294744914036594,
         0.1727487212057678,
         0.7109496837434266,
         0.5065873442704577,
         0.6657088764723098
      ]
   ],
   "mv_f1_micro": [
      0.8909090909090909,
      0.8000000000000002,
      0.9090909090909091,
      0.8545454545454545,
      0.7090909090909091,
      0.8000000000000002,
      0.8363636363636363,
      0.9818181818181818,
      0.6909090909090909,
      0.9636363636363636
   ],
   "mv_f1_macro": [
      0.8909523809523809,
      0.7892857142857143,
      0.906904761904762,
      0.8219047619047618,
      0.6917857142857142,
      0.7798809523809523,
      0.8461904761904762,
      0.9800000000000001,
      0.6854761904761906,
      0.9561904761904764
   ],
   "mv_f1_weighted": [
      0.8907359307359308,
      0.7895238095238096,
      0.902077922077922,
      0.8396536796536797,
      0.692857142857143,
      0.796839826839827,
      0.8382683982683983,
      0.9818181818181818,
      0.6828571428571428,
      0.9619047619047619
   ],
   "ct_f1_micro": [
      0.8909090909090909,
      0.8363636363636363,
      0.8909090909090909,
      0.9090909090909091,
      0.7454545454545455,
      0.8909090909090909,
      0.8363636363636363,
      1.0,
      0.7818181818181819,
      0.9818181818181818
   ],
   "ct_f1_macro": [
      0.8847619047619046,
      0.837857142857143,
      0.8880952380952382,
      0.8847619047619049,
      0.7203571428571428,
      0.8814285714285713,
      0.8363095238095237,
      1.0,
      0.766547619047619,
      0.9800000000000001
   ],
   "ct_f1_weighted": [
      0.8864069264069265,
      0.8364502164502167,
      0.8876190476190475,
      0.8985281385281386,
      0.7276623376623377,
      0.8924675324675325,
      0.8274891774891774,
      1.0,
      0.7760606060606062,
      0.9818181818181818
   ],
   "gt": [
      7,
      7,
      7,
      5,
      5,
      5,
      0,
      0,
      17,
      17,
      19,
      19,
      13,
      13,
      13,
      15,
      15,
      15,
      1,
      1,
      1,
      2,
      2,
      2,
      8,
      8,
      8,
      4,
      4,
      4,
      6,
      6,
      6,
      16,
      16,
      14,
      14,
      14,
      3,
      3,
      3,
      11,
      11,
      11,
      9,
      9,
      9,
      10,
      10,
      10,
      18,
      18,
      12,
      12,
      12
   ],
   "em_f1_micro": [
      0.9272727272727272,
      0.7818181818181819,
      0.8727272727272727,
      0.9090909090909091,
      0.7454545454545455,
      0.8727272727272727,
      0.8909090909090909,
      0.9818181818181818,
      0.7636363636363637,
      0.9818181818181818
   ],
   "em_f1_macro": [
      0.9233333333333335,
      0.7835317460317461,
      0.8665476190476191,
      0.8890476190476189,
      0.7378571428571429,
      0.8608333333333335,
      0.8878571428571428,
      0.9800000000000001,
      0.7516666666666667,
      0.9800000000000001
   ],
   "em_f1_weighted": [
      0.9236363636363636,
      0.7832467532467533,
      0.8677489177489178,
      0.9013852813852814,
      0.7412987012987013,
      0.8736363636363638,
      0.8903896103896103,
      0.9818181818181818,
      0.7612121212121213,
      0.9818181818181818
   ]
}