{
   "worker_count": 30,
   "expertise_scores": [
      [
         0.6930367903995783,
         0.34204384354310924,
         0.781238012414383,
         0.6869822428080807,
         0.47935363487340654,
         0.7256342767340354,
         0.7456922536070858,
         0.5890892238308454,
         0.5096887108705898,
         0.6520866869070332,
         0.6146043406572137,
         0.7864211006124684,
         0.5047255588155292,
         0.7098644213095466,
         0.3857613022627937,
         0.33943237310998814,
         0.4391593210602527,
         0.6860423160678625,
         0.6681670006084999,
         0.570381156327454,
         0.3524887344150555,
         0.43388809557350694,
         0.47342832883818786,
         0.33865520160301943,
         0.43391727262460716,
         0.7205976917360513,
         0.5719343250914161,
         0.7129614280998811,
         0.7937845678588898,
         0.594714909479152
      ],
      [
         0.4665067190953442,
         0.33593729201025074,
         0.7425086387069532,
         0.5181453913719671,
         0.625303792387602,
         0.6776000884699684,
         0.6127605415093373,
         0.6896258925129468,
         0.5960629423250642,
         0.6981395169942999,
         0.7565793717264211,
         0.5228681205055358,
         0.3504976137207936,
         0.5294565290763614,
         0.332765303160377,
         0.586326806918114,
         0.687432054590925,
         0.46117476850809924,
         0.6832072525343585,
         0.35795850353583464,
         0.5218323815051329,
         0.5371177055024537,
         0.7249399492416415,
         0.41037451026767535,
         0.5451612188966287,
         0.5555838488626319,
         0.43711148489039536,
         0.7756109270485381,
         0.36815896775910295,
         0.7645108823545046
      ],
      [
         0.6901807818246715,
         0.4075585788181391,
         0.7845214166252794,
         0.4569397696251294,
         0.7534630044388131,
         0.497141609028108,
         0.4214360956411839,
         0.3618826699611118,
         0.5469971617850907,
         0.5276395051218425,
         0.4999284865019223,
         0.728635532965791,
         0.49503187011142147,
         0.5928565026560467,
         0.7773581884703307,
         0.5201902226011935,
         0.4002854968624627,
         0.7618788151221367,
         0.4445515062196658,
         0.4810463662185755,
         0.6999940081083613,
         0.3285792866558933,
         0.4911337642749485,
         0.4040084436535668,
         0.475301152414904,
         0.5986488785695714,
         0.7871554888209922,
         0.6121966210571743,
         0.4279310362057404,
         0.6975113148819307
      ],
      [
         0.5819958528130438,
         0.5903381333035151,
         0.6359402116755886,
         0.44457510398370625,
         0.7796687470243475,
         0.7287545128456112,
         0.46125892661633605,
         0.3414351882888772,
         0.6342060697229696,
         0.6295795403149034,
         0.49510882027115144,
         0.6596351472204083,
         0.6132303280993145,
         0.6479804575482199,
         0.5676843209194793,
         0.402497213489222,
         0.39162728497332616,
         0.6035582045899452,
         0.40449167927661606,
         0.6526731621818675,
         0.556801516545061,
         0.730923175065771,
         0.7912213845877627,
         0.7648195747964085,
         0.3329677219447844,
         0.39336348876263444,
         0.4690366092528858,
         0.379820529575424,
         0.47783267386414857,
         0.7837560215463484
      ],
      [
         0.3516367088947878,
         0.5490028572078423,
         0.6031346864421168,
         0.5042024227866924,
         0.4601446580749632,
         0.6352539979889924,
         0.45664253792221865,
         0.435262396649033,
         0.7825931998729814,
         0.776465717641571,
         0.34014184608537573,
         0.5291604244410878,
         0.43896500430046625,
         0.6270557112613371,
         0.5878814325494347,
         0.7279818748396563,
         0.6667988430624455,
         0.35365445991320094,
         0.36891143706368423,
         0.4348050445118352,
         0.6984054446437797,
         0.5429717686743308,
         0.693470159763231,
         0.35303611554558056,
         0.4662369244068163,
         0.5724914270332351,
         0.6084612882836182,
         0.7920806218452974,
         0.49303432794312346,
         0.686011867198685
      ],
      [
         0.7984240321707821,
         0.6216258276034892,
         0.4712459236151768,
         0.38481857284544485,
         0.6849683389121393,
         0.45328078801861765,
         0.36895532530289843,
         0.6833656887307997,
         0.617624798873077,
         0.7198735041424938,
         0.5400280784013564,
         0.6496977097755898,
         0.3798372463009194,
         0.6412110526502162,
         0.5994565866658466,
         0.7293060810177878,
         0.4000558535238695,
         0.33374580435489243,
         0.6979603742214641,
         0.572155914414235,
         0.7589999054186153,
         0.5976109886203896,
         0.5831468127623123,
         0.5500340879483294,
         0.354371616541304,
         0.453634964647581,
         0.5664062087550839,
         0.6495224642684332,
         0.4996211362433166,
         0.7428838178354629
      ],
      [
         0.49437694480542255,
         0.5369641288192556,
         0.7584978033982976,
         0.7072219756801302,
         0.6368994036818405,
         0.5335817533739016,
         0.32929542808656437,
         0.3461096666851435,
         0.5894761021039289,
         0.5398234082824074,
         0.5884835472169379,
         0.5710342660892191,
         0.6157981946582136,
         0.4894118339630107,
         0.6865512782089447,
         0.5244001160555596,
         0.7363867120000658,
         0.6160239072010754,
         0.6743477480007005,
         0.4880330150460582,
         0.6559690900765853,
         0.5175096528373067,
         0.3284958916072421,
         0.6532827112566556,
         0.46345478364890114,
         0.7814631880210089,
         0.34740951800312037,
         0.654556213981093,
         0.6752569124196512,
         0.6769994379656559
      ],
      [
         0.5870318552320386,
         0.5822754710436479,
         0.6417151346277679,
         0.7189327565383072,
         0.3703673533553138,
         0.71951322389024,
         0.3926819415214085,
         0.6516798094139804,
         0.4148795114114215,
         0.4705102882569496,
         0.646390261370319,
         0.7123920362284115,
         0.6805224825243649,
         0.33478304140141496,
         0.39462492102603064,
         0.5088491644875474,
         0.5721530707514438,
         0.7737916304082813,
         0.7560962864554974,
         0.5770049417425622,
         0.6804340513690521,
         0.6310273808831484,
         0.33178109161796643,
         0.6675546275281496,
         0.3872790654150631,
         0.3498046857143589,
         0.3897621268139073,
         0.6844084139870286,
         0.6602537962694559,
         0.48102129619887857
      ],
      [
         0.7987641196943495,
         0.7868634587972716,
         0.6550796692583178,
         0.759572511308533,
         0.5384517748890993,
         0.3524680177205292,
         0.5832980620822534,
         0.6776767343996075,
         0.3921768478370752,
         0.6468999207481825,
         0.4990780830283078,
         0.5448711147163605,
         0.32807999908705365,
         0.44105659603962255,
         0.3421121737107215,
         0.7519162706268037,
         0.7912339086178456,
         0.7071749696271472,
         0.35576855667071716,
         0.756096259436795,
         0.6317332202030318,
         0.5461947021915937,
         0.5892673819401018,
         0.682870807591308,
         0.6445926691870121,
         0.5524209426149832,
         0.6532375209601331,
         0.49097803190408323,
