{
   "worker_count": 18,
   "expertise_scores": [
      [
         0.5609713738596388,
         0.4159717419263468,
         0.7753032959341923,
         0.6416203515748065,
         0.33014848528349866,
         0.4013517102017971,
         0.7059448709448093,
         0.48790301231321814,
         0.7333969035708974,
         0.614770918496701,
         0.5028479721383831,
         0.747391785364902,
         0.6862443764456925,
         0.7411165635058923,
         0.7349663688429886,
         0.4763637487412995,
         0.4087858532880321,
         0.4922637468474898
      ],
      [
         0.660799439142704,
         0.4179021158501193,
         0.5352110403544399,
         0.486085257623996,
         0.7538051552797227,
         0.57910192766374,
         0.4781382392961655,
         0.46225173684215026,
         0.3717193719563402,
         0.6254688221912578,
         0.49456532401199294,
         0.39213016382424354,
         0.46790344956792185,
         0.5556774377334464,
         0.6976159738308912,
         0.7706221123827608,
         0.4991477354078869,
         0.7273433846244215
      ],
      [
         0.7508687685038997,
         0.3689691207879929,
         0.48642874904565603,
         0.6865423161467965,
         0.6623255323893411,
         0.6873225430629727,
         0.612294901988092,
         0.6897367084067961,
         0.40481471246497114,
         0.7462532881976389,
         0.3269975012726072,
         0.6831689175470403,
         0.6426746766472617,
         0.41999937265790477,
         0.7430854765412865,
         0.7928127886128695,
         0.7481600770299464,
         0.5981227510578486
      ],
      [
         0.4692362831659162,
         0.6629672912457205,
         0.4297599688722624,
         0.7119812837388306,
         0.4574827944964851,
         0.7164068875038079,
         0.6612149161923898,
         0.5089466778542658,
         0.6071482271539317,
         0.5796921514080897,
         0.42088651112760805,
         0.3873460025960411,
         0.44123439874740084,
         0.5210540413581338,
         0.4016019997759882,
         0.4347846557775019,
         0.4302129693525194,
         0.7959361817227124
      ],
      [
         0.7242999356674944,
         0.7834515253306167,
         0.37505271397420836,
         0.5586157107812566,
         0.7578518874888569,
         0.5848410838842608,
         0.5423300109717368,
         0.6172132972213797,
         0.4859021785068077,
         0.34510268838859776,
         0.6901793076756357,
         0.36644412621224304,
         0.4514366808740649,
         0.32731420441134607,
         0.4551555212374878,
         0.703422334521588,
         0.3758157955382907,
         0.6565122236152492
      ],
      [
         0.5975792114072589,
         0.5161025473706521,
         0.4216540127737156,
         0.7278980416432477,
         0.7666713751656558,
         0.5696542520391468,
         0.6753198117458628,
         0.3573154457633917,
         0.3438258547299312,
         0.5997708915648055,
         0.40216644281859726,
         0.43110337914581187,
         0.7865887336995875,
         0.6671117304742853,
         0.447651995228063,
         0.3596419188281656,
         0.34133981703544447,
         0.693834442877407
      ],
      [
         0.6370939082177562,
         0.6310755111433743,
         0.44952064623284693,
         0.3759489401529527,
         0.45818647215559455,
         0.645974047722911,
         0.5443060808870646,
         0.6687873099641616,
         0.4749470940086053,
         0.5343057803055236,
         0.7633243913478834,
         0.38933615963426604,
         0.6298378707225005,
         0.3401721982862795,
         0.6257220747097093,
         0.4918187099522897,
         0.3688129359601791,
         0.35255656671285407
      ],
      [
         0.45955621008904884,
         0.6430923874916377,
         0.4046152144721239,
         0.6237166905114224,
         0.3278101618705583,
         0.421937137865925,
         0.6228771686490855,
         0.5956207277605371,
         0.7232992131145846,
         0.7944872151227238,
         0.5699756672351601,
         0.5382285784965706,
         0.6583736108780707,
         0.5629299872712031,
         0.5964499591813027,
         0.590783280236929,
         0.7492564791050491,
         0.4277083685875082
      ],
      [
         0.6186524000207303,
         0.40473971851681706,
         0.5654948393769591,
         0.6181195290491608,
         0.7143727094149807,
         0.744741163848353,
         0.3846662804478268,
         0.40353630938976853,
         0.6014759059631221,
         0.6706629373037816,
         0.7781664799284019,
         0.34894075057063834,
         0.3483393615246257,
         0.7302437501660544,
         0.6298152653491466,
         0.7460465569097807,
         0.7744436906273099,
         0.33520839630625754
      ],
      [
         0.5155170812624509,
         0.6339074733781499,
         0.7051045845093298,
         0.677771674019227,
         0.6512043891329315,
         0.45192591898648105,
         0.4237414899214368,
         0.7116490684606696,
         0.6082810324447383,
         0.3859926875331924,
         0.6015896006413877,
         0.6272034463271771,
         0.6308403649025094,
         0.40562020422255723,
         0.3701396049690457,
         0.42249015820668734,
         0.4139850252165549,
         0.42901418786511547
      ]
   ],
   "mv_f1_micro": [
      0.94,
      0.88,
      0.96,
      0.94,
      0.9,
      0.9,
      0.9,
      0.94,
      1.0,
      0.92
   ],
   "mv_f1_macro": [
      0.938296596191333,
      0.8796666849405187,
      0.9629629629629629,
      0.9369003892330464,
      0.8988988988988988,
      0.8964368964368964,
      0.8990482417901773,
      0.9386102828228066,
      1.0,
      0.9195626637751874
   ],
   "mv_f1_weighted": [
      0.9395141700404858,
      0.8783158818047256,
      0.96,
      0.9401282824406557,
      0.8996996996996997,
      0.8995804195804195,
      0.8987140366172625,
      0.941441040932502,
      1.0,
      0.9208696123610735
   ],
   "ct_f1_micro": [
      0.98,
      0.9,
      0.96,
      0.96,
      0.94,
      0.94,
      0.92,
      0.98,
      0.98,
      0.92
   ],
   "ct_f1_macro": [
      0.9789819376026273,
      0.9002457002457002,
      0.9629629629629629,
      0.9576576576576578,
      0.9396514161220043,
      0.9358952937900306,
      0.9214949137549757,
      0.9789819376026273,
      0.9786453119786453,
      0.9204477204477205
   ],
   "ct_f1_weighted": [
      0.9800591133004926,
      0.8975986895986895,
      0.96,
      0.9599845559845559,
      0.940156862745098,
      0.939655806182122,
      0.9209287925696594,
      0.9800591133004926,
      0.9798998998998999,
      0.9194168714168715
   ],
   "em_f1_micro": [
      0.98,
      0.9,
      0.98,
      0.8599999999999999,
      0.92,
      0.9,
      0.82,
      0.96,
      0.94,
      0.92
   ],
   "em_f1_macro": [
      0.9789819376026273,
      0.8993796752417443,
      0.9814671814671815,
      0.8571428571428571,
      0.9206349206349206,
      0.8956214064573199,
      0.8206421431573562,
      0.9581699346405229,
      0.9359359359359359,
      0.9206349206349206
   ],
   "em_f1_weighted": [
      0.9800591133004926,
      0.8996059113300493,
      0.9799845559845559,
      0.8617142857142857,
      0.92,
      0.8986996904024768,
      0.8200866180582205,
      0.960156862745098,
      0.9396996996996997,
      0.9196190476190474
   ],