{
   "worker_count": 13,
   "expertise_scores": [
      [
         0.6416896747566911,
         0.5471130312659677,
         0.6690180983753649,
         0.5678504762985763,
         0.4749821297419481,
         0.49124189668834795,
         0.6018968973847676,
         0.48321495982043483,
         0.42738082336709504,
         0.5632470993828633,
         0.49861680576139666,
         0.6126171860207872,
         0.673556786311132
      ],
      [
         0.6193332471576551,
         0.5206022412155407,
         0.34745216387332784,
         0.47913720396160164,
         0.38628581237963294,
         0.4994109259707048,
         0.6305974202524676,
         0.6193242624510955,
         0.4484659849344089,
         0.39563011005733695,
         0.6089870196970394,
         0.7571658293417267,
         0.6276649706712469
      ],
      [
         0.7265636034938802,
         0.4509984529627717,
         0.44984965412656575,
         0.7690071941473088,
         0.7991373430520916,
         0.6546558231374126,
         0.5767263058564649,
         0.5161888564035848,
         0.4551814168185478,
         0.782561359204851,
         0.32678736526051183,
         0.41515378988360246,
         0.5902428536144179
      ],
      [
         0.6563657635877999,
         0.5378165598535901,
         0.4132878101432666,
         0.4107878996942945,
         0.5635814028978213,
         0.6132613551497282,
         0.5954700414546441,
         0.6500564305847717,
         0.38689302864845676,
         0.6204779240884564,
         0.49033846668248593,
         0.6941064946583653,
         0.6702579526710335
      ],
      [
         0.36846136455704126,
         0.6225964691685362,
         0.46784959981705976,
         0.3403952062111892,
         0.7705707754593865,
         0.6464786941939125,
         0.6812854026145392,
         0.6962473037875461,
         0.4820605435586226,
         0.6730868631990881,
         0.7363804467697981,
         0.7635054621662409,
         0.44568719140918833
      ],
      [
         0.33060581363389707,
         0.3502878767056905,
         0.3384119707010047,
         0.4546418235553018,
         0.6859698780565073,
         0.5012740140695067,
         0.6974052852496138,
         0.6529774466913298,
         0.7956409757594484,
         0.4413940911020968,
         0.6007098773092956,
         0.708104148439743,
         0.693679659952533
      ],
      [
         0.6149021444744731,
         0.4499756471628443,
         0.7770610194416693,
         0.5918847668654589,
         0.6229689599594759,
         0.4515132497012642,
         0.7631899903156343,
         0.7606879188443756,
         0.4308046453025643,
         0.4319132181194994,
         0.45647208289845886,
         0.7482995865359199,
         0.7500164720290201
      ],
      [
         0.5954773683672974,
         0.6369702113236988,
         0.4787083520882027,
         0.3668714021747301,
         0.7940662129783916,
         0.634233427006055,
         0.4583801217272172,
         0.5435609384487847,
         0.553342312117289,
         0.5940542871531569,
         0.4596455647183738,
         0.7653954619152632,
         0.5786103559707227
      ],
      [
         0.3394923682298131,
         0.7325611683523998,
         0.5219367263600441,
         0.7430753570974218,
         0.34062511826815084,
         0.5234373038540412,
         0.6075215186189781,
         0.582872299219608,
         0.7006540091394177,
         0.41187158905480814,
         0.4633093029344348,
         0.7267477321462359,
         0.45306882350913974
      ],
      [
         0.6254845242279461,
         0.5391260221191151,
         0.5585974361870333,
         0.49206583691631367,
         0.6173507521433443,
         0.5113922091786377,
         0.7672931402211529,
         0.6605565080258511,
         0.7186709204063453,
         0.49887795055000794,
         0.5192314690264462,
         0.45861566179970287,
         0.6022670385793305
      ]
   ],
   "mv_f1_micro": [
      0.82,
      0.92,
      0.88,
      0.8599999999999999,
      0.92,
      0.9,
      0.96,
      0.94,
      0.88,
      0.92
   ],
   "mv_f1_macro": [
      0.8174603174603176,
      0.9188823712150285,
      0.878023478023478,
      0.8586944715976973,
      0.9171428571428571,
      0.8993265993265993,
      0.9587301587301588,
      0.9391534391534391,
      0.8783068783068783,
      0.9189203866623221
   ],
   "mv_f1_weighted": [
      0.82,
      0.9206688229811962,
      0.8789320229320229,
      0.8602932551319649,
      0.9201142857142857,
      0.9001616161616162,
      0.9607619047619047,
      0.94,
      0.88,
      0.9201759530791789
   ],
   "ct_f1_micro": [
      0.88,
      0.96,
      0.94,
      0.8599999999999999,
      0.92,
      0.9,
      0.98,
      0.92,
      0.88,
      0.9
   ],
   "ct_f1_macro": [
      0.8796666849405187,
      0.9587301587301588,
      0.9374749133369823,
      0.8586944715976973,
      0.9171428571428571,
      0.8993265993265993,
      0.9789819376026273,
      0.9184272942893633,
      0.882950382950383,
      0.8999548206379325
   ],
   "ct_f1_weighted": [
      0.8783158818047256,
      0.9607619047619047,
      0.9407487684729063,
      0.8602932551319649,
      0.9201142857142857,
      0.9001616161616162,
      0.9800591133004926,
      0.9201773399014778,
      0.8793006993006993,
      0.8996931417728382
   ],
   "em_f1_micro": [
      0.8000000000000002,
      0.78,
      0.88,
      0.88,
      0.96,
      0.92,
      0.96,
      0.88,
      0.8599999999999999,
      0.8599999999999999
   ],
   "em_f1_macro": [
      0.8009259259259259,
      0.7755952380952381,
      0.881917211328976,
      0.8793028322440087,
      0.960586651814722,
      0.9206349206349206,
      0.9629629629629629,
      0.8810302237721593,
      0.8607843137254902,
      0.8602092352092353
   ],
   "em_f1_weighted": [
      0.8027777777777778,
      0.7805,
      0.8778039215686274,
      0.880313725490196,
      0.9603965469228628,
      0.92,
      0.96,
      0.879254577157803,
      0.860313725490196,
      0.8590259740259739
   ],
   "gt": [
      0,
      0,
      0,
      0,
      0,
      0,
      0,
      0,
      0,
      0,
      0,
      0,
      0,
      0,
      1,
      1,
      1,
      1,
      1,
      1,
      1,
      1,
      1,
      1,
      1,
      1,
      1,
      1,
      1,
      1,
      1,
      1,
      2,
      2,
      2,
      2,
      2,
      2,
      2,
      2,
      2,
      2,
      2,
      2,
      2,
      2,
      2,
      2,
      2,
      2
   ]
}