{
   "worker_count": 15,
   "expertise_scores": [
      [
         0.3767488959763264,
         0.6194369669320046,
         0.4337656303279894,
         0.4556881050258503,
         0.6184465023935986,
         0.6751831026567391,
         0.4128131121810207,
         0.6151161796749957,
         0.5705237130508666,
         0.43028471309652083,
         0.45926663987402727,
         0.5640245589052353,
         0.7264414095990581,
         0.7114544913816498,
         0.6944479663937893
      ],
      [
         0.3344173535466999,
         0.39505330979913295,
         0.6111119281871472,
         0.3564630018423801,
         0.40689113107976127,
         0.5943733557532943,
         0.5560694354908087,
         0.3968143551253752,
         0.7491861340247985,
         0.403889002822712,
         0.4271781991165172,
         0.3704469531310996,
         0.7461539584898014,
         0.40481970558451535,
         0.4015445050680019
      ],
      [
         0.34576482543339515,
         0.7973686882617296,
         0.6869123703562314,
         0.7988698683820733,
         0.43549652068055833,
         0.5763458558806951,
         0.514821769884304,
         0.4093019900209146,
         0.7005727655181275,
         0.5027967817940557,
         0.6845820722341946,
         0.44545794712812714,
         0.7816466801024242,
         0.6925607406872814,
         0.49949980391931303
      ],
      [
         0.6412061515147816,
         0.39047932430460225,
         0.5882366333455087,
         0.6389422709251648,
         0.6929597379709049,
         0.5729657939825201,
         0.4967716848902569,
         0.6463477947435398,
         0.4793906396889803,
         0.7437777459422112,
         0.3293107142617573,
         0.4237391215057117,
         0.6092145544752039,
         0.6401897691580347,
         0.45126047591692847
      ],
      [
         0.7958189948318665,
         0.5458828091353116,
         0.6288661789019254,
         0.583841671049711,
         0.5843017952880414,
         0.339360626736463,
         0.7890640055562441,
         0.38116587937917706,
         0.49913111956878875,
         0.48119670955963145,
         0.6123579154814456,
         0.5803769836230701,
         0.6915693650898309,
         0.691929353375377,
         0.5831815568519092
      ],
      [
         0.49170308203227764,
         0.35062897380575603,
         0.41815840590537606,
         0.5067866650428358,
         0.5755687850844472,
         0.5432684283484857,
         0.3371538508673128,
         0.7555993151359262,
         0.6202175639557708,
         0.36323489301755263,
         0.566237382593304,
         0.5477194098524423,
         0.6021424482407214,
         0.7247189521060261,
         0.6512437997172505
      ],
      [
         0.7144519780117959,
         0.6891938711578097,
         0.6373463919907137,
         0.6284426110550406,
         0.36746489234855506,
         0.597661528487224,
         0.5849618172137991,
         0.5488612993604736,
         0.5936295428109162,
         0.5974710309085436,
         0.687061300925611,
         0.5885088802982743,
         0.5772387716058518,
         0.46813118578037605,
         0.5419587778845225
      ],
      [
         0.5945130179740643,
         0.46277061223241833,
         0.7890025935069888,
         0.5077619654017869,
         0.4817211804862831,
         0.48371164969703134,
         0.5558593841976358,
         0.3581995147041557,
         0.3474053510909846,
         0.6457201385047913,
         0.7087846845734442,
         0.7947193206895083,
         0.5698155717733739,
         0.7035698316908257,
         0.5556300307819835
      ],
      [
         0.5880910472986396,
         0.5894314928103705,
         0.5003535938591331,
         0.5057529895899073,
         0.6898865467314426,
         0.4756673504413159,
         0.7239362155666815,
         0.6027673080924325,
         0.47887212250322664,
         0.5632053365579691,
         0.7192338524045068,
         0.38297602765525607,
         0.48257806244176615,
         0.6234312795659038,
         0.4848597030648836
      ],
      [
         0.5571849696983879,
         0.5363216015040674,
         0.5296200905207525,
         0.7145683143166834,
         0.48252384377621726,
         0.6770737439447225,
         0.38566250097365373,
         0.5358791251746147,
         0.752391037011622,
         0.5206821013376033,
         0.33973499536745533,
         0.7375379216516769,
         0.5462976081487598,
         0.6391890095663081,
         0.6357981833201856
      ]
   ],
   "mv_f1_micro": [
      0.82,
      0.7,
      0.96,
      0.8599999999999999,
      0.96,
      0.92,
      0.94,
      0.94,
      0.92,
      0.98
   ],
   "mv_f1_macro": [
      0.8189733593242364,
      0.6950631542283084,
      0.9576719576719577,
      0.8578726509760992,
      0.9581699346405229,
      0.9184272942893633,
      0.9390387734040985,
      0.9396825396825396,
      0.9190024396855515,
      0.9789819376026273
   ],
   "mv_f1_weighted": [
      0.8193060428849901,
      0.6954957927734696,
      0.96,
      0.8602955665024631,
      0.960156862745098,
      0.9201773399014778,
      0.939876160990712,
      0.9401904761904761,
      0.9202645703442667,
      0.9800591133004926
   ],
   "ct_f1_micro": [
      0.94,
      0.76,
      0.98,
      0.8599999999999999,
      0.98,
      0.92,
      0.94,
      0.96,
      0.92,
      0.96
   ],
   "ct_f1_macro": [
      0.938296596191333,
      0.7584379511357199,
      0.9786453119786453,
      0.8578726509760992,
      0.9789819376026273,
      0.9184272942893633,
      0.9390387734040985,
      0.9629629629629629,
      0.9190024396855515,
      0.9576719576719577
   ],
   "ct_f1_weighted": [
      0.9395141700404858,
      0.7584233320541637,
      0.9798998998998999,
      0.8602955665024631,
      0.9800591133004926,
      0.9201773399014778,
      0.939876160990712,
      0.96,
      0.9202645703442667,
      0.96
   ],
   "em_f1_micro": [
      0.8399999999999999,
      0.7,
      0.96,
      0.8599999999999999,
      0.8399999999999999,
      0.92,
      0.8599999999999999,
      0.8399999999999999,
      0.8599999999999999,
      0.88
   ],
   "em_f1_macro": [
      0.8380194710839873,
      0.694442921623449,
      0.960586651814722,
      0.8597168597168597,
      0.8352794985655025,
      0.9184272942893633,
      0.8607142857142858,
      0.8459276018099547,
      0.8487235349980448,
      0.8799762329174093
   ],
   "em_f1_weighted": [
      0.8431255448997385,
      0.7003431829395319,
      0.9603965469228628,
      0.8599227799227799,
      0.8414122032783291,
      0.9201773399014778,
      0.861,
      0.8397556561085971,
      0.8573621585386292,
      0.8824955436720142
   ],
   "gt": [
      0,
      0,
      0,
      0,
      0,
      0,
      0,
      0,
      0,
      0,
      0,
      0,
      0,
      0,
      1,
      1,
      1,
      1,
      1,
      1,
      1,
      1,
      1,
      1,
      1,
      1,
      1,
      1,
      1,
      1,
      1,
      1,
      2,
      2,
      2,
      2,
      2,
      2,
      2,
      2,
      2,
      2,
      2,
      2,
      2,
      2,
      2,
      2,
      2,
      2
   ]
}