{
   "worker_count": 40,
   "expertise_scores": [
      [
         0.6976220750119397,
         0.47003382068392924,
         0.6081818708971316,
         0.4395405754530488,
         0.7701847078370758,
         0.35983263943316035,
         0.32863798116250087,
         0.6027209916478116,
         0.5478524072683174,
         0.7432883528067602,
         0.7040723463821997,
         0.3886523294617535,
         0.6640234917629346,
         0.40202017064680073,
         0.45153121095808335,
         0.4772287369808689,
         0.6782719677794931,
         0.4104231586445016,
         0.4459916039868346,
         0.5245891956167116,
         0.7171117038028366,
         0.578597588311085,
         0.46057599660807536,
         0.524978930042713,
         0.7113276804911014,
         0.3519575906764243,
         0.7725682897163895,
         0.5330715659763978,
         0.7369516917544814,
         0.6933892683859486,
         0.7264565834023562,
         0.5444442736196741,
         0.6445992682598591,
         0.7814267245715836,
         0.6511641399540764,
         0.4470250108493106,
         0.5134418981057689,
         0.646056911579052,
         0.7168947297306361,
         0.47843573773244885
      ],
      [
         0.4637581831661092,
         0.6191954791323,
         0.587448676127492,
         0.5181507228119653,
         0.7692718875653657,
         0.68260285041614,
         0.4728737658881158,
         0.7632795054862147,
         0.7751149799342989,
         0.5725919092522813,
         0.48076546835699624,
         0.4667703724599702,
         0.56144161538011,
         0.45051749385436934,
         0.7134420755538298,
         0.48627319972983196,
         0.5574706318851019,
         0.4450560823271984,
         0.6542563391437188,
         0.6554914797189202,
         0.6094229260715088,
         0.6333030527425134,
         0.3832360314217564,
         0.5596374674081053,
         0.6614910031030741,
         0.6337451175803958,
         0.6782248676127043,
         0.7162156499704855,
         0.7869404303675984,
         0.5302743785193882,
         0.6537305820206972,
         0.41195343308133514,
         0.40732403263750383,
         0.43139893545018015,
         0.6493524624819558,
         0.6094639072302566,
         0.4711118072937192,
         0.6882002490050451,
         0.7282104887918259,
         0.6012999586054049
      ],
      [
         0.6760045871369937,
         0.774453071229563,
         0.492490756313158,
         0.764380081568298,
         0.6009412860121834,
         0.7837810313853288,
         0.5069381652617904,
         0.544694141864272,
         0.5297928625123517,
         0.4200665354238108,
         0.7869167504205778,
         0.6638151195750085,
         0.6611876845077148,
         0.7218878389319348,
         0.36066865400565595,
         0.780535554903005,
         0.5383689039289496,
         0.5542134610853016,
         0.5816716990171977,
         0.7872566879539827,
         0.6203441779761282,
         0.5433834976802738,
         0.5880308757471541,
         0.40333679300345404,
         0.6069727843765889,
         0.5117159260974796,
         0.6012696497672765,
         0.38792726782346165,
         0.6007238991124124,
         0.34565548665188334,
         0.40615348899286385,
         0.5811376198995539,
         0.47987803826746567,
         0.7847662497427876,
         0.7372193575986343,
         0.7367844248787765,
         0.7161230393997462,
         0.3511836765565772,
         0.448502380785741,
         0.5758133015014101
      ],
      [
         0.3930072598452104,
         0.7940869037807818,
         0.7752440779666183,
         0.5991497712184959,
         0.6786198926237585,
         0.6355245966458991,
         0.45806937711052753,
         0.765243809348761,
         0.4227413149371114,
         0.555617165113109,
         0.5719902261814386,
         0.6661780645678301,
         0.5057158446057604,
         0.7437010528364439,
         0.47082545066990855,
         0.3847051310289649,
         0.4573649204288898,
         0.4289891367920188,
         0.47075034730567733,
         0.637348810419182,
         0.6262656578602284,
         0.33994553905538977,
         0.44119495241018775,
         0.539124529480478,
         0.6461428649985782,
         0.5161390714025091,
         0.33799351983741893,
         0.7650706843311328,
         0.7305448019501803,
         0.5781607234713598,
         0.7698203550085421,
         0.7565580273412762,
         0.5356172094058386,
         0.530352756410116,
         0.48978882209271124,
         0.6924221416390779,
         0.3466512253753331,
         0.5891718371757757,
         0.34577798839066215,
         0.6656271516227299
      ],
      [
         0.7468338623270876,
         0.3521026004914691,
         0.6093189932215015,
         0.3315632316184185,
         0.5095541816120355,
         0.40072624455988487,
         0.7753951593540325,
         0.3830887873294337,
         0.40164238583197603,
         0.44296876221449705,
         0.6004922079264754,
         0.6869401438523016,
         0.3384734692022999,
         0.46592440811030433,
         0.4200540933652466,
         0.6590238507246395,
         0.6617061331712304,
         0.6679404567322887,
         0.555363476656117,
         0.5519202637694282,
         0.4194794097444303,
         0.4528201679570757,
         0.6930835910029776,
         0.7730223477353089,
         0.5073042286462823,
         0.5028688870593871,
         0.6540771494095199,
         0.4844486728343943,
         0.6681085408106295,
         0.6241049546934163,
         0.5773084095731786,
         0.5128622677061984,
         0.5825668928596119,
         0.598290503693435,
         0.44271419650421695,
         0.5918489872693837,
         0.48420304963754085,
         0.6537385797776392,
         0.5829452056376229,
         0.4606973158943629
      ],
      [
         0.7330195678210976,
         0.6842929218152938,
         0.6173280956520153,
         0.5104183260394326,
         0.3838755876835255,
         0.5015663790966912,
         0.6890790386387304,
         0.7877752542129441,
         0.7548292866467674,
         0.5639722393844921,
         0.40391658612082626,
         0.33199423138127093,
         0.39660522842425944,
         0.7352372901879325,
         0.42652345296830874,
         0.7256325688332137,
         0.39256516965871435,
         0.7007334501575604,
         0.6678747955851678,
         0.7135795095432078,
         0.5296612511071597,
         0.6866454123530223,
         0.4602982271863292,
         0.47413713529803236,
         0.4113893045157418,
         0.4838689291315673,
         0.7940970160774444,
         0.4629652931124161,
         0.5905434344678274,
         0.6732714622153104,
         0.5410706781646937,
         0.789744244790006,
         0.4590073807621464,
         0.5725821306609862,
         0.41820852823629,
         0.7032998134381642,
         0.769541977662844,
         0.6540010927294077,
         0.6407303453586651,
         0.5076926172034328
      ],
      [
         0.48296370641340025,
         0.4612283034510088,
         0.6297330113254263,
         0.7634575381038284,
         0.6895555708433054,
         0.46625971194568216,
         0.4685393042762851,
         0.6542975937050726,
         0.6979404018283948,
         0.430458218710184,
         0.6591664042524863,
         0.46769606914864026,
         0.5938061753644329,
         0.6392171786060667,
         0.7609347995483371,
         0.6991695189861336,
         0.4533859680632776,
         0.6524688461937085,
         0.35502352440213647,
         0.6557684631327401,
         0.724598462849243,
         0.703895237052471,
         0.6075858414072806,
         0.7603417436360462,
         0.6579516997109847,
         0.7412794355995929,
         0.5303127194456603,
         0.7093026100646269,
         0.3407737038266411,
         0.6949957446247635,
