{
   "worker_count": 5,
   "expertise_scores": [
      [
         0.39901428335931377,
         0.4249560242787487,
         0.6212354203055097,
         0.6887978914855976,
         0.33269871735071543
      ],
      [
         0.6603980514191538,
         0.6979850914527436,
         0.38469439966302355,
         0.7410862149453465,
         0.6579726919689325
      ],
      [
         0.44822757356967763,
         0.6407710047322117,
         0.33542505116247046,
         0.5340220896963891,
         0.5692986068400812
      ],
      [
         0.5827919694867751,
         0.5746813711829883,
         0.7665749124716016,
         0.44148488932748514,
         0.3824168389958747
      ],
      [
         0.7090938614749749,
         0.5192282995638828,
         0.5212729468451827,
         0.5346771107821509,
         0.4219449398651987
      ],
      [
         0.4555835393560824,
         0.4113889771657985,
         0.4182901367148348,
         0.6830627665392979,
         0.6342015136271044
      ],
      [
         0.7322863024081985,
         0.5234735425398951,
         0.43700482711054217,
         0.7663650389397246,
         0.37588517932242166
      ],
      [
         0.6839461524795157,
         0.7707412897880664,
         0.5160018996750033,
         0.5109327136809458,
         0.5042826986833271
      ],
      [
         0.7658088007378633,
         0.6245498788793058,
         0.3493442741543027,
         0.4663396256120236,
         0.7742509414235343
      ],
      [
         0.6252253136320642,
         0.4165949072780775,
         0.4026773970904751,
         0.6423410691822731,
         0.5295220601337415
      ]
   ],
   "mv_f1_micro": [
      0.62,
      0.82,
      0.56,
      0.78,
      0.64,
      0.66,
      0.76,
      0.76,
      0.82,
      0.6
   ],
   "mv_f1_macro": [
      0.6162162162162161,
      0.8274131274131274,
      0.5553410553410555,
      0.7845559845559845,
      0.6395562770562772,
      0.6601307189542484,
      0.7568294100552165,
      0.7563400839262907,
      0.8112250712250711,
      0.6052836484983315
   ],
   "mv_f1_weighted": [
      0.6228468468468469,
      0.8193204633204633,
      0.5597683397683397,
      0.7787490347490348,
      0.6470844155844157,
      0.659607843137255,
      0.7606015693112467,
      0.7616748768472905,
      0.8185230769230769,
      0.604051167964405
   ],
   "ct_f1_micro": [
      0.66,
      0.8399999999999999,
      0.6,
      0.76,
      0.72,
      0.68,
      0.76,
      0.78,
      0.8599999999999999,
      0.68
   ],
   "ct_f1_macro": [
      0.6574139333152617,
      0.8420408237852457,
      0.5960141960141959,
      0.7603567742886628,
      0.7177157453019521,
      0.6825396825396824,
      0.7559845559845559,
      0.7780457942729747,
      0.8499775078722447,
      0.6819420226678291
   ],
   "ct_f1_weighted": [
      0.6635554350772569,
      0.8376799517570308,
      0.6010286650286649,
      0.7583281733746131,
      0.7199605911330049,
      0.6868571428571428,
      0.7593204633204632,
      0.779599802642399,
      0.8564372469635627,
      0.6797231909328684
   ],
   "em_f1_micro": [
      0.68,
      0.76,
      0.54,
      0.76,
      0.68,
      0.66,
      0.62,
      0.66,
      0.76,
      0.68
   ],
   "em_f1_macro": [
      0.6641083347760017,
      0.7685185185185185,
      0.5104998521147589,
      0.7675675675675676,
      0.6782407407407408,
      0.6531909483854563,
      0.5839802758929844,
      0.6605392156862746,
      0.7496500147362216,
      0.6794717197817973
   ],
   "em_f1_weighted": [
      0.6741600784811587,
      0.7588888888888888,
      0.505625554569654,
      0.7604015444015444,
      0.6825,
      0.6567505720823799,
      0.6002225074882327,
      0.6663235294117646,
      0.7546220159151195,
      0.6745701981050819
   ],
   "gt": [
      0,
      0,
      0,
      0,
      0,
      0,
      0,
      0,
      0,
      0,
      0,
      0,
      0,
      0,
      1,
      1,
      1,
      1,
      1,
      1,
      1,
      1,
      1,
      1,
      1,
      1,
      1,
      1,
      1,
      1,
      1,
      1,
      2,
      2,
      2,
      2,
      2,
      2,
      2,
      2,
      2,
      2,
      2,
      2,
      2,
      2,
      2,
      2,
      2,
      2
   ]
}