{
   "worker_count": 20,
   "expertise_scores": [
      [
         0.40399836728699834,
         0.36548614975356575,
         0.49743875988427,
         0.43157225250155784,
         0.5367954075716036,
         0.5612827810327686,
         0.7673719733594292,
         0.6691836565247233,
         0.5425041402288437,
         0.7503649993989503,
         0.5127843564050374,
         0.3887109750742913,
         0.7312743168631581,
         0.5904921117021473,
         0.7079436835709769,
         0.6732483858541746,
         0.614093781889977,
         0.3975969927259701,
         0.44289946933441754,
         0.5128179476874427
      ],
      [
         0.3365012390592643,
         0.6930418586497847,
         0.43468345544865117,
         0.5256201891633394,
         0.7555635779726949,
         0.7066694774787041,
         0.7522378211700942,
         0.6420363480237179,
         0.5211709035078775,
         0.40652872116018646,
         0.7599110539791708,
         0.6760976858568648,
         0.7909360762320594,
         0.36871445511560363,
         0.4762365548538188,
         0.755322439247312,
         0.4100890644704631,
         0.3780921572979252,
         0.40314496556631735,
         0.6392072693909743
      ],
      [
         0.7265940191843364,
         0.6272542334148171,
         0.6130226762233214,
         0.4579537618610509,
         0.5137531919404009,
         0.5653508584900249,
         0.42248891643713193,
         0.534020307859847,
         0.3682252980983695,
         0.522146865865659,
         0.7197550562319627,
         0.7023852359438647,
         0.424781200596382,
         0.6943372118726983,
         0.5475112507354922,
         0.4566739342447697,
         0.3797900088291275,
         0.5253193731197299,
         0.408848206475661,
         0.7493856211268952
      ],
      [
         0.6119695087622493,
         0.5967203433767794,
         0.7564430693282918,
         0.47792266532728445,
         0.5721805809536332,
         0.668524971628359,
         0.39882092089506055,
         0.6256286952040038,
         0.5157485641134893,
         0.37775481766025204,
         0.626431433083241,
         0.6948619425909336,
         0.5545994935293518,
         0.660001922973673,
         0.5675184931471182,
         0.37803233563600963,
         0.5664079244628653,
         0.37281379830874084,
         0.7898518967031073,
         0.6780775527375182
      ],
      [
         0.7933215599635233,
         0.4930130872642955,
         0.6115265049749867,
         0.6686888165206456,
         0.51243943620846,
         0.46150271693959,
         0.7662305338856732,
         0.6873197836078249,
         0.4399932434862468,
         0.4525936187628691,
         0.5734631475145886,
         0.4629626934255403,
         0.5229916261883983,
         0.5437752786371194,
         0.4861281075762608,
         0.6522339486657691,
         0.4741011226915164,
         0.5855805878388949,
         0.6961116193918679,
         0.7256730624203662
      ],
      [
         0.7958005625672664,
         0.3933224613943135,
         0.33001416359988267,
         0.3866082943097698,
         0.4822033197662149,
         0.5747738960362581,
         0.5571836472523174,
         0.5546081516178382,
         0.3574282484297522,
         0.33168549671953246,
         0.6552624011988838,
         0.6201423786363365,
         0.5699832801912876,
         0.402153089833249,
         0.3617623784627907,
         0.7553076343965268,
         0.688911351898037,
         0.7242338010553511,
         0.736958240363945,
         0.3884434454037746
      ],
      [
         0.655777534689853,
         0.36600650520385875,
         0.7126970483930555,
         0.49859003309977656,
         0.38214278901394505,
         0.7861937495849229,
         0.6690137372497055,
         0.4411935002332303,
         0.7313221325860806,
         0.6602920429210929,
         0.5664160025846683,
         0.433596174967146,
         0.6193689277146173,
         0.7501819756819255,
         0.532524650419407,
         0.7311500635541761,
         0.4731265724044988,
         0.3607406709548989,
         0.7631954255497488,
         0.5531915501062983
      ],
      [
         0.7648083591370167,
         0.5321754582588397,
         0.49176373840299215,
         0.36006662929564504,
         0.42958525807095743,
         0.700024408639316,
         0.4494883670983153,
         0.34481831613214936,
         0.6446987521162248,
         0.49673317468468337,
         0.602948352060583,
         0.7096619277406806,
         0.33571775474238424,
         0.3449294332473668,
         0.44082884511924547,
         0.6374667874197195,
         0.4183284190291418,
         0.678391562196639,
         0.7282393732652297,
         0.7604692389819327
      ],
      [
         0.5223313316002418,
         0.7432782652841103,
         0.48330873259927165,
         0.494489083674736,
         0.5675458137278276,
         0.34717348426442596,
         0.5171621113082365,
         0.780333997030128,
         0.6033988554075982,
         0.4346870839520366,
         0.3631976217700088,
         0.5391017342603986,
         0.7580855862909592,
         0.6355639163524843,
         0.6808588248265492,
         0.3748219933693302,
         0.3589826004990663,
         0.6452851947173831,
         0.723976444443347,
         0.6863717306262973
      ],
      [
         0.4612041814677411,
         0.7345554722066012,
         0.5309636765152426,
         0.730124078196063,
         0.555016738493788,
         0.5590704731746873,
         0.3331509726294383,
         0.34447327661614835,
         0.620779802844634,
         0.7398764969317305,
         0.7720284834279549,
         0.6628368325694751,
         0.4682867026376476,
         0.5446184019300632,
         0.6429218474780465,
         0.637268805758164,
         0.3597818075506107,
         0.6465677890010539,
         0.36458395352287465,
         0.5860144011941416
      ]
   ],
   "mv_f1_micro": [
      0.96,
      1.0,
      0.94,
      0.98,
      0.96,
      0.8599999999999999,
      0.98,
      0.98,
      1.0,
      0.98
   ],
   "mv_f1_macro": [
      0.9576719576719577,
      1.0,
      0.9421087754421088,
      0.9814671814671815,
      0.9604634190841087,
      0.8602821986442676,
      0.9814671814671815,
      0.9789819376026273,
      1.0,
      0.9789819376026273
   ],
   "mv_f1_weighted": [
      0.96,
      1.0,
      0.9404404404404404,
      0.9799845559845559,
      0.9600591133004925,
      0.8573806366047747,
      0.9799845559845559,
      0.9800591133004926,
      1.0,
      0.9800591133004926
   ],
   "ct_f1_micro": [
      0.98,
      1.0,
      0.92,
      0.98,
      0.96,
      0.92,
      0.98,
      1.0,
      1.0,
      1.0
   ],
   "ct_f1_macro": [
      0.9789819376026273,
      1.0,
      0.9207527365422102,
      0.9814671814671815,
      0.9598888949801729,
      0.9204477204477204,
      0.9814671814671815,
      1.0,
      1.0,
      1.0
   ],
   "ct_f1_weighted": [
      0.9800591133004926,
      1.0,
      0.9205668016194332,
      0.9799845559845559,
      0.9594386272682419,
      0.9194168714168715,
      0.9799845559845559,
      1.0,
      1.0,
      1.0
   ],
   "em_f1_micro": [
      0.94,
      0.96,
      0.94,
      0.94,
      0.94,
      0.92,
      0.96,
      0.98,
      0.98,
      0.94
   ],
   "em_f1_macro": [
      0.9369458128078817,
      0.960586651814722,
      0.9396396396396397,
      0.9414158000364896,
      0.9414158000364896,
      0.9205920205920206,
      0.9601267934601267,
      0.9789819376026273,
      0.9789819376026273,
      0.9396825396825398
   ],
   "em_f1_weighted": [
      0.9401773399014778,
      0.9603965469228626,
      0.9405250965250965,
      0.9394876847290641,
      0.9394876847290641,
      0.919953667953668,
      0.9598998998999,
      0.9800591133004926,
      0.9800591133004926,
      0.9401904761904761
   ],