{
   "worker_count": 15,
   "expertise_scores": [
      [
         0.7209534005983425,
         0.5144939021095009,
         0.34044921865985855,
         0.7932209380329666,
         0.19223809326113087,
         0.703348123314714,
         0.32534704486793775,
         0.783126992825852,
         0.21388942845467004,
         0.4473039893041041,
         0.4369333487855598,
         0.42550352529352903,
         0.26071397672721375,
         0.6075290025990964,
         0.7881031351901747
      ],
      [
         0.38823294133925457,
         0.29785195675783277,
         0.38512457111579285,
         0.6764874161403744,
         0.48306071900305214,
         0.7319855424887839,
         0.36732209950019895,
         0.32543887034072216,
         0.6973113353350966,
         0.2804337533426236,
         0.25854866336068627,
         0.7578172111037261,
         0.6982903215495643,
         0.32208783140514,
         0.7980851680876386
      ],
      [
         0.6228247022930044,
         0.1998743134638328,
         0.4980314362037599,
         0.20301052719887855,
         0.6895057068581363,
         0.7905765179148898,
         0.32531277513710743,
         0.37851628909331586,
         0.6262855337409753,
         0.3975846462796637,
         0.6169093008093078,
         0.6622195106995445,
         0.29865562142596885,
         0.39701407093534125,
         0.676401960616881
      ],
      [
         0.736698188070966,
         0.3230311858366587,
         0.7785831304586774,
         0.7621701373152207,
         0.5997727847365915,
         0.48306752793147556,
         0.5252476478612403,
         0.47003398123395956,
         0.4300124138434219,
         0.7482711535946671,
         0.36997941958715785,
         0.5399989698992356,
         0.3418081035644909,
         0.2770519636205231,
         0.37447396197477856
      ],
      [
         0.6463725141080876,
         0.5665785514549152,
         0.7273218716369559,
         0.733488146929711,
         0.6149565479805384,
         0.5933430155353729,
         0.30687552915969285,
         0.33052985369466137,
         0.23358655715956064,
         0.2034917456793032,
         0.632468419580609,
         0.35041786405006903,
         0.7297643699998513,
         0.672768841835529,
         0.20578928434794638
      ],
      [
         0.734671664254107,
         0.5186959905809438,
         0.3970274672073343,
         0.6266867810403927,
         0.4346364151300882,
         0.35468433099436636,
         0.5023100883776966,
         0.6921870262060847,
         0.3840093548998603,
         0.4196665392592902,
         0.48925278708319875,
         0.482146525028452,
         0.5135227960800866,
         0.5100144094285142,
         0.5079133618853713
      ],
      [
         0.6508804277901957,
         0.4303558778886144,
         0.7446321527820456,
         0.3380147001368714,
         0.6920840481616873,
         0.3325060057751794,
         0.4775097688431731,
         0.30575803855368305,
         0.6415641022591612,
         0.4564958045663404,
         0.7016525526658641,
         0.2681816680789126,
         0.63834337534349,
         0.6267867672009836,
         0.7123637126633701
      ],
      [
         0.6893959181702608,
         0.4868733942668896,
         0.2629489768341241,
         0.4447095430398784,
         0.6747553527274187,
         0.5998662389100685,
         0.5976507001066678,
         0.6793421966652693,
         0.3265205436441697,
         0.42589923255157336,
         0.6301798505704731,
         0.5672634676655083,
         0.5956062635174759,
         0.5690228463400563,
         0.2870822918256416
      ],
      [
         0.7899813516358714,
         0.6562402923345662,
         0.5515078774305489,
         0.6042881512656635,
         0.47694743176963583,
         0.5001327915857856,
         0.5880001250935928,
         0.5237445040168133,
         0.7489154704995875,
         0.5446550646470372,
         0.41074113164625947,
         0.35323077708987705,
         0.2765865476488659,
         0.3948722979784497,
         0.7208149754100834
      ],
      [
         0.41382627374696834,
         0.33353512671315966,
         0.5847065424589817,
         0.6075535481223091,
         0.44644207858117946,
         0.4821949257868552,
         0.44038937754516805,
         0.6106180872870743,
         0.7978681552748189,
         0.25627035960415057,
         0.57971196222022,
         0.6999801906969099,
         0.700206157819988,
         0.5180776413598358,
         0.7891568379201803
      ]
   ],
   "mv_f1_micro": [
      0.962037962037962,
      0.949050949050949,
      0.9400599400599401,
      0.9560439560439561,
      0.948051948051948,
      0.9500499500499501,
      0.97002997002997,
      0.955044955044955,
      0.967032967032967,
      0.98001998001998
   ],
   "mv_f1_macro": [
      0.9615987873439179,
      0.9491965464144385,
      0.9402280914665722,
      0.9563771308620913,
      0.9482554035928878,
      0.9493338855599138,
      0.9700449975039105,
      0.9551097676271745,
      0.9666294151446669,
      0.9795400950605814
   ],
   "mv_f1_weighted": [
      0.9620646117453787,
      0.9490269919606082,
      0.9399938152154601,
      0.9560108772780658,
      0.9480609093818407,
      0.9499383830185296,
      0.970038819090134,
      0.9550445375775359,
      0.9670810881590581,
      0.9799881829353733
   ],
   "ct_f1_micro": [
      0.991008991008991,
      0.9790209790209791,
      0.971028971028971,
      0.9760239760239761,
      0.9790209790209791,
      0.962037962037962,
      0.98001998001998,
      0.9660339660339661,
      0.978021978021978,
      0.985014985014985
   ],
   "ct_f1_macro": [
      0.9909159379106687,
      0.9789611007942854,
      0.9711219959645373,
      0.9761546761532471,
      0.9788904636252121,
      0.9610247002793126,
      0.9797534035497112,
      0.9660178793927094,
      0.9778197744449626,
      0.9845537902411821
   ],
   "ct_f1_weighted": [
      0.9910066936897638,
      0.9790385570278112,
      0.9710529730887958,
      0.9760217514461693,
      0.9789824176512311,
      0.9619211077833397,
      0.9800282251401636,
      0.9660259257729087,
      0.9780351296029369,
      0.9849595079421212
   ],