{
   "worker_count": 20,
   "expertise_scores": [
      [
         0.5355917013565752,
         0.19403834647884982,
         0.7850933403859891,
         0.622890209714683,
         0.2889238789554829,
         0.41782721561550384,
         0.5297194930679829,
         0.20500792657944114,
         0.4517005263440027,
         0.5659896744037073,
         0.5999576251378862,
         0.41515381919028904,
         0.7205640581526735,
         0.3229877456340021,
         0.6145372928455108,
         0.7271940371956719,
         0.36292638909085917,
         0.5152002208793527,
         0.6185147320267379,
         0.6771213314734559
      ],
      [
         0.5048211713233923,
         0.6080143023900004,
         0.5638911610494641,
         0.6159186319247326,
         0.5030021497314179,
         0.32979071394149484,
         0.5776485240008127,
         0.4639804675682804,
         0.6681356620306281,
         0.6046388156040328,
         0.3570382583581577,
         0.709006321116354,
         0.5886646865028405,
         0.2100623653887519,
         0.5834741289673718,
         0.546004685315171,
         0.5825572243797162,
         0.6644431445257245,
         0.506621291916397,
         0.2254654423359923
      ],
      [
         0.6637484490963775,
         0.4579094075432084,
         0.49560275907506224,
         0.7544728862751978,
         0.7165360767924537,
         0.4279441556859923,
         0.27697954327275487,
         0.607909955656137,
         0.3232702828377332,
         0.7221677675874782,
         0.7767509964003748,
         0.7739096444475645,
         0.4851804962984577,
         0.4612647401415432,
         0.4748200727519757,
         0.44057270979113006,
         0.2742097671172558,
         0.205368741685387,
         0.6818243433657437,
         0.5196984859665228
      ],
      [
         0.6136406455931209,
         0.32110771321370346,
         0.5780768878143464,
         0.31697624946974046,
         0.6537908938733724,
         0.27953654679512263,
         0.6869518151229821,
         0.6675944551471134,
         0.7029310966266684,
         0.5712191627364347,
         0.2989459993686163,
         0.2746148334014118,
         0.4811931786105861,
         0.706547643159145,
         0.2512259513001004,
         0.29882799893948875,
         0.487870104907453,
         0.2599043797615096,
         0.779357761787135,
         0.4026785061748925
      ],
      [
         0.7452759887283925,
         0.533892541040492,
         0.5639157642322263,
         0.2361843361139886,
         0.7363508309083568,
         0.4866105852485707,
         0.28838767342155247,
         0.7549600112557975,
         0.4615744255432819,
         0.6970304347213933,
         0.6789349738949965,
         0.49051773260963283,
         0.7719305367167683,
         0.2620373550584158,
         0.22783604385112755,
         0.6349423083019837,
         0.43020456153033837,
         0.19831952108562861,
         0.21089056005788986,
         0.43475986488736684
      ],
      [
         0.49127589201007227,
         0.7781616767247602,
         0.5183279481360641,
         0.41626221030548344,
         0.378751288467844,
         0.317528809593885,
         0.3483896892176151,
         0.39442033930233766,
         0.7920537036478108,
         0.797770908298429,
         0.26478885424862114,
         0.35220520703457625,
         0.3105652131242794,
         0.5103683003386954,
         0.7658964344174212,
         0.2812766176457716,
         0.43539285937622146,
         0.29539540398890163,
         0.7709463827735283,
         0.3928249954397627
      ],
      [
         0.43162673317379674,
         0.2353636987988875,
         0.540368156947124,
         0.4788246058269434,
         0.5457010340891116,
         0.7746817635114472,
         0.4497566359088867,
         0.6566503058866136,
         0.6972100731735692,
         0.4758522116568308,
         0.5275605302368317,
         0.5260400305827543,
         0.2547476257513054,
         0.3042191117163067,
         0.3229821751366114,
         0.2625006545610794,
         0.6010812837877582,
         0.5769645934877539,
         0.23040316012858827,
         0.19765706727516333
      ],
      [
         0.31409598099653285,
         0.5680135557667778,
         0.4363826546396986,
         0.5352307158471545,
         0.3513696004782866,
         0.7063735985925509,
         0.778418512029813,
         0.5673618511342771,
         0.5110017623715564,
         0.24736160260186676,
         0.7893284752379053,
         0.7074221930507987,
         0.5659270562828641,
         0.7459667366412354,
         0.2073612088525578,
         0.3845130160024326,
         0.7522165074998745,
         0.2011613372426324,
         0.7527947586891651,
         0.6450535741098025
      ],
      [
         0.7578328694408506,
         0.7290859812159289,
         0.5646834798723896,
         0.5916885068209486,
         0.516731476099216,
         0.615462633357286,
         0.5093181194541433,
         0.5511639999034953,
         0.5034218330551647,
         0.6228684923844996,
         0.48304776079331013,
         0.4284286973731355,
         0.19413599413263466,
         0.49861531225066313,
         0.1935550240778815,
         0.2262397088182262,
         0.7425374260765876,
         0.5893979627202258,
         0.776914711811591,
         0.593758785179071
      ],
      [
         0.520435589157493,
         0.7679988086988303,
         0.3480765672107205,
         0.21234875018376437,
         0.324785293547149,
         0.3070516798739253,
         0.6498558470374367,
         0.29896741237716734,
         0.2053251149359982,
         0.3656207675988308,
         0.7822603691857166,
         0.7163185036183006,
         0.7032278756713499,
         0.6511079658302263,
         0.4145475320347387,
         0.5923648788938721,
         0.7811980436823984,
         0.2916820135213489,
         0.34148718319129256,
         0.31399716106336373
      ]
   ],
   "mv_f1_micro": [
      0.97002997002997,
      0.97002997002997,
      0.985014985014985,
      0.965034965034965,
      0.978021978021978,
      0.958041958041958,
      0.935064935064935,
      0.987012987012987,
      0.987012987012987,
      0.962037962037962
   ],
   "mv_f1_macro": [
      0.9696487516185748,
      0.9702636748161693,
      0.9850204412000085,
      0.9641868382331286,
      0.977551558423842,
      0.958270960164667,
      0.9358023009444818,
      0.9874192700483404,
      0.9868861163058187,
      0.9613668154621282
   ],
   "mv_f1_weighted": [
      0.9700518920438309,
      0.9700542284093882,
      0.985013817612747,
      0.9650445787601372,
      0.9780222328136218,
      0.9580507589152203,
      0.9350535559607046,
      0.9870125112861542,
      0.9870277691860189,
      0.9620780535579722
   ],
   "ct_f1_micro": [
      0.988011988011988,
      0.984015984015984,
      0.995004995004995,
      0.986013986013986,
      0.9920079920079921,
      0.9820179820179821,
      0.973026973026973,
      0.997002997002997,
      0.993006993006993,
      0.9820179820179821
   ],
   "ct_f1_macro": [
      0.9879066785140267,
      0.9839604096446655,
      0.9950755190419317,
      0.9860516008439844,
      0.991865786668356,
      0.9821585936053945,
      0.9730265938543212,
      0.9971079722109393,
      0.9930468095586962,
      0.9817091801785945
   ],
   "ct_f1_weighted": [
      0.988016803723248,
      0.9840254956757206,
      0.9950051575410571,
      0.986003912982026,
      0.9920055662761087,
      0.9820286401135342,
      0.9730097617928146,
      0.997000495680235,
      0.9930055796192486,
      0.9820253106055572
   ],