{
   "worker_count": 13,
   "expertise_scores": [
      [
         0.2230053565477708,
         0.7399501253367994,
         0.19385411340606587,
         0.4698994944205982,
         0.5999024870233333,
         0.770246127243253,
         0.5737077698508533,
         0.2861475902125309,
         0.4284913806326933,
         0.399006584145454,
         0.7298967948042769,
         0.6763452627841203,
         0.32711746564324173
      ],
      [
         0.6785589763320942,
         0.3231621059090335,
         0.6787828202309654,
         0.33190249505449704,
         0.2831654992005187,
         0.38898032782208225,
         0.25144144817110853,
         0.37208951574733984,
         0.5017304647466511,
         0.2769441025888479,
         0.2547870718478237,
         0.536488605277007,
         0.39339716671548136
      ],
      [
         0.6800717563649544,
         0.7331554646169652,
         0.5758755360425479,
         0.27170860731876956,
         0.3143918134393083,
         0.3091596937276246,
         0.3131895927091167,
         0.5033777754409742,
         0.2925505784478954,
         0.637933727688848,
         0.6518618810008633,
         0.5866391442781171,
         0.3664970386485984
      ],
      [
         0.25447341920144984,
         0.3609790635832386,
         0.6618661292535578,
         0.37240371681534334,
         0.40817091608471545,
         0.6432092631665391,
         0.47101054466973424,
         0.7767326305651547,
         0.27260313688945825,
         0.33381328473380345,
         0.46590327088598205,
         0.5147174056892551,
         0.683880402552582
      ],
      [
         0.2869321813947374,
         0.6079232846488644,
         0.47468192521167807,
         0.2020476080794283,
         0.7712513532957849,
         0.6208320537871193,
         0.26860726411995606,
         0.6072914389993529,
         0.34297948756399205,
         0.5462753924933313,
         0.772002377188229,
         0.7312724487587238,
         0.20272707507339394
      ],
      [
         0.570057560880649,
         0.7880163693012209,
         0.5423507342987443,
         0.6348572046083879,
         0.6855184961126856,
         0.5300355425355188,
         0.5633214951840351,
         0.37188999877134954,
         0.6995743026435424,
         0.4321889172506301,
         0.6117680776839742,
         0.5467074852389647,
         0.3792081874408971
      ],
      [
         0.4022498725801725,
         0.4451729909992842,
         0.4284563862700149,
         0.7069381702642042,
         0.39292262253387417,
         0.4082399263195585,
         0.5899664563391914,
         0.6667573689684313,
         0.565419844755944,
         0.6959795760239037,
         0.5856601083501926,
         0.6380442836575632,
         0.3063792278774101
      ],
      [
         0.2540288897474452,
         0.6077569114843522,
         0.3518763888755487,
         0.3231441686643284,
         0.4886431779408774,
         0.6430368659841103,
         0.7050922997324941,
         0.34948496009275964,
         0.47288138133593904,
         0.5543734804287059,
         0.699069824956743,
         0.32332979387673183,
         0.48748389775661816
      ],
      [
         0.2518268692001007,
         0.2930492447333874,
         0.6659441663221627,
         0.22636849907582468,
         0.23799472022676832,
         0.22961099405843116,
         0.647436553191498,
         0.4030951680892012,
         0.5571787896704963,
         0.22984005503989235,
         0.4883403685383023,
         0.24247527051353512,
         0.36907176514733697
      ],
      [
         0.7742047267765055,
         0.7254870878942506,
         0.7966873964712745,
         0.38887206852477585,
         0.6942506756908654,
         0.5655641142051853,
         0.46527117654992156,
         0.3312778356185942,
         0.4702096787208824,
         0.7658076841758805,
         0.7413584752992881,
         0.4871278866860105,
         0.792637942828472
      ]
   ],
   "mv_f1_micro": [
      0.915084915084915,
      0.7642357642357642,
      0.9010989010989011,
      0.8951048951048951,
      0.922077922077922,
      0.9760239760239761,
      0.9410589410589411,
      0.8941058941058942,
      0.6913086913086913,
      0.984015984015984
   ],
   "mv_f1_macro": [
      0.9155653445643012,
      0.7632707722495554,
      0.9007353770341311,
      0.8942664426408327,
      0.9217283030374691,
      0.9760424714604282,
      0.9414883278233843,
      0.8933147683189496,
      0.6904867929945449,
      0.983950277581011
   ],
   "mv_f1_weighted": [
      0.9150653708186263,
      0.7645040919980091,
      0.9011111296468276,
      0.8950841476007267,
      0.9220918541171212,
      0.976003261024741,
      0.9410090426868963,
      0.8943254377842732,
      0.6914710362518949,
      0.9840165296811433
   ],
   "ct_f1_micro": [
      0.962037962037962,
      0.8521478521478522,
      0.948051948051948,
      0.936063936063936,
      0.9690309690309691,
      0.985014985014985,
      0.962037962037962,
      0.9370629370629371,
      0.7982017982017982,
      0.9920079920079921
   ],
   "ct_f1_macro": [
      0.962116096865669,
      0.8511301993412284,
      0.9473465273768553,
      0.935313756411643,
      0.9689608620222712,
      0.9851484097677993,
      0.9623387796531555,
      0.9365762953243839,
      0.7966463303689177,
      0.9918831973131539
   ],
   "ct_f1_weighted": [
      0.9620076592407485,
      0.8523779233795777,
      0.9480518038565477,
      0.9360752397587135,
      0.9689716282664176,
      0.9850174314385826,
      0.9620397504783579,
      0.9372079769916922,
      0.7982421655624446,
      0.9920166891929525
   ],