{
   "worker_count": 3,
   "expertise_scores": [
      [
         0.40634061609197386,
         0.30030128429464104,
         0.7760927267463785
      ],
      [
         0.20118834045236922,
         0.31105052808555533,
         0.3761859466068813
      ],
      [
         0.6169733139750142,
         0.3598891772947047,
         0.5051879695871975
      ],
      [
         0.7380292241402803,
         0.7809902160588462,
         0.45492565292720777
      ],
      [
         0.5734290615781917,
         0.4675815034463564,
         0.7584294279179294
      ],
      [
         0.4916316379404734,
         0.6290570644014125,
         0.2889350139868653
      ],
      [
         0.7582429463497725,
         0.3940069726816353,
         0.23003553040253613
      ],
      [
         0.40473438863488875,
         0.6065564681675184,
         0.23537088020682084
      ],
      [
         0.730042498848359,
         0.5300010370217539,
         0.7132564258259158
      ],
      [
         0.42943057973449755,
         0.25522303092639864,
         0.29979243771717456
      ]
   ],
   "mv_f1_micro": [
      0.5944055944055944,
      0.3196803196803197,
      0.5764235764235764,
      0.8061938061938062,
      0.7132867132867132,
      0.5834165834165834,
      0.5404595404595405,
      0.46653346653346656,
      0.7822177822177822,
      0.34165834165834164
   ],
   "mv_f1_macro": [
      0.5945837884868501,
      0.3192377386280171,
      0.5760210399346779,
      0.8050668694524171,
      0.7128703353386496,
      0.5814871589146424,
      0.5398184695942557,
      0.46557593229048405,
      0.7824326959701522,
      0.34078768241797963
   ],
   "mv_f1_weighted": [
      0.5940929244339573,
      0.31963236880352286,
      0.5769025581992441,
      0.8062368844054734,
      0.7134763791880778,
      0.5832552010874449,
      0.5411599026112599,
      0.46637709090162116,
      0.7821822155009791,
      0.3426862163780131
   ],
   "ct_f1_micro": [
      0.7362637362637363,
      0.3356643356643357,
      0.5734265734265734,
      0.8191808191808192,
      0.7682317682317682,
      0.6323676323676324,
      0.6743256743256744,
      0.5834165834165834,
      0.8151848151848152,
      0.34065934065934067
   ],
   "ct_f1_macro": [
      0.7368728154129641,
      0.3354347187558623,
      0.5729130426404458,
      0.8187624390223339,
      0.7674132660344837,
      0.6310510246547143,
      0.6733801867119447,
      0.5820673750753558,
      0.8154190796833678,
      0.3399386774623658
   ],
   "ct_f1_weighted": [
      0.7360675155728963,
      0.3357403252087486,
      0.5740242339561241,
      0.8191172993794695,
      0.768391503628415,
      0.6325049723797412,
      0.6750344855379041,
      0.5838923685016998,
      0.8150805729998235,
      0.3413691100023704
   ],
   "gt": [
      3,
      3,
      3,
      3,
      3,
      3,
      3,
      3,
      3,
      3,
      3,
      3,
      3,
      3,
      3,
      3,
      3,
      3,
      3,
      3,
      3,
      3,
      3,
      3,
      3,
      3,
      3,
      3,
      3,
      3,
      3,
      3,
      3,
      3,
      3,
      3,
      3,
      3,
      3,
      3,
      3,
      3,
      3,
      3,
      3,
      3,
      3,
      3,
      3,
      3,
      3,
      3,
      3,
      3,
      3,
      3,
      3,
      3,
      3,
      3,
      3,
      3,
      3,
      3,
      3,
      3,
      3,
      3,
      3,
      3,
      3,
      3,
      3,
      3,
      3,
      3,
      3,
      3,
      3,
      3,
      3,
      3,
      3,
      3,
      3,
      3,
      3,
      3,
      3,
      3,
      3,
      3,
      3,
      3,
      3,
      3,
      3,
      3,
      3,
      3,
      3,
      3,
      3,
      3,
      3,
      3,
      3,
      3,
      3,
      3,
      3,
      3,
      3,
      3,
      3,
      3,
      3,
      3,
      3,
      3,
      3,
      3,
      3,
      3,
      3,
      3,
      3,
      3,
      3,
      3,
      3,
      3,
      3,
      3,
      3,
      3,
      3,
      3,
      3,
      3,
      3,
      3,
      3,
      3,
      3,
      3,
      3,
      3,
      3,
      3,
      3,
      3,
      3,
      3,
      3,
      3,
      3,
      3,
      3,
      3,
      3,
      3,
      3,
      3,
      3,
      3,
      3,
      3,
      3,
      3,
      3,
      3,
      3,
      3,
      3,
      3,
      3,
      3,
      3,
      3,
      3,
      3,
      3,
      3,
      3,
      3,
      3,
      3,
      3,
      3,
      3,
      3,
      3,
      3,
      3,
      3,
      3,
      3,
      3,
      3,
      3,
      3,
      3,
      3,
      3,
      3,
      3,
      3,
      3,
      2,
      2,
      2,
      2,
      2,
      2,
      2,
      2,
      2,
      2,
      2,
      2,
      2,
      2,
      2,
      2,
      2,
      2,
      2,
      2,
      2,
      2,
      2,
      2,
      2,
      2,
      2,
      2,
      2,
      2,
      2,
      2,
      2,
      2,
      2,
      2,
      2,
      2,
      2,
      2,
      2,
      2,
      2,
      2,
      2,
      2,
      2,
      2,
      2,
      2,
      2,
      2,
      2,
      2,
      2,
      2,
      2,
      2,
      2,
      2,
      2,
      2,
      2,
      2,
      2,
      2,
      2,
      2,
      2,
      2,
      2,
      2,
      2,
      2,
      2,
      2,
      2,
      2,
      2,
      2,
      2,
      2,
      2,
      2,
      2,
      2,
      2,
      2,
      2,
      2,
      2,
      2,
      2,
      2,
      2,
      2,
      2,
      2,
      2,
      2,
      2,
      2,
      2,
      2,
      2,
      2,
      2,
      2,
      2,
      2,
      2,
      2,
      2,
      2,
      2,
      2,
      2,
      2,
      2,
      2,
      2,
      2,
      2,
      2,
      2,
      2,
      2,
      2,
      2,
      2,
      2,
      2,
      2,
      2,
      2,
      2,
      2,
      2,
      2,
      2,
      2,
      2,
      2,
      2,
      2,
      2,
      2,
      2,
      2,
      2,
      2,
      2,
      2,
      2,
      2,
      2,
      2,
      2,
      2,
      2,
      2,
      2,
      2,
      2,
      2,
      2,
      2,
      2,
      2,
      2,
      2,
      2,
      2,
      2,
      2,
      2,
      2,
      2,
      2,
      2,
      2,
      2,
      2,
      2,
      2,
      2,
      2,
      2,
      2,
      2,
      2,
      2,
      2,
      2,
      2,
      2,
      2,
      2,
      2,
      2,
      2,
      2,
      2,
      2,
      2,
      2,
      2,
      2,
      2,
      2,
      1,
      1,
      1,
      1,
      1,
      1,
      1,
      1,
      1,
      1,
      1,
      1,
      1,
      1,
      1,
      1,
      1,
      1,
      1,
      1,
      1,
      1,
      1,
      1,
      1,
      1,
      1,
      1,
      1,
      1,
      1,
      1,
      1,
      1,
      1,
      1,
      1,
      1,
      1,
      1,
      1,
      1,
      1,
      1,
      1,
      1,
      1,
      1,
      1,
      1,
      1,
      1,
      1,
      1,
      1,
      1,
      1,
      1,
      1,
      1,
      1,
      1,
      1,
      1,
      1,
      1,
      1,
      1,
      1,
      1,
      1,
      1,
      1,
      1,
      1,
      1,
      1,
      1,
      1,
      1,
      1,
      1,
      1,
      1,
      1,
      1,
      1,
      1,
      1,
      1,
      1,
      1,
      1,
      1,
      1,
      1,
      1,
      1,
      1,
      1,
      1,
      1,
      1,
      1,
      1,
      1,
      1,
      1,
      1,
      1,
      1,
      1,
      1,
      1,
      1,
      1,
      1,
      1,
      1,
      1,
      1,
      1,
      1,
      1,
      1,
      1,
      1,
      1,
      1,
      1,
      1,
      1,
      1,
      1,
      1,
      1,
      1,
      1,
      1,
      1,
      1,
      1,
      1,
      1,
      1,
      1,
      1,
      1,
      1,
      1,
      1,
      1,
      1,
      1,
      1,
