{
   "worker_count": 8,
   "expertise_scores": [
      [
         0.9189801140528864,
         0.6868712484416999,
         0.9412273392719739,
         0.5533815770719067,
         0.7072097607384937,
         0.8728907553206107,
         0.6374359700053942,
         0.9281964453644603
      ],
      [
         0.5347148299475887,
         0.9084855040343993,
         0.6394051051814358,
         0.7443750306312115,
         0.6168301976565167,
         0.6055721506925204,
         0.7994820197615673,
         0.7053777586565404
      ],
      [
         0.7735015265801574,
         0.6313744307699999,
         0.9861292697164017,
         0.6401238418487492,
         0.7416520443554874,
         0.9577751340847603,
         0.8669159882848321,
         0.6611582225254
      ],
      [
         0.6860613186836454,
         0.9309048327547302,
         0.8880998483782432,
         0.9042478015977822,
         0.9031770717770753,
         0.8570784588564752,
         0.6034889320107519,
         0.9237618390331221
      ],
      [
         0.5184730001875624,
         0.7776405068915062,
         0.8451521363778569,
         0.6086427064556255,
         0.8730236026184339,
         0.6518265622527966,
         0.9712769544855469,
         0.9047308990586632
      ],
      [
         0.836488550263728,
         0.9827987089046888,
         0.9509708387083484,
         0.8166877006894642,
         0.6199429544824077,
         0.8860304355923866,
         0.9644790048940011,
         0.5762861753159769
      ],
      [
         0.6861151732838264,
         0.7171172807706065,
         0.7823648060294108,
         0.5306251850466237,
         0.973592428263694,
         0.820812899059804,
         0.6064300867150499,
         0.5636650666539572
      ],
      [
         0.9046252692085671,
         0.5388226760857501,
         0.5241910246916965,
         0.5573572638025952,
         0.6344837553921402,
         0.8683592089325942,
         0.9631721439961212,
         0.531640253949007
      ],
      [
         0.9233211751839252,
         0.8827688067145265,
         0.5872475879069468,
         0.7823083964351971,
         0.8139440351992568,
         0.9101488359534431,
         0.8526436046080726,
         0.845181245335676
      ],
      [
         0.9297824778743543,
         0.5997132624353823,
         0.7075914716914533,
         0.8826132420083558,
         0.7366840902336396,
         0.6412465761851844,
         0.8088420678888186,
         0.7330253948433889
      ]
   ],
   "mv_f1_micro": [
      1.0,
      0.996,
      1.0,
      1.0,
      1.0,
      1.0,
      0.992,
      1.0,
      0.998,
      1.0
   ],
   "mv_f1_macro": [
      1.0,
      0.9960279383064192,
      1.0,
      1.0,
      1.0,
      1.0,
      0.992158790576512,
      1.0,
      0.9980272891665296,
      1.0
   ],
   "mv_f1_weighted": [
      1.0,
      0.9959989961093758,
      1.0,
      1.0,
      1.0,
      1.0,
      0.9920236971888872,
      1.0,
      0.9979996712148611,
      1.0
   ],
   "ct_f1_micro": [
      1.0,
      0.994,
      1.0,
      1.0,
      1.0,
      1.0,
      0.994,
      1.0,
      0.998,
      1.0
   ],
   "ct_f1_macro": [
      1.0,
      0.9940552274729489,
      1.0,
      1.0,
      1.0,
      1.0,
      0.9938598672775888,
      1.0,
      0.9980272891665296,
      1.0
   ],
   "ct_f1_weighted": [
      1.0,
      0.9939986673242369,
      1.0,
      1.0,
      1.0,
      1.0,
      0.9939961276416973,
      1.0,
      0.9979996712148611,
      1.0
   ],
   "em_f1_micro": [
      1.0,
      0.994,
      1.0,
      1.0,
      1.0,
      1.0,
      0.994,
      1.0,
      0.998,
      1.0
   ],
   "em_f1_macro": [
      1.0,
      0.9940552274729489,
      1.0,
      1.0,
      1.0,
      1.0,
      0.9941062102454506,
      1.0,
      0.9980272891665296,
      1.0
   ],
   "em_f1_weighted": [
      1.0,
      0.993998667324237,
      1.0,
      1.0,
      1.0,
      1.0,
      0.9940236971888872,
      1.0,
      0.9979996712148611,
      1.0
   ]
}