{
   "worker_count": 30,
   "expertise_scores": [
      [
         0.6987880059826274,
         0.8159555801332934,
         0.6986784561523608,
         0.9602834147520884,
         0.6129975431964154,
         0.7653516278310983,
         0.9467051432516349,
         0.9317923656903799,
         0.5149539656011134,
         0.6322292977772895,
         0.8109685261033532,
         0.7199075414262789,
         0.8112443038741646,
         0.5360248617833777,
         0.6235348952074324,
         0.9801229546998349,
         0.5432315495137537,
         0.7024293190842832,
         0.5282043245083636,
         0.8764478773754414,
         0.6789581417519913,
         0.5185245232040139,
         0.9227024926699448,
         0.6156341459674307,
         0.7372831641979298,
         0.7541313508648443,
         0.737688062364711,
         0.7878976003208698,
         0.5252780886035876,
         0.8196845722561255
      ],
      [
         0.9120960115469318,
         0.9631034510757286,
         0.696941495655067,
         0.9377919415349122,
         0.5830550179478202,
         0.5246047192844833,
         0.9071584822289274,
         0.782210376257187,
         0.6614583461033892,
         0.6717043030985198,
         0.5333430370716122,
         0.5726881948669449,
         0.650014093624863,
         0.5578680908702841,
         0.944295452723082,
         0.6536473695133025,
         0.6750922932005834,
         0.6496728467846169,
         0.9155153519440187,
         0.9281051101005291,
         0.8800530492604982,
         0.9100581839807267,
         0.6538212804654373,
         0.5535744306214366,
         0.7588589653840865,
         0.7550838301585492,
         0.7746981102293083,
         0.5985797753445993,
         0.6834201192546506,
         0.7328899160834803
      ],
      [
         0.9102977413331339,
         0.9465305164739055,
         0.6434893719706183,
         0.7535549913058782,
         0.9249994932927263,
         0.8051720417354766,
         0.5706391362413405,
         0.9143315372945833,
         0.7217796436383098,
         0.7014782429565548,
         0.9111409241321353,
         0.6367312852942895,
         0.5963879705260908,
         0.827681349740925,
         0.6282478163695433,
         0.747938960366877,
         0.8995071593536675,
         0.8812516954317144,
         0.9083656380830205,
         0.6524993808913164,
         0.7239237873190942,
         0.9434154769397399,
         0.6559941982671722,
         0.6651891559730876,
         0.6438132259598499,
         0.9048600562381781,
         0.672410220271991,
         0.5181956936193576,
         0.6689171494375401,
         0.9383283837915709
      ],
      [
         0.7606810715927659,
         0.8645750877882263,
         0.820503544985232,
         0.9320511980510774,
         0.5410771099085686,
         0.7135409950214779,
         0.8718513717663399,
         0.6695220605479488,
         0.780219240756548,
         0.6547925104575003,
         0.532710066772645,
         0.517178121235152,
         0.7824584319590902,
         0.8165618750218935,
         0.6141163760829389,
         0.8674852489903034,
         0.690105603501996,
         0.6054056474513805,
         0.6946729941629735,
         0.6377008606568326,
         0.5963069831600845,
         0.7326120039685675,
         0.6046491844283162,
         0.8986082727112416,
         0.6961029744115977,
         0.7615110910891747,
         0.5373837556746476,
         0.721452386636099,
         0.7955445272993908,
         0.5654065775680625
      ],
      [
         0.6377280087237517,
         0.8460945073641589,
         0.9252419569805426,
         0.7881757318801839,
         0.6671558126334133,
         0.6831306601130445,
         0.8355067246472292,
         0.6721227553712426,
         0.8594818671572564,
         0.7855362172987292,
         0.6328712576697499,
         0.8862582051787937,
         0.6677892283582555,
         0.9796680759414476,
         0.7418723066286186,
         0.8465273078849557,
         0.9399538877928435,
         0.7188851812060956,
         0.651679087279137,
         0.6113850875612739,
         0.8695158957057807,
         0.7341477507265376,
         0.7276409807998725,
         0.5462716812324224,
         0.9721599764322157,
         0.7197005505780418,
         0.7397282987739617,
         0.53453909713386,
         0.84046834898748,
         0.6200614240784528
      ],
      [
         0.6660121714252566,
         0.6077585141182088,
         0.9110794189297778,
         0.5368927202456674,
         0.9178985918034022,
         0.6117620579423348,
         0.5177767585431285,
         0.6672515094390042,
         0.5965242739466217,
         0.9196651472700936,
         0.9883504817028912,
         0.6911517568706532,
         0.6234812274367093,
         0.6153685801683544,
         0.7655792565154359,
         0.7127836377945362,
         0.7556031922023088,
         0.7590531413299795,
         0.547396140340576,
         0.7170118678664774,
         0.9015153847542761,
         0.5422045142491082,
         0.631933777050723,
         0.6380543659375475,
         0.7219072619685819,
         0.5283489199924956,
         0.6578179192613461,
         0.913662827187812,
         0.5313356383243139,
         0.6292670333082906
      ],
      [
         0.8013680298567998,
         0.8131742900743362,
         0.7464335977466232,
         0.582393911933474,
         0.6753011094836466,
         0.9794549803127662,
         0.732131870615893,
         0.780815528687794,
         0.5737802373973556,
         0.7725164204777548,
         0.6231474888936724,
         0.6883851396092472,
         0.7496603133755897,
         0.7918214963941828,
         0.7332196638549757,
         0.6231995141261548,
         0.8226705236351224,
         0.8140720539887907,
         0.8023555753695162,
         0.5561938121232909,
         0.6895409345990596,
         0.6372245365683908,
         0.69818263390954,
         0.6613075727345575,
         0.5685278718169312,
         0.6332251043880601,
         0.8724748688597458,
         0.9046987333661345,
         0.8008949708028652,
         0.8307986659499085
      ],
      [
         0.8293275821494404,
         0.9841059576358369,
         0.8077796876770997,
         0.8687611929866311,
         0.9387112621596733,
         0.5281582398906541,
         0.534680807407598,
         0.7279104271812613,
         0.7234001764342918,
         0.7326758007401811,
         0.6435635933326258,
         0.8239974305096924,
         0.7515050952475193,
         0.7361896938076431,
         0.9203054181691869,
         0.9786807139521723,
         0.6593094040608627,
         0.513261088458035,
         0.6450006223154278,
         0.7530292299725975,
         0.6102023295486516,
         0.674053048457909,
         0.8165708823075599,
         0.6553746623157392,
         0.944240376769997,
         0.7144183846465388,
         0.6676954045646774,
         0.7793805856161861,
         0.5538762173324946,
         0.6383485015880275
      ],
      [
         0.5830524584535633,
         0.8179534095596102,
         0.6927112955026993,
         0.8511690529820408,
         0.7240739920629962,
         0.7347386523865416,
         0.5398761246090382,
         0.5122146445136561,
         0.5256319834263711,
         0.742199124308054,
         0.7923739126471083,
         0.841990840515751,
         0.7310261068356714,
         0.5431671003425504,
         0.9597179014726556,
         0.9481920659439904,
         0.5380008972028458,
         0.6104795952910458,
         0.8304233243768272,
         0.7955896317806053,
         0.8218831430422386,
         0.5132166115207246,
         0.5527177728636915,
         0.6449069337878425,
         0.60231172583178,
         0.5454917803326929,
         0.9652231841062915,
         0.9191995707906513,
         0.6126845681525089,
         0.9365671218944144
      ],
      [
