{
   "worker_count": 13,
   "expertise_scores": [
      [
         0.7559761437808773,
         0.7357274468534866,
         0.8399393309373637,
         0.7123441120174143,
         0.5759262769604095,
         0.5458534767205554,
         0.88136125939485,
         0.7994060556526075,
         0.8148700061714029,
         0.9729707805497202,
         0.9862098403546622,
         0.7208274325841268,
         0.9335806402536594
      ],
      [
         0.769805765018721,
         0.6490317030142181,
         0.7515115206678854,
         0.8150580559964632,
         0.5100414168280075,
         0.6050388608439662,
         0.8772659996756107,
         0.740658922854135,
         0.7744249923234224,
         0.7341494403928935,
         0.8026349988008032,
         0.6283511989356725,
         0.8313323742443519
      ],
      [
         0.7832609387532974,
         0.7826735260764294,
         0.8816332647293881,
         0.525206399893816,
         0.5887852012032053,
         0.7386167172226904,
         0.7791936666240877,
         0.8369907217171089,
         0.8275920077850327,
         0.958806832697596,
         0.7105746636320458,
         0.6653161557370978,
         0.6115041897432082
      ],
      [
         0.6079811432781126,
         0.6898365734059767,
         0.6691210523767732,
         0.5346112132184379,
         0.6475762011715667,
         0.6303952830808748,
         0.7644551118095675,
         0.5265551515194274,
         0.6405660306716257,
         0.6991047233818399,
         0.9094898423717133,
         0.7028446910830257,
         0.8439556465011265
      ],
      [
         0.9035597979356188,
         0.9837031004730192,
         0.8684341173685366,
         0.8373541395867707,
         0.8064995751156152,
         0.9572449600797936,
         0.9688737140070485,
         0.9464140236647388,
         0.9329496022534762,
         0.5679471770243285,
         0.8587067852661465,
         0.6291868039386984,
         0.9754724945143843
      ],
      [
         0.8971010701824715,
         0.9381403136376221,
         0.5232796557198494,
         0.5548726989300345,
         0.9304968155355273,
         0.9368690320437585,
         0.5761772529945759,
         0.6047224304865635,
         0.8752658888329132,
         0.5856233471973714,
         0.6805228070589375,
         0.5408556004180434,
         0.8017135570034448
      ],
      [
         0.5712210797867976,
         0.8922674432901316,
         0.8675767598312043,
         0.7121749077025641,
         0.5773778939199197,
         0.6462425889955651,
         0.7641120992303939,
         0.7139178979389038,
         0.8530560033348769,
         0.6464487208979028,
         0.8097765463596711,
         0.7401328103542956,
         0.7606794061064979
      ],
      [
         0.5252850228049637,
         0.6049315685743937,
         0.8795558554328886,
         0.8147863223703344,
         0.5461440255964287,
         0.7710009746602374,
         0.6394911550570963,
         0.9730887587710878,
         0.5313223609834568,
         0.8186869592610497,
         0.5992693583427845,
         0.5131520468625831,
         0.6548306833801693
      ],
      [
         0.8537834931441515,
         0.7404336869736011,
         0.5294836175179536,
         0.5870039712445748,
         0.8263754556623613,
         0.8819913243294414,
         0.5994128171592983,
         0.8131626977385672,
         0.9863991281931175,
         0.9193420178519724,
         0.5362993477039224,
         0.5265657811808607,
         0.9843849993054847
      ],
      [
         0.6924697724324813,
         0.5722961084381443,
         0.5304201211156988,
         0.5537149004639678,
         0.5450628681330325,
         0.7765764769800751,
         0.8551810145153986,
         0.9560536385762226,
         0.6993525129377262,
         0.5440834736846799,
         0.8450630718604688,
         0.8236811673917341,
         0.7431966824047642
      ]
   ],
   "mv_f1_micro": [
      1.0,
      1.0,
      1.0,
      1.0,
      1.0,
      1.0,
      1.0,
      1.0,
      1.0,
      1.0
   ],
   "mv_f1_macro": [
      1.0,
      1.0,
      1.0,
      1.0,
      1.0,
      1.0,
      1.0,
      1.0,
      1.0,
      1.0
   ],
   "mv_f1_weighted": [
      1.0,
      1.0,
      1.0,
      1.0,
      1.0,
      1.0,
      1.0,
      1.0,
      1.0,
      1.0
   ],
   "ct_f1_micro": [
      1.0,
      1.0,
      1.0,
      1.0,
      1.0,
      1.0,
      1.0,
      1.0,
      1.0,
      1.0
   ],
   "ct_f1_macro": [
      1.0,
      1.0,
      1.0,
      1.0,
      1.0,
      1.0,
      1.0,
      1.0,
      1.0,
      1.0
   ],
   "ct_f1_weighted": [
      1.0,
      1.0,
      1.0,
      1.0,
      1.0,
      1.0,
      1.0,
      1.0,
      1.0,
      1.0
   ],
   "em_f1_micro": [
      1.0,
      1.0,
      1.0,
      1.0,
      1.0,
      1.0,
      1.0,
      1.0,
      1.0,
      1.0
   ],
   "em_f1_macro": [
      1.0,
      1.0,
      1.0,
      1.0,
      1.0,
      1.0,
      1.0,
      1.0,
      1.0,
      1.0
   ],
   "em_f1_weighted": [
      1.0,
      1.0,
      1.0,
      1.0,
      1.0,
      1.0,
      1.0,
      1.0,
      1.0,
      1.0
   ]
}