{
   "worker_count": 15,
   "expertise_scores": [
      [
         0.635088423815117,
         0.6236531023940483,
         0.9776160799956111,
         0.5242440728229709,
         0.7221136749809387,
         0.8641498670088045,
         0.9470653083505984,
         0.7998514114538461,
         0.9885470146791357,
         0.7480275933826525,
         0.8993423701931216,
         0.5397501669785354,
         0.5157877724398586,
         0.7589416163022686,
         0.5798072571351054
      ],
      [
         0.8369790747317292,
         0.78291431427205,
         0.7671594321300081,
         0.6053293504156639,
         0.5504618337202124,
         0.5977513561819066,
         0.9203630684121972,
         0.7353360348672753,
         0.7871361019514118,
         0.5306468972577908,
         0.9890900220407772,
         0.7266082749163014,
         0.7127991784085925,
         0.7466357776219993,
         0.8590612437772897
      ],
      [
         0.8795224272568973,
         0.6734729577143865,
         0.8876135532678215,
         0.6643059512893045,
         0.9796167763272254,
         0.8686894820041247,
         0.6627785883409909,
         0.7606994379945443,
         0.5776582654895991,
         0.724311215229032,
         0.6004551692984226,
         0.8769003051999253,
         0.6624338551416302,
         0.6399012680189257,
         0.8519970043693789
      ],
      [
         0.9662505726865348,
         0.5282072394460466,
         0.6114103770173838,
         0.9490989327329152,
         0.611040112149041,
         0.7280611573382332,
         0.7653823044135579,
         0.947956322036494,
         0.9876175732998453,
         0.9182818351407611,
         0.7248462836875206,
         0.8114366737651367,
         0.9819392377827953,
         0.9146350703183392,
         0.7959262878941786
      ],
      [
         0.6876061485753978,
         0.8840184299569016,
         0.5387127637239157,
         0.8919491804772038,
         0.8627894974596018,
         0.8623691310248889,
         0.5714768764498157,
         0.7901549274776369,
         0.6306980697658379,
         0.5888708485221343,
         0.8961650053421388,
         0.9707069023850359,
         0.7939731106646655,
         0.6107263374741667,
         0.6942454620976708
      ],
      [
         0.7567242822004373,
         0.850094897682449,
         0.6205473536635604,
         0.7621498339851751,
         0.6130153705551744,
         0.9175058048803637,
         0.9356681172780077,
         0.8578561035376298,
         0.6028755922009523,
         0.8966653246494545,
         0.7067324063884686,
         0.8752176253007402,
         0.5405534326564447,
         0.6921104466306085,
         0.56364335257736
      ],
      [
         0.8422324000217266,
         0.7154069056937103,
         0.8107027729742744,
         0.7561066855175207,
         0.7757665320335263,
         0.8756485082445017,
         0.5878825297825513,
         0.5106906884559751,
         0.6676844074631609,
         0.8474950585999539,
         0.8247834238078438,
         0.6103921660728433,
         0.8748021042762586,
         0.6952440304025795,
         0.7996905586852286
      ],
      [
         0.8892611297492055,
         0.6582516070321743,
         0.8747632649837442,
         0.5114473810077929,
         0.5730715092087549,
         0.8780408059317215,
         0.986422126417899,
         0.7134577164650566,
         0.956622508024203,
         0.9372917579988884,
         0.9633487996099701,
         0.9803041703752857,
         0.5375612835133748,
         0.806584928854484,
         0.8756345608478154
      ],
      [
         0.8038976181592639,
         0.7827711763163885,
         0.760339082783537,
         0.815551864293204,
         0.908467602858297,
         0.8056858645735525,
         0.9120087855960493,
         0.8506441044436822,
         0.9870234465304133,
         0.9048813797862467,
         0.7262277409401385,
         0.8740096143035947,
         0.9069235269184741,
         0.7161549946480593,
         0.6366811115826762
      ],
      [
         0.8544966232321826,
         0.7429690847089582,
         0.6046298799104038,
         0.7870126817820342,
         0.7664025822745248,
         0.5497927066478693,
         0.9840300873879712,
         0.898648718348614,
         0.5138332315362768,
         0.925621448039764,
         0.5859309894070809,
         0.586695933651104,
         0.7118387738851519,
         0.9576427333002544,
         0.8764514227222242
      ]
   ],
   "mv_f1_micro": [
      1.0,
      1.0,
      1.0,
      1.0,
      1.0,
      1.0,
      1.0,
      1.0,
      1.0,
      1.0
   ],
   "mv_f1_macro": [
      1.0,
      1.0,
      1.0,
      1.0,
      1.0,
      1.0,
      1.0,
      1.0,
      1.0,
      1.0
   ],
   "mv_f1_weighted": [
      1.0,
      1.0,
      1.0,
      1.0,
      1.0,
      1.0,
      1.0,
      1.0,
      1.0,
      1.0
   ],
   "ct_f1_micro": [
      1.0,
      1.0,
      1.0,
      1.0,
      1.0,
      1.0,
      1.0,
      1.0,
      1.0,
      1.0
   ],
   "ct_f1_macro": [
      1.0,
      1.0,
      1.0,
      1.0,
      1.0,
      1.0,
      1.0,
      1.0,
      1.0,
      1.0
   ],
   "ct_f1_weighted": [
      1.0,
      1.0,
      1.0,
      1.0,
      1.0,
      1.0,
      1.0,
      1.0,
      1.0,
      1.0
   ],
   "em_f1_micro": [
      1.0,
      1.0,
      1.0,
      1.0,
      1.0,
      1.0,
      1.0,
      1.0,
      1.0,
      1.0
   ],
   "em_f1_macro": [
      1.0,
      1.0,
      1.0,
      1.0,
      1.0,
      1.0,
      1.0,
      1.0,
      1.0,
      1.0
   ],
   "em_f1_weighted": [
      1.0,
      1.0,
      1.0,
      1.0,
      1.0,
      1.0,
      1.0,
      1.0,
      1.0,
      1.0
   ]
}