{
   "worker_count": 20,
   "expertise_scores": [
      [
         0.4144577553306381,
         0.599846451811121,
         0.24909564578469012,
         0.6694259065926385,
         0.7409079130436735,
         0.370125383154178,
         0.2875279831418054,
         0.44450316999444356,
         0.708244784841163,
         0.1959273069209524,
         0.2992320792289248,
         0.4584760283183259,
         0.15916087644993537,
         0.3044891924142245,
         0.7098317779854804,
         0.2672379284916432,
         0.6031331053339821,
         0.42104891346808304,
         0.6749385264319216,
         0.616061288929675
      ],
      [
         0.30888160174266194,
         0.5066641173556663,
         0.6045742069383782,
         0.44963311455932653,
         0.6269709751987121,
         0.37259554445139553,
         0.7932749488302191,
         0.5340819214223238,
         0.531514425928802,
         0.6014942392887188,
         0.5572080084486624,
         0.32991342961265646,
         0.26901144065419863,
         0.6635964918732844,
         0.14314722498879973,
         0.5847365131834552,
         0.22101086355331767,
         0.27621935300463324,
         0.23744927211441622,
         0.14301172075780708
      ],
      [
         0.4284643179349709,
         0.3532542918901408,
         0.6391611563198116,
         0.38859368759556323,
         0.2588524569894999,
         0.6543929789177898,
         0.5057728963755139,
         0.25983981729513345,
         0.33424078838932264,
         0.142481507402052,
         0.5769002430122507,
         0.7287723751891588,
         0.5853854276077979,
         0.43801740061949046,
         0.6972862492880718,
         0.5725200907920303,
         0.4703187940129134,
         0.17153803614625818,
         0.7490663555639054,
         0.7195502843307651
      ],
      [
         0.46973876877914517,
         0.7491787239204986,
         0.4131662149766025,
         0.4586491486133996,
         0.23772712148200764,
         0.6326795130251643,
         0.4181055780456267,
         0.4139613583864905,
         0.31917257438294633,
         0.5155780432381911,
         0.3634447976769889,
         0.23030814559551763,
         0.20841481333239736,
         0.42264483266158454,
         0.43283106177249137,
         0.5746442006752881,
         0.765161636426859,
         0.39851682735300425,
         0.7530276834309741,
         0.2515156745943586
      ],
      [
         0.689861283458876,
         0.4009150722748385,
         0.24374225594581794,
         0.17360596691255215,
         0.6810483454854368,
         0.5810695499319228,
         0.4970115601611278,
         0.29038186280128075,
         0.3897970523746147,
         0.703081229262795,
         0.32383211911556076,
         0.14334599333348425,
         0.7087790412607198,
         0.2933356693593783,
         0.5153731079972987,
         0.5439978520261675,
         0.3728903680469629,
         0.27300500820136353,
         0.7574918535305157,
         0.7808835795072289
      ],
      [
         0.22701826496377847,
         0.4337585041364132,
         0.3331542555519301,
         0.596851385535029,
         0.7154341045099788,
         0.1584014543155456,
         0.3166922363700676,
         0.18535915909189954,
         0.3818912850993684,
         0.7608159095866658,
         0.6122594307432413,
         0.25819705289798556,
         0.34435124661370775,
         0.2595643094154166,
         0.20313304688848294,
         0.15737189621103453,
         0.5018092123084514,
         0.2852034824671902,
         0.4821142855574684,
         0.5015197039118349
      ],
      [
         0.4993848244701703,
         0.514710780413669,
         0.5820842336806449,
         0.7014110000686147,
         0.5263264623449055,
         0.49850106057181814,
         0.34494061168947643,
         0.6984035033574076,
         0.640076989238672,
         0.18630589362759037,
         0.34866975805122713,
         0.20916627842631164,
         0.7296618270936135,
         0.6092308279247474,
         0.4346276023457487,
         0.6566495647363557,
         0.5038089574732565,
         0.31410985348692266,
         0.7578464025464786,
         0.22062840193051783
      ],
      [
         0.24773236877832266,
         0.5131273944868167,
         0.35813984068644156,
         0.7620586866791639,
         0.31620878890043214,
         0.3908041163945781,
         0.14359146066755782,
         0.656578242801833,
         0.4293273776451285,
         0.4460365709322798,
         0.4784974582014037,
         0.14397729282801194,
         0.18991994225882283,
         0.4246892634421685,
         0.3544139979055651,
         0.6086652046157962,
         0.6601247274044582,
         0.48996153233013817,
         0.709954486881393,
         0.16365432173669825
      ],
      [
         0.19422112096950775,
         0.6510522246047523,
         0.2984903884649086,
         0.4383439904981568,
         0.5901332680430829,
         0.16331094157718662,
         0.29315644255187756,
         0.18685825369563486,
         0.2456902711608362,
         0.4583756000007924,
         0.7676688767368309,
         0.7878649062832452,
         0.5583141401049414,
         0.3322427046291492,
         0.6129652687474494,
         0.643493150431109,
         0.7038135166056363,
         0.46607777674519124,
         0.6780398632094742,
         0.14717208397331294
      ],
      [
         0.7118189088337705,
         0.7835227752986926,
         0.7098888526442877,
         0.48911134693874825,
         0.3000715047369076,
         0.32512105647576117,
         0.519371265477259,
         0.542334842931804,
         0.5516603629933406,
         0.763403739784118,
         0.2615139616568073,
         0.3793818488364734,
         0.6046641331301956,
         0.4053497114939744,
         0.33753930390414755,
         0.650951683545451,
         0.5633331046436472,
         0.34981357639932115,
         0.4216891282183519,
         0.1756964042348883
      ]
   ],
   "mv_f1_micro": [
      0.9800796812749004,
      0.952191235059761,
      0.9840637450199203,
      0.9561752988047809,
      0.9721115537848606,
      0.8844621513944223,
      0.9960159362549801,
      0.9721115537848606,
      0.9681274900398407,
      1.0
   ],
   "mv_f1_macro": [
      0.9806193765808989,
      0.9524293536426608,
      0.9839489721392772,
      0.9546454119775477,
      0.972599913933955,
      0.8849011709937901,
      0.9961382909328115,
      0.9714933009218552,
      0.9681938970416483,
      1.0
   ],
   "mv_f1_weighted": [
      0.9800577810418133,
      0.9520021351664643,
      0.9840084036295016,
      0.9564547371348464,
      0.9721992899469759,
      0.8841873708432272,
      0.9960152085721042,
      0.9720639611986831,
      0.9681643477978376,
      1.0
   ],
   "ct_f1_micro": [
      1.0,
      0.9840637450199203,
      0.9960159362549801,
      0.9760956175298805,
      0.9880478087649402,
      0.9482071713147411,
      1.0,
      0.9880478087649402,
      0.9960159362549801,
      1.0
   ],
   "ct_f1_macro": [
      1.0,
      0.9840874486494224,
      0.9957011324628662,
      0.9759253155720352,
      0.9882561426397043,
      0.9483209208649521,
      1.0,
      0.9883612183612183,
      0.9961382909328115,
      1.0
   ],
   "ct_f1_weighted": [
      1.0,
      0.984107537442765,
      0.9960213044073426,
      0.9760876098266552,
      0.9879925048663792,
      0.9482746812272543,
      1.0,
      0.9879902611775121,
      0.9960152085721042,
      1.0
   ],