{
   "worker_count": 10,
   "expertise_scores": [
      [
         0.32594064378130805,
         0.6955053154385655,
         0.5721614331689744,
         0.23538438775060405,
         0.4589201930067577,
         0.21605393348280222,
         0.44017749289228314,
         0.5415042842521022,
         0.4427325833705272,
         0.4611409396010531
      ],
      [
         0.6636074001677383,
         0.15443421059190965,
         0.31236506239619966,
         0.6294012179416495,
         0.5176719105327051,
         0.5972122095965793,
         0.21017939332439842,
         0.481129469352994,
         0.48652152296174705,
         0.41554648922544846
      ],
      [
         0.1409404824119157,
         0.33975456071132326,
         0.36586424528026806,
         0.18758667847467866,
         0.5109176007642675,
         0.5358528526177151,
         0.4794998369485278,
         0.7573592100044941,
         0.31712026054367976,
         0.16568109257753572
      ],
      [
         0.5936686188659998,
         0.791108258476529,
         0.18960601959124646,
         0.722666503910969,
         0.4417891652103965,
         0.4464014723093081,
         0.16455852351176986,
         0.6044807887358922,
         0.1611215649899728,
         0.694768982912622
      ],
      [
         0.6209734961720624,
         0.22920713986378094,
         0.2393104844488934,
         0.7543726744090713,
         0.1919968633360939,
         0.2666002032411732,
         0.6033517867350352,
         0.7496415569502177,
         0.5712173675816019,
         0.5362337906865317
      ],
      [
         0.7489658643878154,
         0.27403715416547536,
         0.5139453068529907,
         0.6413770272469033,
         0.17861724113890476,
         0.7071138289733154,
         0.3092103388884187,
         0.517195679628457,
         0.514108593510833,
         0.3747528065364718
      ],
      [
         0.5704113998914335,
         0.2326521535150153,
         0.7993799917606872,
         0.6213269572594005,
         0.5026077624975518,
         0.33971917966565135,
         0.4360722654202539,
         0.33187448306070605,
         0.6733071654402689,
         0.6984615523588493
      ],
      [
         0.5833238399000684,
         0.602527610171061,
         0.531835099756742,
         0.5352134849212835,
         0.14794784210413459,
         0.6724045329858808,
         0.48136881974105805,
         0.283637780857279,
         0.7206703634498353,
         0.769215094944457
      ],
      [
         0.6045804631090308,
         0.21694905489862198,
         0.3149946854108536,
         0.5979352873854045,
         0.20213828347268686,
         0.19193019925549906,
         0.24998600211255684,
         0.43499725075916174,
         0.5832189897516944,
         0.4414864334987278
      ],
      [
         0.4206400027928023,
         0.6549071109994125,
         0.1858335768592436,
         0.6205949820324027,
         0.4721382215022518,
         0.2205927851336634,
         0.18516938679843883,
         0.5835602664850048,
         0.5897570661147042,
         0.4246876030423425
      ]
   ],
   "mv_f1_micro": [
      0.8247011952191236,
      0.8565737051792828,
      0.7370517928286853,
      0.900398406374502,
      0.9043824701195219,
      0.9203187250996016,
      0.9601593625498008,
      0.9561752988047809,
      0.7529880478087649,
      0.8406374501992032
   ],
   "mv_f1_macro": [
      0.8251220527489406,
      0.8575384673303187,
      0.7364251246854069,
      0.8972191837005496,
      0.9056743455977548,
      0.9206423199673391,
      0.9609637904356416,
      0.9569689694624984,
      0.756152283355611,
      0.838457001696676
   ],
   "mv_f1_weighted": [
      0.8247558809235894,
      0.8569792935536256,
      0.7360820856896401,
      0.8990963976433834,
      0.9049327825347506,
      0.919893235720477,
      0.960407648783593,
      0.9561653185933287,
      0.7527103671999207,
      0.8400022809371676
   ],
   "ct_f1_micro": [
      0.8764940239043825,
      0.9203187250996016,
      0.848605577689243,
      0.952191235059761,
      0.9442231075697212,
      0.9402390438247012,
      0.9601593625498008,
      0.9681274900398407,
      0.8007968127490039,
      0.9083665338645418
   ],
   "ct_f1_macro": [
      0.8779418850986035,
      0.9210391928941729,
      0.8476918280460597,
      0.9519421186617915,
      0.9449126677698105,
      0.9415669172216915,
      0.9609983704581521,
      0.9686411054028391,
      0.8030869411974695,
      0.9071553025237863
   ],
   "ct_f1_weighted": [
      0.8764351705594853,
      0.9206546246093322,
      0.8476160837284543,
      0.9516420259695229,
      0.9441941884969773,
      0.9404048545233369,
      0.9603917048082429,
      0.9682094748026843,
      0.8009485680331324,
      0.9083187488540093
   ],
   "gt": [
      2,
      2,
      2,
      2,
      2,
      2,
      2,
      2,
      2,
      2,
      2,
      2,
      2,
      2,
      2,
      2,
      2,
      2,
      2,
      2,
      2,
      2,
      2,
      2,
      2,
      2,
      2,
      2,
      2,
      2,
      2,
      2,
      2,
      2,
      2,
      2,
      2,
      3,
      3,
      3,
      3,
      3,
      3,
      3,
      3,
      3,
      3,
      3,
      3,
      3,
      3,
      3,
      3,
      3,
      3,
      3,
      3,
      3,
      3,
      3,
      3,
      3,
      3,
      3,
      3,
      3,
      3,
      3,
      3,
      3,
      3,
      3,
      3,
      3,
      5,
      5,
      5,
      5,
      5,
      5,
      5,
      5,
      5,
      5,
      5,
      5,
      5,
      5,
      5,
      5,
      5,
      5,
      5,
      5,
      5,
      5,
      5,
      5,
      5,
      5,
      5,
      5,
      5,
      5,
      5,
      5,
      5,
      5,
      5,
      5,
      5,
      4,
      4,
      4,
      4,
      4,
      4,
      4,
      4,
      4,
      4,
      4,
      4,
      4,
      4,
      4,
      4,
      4,
      4,
      4,
      4,
      4,
      4,
      4,
      4,
      4,
      4,
      4,
      4,
      4,
      4,
      4,
      4,
      4,
      4,
      4,
      4,
      6,
      6,
      6,
      6,
      6,
      6,
      6,
      6,
      6,
      6,
      6,
      6,
      6,
      6,
      6,
      6,
      6,
      6,
      6,
      6,
      6,
      6,
      6,
      6,
      6,
      6,
      6,
      6,
      6,
      6,
      6,
      6,
      6,
      6,
      6,
      6,
      6,
      0,
      0,
      0,
      0,
      0,
      0,
      0,
      0,
      0,
      0,
      0,
      0,
      0,
      0,
      0,
      0,
      0,
      0,
      0,
      0,
      0,
      0,
      0,
      0,
      0,
      0,
      0,
      0,
      0,
      0,
      1,
      1,
      1,
      1,
      1,
      1,
      1,
      1,
      1,
      1,
      1,
      1,
      1,
      1,
      1,
      1,
      1,
      1,
      1,
      1,
      1,
      1,
      1,
      1,
      1,
      1,
      1,
      1,
      1,
      1,
      1,
      1,
      1,
      1,
      1,
      1,
      1
   ],
   "em_f1_micro": [
      0.8207171314741035,
      0.8645418326693227,
      0.7250996015936254,
      0.9203187250996016,
      0.9043824701195219,
      0.9203187250996016,
      0.952191235059761,
      0.9482071713147411,
      0.7211155378486057,
      0.8286852589641436
   ],
   "em_f1_macro": [
      0.8223332488434666,
      0.8658594003452629,
      0.7279415514492721,
      0.919828457943652,
      0.9039089243003138,
      0.9221394986173761,
      0.9525028756111996,
      0.9486794917323295,
      0.7214152548635065,
      0.8289932823066727
   ],
   "em_f1_weighted": [
      0.8206246188373372,
      0.8649419993317938,
      0.7284267807748668,
      0.9195774664303267,
      0.9037944677043078,
      0.9208848220753203,
      0.9522312614695491,
      0.9480810705937596,
      0.7199257858356619,
      0.8287076818970882
   ]
}