{
   "worker_count": 30,
   "expertise_scores": [
      [
         0.5664947790897283,
         0.7949944969260385,
         0.5748483096095007,
         0.45252548867508813,
         0.5726683056381758,
         0.571936774591888,
         0.47756503000464406,
         0.480648676304122,
         0.7835530746429584,
         0.7530320118303653,
         0.5264845553587186,
         0.2783960476992741,
         0.40843281846361784,
         0.7039095362004295,
         0.6180748945291731,
         0.30347454054456136,
         0.6034768737537388,
         0.3898122504448469,
         0.23182550803543023,
         0.1452148376614501,
         0.313182534906581,
         0.20017985608215141,
         0.6255447784838641,
         0.4112085418221248,
         0.5317786213269311,
         0.28238651745181387,
         0.331019352014417,
         0.20001513837659438,
         0.3218108806152593,
         0.7388089450248763
      ],
      [
         0.2511902105885922,
         0.32366873622179254,
         0.3817500946632873,
         0.5787051058457401,
         0.2980433880084067,
         0.2908444650176358,
         0.6411189825464503,
         0.39265695514081356,
         0.49734965274770176,
         0.7986186549013761,
         0.6017521367856056,
         0.1519952181381006,
         0.27246279557621755,
         0.654083237381861,
         0.3281558379269647,
         0.3726865567069986,
         0.16196192885832736,
         0.4113532920347204,
         0.4324818249148802,
         0.14869254018718095,
         0.6210583357488171,
         0.222207484758236,
         0.3088370777288758,
         0.2658246218344834,
         0.4355939900536265,
         0.5793933737262524,
         0.6238428722428158,
         0.3247320499898553,
         0.5393744501766577,
         0.7930435626329226
      ],
      [
         0.6603679045852848,
         0.47973089753814707,
         0.7375716701620438,
         0.4384859381278823,
         0.4716181298259806,
         0.24576337906583523,
         0.6376033023935879,
         0.5217645079820018,
         0.21821507113039007,
         0.4124240335194399,
         0.3148817312357124,
         0.24968943231238133,
         0.6968894524531506,
         0.17066193645694328,
         0.792957905007748,
         0.5262686986717917,
         0.40633645306071603,
         0.4170998923646073,
         0.2713922030598941,
         0.1984770978466473,
         0.5425215149432241,
         0.7722359971108532,
         0.7611703469761408,
         0.5197520537620957,
         0.25049463200745653,
         0.6868998047768915,
         0.35845633295643176,
         0.45726831376517657,
         0.4939302513696758,
         0.22682090705561653
      ],
      [
         0.6997718164532907,
         0.2450606975948491,
         0.24853200594735983,
         0.22053424904248586,
         0.35470464447243866,
         0.5338696546695203,
         0.5303027477008728,
         0.22521329263883255,
         0.35897790306921407,
         0.6911080551086162,
         0.4311533167306936,
         0.31015858732222057,
         0.7920707405812202,
         0.14124991584625585,
         0.4789225764072059,
         0.31168422852003824,
         0.6786494726420542,
         0.3152200601065017,
         0.6992184536970951,
         0.6287105678563883,
         0.3613569402006057,
         0.48029941657638864,
         0.5657354870246885,
         0.41561511431138826,
         0.22745388876729059,
         0.482454627243456,
         0.4243875814772333,
         0.48984792740666205,
         0.41192804107543496,
         0.3938947069451069
      ],
      [
         0.794279959577969,
         0.787177258530912,
         0.1930816122008923,
         0.7263901882538435,
         0.220247201796118,
         0.5114948571361173,
         0.6448946749631448,
         0.2377286893244279,
         0.4678180485577035,
         0.3698650199939085,
         0.2215894466766409,
         0.6039538664848754,
         0.34466722645342696,
         0.7044644763902053,
         0.40965411446772104,
         0.33023967312014346,
         0.5436856316594942,
         0.22802506713127815,
         0.2542805757825464,
         0.7534265678650052,
         0.435145557558392,
         0.5185185821808505,
         0.3187785845729748,
         0.685657995078711,
         0.6050842672012675,
         0.3644957700506013,
         0.23048482269715148,
         0.27680881634359067,
         0.321542223733178,
         0.2834531744024937
      ],
      [
         0.5405189584088299,
         0.4034171186403169,
         0.5099336315793046,
         0.3032736560191131,
         0.7907914805446818,
         0.6466989621223203,
         0.5160874467910772,
         0.5446909957205426,
         0.6193032895667383,
         0.48574228704970773,
         0.6636896157617513,
         0.7806424632498781,
         0.33232853259657535,
         0.28822765780475273,
         0.6434071639470818,
         0.1741360594282822,
         0.7367372106460004,
         0.6340290015855532,
         0.42024961072367073,
         0.2463825091078049,
         0.2721148075972528,
         0.5040836733863079,
         0.4639997789909776,
         0.6491082614912664,
         0.5645042908614885,
         0.5501875988071776,
         0.19961603129699204,
         0.7090923827570796,
         0.787364089234351,
         0.7790685098109589
      ],
      [
         0.638185621696751,
         0.7223349679986448,
         0.1680942926746608,
         0.6124215920200806,
         0.4054649991377238,
         0.6535288616614701,
         0.5592758505110538,
         0.45138174629371003,
         0.5727708809963717,
         0.6155241965762084,
         0.33277731032101493,
         0.18819187170159582,
         0.640735094431268,
         0.7052604537650475,
         0.3037733385872788,
         0.2591316531814177,
         0.6998728621368819,
         0.2498661668476212,
         0.6581235946124531,
         0.5320447260815546,
         0.19653775313892557,
         0.6068102969561859,
         0.21994935500830975,
         0.6232949039963734,
         0.561911329760832,
         0.18333057173802203,
         0.1760791351065128,
         0.478994830338413,
         0.16942672713743595,
         0.30786295773933114
      ],
      [
         0.42990091884707815,
         0.20096333083372736,
         0.6865236583282828,
         0.4061526833986924,
         0.5097936026516702,
         0.14429384075762414,
         0.5274014730585311,
         0.478367998890288,
         0.7304661306563978,
         0.2312745814177361,
         0.579731357644546,
         0.3802972980535963,
         0.3109798761679985,
         0.16523478656199828,
         0.6843570195003268,
         0.4556625093902639,
         0.5454481424466435,
         0.24186490685119452,
         0.6674922619091035,
         0.2069492026808744,
         0.5657021940191559,
         0.4668738828796609,
         0.4426745649467091,
         0.6813793234065268,
         0.36434038573620814,
         0.5421832680804597,
         0.4092079090915392,
         0.7054468433005165,
         0.7007371258064659,
         0.37085052534712626
      ],
      [
         0.5975822787858298,
         0.6818430170718692,
         0.43166868847919637,
         0.6668804713924468,
         0.24178939123157606,
         0.4397826349664637,
         0.640289409404394,
         0.5963481787582698,
         0.7163526824673703,
         0.32723722193526594,
         0.5743380264734871,
         0.482003800388417,
         0.6353678239985718,
         0.2990292920538991,
         0.7576935021508624,
         0.5429643786195257,
         0.7749338754359565,
         0.42094345222409,
         0.4238905497163717,
         0.27823820873537186,
         0.2490596944291285,
         0.7883723194092411,
         0.19834628286087694,
         0.7010211897742862,
         0.40048686264634753,
         0.5369395489967052,
         0.6195566576105622,
