{
   "worker_count": 40,
   "expertise_scores": [
      [
         0.7860513109476801,
         0.5760778986566337,
         0.6027070927175777,
         0.4353321213216333,
         0.6444043812206359,
         0.20060088551625482,
         0.7907566003786584,
         0.464877515134442,
         0.5686217773749133,
         0.7870920006420343,
         0.4664971399379224,
         0.24621185353163783,
         0.29883664245884506,
         0.4340935303813445,
         0.37306155591086154,
         0.46022159488595094,
         0.43030412217587594,
         0.7766282217624245,
         0.143327581791343,
         0.7610510299998301,
         0.3620033764816022,
         0.43600869256049035,
         0.7279798597246383,
         0.609037245995451,
         0.21108948187408816,
         0.1843640895211692,
         0.5989685692568786,
         0.504345840209799,
         0.6662457661111774,
         0.31644829886414894,
         0.7465136028909942,
         0.6217505073562487,
         0.36597429601228704,
         0.19707366533990156,
         0.2793140962491275,
         0.7160363777870085,
         0.5445298459298721,
         0.5894083191181072,
         0.6387960764961031,
         0.7310499876466954
      ],
      [
         0.32993876277404416,
         0.7063015522683338,
         0.41146294523296045,
         0.22915515146075036,
         0.7735408530834309,
         0.3637114254434186,
         0.4025465401640504,
         0.18667552875052296,
         0.4534379970045148,
         0.30138279066493234,
         0.6461970928710208,
         0.3314777995413185,
         0.2663801728209113,
         0.14002701368317536,
         0.19269433836611266,
         0.6164491293013223,
         0.5397221733735548,
         0.7493372835720384,
         0.2926387151698323,
         0.5494885450185878,
         0.48921086612492465,
         0.5578387819237222,
         0.6538716012831096,
         0.6938913156116044,
         0.47336485013014856,
         0.19597779325752007,
         0.5497831231521537,
         0.6735822062243175,
         0.22685303968948478,
         0.5692144275318454,
         0.2611312715065547,
         0.3197181857382131,
         0.4252578362503129,
         0.7814113550783175,
         0.7775148263506626,
         0.40572778192899567,
         0.47321808234218443,
         0.36914392666033047,
         0.2165402060208116,
         0.5952922132509216
      ],
      [
         0.591939307154745,
         0.530971402811907,
         0.5186140243767072,
         0.3779639330602458,
         0.7079491622296237,
         0.3427504867094097,
         0.37214860092360635,
         0.5533401522559902,
         0.7502007571513702,
         0.7753506107808903,
         0.2920764499963514,
         0.45865530801932514,
         0.5214546139985661,
         0.6985526084304226,
         0.18845423407231768,
         0.17108374461215756,
         0.6174303082426698,
         0.708357653266009,
         0.5775386516861952,
         0.284112992185636,
         0.18175953381972743,
         0.6000318719479332,
         0.5555421034690209,
         0.6894705583348557,
         0.7746983041438575,
         0.3985542870075977,
         0.15899507626635223,
         0.39438941612640677,
         0.16664427811702037,
         0.5086808856617036,
         0.5128577334923256,
         0.42973543883250237,
         0.5819508445694259,
         0.5725684399385313,
         0.7148362994877828,
         0.4579012079214064,
         0.6031232971904592,
         0.6426507879182908,
         0.2561389568142345,
         0.6181976727764271
      ],
      [
         0.1825940199292726,
         0.168836865004713,
         0.3796058403949816,
         0.47646965412671766,
         0.22106917593162378,
         0.39410655153795,
         0.6200488438762722,
         0.26180920684991205,
         0.477417479821421,
         0.6784292684758026,
         0.5556692664715905,
         0.5278031492486243,
         0.32255542719992447,
         0.599347650961079,
         0.3141572605623193,
         0.2742914227776879,
         0.7480506356634875,
         0.514048110768496,
         0.4828434273428414,
         0.45713422542030013,
         0.21298700988251096,
         0.41574168685528207,
         0.1970344217927485,
         0.6006555449706172,
         0.36447190405351293,
         0.23321970012758908,
         0.5858476883408427,
         0.530271027242307,
         0.750359680633764,
         0.2227529467484642,
         0.41894279472138074,
         0.2858103095312666,
         0.3338424469701855,
         0.7072849102341443,
         0.25728176411594217,
         0.35543023439758514,
         0.5613052004134973,
         0.6657607537868642,
         0.47059761605870043,
         0.6092631455730863
      ],
      [
         0.46541927401059957,
         0.4664585370898113,
         0.6945180896452747,
         0.37641062474803955,
         0.6175564850400802,
         0.7920755640697481,
         0.22070822938875212,
         0.7636996123917097,
         0.7097336552398379,
         0.37760171719362456,
         0.17603100573870586,
         0.3448497216930767,
         0.4874087298440965,
         0.708302834432583,
         0.5187865262673436,
         0.4849258945530776,
         0.41355414602304325,
         0.6664324844593854,
         0.4139526755131478,
         0.7916810557090979,
         0.6113340068406674,
         0.2821897374085017,
         0.7137173663137941,
         0.48903201617302283,
         0.6868050719477301,
         0.6575727301663143,
         0.7591422430914452,
         0.7440145373062275,
         0.22349750578291536,
         0.7191936468887603,
         0.712630575353919,
         0.6442314771995383,
         0.3312228920610165,
         0.6189214390454545,
         0.3132831989344771,
         0.14853037108928824,
         0.2533582534026661,
         0.22368882036042187,
         0.6594204866009514,
         0.3430862797920772
      ],
      [
         0.7974055771982154,
         0.16242276637031453,
         0.7375823496740819,
         0.41216315192694886,
         0.13987316830875335,
         0.41008493946385227,
         0.44048958325644577,
         0.6310121877388585,
         0.4006136207936185,
         0.6895447297575554,
         0.7193102407377814,
         0.19524914971929805,
         0.6083148946295688,
         0.313758464095223,
         0.26880753022143444,
         0.38549239960378207,
         0.7750437756775879,
         0.748275672209729,
         0.3650849517384407,
         0.601009620796435,
         0.7006440320058831,
         0.6318840274236871,
         0.25979557379610085,
         0.5290021945360375,
         0.531713375995336,
         0.3588830153166246,
         0.7711682243657088,
         0.6583784313163288,
         0.5464097202974048,
         0.6441471818120499,
         0.38359677488225874,
         0.7679608718614568,
         0.4428316119055343,
         0.38460321081896326,
         0.2364566115528831,
         0.6333864057594487,
         0.7419278180972266,
         0.5759550968290066,
         0.5394766351463595,
         0.5571140147152447
      ],
      [
         0.5491377217124975,
         0.6761558973217425,
         0.7865838985737015,
         0.2063376087703241,
         0.5346411035015406,
         0.7606505646826958,
         0.2504559586208875,
         0.3850887752945801,
         0.653911685307732,
         0.5683461755321926,
         0.6253926488006177,
         0.4151726211275691,
         0.3002566044919466,
         0.7326127387541768,
         0.3036865392130811,
         0.5969843895604094,
         0.6197311771987009,
         0.5533757967448363,
         0.44645275364373405,
         0.43773429145129283,
         0.3807911351608102,
         0.3236023205842447,
         0.3141743724378323,
         0.5413000600629811,
         0.7228874013777924,
         0.6736116581575673,
         0.6223053615786382,
         0.49996836967851005,
