{
   "worker_count": 3,
   "expertise_scores": [
      [
         0.7102072661760335,
         0.5841245481300796,
         0.30493599358954265
      ],
      [
         0.28227932526338073,
         0.301056116695296,
         0.40910045690596436
      ],
      [
         0.32209487982594953,
         0.7510297350771546,
         0.7632114620324462
      ],
      [
         0.4752131873225805,
         0.4477892603900504,
         0.23107589464139694
      ],
      [
         0.788381743226894,
         0.14817157461647804,
         0.18830218603881513
      ],
      [
         0.19470941590499158,
         0.47183480763751406,
         0.7632654173457918
      ],
      [
         0.7876960581699091,
         0.24478994731649992,
         0.25166226439047873
      ],
      [
         0.6392119168300396,
         0.3121381476385031,
         0.4113961723814846
      ],
      [
         0.5322707861676546,
         0.6639782993669125,
         0.25575785646413024
      ],
      [
         0.16851152814118922,
         0.18628487040596708,
         0.6776448359538336
      ]
   ],
   "mv_f1_micro": [
      0.6254980079681275,
      0.3784860557768924,
      0.7410358565737052,
      0.47808764940239046,
      0.39840637450199207,
      0.5697211155378487,
      0.4701195219123506,
      0.5139442231075697,
      0.5776892430278885,
      0.4063745019920319
   ],
   "mv_f1_macro": [
      0.6259336256338741,
      0.3771017757663476,
      0.7393880233410567,
      0.47646285172721964,
      0.39780416283498343,
      0.5704619161097274,
      0.46393939987324556,
      0.5151227705055785,
      0.5756403626200491,
      0.40557056173494527
   ],
   "mv_f1_weighted": [
      0.625376277187304,
      0.3808107623012966,
      0.7403588425255182,
      0.477262021857525,
      0.3992497528659887,
      0.56936980536402,
      0.4677178217292402,
      0.5159727204842461,
      0.577039945658056,
      0.4056363020288142
   ],
   "ct_f1_micro": [
      0.6414342629482072,
      0.35856573705179284,
      0.7689243027888446,
      0.5179282868525896,
      0.2589641434262948,
      0.7370517928286853,
      0.7091633466135459,
      0.6573705179282868,
      0.6613545816733067,
      0.6334661354581673
   ],
   "ct_f1_macro": [
      0.6404332827346885,
      0.3577326750932656,
      0.7674431009697511,
      0.514063130895638,
      0.2603302460181916,
      0.737705843264903,
      0.7053001617982311,
      0.6577225175248756,
      0.659336062467178,
      0.6331854719372965
   ],
   "ct_f1_weighted": [
      0.640771409310981,
      0.35922274177266383,
      0.7672677094663274,
      0.5163050882323272,
      0.25938581921945203,
      0.7369383290901976,
      0.7073118381024508,
      0.6582234900514212,
      0.6598095459089839,
      0.6339303609869277
   ],
   "gt": [
      2,
      2,
      2,
      2,
      2,
      2,
      2,
      2,
      2,
      2,
      2,
      2,
      2,
      2,
      2,
      2,
      2,
      2,
      2,
      2,
      2,
      2,
      2,
      2,
      2,
      2,
      2,
      2,
      2,
      2,
      2,
      2,
      2,
      2,
      2,
      2,
      2,
      3,
      3,
      3,
      3,
      3,
      3,
      3,
      3,
      3,
      3,
      3,
      3,
      3,
      3,
      3,
      3,
      3,
      3,
      3,
      3,
      3,
      3,
      3,
      3,
      3,
      3,
      3,
      3,
      3,
      3,
      3,
      3,
      3,
      3,
      3,
      3,
      3,
      5,
      5,
      5,
      5,
      5,
      5,
      5,
      5,
      5,
      5,
      5,
      5,
      5,
      5,
      5,
      5,
      5,
      5,
      5,
      5,
      5,
      5,
      5,
      5,
      5,
      5,
      5,
      5,
      5,
      5,
      5,
      5,
      5,
      5,
      5,
      5,
      5,
      4,
      4,
      4,
      4,
      4,
      4,
      4,
      4,
      4,
      4,
      4,
      4,
      4,
      4,
      4,
      4,
      4,
      4,
      4,
      4,
      4,
      4,
      4,
      4,
      4,
      4,
      4,
      4,
      4,
      4,
      4,
      4,
      4,
      4,
      4,
      4,
      6,
      6,
      6,
      6,
      6,
      6,
      6,
      6,
      6,
      6,
      6,
      6,
      6,
      6,
      6,
      6,
      6,
      6,
      6,
      6,
      6,
      6,
      6,
      6,
      6,
      6,
      6,
      6,
      6,
      6,
      6,
      6,
      6,
      6,
      6,
      6,
      6,
      0,
      0,
      0,
      0,
      0,
      0,
      0,
      0,
      0,
      0,
      0,
      0,
      0,
      0,
      0,
      0,
      0,
      0,
      0,
      0,
      0,
      0,
      0,
      0,
      0,
      0,
      0,
      0,
      0,
      0,
      1,
      1,
      1,
      1,
      1,
      1,
      1,
      1,
      1,
      1,
      1,
      1,
      1,
      1,
      1,
      1,
      1,
      1,
      1,
      1,
      1,
      1,
      1,
      1,
      1,
      1,
      1,
      1,
      1,
      1,
      1,
      1,
      1,
      1,
      1,
      1,
      1
   ],
   "em_f1_micro": [
      0.6294820717131474,
      0.3386454183266932,
      0.7529880478087649,
      0.43824701195219123,
      0.2749003984063745,
      0.6374501992031872,
      0.5219123505976095,
      0.49800796812749004,
      0.5219123505976095,
      0.22310756972111553
   ],
   "em_f1_macro": [
      0.6290466812304162,
      0.33472741972969217,
      0.7484940858942153,
      0.4289485945206005,
      0.2702378268318936,
      0.6374801971139802,
      0.5121322457064138,
      0.49707466234706343,
      0.5191072992198237,
      0.21966152966524186
   ],
   "em_f1_weighted": [
      0.6299874121062862,
      0.336063655249267,
      0.7494330144618063,
      0.43433633632992574,
      0.2641108818386372,
      0.635005991409756,
      0.5188144011212728,
      0.4996374669902633,
      0.5205021943103862,
      0.22265333456951567
   ]
}