{
   "worker_count": 18,
   "expertise_scores": [
      [
         0.5090737209130451,
         0.3201820038453574,
         0.7101784551374766,
         0.16377607324403579,
         0.33434564279144313,
         0.7076223562802844,
         0.5334420184039802,
         0.2155296536815614,
         0.15116782413504953,
         0.3947548421323162,
         0.4600766282696686,
         0.6418777135014773,
         0.4544669974780419,
         0.3335044367533615,
         0.3540829871585782,
         0.46729897302115964,
         0.5824240889797001,
         0.48489295380558306
      ],
      [
         0.6144617347393793,
         0.7398380405417555,
         0.491470784493786,
         0.3069089448064175,
         0.5918856032221276,
         0.4594766120766874,
         0.4305715056384856,
         0.6469756395387654,
         0.5313071518347636,
         0.6356099287851145,
         0.3662878662791743,
         0.767317933126022,
         0.668844746417522,
         0.7975965788593229,
         0.3398812456074651,
         0.7108047424523007,
         0.2886454936195252,
         0.3853496448425602
      ],
      [
         0.5211312426178232,
         0.5334921007208462,
         0.7072584751594937,
         0.7256303371325667,
         0.2255773304692372,
         0.46890696401271226,
         0.5192555174175812,
         0.7407896457404959,
         0.672122577663786,
         0.1804729052009048,
         0.3416042891699427,
         0.41290565599762663,
         0.29163732783285073,
         0.754321560565806,
         0.635494725107687,
         0.39659977262149004,
         0.5917103309917262,
         0.5353777615533332
      ],
      [
         0.5864039001460879,
         0.4480443261883509,
         0.157748775333323,
         0.44606716338680047,
         0.23590503957717415,
         0.7073929715034717,
         0.36617834822624995,
         0.3366899639406835,
         0.38235980803250713,
         0.5991875817315235,
         0.6124993757356879,
         0.5972919240040055,
         0.5653879737657551,
         0.3699743140806735,
         0.5522161078634484,
         0.20766355325877467,
         0.6234856810170415,
         0.6436851116497031
      ],
      [
         0.7683702467352478,
         0.7796847761205818,
         0.38739618989244706,
         0.473061589868725,
         0.7371247431747301,
         0.6743263220574651,
         0.5901517097001949,
         0.771882530773109,
         0.5652617152678627,
         0.6241959302864362,
         0.6565205725559953,
         0.762449688043036,
         0.2734723733674905,
         0.2040724458209658,
         0.7958894336832683,
         0.626038713851766,
         0.3857228492030811,
         0.14789024455596186
      ],
      [
         0.2611328252259739,
         0.24014817223370247,
         0.7136177013288931,
         0.3566594992397034,
         0.41682907335237634,
         0.5499564506873681,
         0.18909651773463038,
         0.7699035048151319,
         0.6796852495418297,
         0.6800445076190542,
         0.7999755791201986,
         0.5506990179969081,
         0.352003814572458,
         0.669125351954339,
         0.7707733131272496,
         0.37859134657321236,
         0.2705645834350551,
         0.33508650734950407
      ],
      [
         0.409290507317758,
         0.7362569547128934,
         0.6562092749505706,
         0.7303903491876174,
         0.5085627610781024,
         0.7429068370202825,
         0.6820983498011506,
         0.16441027041757422,
         0.3118658789370249,
         0.17149505198648457,
         0.1741950699393988,
         0.7444143683860611,
         0.3589801679962217,
         0.49514318573058697,
         0.5015618268131192,
         0.7740235037483236,
         0.37217258125006364,
         0.6634231343608448
      ],
      [
         0.21538169299052654,
         0.30129574609007226,
         0.6795938461017246,
         0.436788483141622,
         0.5422521521802149,
         0.631295618529712,
         0.3908668650455147,
         0.7380786900022815,
         0.31435061342211157,
         0.5723723822635683,
         0.15263530711360346,
         0.7543684626724529,
         0.45342318637164086,
         0.39646793064180114,
         0.468167321835511,
         0.6740515857047955,
         0.4535840934740595,
         0.5585153558997136
      ],
      [
         0.7661202434049881,
         0.28462590275008615,
         0.6818091144493548,
         0.25727501815267095,
         0.6594610803358127,
         0.1413209102580213,
         0.7278283086966233,
         0.6915748218234492,
         0.3153184898645143,
         0.7427801347913492,
         0.19312407776893134,
         0.5208489293346348,
         0.4701335999828321,
         0.28059453358978836,
         0.7473077712545482,
         0.7518042189505849,
         0.24446383980245773,
         0.1583692355474785
      ],
      [
         0.6727485432376619,
         0.6758205511665418,
         0.6270232663668922,
         0.542680360725369,
         0.23868434125054389,
         0.31272433930116295,
         0.22680219228363002,
         0.7254158691095736,
         0.47349099988195903,
         0.7203512067675566,
         0.666810494544092,
         0.7634421339275734,
         0.6678312341035597,
         0.3656457639594699,
         0.784264104619617,
         0.5611823575462596,
         0.4731458925605898,
         0.2436232244249023
      ]
   ],
   "mv_f1_micro": [
      0.9482071713147411,
      0.99203187250996,
      0.9800796812749004,
      0.9681274900398407,
      0.9960159362549801,
      0.99203187250996,
      0.9880478087649402,
      0.9800796812749004,
      0.9800796812749004,
      0.99203187250996
   ],
   "mv_f1_macro": [
      0.9490428796222198,
      0.9918623468352796,
      0.9796764111049825,
      0.9672971058300268,
      0.9960861056751469,
      0.9922779922779922,
      0.9878718746336084,
      0.9808453009606578,
      0.9797869642166279,
      0.9922214565934419
   ],
   "mv_f1_weighted": [
      0.9482956142044374,
      0.9920756649328049,
      0.9800720925820527,
      0.9682753739791167,
      0.9960159362549801,
      0.9920318725099602,
      0.9880531769173028,
      0.9802347926247426,
      0.9801284524800089,
      0.9920296484651143
   ],
   "ct_f1_micro": [
      0.9840637450199203,
      1.0,
      0.9960159362549801,
      1.0,
      1.0,
      0.99203187250996,
      0.99203187250996,
      0.9960159362549801,
      1.0,
      0.9960159362549801
   ],
   "ct_f1_macro": [
      0.9844880385412693,
      1.0,
      0.9957011324628662,
      1.0,
      1.0,
      0.9922251018141429,
      0.992225101814143,
      0.9961382909328115,
      1.0,
      0.9960831656606304
   ],
   "ct_f1_weighted": [
      0.9841619741167947,
      1.0,
      0.9960213044073426,
      1.0,
      1.0,
      0.9920318725099602,
      0.9920318725099602,
      0.9960152085721042,
      1.0,
      0.9960144398930101
   ],