{
   "worker_count": 13,
   "expertise_scores": [
      [
         0.21907107118611974,
         0.26128879322580895,
         0.517398726962375,
         0.6389769260031988,
         0.6139606046733985,
         0.6586009289658885,
         0.746639577729336,
         0.6041050384516482,
         0.7434315377585372,
         0.6156749721702213,
         0.3454775551016165,
         0.14611914125622066,
         0.6267917366739995
      ],
      [
         0.7273203889951747,
         0.6448469945247761,
         0.4771678820431185,
         0.2759608368979695,
         0.3792320214469504,
         0.4844168566744857,
         0.47191565172394184,
         0.46222858315686144,
         0.6622966941533917,
         0.2511047778387233,
         0.3130753614202876,
         0.25293520436346906,
         0.14005461885619977
      ],
      [
         0.26491826524253964,
         0.692302355704655,
         0.6232951828670017,
         0.23453666893414932,
         0.2819656985867283,
         0.7131723907971068,
         0.781879056284084,
         0.3728814215793702,
         0.21663738219021053,
         0.7576527816321192,
         0.47628004965397064,
         0.47752141936661097,
         0.49536661955100203
      ],
      [
         0.15456754465330494,
         0.7942164938899854,
         0.5085496529662346,
         0.7027112928549142,
         0.7715355729317324,
         0.6511538207523662,
         0.204946153571827,
         0.5944052908047118,
         0.21000617820648093,
         0.5111623034338942,
         0.3242720717452213,
         0.49294880190427376,
         0.5551817872100727
      ],
      [
         0.46989927595597075,
         0.41847777861928637,
         0.5275597792154367,
         0.24561761608015542,
         0.7142012716965906,
         0.6360370835541375,
         0.5029153360960692,
         0.5020790354006696,
         0.42849167596459786,
         0.22774465517242926,
         0.5745769820240982,
         0.14129074629783367,
         0.45461894135902453
      ],
      [
         0.706063386996908,
         0.5782663143111331,
         0.23743038516122178,
         0.7576107628507955,
         0.5578886969838264,
         0.35311608357161334,
         0.4872883642619817,
         0.49284105431479097,
         0.23061070854852178,
         0.6656077064693893,
         0.29828508817901855,
         0.42695616428255523,
         0.4325076211109558
      ],
      [
         0.5438612537232239,
         0.41969243459398053,
         0.4233617700341237,
         0.7409321424625608,
         0.768653539392713,
         0.6876789147142421,
         0.7139581399254606,
         0.6177077264177316,
         0.5582561340505168,
         0.1435232000414257,
         0.281505959048026,
         0.4059479872290245,
         0.5897517958093231
      ],
      [
         0.4739675479048783,
         0.6844190236328977,
         0.4761718467119858,
         0.6951869288130272,
         0.25601329797799205,
         0.6656475972052589,
         0.17000502425670216,
         0.5576854879023044,
         0.47978823915434154,
         0.3445830997520263,
         0.31114696640646416,
         0.7169622945507539,
         0.2925948380993426
      ],
      [
         0.28527299079018237,
         0.19238261383209154,
         0.3911834450692482,
         0.46015547206400464,
         0.48393360779661254,
         0.5948967265715308,
         0.44352993030172805,
         0.3310264279102593,
         0.6082439397782289,
         0.17794915239866302,
         0.36505416970784565,
         0.39611908427925296,
         0.540243037809644
      ],
      [
         0.6374958620179506,
         0.232757930622496,
         0.5626522394974804,
         0.2950183713839996,
         0.24204585437327036,
         0.23671687084734921,
         0.697440152049835,
         0.4367212268782323,
         0.35324283989568545,
         0.25409420107392766,
         0.6404571515809669,
         0.7325827307590627,
         0.7682620085367682
      ]
   ],
   "mv_f1_micro": [
      0.9880478087649402,
      0.900398406374502,
      0.952191235059761,
      0.9442231075697212,
      0.9043824701195219,
      0.9282868525896414,
      0.9561752988047809,
      0.9322709163346613,
      0.8167330677290838,
      0.9362549800796812
   ],
   "mv_f1_macro": [
      0.9874595518315371,
      0.8991972611460018,
      0.9520790790643506,
      0.9442590510977172,
      0.9035190294449162,
      0.9283570936778317,
      0.9560924285599846,
      0.9315673178108062,
      0.8159947428854991,
      0.9354835228972629
   ],
   "mv_f1_weighted": [
      0.9880455847200945,
      0.9008645948439757,
      0.9521074010682987,
      0.9441281645212809,
      0.9039589004619578,
      0.9287601142733967,
      0.956546680377744,
      0.9323387697347001,
      0.8164107928110741,
      0.9367535978697678
   ],
   "ct_f1_micro": [
      0.99203187250996,
      0.9362549800796812,
      0.9681274900398407,
      0.9681274900398407,
      0.9442231075697212,
      0.9601593625498008,
      0.9800796812749004,
      0.9482071713147411,
      0.8605577689243028,
      0.9641434262948207
   ],
   "ct_f1_macro": [
      0.9916716850674696,
      0.9357521630334313,
      0.9690401357318651,
      0.9677550641135167,
      0.9439332877686913,
      0.9596742999050137,
      0.9801985818125146,
      0.9487863846315479,
      0.8609465121861932,
      0.9634861716081335
   ],
   "ct_f1_weighted": [
      0.9919772588024172,
      0.9363407319335725,
      0.9681671975423286,
      0.9682015072343939,
      0.9441780290844901,
      0.9604119770218174,
      0.9800792247726647,
      0.9481703249404491,
      0.8610337649977409,
      0.9641216388435555
   ],