{
   "worker_count": 8,
   "expertise_scores": [
      [
         0.6471781263959958,
         0.6577067763865426,
         0.49738925877248474,
         0.523200402282882,
         0.761939754115513,
         0.7327240683493312,
         0.26274195491587277,
         0.1394735922702668
      ],
      [
         0.4631312955277489,
         0.3467880231012139,
         0.2608947830228127,
         0.614394862230556,
         0.11942834651119535,
         0.06420094487572653,
         0.4724211472463271,
         0.5017275817250206
      ],
      [
         0.33659024567540874,
         0.1274142850382622,
         0.5585439410431837,
         0.7559538185616483,
         0.3106159426960295,
         0.12057592631269393,
         0.15380092689518027,
         0.5227953946051616
      ],
      [
         0.6972675112221035,
         0.4568123560177528,
         0.7836894853603645,
         0.477698013186328,
         0.780523850782141,
         0.06567390437050268,
         0.28675027315427076,
         0.38873102726464404
      ],
      [
         0.087189266802112,
         0.4082426690905883,
         0.1845447907865151,
         0.7709874227224439,
         0.17817886130124339,
         0.3283298029605413,
         0.33558357827988344,
         0.1830099251568041
      ],
      [
         0.3380368231026833,
         0.09940306249711614,
         0.294004703678905,
         0.6877716989638186,
         0.13209175880918028,
         0.11227336497448404,
         0.566733348206191,
         0.13775792950657706
      ],
      [
         0.5317902839908853,
         0.18836647048363298,
         0.5077547830639582,
         0.34197320773329565,
         0.6946910421976911,
         0.2744122329696472,
         0.2251070783684186,
         0.3149063185403089
      ],
      [
         0.34903736002143926,
         0.7197207265276475,
         0.5282828090137365,
         0.44321116661212095,
         0.23054523912845593,
         0.20485093844340363,
         0.7504397282944456,
         0.7103039912901674
      ],
      [
         0.5214117148012166,
         0.7436713558137085,
         0.18870001615983578,
         0.08371154267970501,
         0.5310885208874585,
         0.42940116279462726,
         0.36394874394106075,
         0.6620067619938869
      ],
      [
         0.6863031501166842,
         0.5793695019116901,
         0.6052260455012376,
         0.08054274366240714,
         0.25890145145837223,
         0.5535528835212948,
         0.49318600783331396,
         0.1623026464419292
      ]
   ],
   "mv_f1_micro": [
      0.9365079365079365,
      0.6984126984126984,
      0.7777777777777778,
      0.9166666666666666,
      0.6904761904761905,
      0.5753968253968254,
      0.8095238095238095,
      0.9484126984126984,
      0.8611111111111112,
      0.8690476190476191
   ],
   "mv_f1_macro": [
      0.9360142085395636,
      0.6956848563681318,
      0.7787148471098302,
      0.9167925074297624,
      0.6884432731206924,
      0.5729555034368734,
      0.8092810336059112,
      0.9489146146093407,
      0.8599985509458195,
      0.8687560105396918
   ],
   "mv_f1_weighted": [
      0.9364840000205352,
      0.6972703903725145,
      0.7781330452076075,
      0.9162428591496051,
      0.6887025184356214,
      0.5731097356206457,
      0.8087112499923763,
      0.9487169642906508,
      0.8600325473006166,
      0.8681093330094867
   ],
   "ct_f1_micro": [
      0.9603174603174603,
      0.7777777777777778,
      0.8690476190476191,
      0.9603174603174603,
      0.8055555555555556,
      0.7619047619047619,
      0.8253968253968254,
      0.9682539682539683,
      0.9087301587301587,
      0.8809523809523809
   ],
   "ct_f1_macro": [
      0.959669882930532,
      0.7769917599281925,
      0.8685519048984474,
      0.9602395124944145,
      0.8050815644808454,
      0.758584022295611,
      0.8253361119506509,
      0.9682033705157437,
      0.9100268087032793,
      0.8811375743871
   ],
   "ct_f1_weighted": [
      0.9604212895828248,
      0.7777382604715554,
      0.8682185737170249,
      0.960207090465027,
      0.806162467459359,
      0.7593730262240385,
      0.8244883070436597,
      0.9682353482435583,
      0.90895569928308,
      0.8810452968335073
   ],
   "gt": [
      7,
      7,
      7,
      7,
      7,
      7,
      7,
      7,
      7,
      7,
      7,
      7,
      7,
      7,
      7,
      7,
      7,
      9,
      9,
      9,
      9,
      9,
      9,
      9,
      9,
      9,
      9,
      9,
      9,
      9,
      9,
      9,
      9,
      9,
      2,
      2,
      2,
      2,
      2,
      2,
      2,
      2,
      2,
      2,
      2,
      2,
      2,
      2,
      2,
      2,
      2,
      6,
      6,
      6,
      6,
      6,
      6,
      6,
      6,
      6,
      6,
      6,
      6,
      6,
      6,
      6,
      6,
      6,
      13,
      13,
      13,
      13,
      13,
      13,
      13,
      13,
      13,
      13,
      13,
      13,
      13,
      13,
      13,
      13,
      13,
      8,
      8,
      8,
      8,
      8,
      8,
      8,
      8,
      8,
      8,
      8,
      8,
      8,
      8,
      8,
      8,
      8,
      5,
      5,
      5,
      5,
      5,
      5,
      5,
      5,
      5,
      5,
      5,
      5,
      5,
      5,
      5,
      5,
      5,
      11,
      11,
      11,
      11,
      11,
      11,
      11,
      11,
      11,
      11,
      11,
      11,
      11,
      11,
      11,
      11,
      11,
      0,
      0,
      0,
      0,
      0,
      0,
      0,
      0,
      0,
      0,
      0,
      0,
      0,
      0,
      3,
      3,
      3,
      3,
      3,
      3,
      3,
      3,
      3,
      3,
      3,
      3,
      3,
      3,
      3,
      3,
      3,
      12,
      12,
      12,
      12,
      12,
      12,
      12,
      12,
      12,
      12,
      12,
      12,
      12,
      12,
      12,
      12,
      12,
      4,
      4,
      4,
      4,
      4,
      4,
      4,
      4,
      4,
      4,
      4,
      4,
      4,
      4,
      4,
      4,
      4,
      10,
      10,
      10,
      10,
      10,
      10,
      10,
      10,
      10,
      10,
      10,
      10,
      10,
      10,
      10,
      10,
      10,
      1,
      1,
      1,
      1,
      1,
      1,
      1,
      1,
      1,
      1,
      1,
      1,
      1,
      1,
      1,
      1,
      1,
      14,
      14,
      14,
      14,
      14,
      14,
      14,
      14,
      14,
      14,
      14,
      14,
      14,
      14,
      14,
      14,
      14
   ],
   "em_f1_micro": [
      0.9682539682539683,
      0.7222222222222222,
      0.8015873015873016,
      0.9365079365079365,
      0.6785714285714286,
      0.6190476190476191,
      0.7817460317460317,
      0.9484126984126984,
      0.8968253968253969,
      0.8809523809523809
   ],
   "em_f1_macro": [
      0.9677230468596694,
      0.7216611569552746,
      0.800782229577296,
      0.9360747089574615,
      0.679611650929937,
      0.6176728046559764,
      0.7818159875417938,
      0.9484358776600156,
      0.8970976621368956,
      0.8809911439323205
   ],
   "em_f1_weighted": [
      0.9684908711502415,
      0.7242999802523611,
      0.7999978910405179,
      0.9362294445036581,
      0.680376258495953,
      0.6170895443939445,
      0.7815995112030059,
      0.9482325280919288,
      0.897104161398788,
      0.880897123159028
   ]
}