{
   "worker_count": 13,
   "expertise_scores": [
      [
         0.2099807000206833,
         0.30269589426309185,
         0.6240646714427026,
         0.7612697222239239,
         0.7696446591823445,
         0.5112749068733887,
         0.23052144767444294,
         0.7395078894585632,
         0.26229473591506186,
         0.2738149310742733,
         0.6369408947372929,
         0.5835014441603428,
         0.3772507235909348
      ],
      [
         0.5726303960983994,
         0.7899820141494723,
         0.16722301655657323,
         0.19218464555564624,
         0.5337515332881946,
         0.7797790536763594,
         0.7094452578275416,
         0.788670836584346,
         0.09611340288160347,
         0.20813935449475068,
         0.49179128254680055,
         0.38501906686549703,
         0.2589215928889565
      ],
      [
         0.44124620424261596,
         0.18777147495706112,
         0.3415283701968657,
         0.47043234988539123,
         0.09087662839228437,
         0.10022916044757485,
         0.5552123809936991,
         0.5405929696664581,
         0.16760016963461283,
         0.6160686270972112,
         0.13452754626753413,
         0.7060371084660878,
         0.5651763077951528
      ],
      [
         0.0748379767673496,
         0.23786742951673862,
         0.3274811061557758,
         0.3549735701633744,
         0.37260839162414783,
         0.4203140121204693,
         0.3957821380569447,
         0.7426626937530684,
         0.6765503770246638,
         0.5479520768361262,
         0.16373644760687073,
         0.6260527012334322,
         0.14208332968814352
      ],
      [
         0.22365731980819376,
         0.21788431078009746,
         0.18578877269610694,
         0.6465097878036411,
         0.1695708841209,
         0.30158863811989994,
         0.10865942539855891,
         0.7489543952108613,
         0.4204892239083068,
         0.7930708850827425,
         0.7752562530652456,
         0.3187697441435326,
         0.2546743861413739
      ],
      [
         0.7662691339488875,
         0.6572197231182987,
         0.37271927736766436,
         0.1051866865407502,
         0.4087338668382259,
         0.16814713146606647,
         0.531980344061997,
         0.7177431686984519,
         0.13853055742901482,
         0.28191005087094917,
         0.21031956631282894,
         0.06869267408679872,
         0.29683146668080534
      ],
      [
         0.2849677916635372,
         0.33560029473408265,
         0.7129410796788019,
         0.34677428646903186,
         0.2516153346109177,
         0.25389158898752334,
         0.43215744568084974,
         0.06975942891331177,
         0.7578716453526512,
         0.2583943303000184,
         0.09025967052017478,
         0.2639098630094282,
         0.3878159245864111
      ],
      [
         0.60897355197923,
         0.1930350873476544,
         0.4302526747574685,
         0.09334189926192901,
         0.3388246440953023,
         0.49235075179597787,
         0.33505090199321724,
         0.5838015917795782,
         0.2632641483000316,
         0.6473401157246865,
         0.4729755624135321,
         0.4610298828397001,
         0.17503960444613115
      ],
      [
         0.47776878796144717,
         0.7824208573322778,
         0.650277494237423,
         0.168302847694087,
         0.46887213784561016,
         0.41855750875497594,
         0.09413573699213458,
         0.46006284958720284,
         0.3678249907137612,
         0.21673092439927494,
         0.48831668286854524,
         0.7630124783557019,
         0.35083855664625735
      ],
      [
         0.5759080085448959,
         0.6816390900931759,
         0.08093059890558225,
         0.15109714746952468,
         0.7355244757403808,
         0.2541020446904495,
         0.17530790076891395,
         0.43894839471064623,
         0.1288458279499876,
         0.46805044417260494,
         0.7777445042828326,
         0.19523466533542289,
         0.6535557473358675
      ]
   ],
   "mv_f1_micro": [
      0.9801587301587301,
      0.9880952380952381,
      0.9126984126984127,
      0.9285714285714286,
      0.9841269841269841,
      0.9166666666666666,
      0.8650793650793651,
      0.9087301587301587,
      0.9603174603174603,
      0.9523809523809523
   ],
   "mv_f1_macro": [
      0.9802523130464306,
      0.9883309283309284,
      0.9138555880111857,
      0.9283968691701141,
      0.9838512105178772,
      0.9157166283749227,
      0.8653388844510935,
      0.9092559230620585,
      0.9599212056818547,
      0.9522543848608758
   ],
   "mv_f1_weighted": [
      0.9800172215350786,
      0.9881920108110582,
      0.9128300592970331,
      0.9286965246786676,
      0.984099880131626,
      0.9172642753113588,
      0.8650585272554053,
      0.9086165535394285,
      0.9606756042716634,
      0.9520964937118467
   ],
   "ct_f1_micro": [
      0.9761904761904762,
      0.9920634920634921,
      0.9642857142857143,
      0.9484126984126984,
      0.9801587301587301,
      0.9563492063492064,
      0.9206349206349206,
      0.9365079365079365,
      0.9682539682539683,
      0.9722222222222222
   ],
   "ct_f1_macro": [
      0.9764570070452422,
      0.992150072150072,
      0.9642750112932668,
      0.9481649803898381,
      0.9806874559815737,
      0.9553647346737708,
      0.9191700688095374,
      0.936466746406658,
      0.9677018957901311,
      0.9724199983023512
   ],
   "ct_f1_weighted": [
      0.9761767333195904,
      0.9920566206280492,
      0.9642602228398617,
      0.9483982369591047,
      0.980457544743259,
      0.9560648895611022,
      0.9199084879960456,
      0.9361513152571779,
      0.9682331454652884,
      0.9720916649488077
   ],