{
   "worker_count": 3,
   "expertise_scores": [
      [
         0.21465310178405278,
         0.5821444929144106,
         0.08598118860562963
      ],
      [
         0.6573300352868542,
         0.6673815012365008,
         0.39255065468442757
      ],
      [
         0.4905274825197178,
         0.7465271079009567,
         0.10792314314007243
      ],
      [
         0.6149254082288816,
         0.5380559456460356,
         0.08496250784243681
      ],
      [
         0.489981908831049,
         0.2238682981951906,
         0.65180432534342
      ],
      [
         0.4174042604981829,
         0.1555131122431744,
         0.271583789268445
      ],
      [
         0.49854849710009713,
         0.10038521318974766,
         0.07668099454675953
      ],
      [
         0.6506286941530934,
         0.13879984272751245,
         0.5500696814089232
      ],
      [
         0.1511325684403542,
         0.6353982549774598,
         0.33964360232041185
      ],
      [
         0.305433858661592,
         0.7807887848661054,
         0.7597097826095905
      ]
   ],
   "mv_f1_micro": [
      0.3492063492063492,
      0.6626984126984127,
      0.5238095238095238,
      0.5198412698412699,
      0.5912698412698413,
      0.3253968253968254,
      0.26587301587301587,
      0.5714285714285714,
      0.44841269841269843,
      0.7936507936507936
   ],
   "mv_f1_macro": [
      0.34711813462499713,
      0.6606325876773604,
      0.5213527914321883,
      0.5198462834403295,
      0.5907508652652464,
      0.32002879858157646,
      0.2626067562816456,
      0.5667889535333754,
      0.4417330799193545,
      0.7935417680057149
   ],
   "mv_f1_weighted": [
      0.34839335051338993,
      0.6605607534036784,
      0.5229806177038168,
      0.5194667851725828,
      0.5916392204200938,
      0.31987041126310317,
      0.26396935875942534,
      0.5663214338604322,
      0.44170080177024623,
      0.7928876837142966
   ],
   "ct_f1_micro": [
      0.25,
      0.7420634920634921,
      0.7301587301587301,
      0.623015873015873,
      0.6626984126984127,
      0.30158730158730157,
      0.0992063492063492,
      0.5595238095238095,
      0.623015873015873,
      0.8293650793650794
   ],
   "ct_f1_macro": [
      0.24580367117535915,
      0.7393390337406562,
      0.7306622007717222,
      0.6204358136703071,
      0.662602954989103,
      0.2974747963910041,
      0.09571420837699676,
      0.5548807106276104,
      0.6219461102101808,
      0.8300985010721319
   ],
   "ct_f1_weighted": [
      0.24769470866864762,
      0.7389831797467266,
      0.7311503796807451,
      0.6208191531887911,
      0.6609672758818304,
      0.2958078296813732,
      0.09685366323862768,
      0.553967636380696,
      0.6198264210460162,
      0.830128409336127
   ],
   "gt": [
      7,
      7,
      7,
      7,
      7,
      7,
      7,
      7,
      7,
      7,
      7,
      7,
      7,
      7,
      7,
      7,
      7,
      9,
      9,
      9,
      9,
      9,
      9,
      9,
      9,
      9,
      9,
      9,
      9,
      9,
      9,
      9,
      9,
      9,
      2,
      2,
      2,
      2,
      2,
      2,
      2,
      2,
      2,
      2,
      2,
      2,
      2,
      2,
      2,
      2,
      2,
      6,
      6,
      6,
      6,
      6,
      6,
      6,
      6,
      6,
      6,
      6,
      6,
      6,
      6,
      6,
      6,
      6,
      13,
      13,
      13,
      13,
      13,
      13,
      13,
      13,
      13,
      13,
      13,
      13,
      13,
      13,
      13,
      13,
      13,
      8,
      8,
      8,
      8,
      8,
      8,
      8,
      8,
      8,
      8,
      8,
      8,
      8,
      8,
      8,
      8,
      8,
      5,
      5,
      5,
      5,
      5,
      5,
      5,
      5,
      5,
      5,
      5,
      5,
      5,
      5,
      5,
      5,
      5,
      11,
      11,
      11,
      11,
      11,
      11,
      11,
      11,
      11,
      11,
      11,
      11,
      11,
      11,
      11,
      11,
      11,
      0,
      0,
      0,
      0,
      0,
      0,
      0,
      0,
      0,
      0,
      0,
      0,
      0,
      0,
      3,
      3,
      3,
      3,
      3,
      3,
      3,
      3,
      3,
      3,
      3,
      3,
      3,
      3,
      3,
      3,
      3,
      12,
      12,
      12,
      12,
      12,
      12,
      12,
      12,
      12,
      12,
      12,
      12,
      12,
      12,
      12,
      12,
      12,
      4,
      4,
      4,
      4,
      4,
      4,
      4,
      4,
      4,
      4,
      4,
      4,
      4,
      4,
      4,
      4,
      4,
      10,
      10,
      10,
      10,
      10,
      10,
      10,
      10,
      10,
      10,
      10,
      10,
      10,
      10,
      10,
      10,
      10,
      1,
      1,
      1,
      1,
      1,
      1,
      1,
      1,
      1,
      1,
      1,
      1,
      1,
      1,
      1,
      1,
      1,
      14,
      14,
      14,
      14,
      14,
      14,
      14,
      14,
      14,
      14,
      14,
      14,
      14,
      14,
      14,
      14,
      14
   ],
   "em_f1_micro": [
      0.26587301587301587,
      0.7103174603174603,
      0.5317460317460317,
      0.5634920634920635,
      0.5714285714285714,
      0.27380952380952384,
      0.21825396825396828,
      0.5873015873015873,
      0.4523809523809524,
      0.8373015873015873
   ],
   "em_f1_macro": [
      0.2694976058176641,
      0.7128969458217986,
      0.5310546228105212,
      0.5614327245338656,
      0.5726143654373851,
      0.2607919468125195,
      0.21668445836447367,
      0.5855938860986466,
      0.45344454172831306,
      0.8401558689129847
   ],
   "em_f1_weighted": [
      0.27270591064882677,
      0.711179732591786,
      0.5331250009732315,
      0.5626219419504774,
      0.5736591973491577,
      0.2638966128460019,
      0.21601728200301173,
      0.5846287339490273,
      0.45266985152842976,
      0.8391033027265746
   ]
}